{"pos2": {"stats": "{\"group\":{\"0\":\"1\",\"1\":\"1\",\"2\":\"1\",\"3\":\"1\",\"4\":\"1\",\"5\":\"1\",\"6\":\"1\",\"7\":\"1\",\"8\":\"2\",\"9\":\"2\",\"10\":\"2\",\"11\":\"2\",\"12\":\"2\",\"13\":\"2\",\"14\":\"2\",\"15\":\"2\"},\"mut\":{\"0\":\"M\",\"1\":\"M\",\"2\":\"M\",\"3\":\"M\",\"4\":\"R\",\"5\":\"R\",\"6\":\"R\",\"7\":\"R\",\"8\":\"M\",\"9\":\"M\",\"10\":\"M\",\"11\":\"M\",\"12\":\"R\",\"13\":\"R\",\"14\":\"R\",\"15\":\"R\"},\"base\":{\"0\":\"A\",\"1\":\"C\",\"2\":\"G\",\"3\":\"T\",\"4\":\"A\",\"5\":\"C\",\"6\":\"G\",\"7\":\"T\",\"8\":\"A\",\"9\":\"C\",\"10\":\"G\",\"11\":\"T\",\"12\":\"A\",\"13\":\"C\",\"14\":\"G\",\"15\":\"T\"},\"count\":{\"0\":81416,\"1\":74835,\"2\":21009,\"3\":68328,\"4\":91860,\"5\":59000,\"6\":9377,\"7\":85351,\"8\":1971,\"9\":1689,\"10\":458,\"11\":1747,\"12\":2289,\"13\":1306,\"14\":189,\"15\":2081},\"fitted\":{\"0\":81371.9562932603,\"1\":74839.1440139871,\"2\":21017.5975202354,\"3\":68359.3021725193,\"4\":91904.0437067414,\"5\":58995.8559860135,\"6\":9368.4024797647,\"7\":85319.6978274812,\"8\":2015.0437067411,\"9\":1684.8559860133,\"10\":449.4024797647,\"11\":1715.6978274809,\"12\":2244.9562932589,\"13\":1310.1440139867,\"14\":197.5975202353,\"15\":2112.3021725191},\"ret\":{\"0\":0.0000876021,\"1\":-0.0000082399,\"2\":-0.0000170922,\"3\":-0.0000622283,\"4\":-0.0000875574,\"5\":0.0000082404,\"6\":0.0000171035,\"7\":0.000062254,\"8\":-0.0000866142,\"9\":0.0000082503,\"10\":0.0000172582,\"11\":0.000062807,\"12\":0.0000884319,\"13\":-0.0000082271,\"14\":-0.0000167182,\"15\":-0.0000617791}}", "deviance": 3.511160473444976, "df": 3, "rel_entropy": 3.490871528123522e-06, "formula": "count ~ group * mut * base - group : mut : base", "prob": 0.31931752696106602}, "pos3": {"stats": "{\"group\":{\"0\":\"1\",\"1\":\"1\",\"2\":\"1\",\"3\":\"1\",\"4\":\"1\",\"5\":\"1\",\"6\":\"1\",\"7\":\"1\",\"8\":\"2\",\"9\":\"2\",\"10\":\"2\",\"11\":\"2\",\"12\":\"2\",\"13\":\"2\",\"14\":\"2\",\"15\":\"2\"},\"mut\":{\"0\":\"M\",\"1\":\"M\",\"2\":\"M\",\"3\":\"M\",\"4\":\"R\",\"5\":\"R\",\"6\":\"R\",\"7\":\"R\",\"8\":\"M\",\"9\":\"M\",\"10\":\"M\",\"11\":\"M\",\"12\":\"R\",\"13\":\"R\",\"14\":\"R\",\"15\":\"R\"},\"base\":{\"0\":\"A\",\"1\":\"C\",\"2\":\"G\",\"3\":\"T\",\"4\":\"A\",\"5\":\"C\",\"6\":\"G\",\"7\":\"T\",\"8\":\"A\",\"9\":\"C\",\"10\":\"G\",\"11\":\"T\",\"12\":\"A\",\"13\":\"C\",\"14\":\"G\",\"15\":\"T\"},\"count\":{\"0\":73896,\"1\":52125,\"2\":41445,\"3\":78122,\"4\":66575,\"5\":54338,\"6\":52228,\"7\":72447,\"8\":1903,\"9\":1219,\"10\":978,\"11\":1765,\"12\":1706,\"13\":1246,\"14\":1183,\"15\":1730},\"fitted\":{\"0\":73903.3227960023,\"1\":52138.8903716761,\"2\":41468.1564659792,\"3\":78077.6303663403,\"4\":66567.6772039962,\"5\":54324.1096283234,\"6\":52204.8435340203,\"7\":72491.3696336591,\"8\":1895.6772039964,\"9\":1205.1096283236,\"10\":954.8435340206,\"11\":1809.3696336594,\"12\":1713.3227960036,\"13\":1259.8903716763,\"14\":1206.1564659794,\"15\":1685.6303663406},\"ret\":{\"0\":-0.0000145602,\"1\":-0.0000276165,\"2\":-0.0000460325,\"3\":0.0000882516,\"4\":0.0000145618,\"5\":0.0000276237,\"6\":0.0000460555,\"7\":-0.0000881995,\"8\":0.0000145891,\"9\":0.0000277788,\"10\":0.0000465992,\"11\":-0.0000871358,\"12\":-0.0000145298,\"13\":-0.0000274674,\"14\":-0.0000456005,\"15\":0.0000893776}}", "deviance": 3.716529822400627, "df": 3, "rel_entropy": 3.69505416757866e-06, "formula": "count ~ group * mut * base - group : mut : base", "prob": 0.29374553686619237}, "pos0": {"stats": "{\"group\":{\"0\":\"1\",\"1\":\"1\",\"2\":\"1\",\"3\":\"1\",\"4\":\"1\",\"5\":\"1\",\"6\":\"1\",\"7\":\"1\",\"8\":\"2\",\"9\":\"2\",\"10\":\"2\",\"11\":\"2\",\"12\":\"2\",\"13\":\"2\",\"14\":\"2\",\"15\":\"2\"},\"mut\":{\"0\":\"M\",\"1\":\"M\",\"2\":\"M\",\"3\":\"M\",\"4\":\"R\",\"5\":\"R\",\"6\":\"R\",\"7\":\"R\",\"8\":\"M\",\"9\":\"M\",\"10\":\"M\",\"11\":\"M\",\"12\":\"R\",\"13\":\"R\",\"14\":\"R\",\"15\":\"R\"},\"base\":{\"0\":\"A\",\"1\":\"C\",\"2\":\"G\",\"3\":\"T\",\"4\":\"A\",\"5\":\"C\",\"6\":\"G\",\"7\":\"T\",\"8\":\"A\",\"9\":\"C\",\"10\":\"G\",\"11\":\"T\",\"12\":\"A\",\"13\":\"C\",\"14\":\"G\",\"15\":\"T\"},\"count\":{\"0\":87386,\"1\":44914,\"2\":46010,\"3\":67278,\"4\":67198,\"5\":53493,\"6\":48525,\"7\":76372,\"8\":2168,\"9\":1063,\"10\":1037,\"11\":1597,\"12\":1673,\"13\":1285,\"14\":1116,\"15\":1791},\"fitted\":{\"0\":87386.758803371,\"1\":44908.011689249,\"2\":46001.6570789999,\"3\":67291.5724283788,\"4\":67197.2411966278,\"5\":53498.9883107506,\"6\":48533.3429209998,\"7\":76358.4275716207,\"8\":2167.2411966281,\"9\":1068.9883107508,\"10\":1045.342921,\"11\":1583.4275716211,\"12\":1673.7588033719,\"13\":1279.0116892492,\"14\":1107.657079,\"15\":1804.5724283789},\"ret\":{\"0\":-0.0000015088,\"1\":0.0000119082,\"2\":0.0000165909,\"3\":-0.0000269853,\"4\":0.0000015088,\"5\":-0.0000119067,\"6\":-0.000016588,\"7\":0.0000269904,\"8\":0.0000015091,\"9\":-0.000011874,\"10\":-0.000016523,\"11\":0.0000271033,\"12\":-0.0000015085,\"13\":0.0000119352,\"14\":0.0000166517,\"15\":-0.0000268863}}", "deviance": 0.4195805835156894, "df": 3, "rel_entropy": 4.171560724227683e-07, "formula": "count ~ group * mut * base - group : mut : base", "prob": 0.93616855476809335}, "pos1": {"stats": "{\"group\":{\"0\":\"1\",\"1\":\"1\",\"2\":\"1\",\"3\":\"1\",\"4\":\"1\",\"5\":\"1\",\"6\":\"1\",\"7\":\"1\",\"8\":\"2\",\"9\":\"2\",\"10\":\"2\",\"11\":\"2\",\"12\":\"2\",\"13\":\"2\",\"14\":\"2\",\"15\":\"2\"},\"mut\":{\"0\":\"M\",\"1\":\"M\",\"2\":\"M\",\"3\":\"M\",\"4\":\"R\",\"5\":\"R\",\"6\":\"R\",\"7\":\"R\",\"8\":\"M\",\"9\":\"M\",\"10\":\"M\",\"11\":\"M\",\"12\":\"R\",\"13\":\"R\",\"14\":\"R\",\"15\":\"R\"},\"base\":{\"0\":\"A\",\"1\":\"C\",\"2\":\"G\",\"3\":\"T\",\"4\":\"A\",\"5\":\"C\",\"6\":\"G\",\"7\":\"T\",\"8\":\"A\",\"9\":\"C\",\"10\":\"G\",\"11\":\"T\",\"12\":\"A\",\"13\":\"C\",\"14\":\"G\",\"15\":\"T\"},\"count\":{\"0\":75496,\"1\":48243,\"2\":57910,\"3\":63939,\"4\":63718,\"5\":59668,\"6\":48928,\"7\":73274,\"8\":1768,\"9\":1185,\"10\":1342,\"11\":1570,\"12\":1512,\"13\":1455,\"14\":1149,\"15\":1749},\"fitted\":{\"0\":75482.990557731,\"1\":48245.632107203,\"2\":57900.0717723651,\"3\":63959.3055627017,\"4\":63731.0094422695,\"5\":59665.3678927972,\"6\":48937.9282276352,\"7\":73253.6944372986,\"8\":1781.0094422693,\"9\":1182.3678927971,\"10\":1351.9282276351,\"11\":1549.6944372985,\"12\":1498.9905577307,\"13\":1457.6321072029,\"14\":1139.0717723649,\"15\":1769.3055627015},\"ret\":{\"0\":0.0000258708,\"1\":-0.0000052337,\"2\":0.0000197434,\"3\":-0.00004037,\"4\":-0.0000258659,\"5\":0.0000052339,\"6\":-0.0000197397,\"7\":0.0000403821,\"8\":-0.0000257738,\"9\":0.0000052396,\"10\":-0.000019669,\"11\":0.0000406398,\"12\":0.0000259805,\"13\":-0.0000052291,\"14\":0.0000198275,\"15\":-0.0000401439}}", "deviance": 0.8976190665002362, "df": 3, "rel_entropy": 8.924322502617151e-07, "formula": "count ~ group * mut * base - group : mut : base", "prob": 0.82600234483869528}}