{"pos3": {"stats": "{\"group\":{\"8\":\"1\",\"9\":\"1\",\"10\":\"1\",\"11\":\"1\",\"12\":\"1\",\"13\":\"1\",\"14\":\"1\",\"15\":\"1\",\"0\":\"2\",\"1\":\"2\",\"2\":\"2\",\"3\":\"2\",\"4\":\"2\",\"5\":\"2\",\"6\":\"2\",\"7\":\"2\"},\"mut\":{\"8\":\"M\",\"9\":\"M\",\"10\":\"M\",\"11\":\"M\",\"12\":\"R\",\"13\":\"R\",\"14\":\"R\",\"15\":\"R\",\"0\":\"M\",\"1\":\"M\",\"2\":\"M\",\"3\":\"M\",\"4\":\"R\",\"5\":\"R\",\"6\":\"R\",\"7\":\"R\"},\"base\":{\"8\":\"A\",\"9\":\"C\",\"10\":\"G\",\"11\":\"T\",\"12\":\"A\",\"13\":\"C\",\"14\":\"G\",\"15\":\"T\",\"0\":\"A\",\"1\":\"C\",\"2\":\"G\",\"3\":\"T\",\"4\":\"A\",\"5\":\"C\",\"6\":\"G\",\"7\":\"T\"},\"count\":{\"8\":73896,\"9\":52125,\"10\":41445,\"11\":78122,\"12\":66575,\"13\":54338,\"14\":52228,\"15\":72447,\"0\":1903,\"1\":1219,\"2\":978,\"3\":1765,\"4\":1706,\"5\":1246,\"6\":1183,\"7\":1730},\"fitted\":{\"8\":73903.3227960036,\"9\":52138.8903716763,\"10\":41468.1564659794,\"11\":78077.6303663407,\"12\":66567.6772039965,\"13\":54324.1096283238,\"14\":52204.8435340206,\"15\":72491.3696336596,\"0\":1895.6772039965,\"1\":1205.1096283236,\"2\":954.8435340206,\"3\":1809.3696336594,\"4\":1713.3227960036,\"5\":1259.8903716764,\"6\":1206.1564659794,\"7\":1685.6303663406},\"ret\":{\"8\":-0.0000145602,\"9\":-0.0000276165,\"10\":-0.0000460325,\"11\":0.0000882516,\"12\":0.0000145618,\"13\":0.0000276237,\"14\":0.0000460555,\"15\":-0.0000881995,\"0\":0.0000145891,\"1\":0.0000277788,\"2\":0.0000465992,\"3\":-0.0000871358,\"4\":-0.0000145298,\"5\":-0.0000274674,\"6\":-0.0000456005,\"7\":0.0000893776}}", "df": 3, "formula": "count ~ group * mut * base - group : mut : base", "rel_entropy": 3.695054167578084e-06, "deviance": 3.716529822400048, "prob": 0.2937455368662614}, "pos1": {"stats": "{\"group\":{\"8\":\"1\",\"9\":\"1\",\"10\":\"1\",\"11\":\"1\",\"12\":\"1\",\"13\":\"1\",\"14\":\"1\",\"15\":\"1\",\"0\":\"2\",\"1\":\"2\",\"2\":\"2\",\"3\":\"2\",\"4\":\"2\",\"5\":\"2\",\"6\":\"2\",\"7\":\"2\"},\"mut\":{\"8\":\"M\",\"9\":\"M\",\"10\":\"M\",\"11\":\"M\",\"12\":\"R\",\"13\":\"R\",\"14\":\"R\",\"15\":\"R\",\"0\":\"M\",\"1\":\"M\",\"2\":\"M\",\"3\":\"M\",\"4\":\"R\",\"5\":\"R\",\"6\":\"R\",\"7\":\"R\"},\"base\":{\"8\":\"A\",\"9\":\"C\",\"10\":\"G\",\"11\":\"T\",\"12\":\"A\",\"13\":\"C\",\"14\":\"G\",\"15\":\"T\",\"0\":\"A\",\"1\":\"C\",\"2\":\"G\",\"3\":\"T\",\"4\":\"A\",\"5\":\"C\",\"6\":\"G\",\"7\":\"T\"},\"count\":{\"8\":75496,\"9\":48243,\"10\":57910,\"11\":63939,\"12\":63718,\"13\":59668,\"14\":48928,\"15\":73274,\"0\":1768,\"1\":1185,\"2\":1342,\"3\":1570,\"4\":1512,\"5\":1455,\"6\":1149,\"7\":1749},\"fitted\":{\"8\":75482.9905577305,\"9\":48245.6321072028,\"10\":57900.0717723647,\"11\":63959.3055627015,\"12\":63731.0094422693,\"13\":59665.3678927969,\"14\":48937.9282276349,\"15\":73253.6944372982,\"0\":1781.0094422692,\"1\":1182.367892797,\"2\":1351.9282276351,\"3\":1549.6944372985,\"4\":1498.9905577306,\"5\":1457.632107203,\"6\":1139.0717723649,\"7\":1769.3055627015},\"ret\":{\"8\":0.0000258708,\"9\":-0.0000052337,\"10\":0.0000197434,\"11\":-0.00004037,\"12\":-0.0000258659,\"13\":0.0000052339,\"14\":-0.0000197397,\"15\":0.0000403821,\"0\":-0.0000257738,\"1\":0.0000052396,\"2\":-0.000019669,\"3\":0.0000406398,\"4\":0.0000259805,\"5\":-0.0000052291,\"6\":0.0000198275,\"7\":-0.0000401439}}", "df": 3, "formula": "count ~ group * mut * base - group : mut : base", "rel_entropy": 8.924322502355045e-07, "deviance": 0.8976190664738732, "prob": 0.8260023448450563}, "pos0": {"stats": "{\"group\":{\"8\":\"1\",\"9\":\"1\",\"10\":\"1\",\"11\":\"1\",\"12\":\"1\",\"13\":\"1\",\"14\":\"1\",\"15\":\"1\",\"0\":\"2\",\"1\":\"2\",\"2\":\"2\",\"3\":\"2\",\"4\":\"2\",\"5\":\"2\",\"6\":\"2\",\"7\":\"2\"},\"mut\":{\"8\":\"M\",\"9\":\"M\",\"10\":\"M\",\"11\":\"M\",\"12\":\"R\",\"13\":\"R\",\"14\":\"R\",\"15\":\"R\",\"0\":\"M\",\"1\":\"M\",\"2\":\"M\",\"3\":\"M\",\"4\":\"R\",\"5\":\"R\",\"6\":\"R\",\"7\":\"R\"},\"base\":{\"8\":\"A\",\"9\":\"C\",\"10\":\"G\",\"11\":\"T\",\"12\":\"A\",\"13\":\"C\",\"14\":\"G\",\"15\":\"T\",\"0\":\"A\",\"1\":\"C\",\"2\":\"G\",\"3\":\"T\",\"4\":\"A\",\"5\":\"C\",\"6\":\"G\",\"7\":\"T\"},\"count\":{\"8\":87386,\"9\":44914,\"10\":46010,\"11\":67278,\"12\":67198,\"13\":53493,\"14\":48525,\"15\":76372,\"0\":2168,\"1\":1063,\"2\":1037,\"3\":1597,\"4\":1673,\"5\":1285,\"6\":1116,\"7\":1791},\"fitted\":{\"8\":87386.7588033719,\"9\":44908.0116892492,\"10\":46001.657079,\"11\":67291.5724283789,\"12\":67197.2411966281,\"13\":53498.9883107507,\"14\":48533.3429210001,\"15\":76358.4275716211,\"0\":2167.2411966282,\"1\":1068.9883107508,\"2\":1045.342921,\"3\":1583.4275716211,\"4\":1673.7588033719,\"5\":1279.0116892492,\"6\":1107.657079,\"7\":1804.5724283789},\"ret\":{\"8\":-0.0000015088,\"9\":0.0000119082,\"10\":0.0000165909,\"11\":-0.0000269853,\"12\":0.0000015088,\"13\":-0.0000119067,\"14\":-0.000016588,\"15\":0.0000269904,\"0\":0.0000015091,\"1\":-0.000011874,\"2\":-0.000016523,\"3\":0.0000271033,\"4\":-0.0000015085,\"5\":0.0000119352,\"6\":0.0000166517,\"7\":-0.0000268863}}", "df": 3, "formula": "count ~ group * mut * base - group : mut : base", "rel_entropy": 4.171560724058813e-07, "deviance": 0.4195805834987043, "prob": 0.9361685547716518}, "pos2": {"stats": "{\"group\":{\"8\":\"1\",\"9\":\"1\",\"10\":\"1\",\"11\":\"1\",\"12\":\"1\",\"13\":\"1\",\"14\":\"1\",\"15\":\"1\",\"0\":\"2\",\"1\":\"2\",\"2\":\"2\",\"3\":\"2\",\"4\":\"2\",\"5\":\"2\",\"6\":\"2\",\"7\":\"2\"},\"mut\":{\"8\":\"M\",\"9\":\"M\",\"10\":\"M\",\"11\":\"M\",\"12\":\"R\",\"13\":\"R\",\"14\":\"R\",\"15\":\"R\",\"0\":\"M\",\"1\":\"M\",\"2\":\"M\",\"3\":\"M\",\"4\":\"R\",\"5\":\"R\",\"6\":\"R\",\"7\":\"R\"},\"base\":{\"8\":\"A\",\"9\":\"C\",\"10\":\"G\",\"11\":\"T\",\"12\":\"A\",\"13\":\"C\",\"14\":\"G\",\"15\":\"T\",\"0\":\"A\",\"1\":\"C\",\"2\":\"G\",\"3\":\"T\",\"4\":\"A\",\"5\":\"C\",\"6\":\"G\",\"7\":\"T\"},\"count\":{\"8\":81416,\"9\":74835,\"10\":21009,\"11\":68328,\"12\":91860,\"13\":59000,\"14\":9377,\"15\":85351,\"0\":1971,\"1\":1689,\"2\":458,\"3\":1747,\"4\":2289,\"5\":1306,\"6\":189,\"7\":2081},\"fitted\":{\"8\":81371.9562932591,\"9\":74839.144013987,\"10\":21017.5975202353,\"11\":68359.3021725191,\"12\":91904.0437067412,\"13\":58995.8559860134,\"14\":9368.4024797647,\"15\":85319.697827481,\"0\":2015.0437067411,\"1\":1684.8559860133,\"2\":449.4024797647,\"3\":1715.6978274809,\"4\":2244.9562932589,\"5\":1310.1440139867,\"6\":197.5975202353,\"7\":2112.3021725191},\"ret\":{\"8\":0.0000876021,\"9\":-0.0000082399,\"10\":-0.0000170922,\"11\":-0.0000622283,\"12\":-0.0000875574,\"13\":0.0000082404,\"14\":0.0000171035,\"15\":0.000062254,\"0\":-0.0000866142,\"1\":0.0000082503,\"2\":0.0000172582,\"3\":0.000062807,\"4\":0.0000884319,\"5\":-0.0000082271,\"6\":-0.0000167182,\"7\":-0.0000617791}}", "df": 3, "formula": "count ~ group * mut * base - group : mut : base", "rel_entropy": 3.4908715281301555e-06, "deviance": 3.511160473451648, "prob": 0.3193175269602046}}