{"('pos1', 'pos2')": {"stats": "{\"mut\":{\"0\":\"M\",\"1\":\"M\",\"2\":\"M\",\"3\":\"M\",\"4\":\"M\",\"5\":\"M\",\"6\":\"M\",\"7\":\"M\",\"8\":\"M\",\"9\":\"M\",\"10\":\"M\",\"11\":\"M\",\"12\":\"M\",\"13\":\"M\",\"14\":\"M\",\"15\":\"M\",\"16\":\"R\",\"17\":\"R\",\"18\":\"R\",\"19\":\"R\",\"20\":\"R\",\"21\":\"R\",\"22\":\"R\",\"23\":\"R\",\"24\":\"R\",\"25\":\"R\",\"26\":\"R\",\"27\":\"R\",\"28\":\"R\",\"29\":\"R\",\"30\":\"R\",\"31\":\"R\"},\"base1\":{\"0\":\"A\",\"1\":\"A\",\"2\":\"A\",\"3\":\"A\",\"4\":\"C\",\"5\":\"C\",\"6\":\"C\",\"7\":\"C\",\"8\":\"G\",\"9\":\"G\",\"10\":\"G\",\"11\":\"G\",\"12\":\"T\",\"13\":\"T\",\"14\":\"T\",\"15\":\"T\",\"16\":\"A\",\"17\":\"A\",\"18\":\"A\",\"19\":\"A\",\"20\":\"C\",\"21\":\"C\",\"22\":\"C\",\"23\":\"C\",\"24\":\"G\",\"25\":\"G\",\"26\":\"G\",\"27\":\"G\",\"28\":\"T\",\"29\":\"T\",\"30\":\"T\",\"31\":\"T\"},\"base2\":{\"0\":\"A\",\"1\":\"C\",\"2\":\"G\",\"3\":\"T\",\"4\":\"A\",\"5\":\"C\",\"6\":\"G\",\"7\":\"T\",\"8\":\"A\",\"9\":\"C\",\"10\":\"G\",\"11\":\"T\",\"12\":\"A\",\"13\":\"C\",\"14\":\"G\",\"15\":\"T\",\"16\":\"A\",\"17\":\"C\",\"18\":\"G\",\"19\":\"T\",\"20\":\"A\",\"21\":\"C\",\"22\":\"G\",\"23\":\"T\",\"24\":\"A\",\"25\":\"C\",\"26\":\"G\",\"27\":\"T\",\"28\":\"A\",\"29\":\"C\",\"30\":\"G\",\"31\":\"T\"},\"count\":{\"0\":448,\"1\":255,\"2\":186,\"3\":476,\"4\":209,\"5\":220,\"6\":204,\"7\":495,\"8\":186,\"9\":192,\"10\":190,\"11\":461,\"12\":474,\"13\":155,\"14\":164,\"15\":476,\"16\":621,\"17\":224,\"18\":287,\"19\":454,\"20\":301,\"21\":219,\"22\":260,\"23\":324,\"24\":295,\"25\":130,\"26\":239,\"27\":233,\"28\":367,\"29\":161,\"30\":226,\"31\":450},\"fitted\":{\"0\":451.743563031,\"1\":236.5832403612,\"2\":183.3013497339,\"3\":493.3718468739,\"4\":234.1126293827,\"5\":233.0501762994,\"6\":196.3557923509,\"7\":464.481401967,\"8\":236.519143506,\"9\":181.3935191874,\"10\":195.390828455,\"11\":415.6965088515,\"12\":394.6246640802,\"13\":170.973064152,\"14\":168.9520294602,\"15\":534.4502423075,\"16\":617.256436969,\"17\":242.4167596388,\"18\":289.6986502661,\"19\":436.6281531261,\"20\":275.8873706173,\"21\":205.9498237006,\"22\":267.6442076491,\"23\":354.518598033,\"24\":244.480856494,\"25\":140.6064808126,\"26\":233.609171545,\"27\":278.3034911485,\"28\":446.3753359198,\"29\":145.026935848,\"30\":221.0479705398,\"31\":391.5497576925},\"ret\":{\"0\":-0.0003890637,\"1\":0.0019949567,\"2\":0.0002837006,\"3\":-0.0017806677,\"4\":-0.0024749349,\"5\":-0.001323082,\"6\":0.0008130985,\"7\":0.0032874077,\"8\":-0.0046642184,\"9\":0.0011386662,\"10\":-0.0005547661,\"11\":0.004976731,\"12\":0.009066065,\"13\":-0.0015865728,\"14\":-0.0005091565,\"15\":-0.0057535683,\"16\":0.0003918694,\"17\":-0.0018470846,\"18\":-0.0002803216,\"19\":0.0018485634,\"20\":0.0027366297,\"21\":0.0014042139,\"22\":-0.0007862649,\"23\":-0.0030437907,\"24\":0.0057829589,\"25\":-0.0010640765,\"26\":0.0005690415,\"27\":-0.0043203909,\"28\":-0.0074992674,\"29\":0.0017555902,\"30\":0.0005225515,\"31\":0.0065342038}}", "deviance": 100.20896040572214, "df": 9, "rel_entropy": 0.005229021102364962, "formula": "count ~ mut * base1 * base2 - mut : base1 : base2", "prob": 1.4275922033386311e-17}, "('pos1', 'pos3')": {"stats": "{\"mut\":{\"0\":\"M\",\"1\":\"M\",\"2\":\"M\",\"3\":\"M\",\"4\":\"M\",\"5\":\"M\",\"6\":\"M\",\"7\":\"M\",\"8\":\"M\",\"9\":\"M\",\"10\":\"M\",\"11\":\"M\",\"12\":\"M\",\"13\":\"M\",\"14\":\"M\",\"15\":\"M\",\"16\":\"R\",\"17\":\"R\",\"18\":\"R\",\"19\":\"R\",\"20\":\"R\",\"21\":\"R\",\"22\":\"R\",\"23\":\"R\",\"24\":\"R\",\"25\":\"R\",\"26\":\"R\",\"27\":\"R\",\"28\":\"R\",\"29\":\"R\",\"30\":\"R\",\"31\":\"R\"},\"base1\":{\"0\":\"A\",\"1\":\"A\",\"2\":\"A\",\"3\":\"A\",\"4\":\"C\",\"5\":\"C\",\"6\":\"C\",\"7\":\"C\",\"8\":\"G\",\"9\":\"G\",\"10\":\"G\",\"11\":\"G\",\"12\":\"T\",\"13\":\"T\",\"14\":\"T\",\"15\":\"T\",\"16\":\"A\",\"17\":\"A\",\"18\":\"A\",\"19\":\"A\",\"20\":\"C\",\"21\":\"C\",\"22\":\"C\",\"23\":\"C\",\"24\":\"G\",\"25\":\"G\",\"26\":\"G\",\"27\":\"G\",\"28\":\"T\",\"29\":\"T\",\"30\":\"T\",\"31\":\"T\"},\"base2\":{\"0\":\"A\",\"1\":\"C\",\"2\":\"G\",\"3\":\"T\",\"4\":\"A\",\"5\":\"C\",\"6\":\"G\",\"7\":\"T\",\"8\":\"A\",\"9\":\"C\",\"10\":\"G\",\"11\":\"T\",\"12\":\"A\",\"13\":\"C\",\"14\":\"G\",\"15\":\"T\",\"16\":\"A\",\"17\":\"C\",\"18\":\"G\",\"19\":\"T\",\"20\":\"A\",\"21\":\"C\",\"22\":\"G\",\"23\":\"T\",\"24\":\"A\",\"25\":\"C\",\"26\":\"G\",\"27\":\"T\",\"28\":\"A\",\"29\":\"C\",\"30\":\"G\",\"31\":\"T\"},\"count\":{\"0\":450,\"1\":200,\"2\":159,\"3\":556,\"4\":297,\"5\":244,\"6\":219,\"7\":368,\"8\":325,\"9\":199,\"10\":201,\"11\":304,\"12\":593,\"13\":134,\"14\":154,\"15\":388,\"16\":583,\"17\":261,\"18\":283,\"19\":459,\"20\":352,\"21\":225,\"22\":215,\"23\":312,\"24\":314,\"25\":140,\"26\":176,\"27\":267,\"28\":429,\"29\":199,\"30\":196,\"31\":380},\"fitted\":{\"0\":473.8747078331,\"1\":204.9629825602,\"2\":183.8496646444,\"3\":502.3126449624,\"4\":328.2673638898,\"5\":230.5324659291,\"6\":200.6720969131,\"7\":368.528073268,\"8\":341.6425920399,\"9\":176.4260059463,\"10\":185.1862502843,\"11\":325.7451517295,\"12\":521.2153362373,\"13\":165.0785455644,\"14\":163.2919881582,\"15\":419.4141300401,\"16\":559.1252921669,\"17\":256.0370174398,\"18\":258.1503353556,\"19\":512.6873550376,\"20\":320.7326361102,\"21\":238.4675340709,\"22\":233.3279030869,\"23\":311.471926732,\"24\":297.3574079601,\"25\":162.5739940537,\"26\":191.8137497157,\"27\":245.2548482705,\"28\":500.7846637627,\"29\":167.9214544356,\"30\":186.7080118418,\"31\":348.5858699599},\"ret\":{\"0\":-0.0024277728,\"1\":-0.0005116265,\"2\":-0.0024096279,\"3\":0.0058922288,\"4\":-0.0031025457,\"5\":0.0014457808,\"6\":0.0019975468,\"7\":-0.0000550715,\"8\":-0.0016938516,\"9\":0.0025005479,\"10\":0.001718901,\"11\":-0.0021918848,\"12\":0.0079853329,\"13\":-0.0029169206,\"14\":-0.000941604,\"15\":-0.0031524886,\"16\":0.0025440753,\"17\":0.0005229363,\"18\":0.002714366,\"19\":-0.0052987629,\"20\":0.003417262,\"21\":-0.0013650463,\"22\":-0.0018355719,\"23\":0.0000551577,\"24\":0.0017845823,\"25\":-0.0021841698,\"26\":-0.0015803788,\"27\":0.0023671323,\"28\":-0.0069270058,\"29\":0.0035266008,\"30\":0.0009934737,\"31\":0.0034219295}}", "deviance": 82.28110235645443, "df": 9, "rel_entropy": 0.004293524439389189, "formula": "count ~ mut * base1 * base2 - mut : base1 : base2", "prob": 5.685732461631972e-14},