{"pos14": {"stats": "{\"mut\":{\"0\":\"M\",\"1\":\"M\",\"2\":\"M\",\"3\":\"M\",\"4\":\"R\",\"5\":\"R\",\"6\":\"R\",\"7\":\"R\"},\"base\":{\"0\":\"A\",\"1\":\"C\",\"2\":\"G\",\"3\":\"T\",\"4\":\"A\",\"5\":\"C\",\"6\":\"G\",\"7\":\"T\"},\"count\":{\"0\":60566,\"1\":39106,\"2\":46972,\"3\":60427,\"4\":60516,\"5\":41706,\"6\":44867,\"7\":59982},\"fitted\":{\"0\":60540.9999999996,\"1\":40406.0000000003,\"2\":45919.4999999998,\"3\":60204.4999999998,\"4\":60540.9999999998,\"5\":40406.0000000004,\"6\":45919.5,\"7\":60204.5},\"ret\":{\"0\":0.0000603782,\"1\":-0.003087973,\"2\":0.002570304,\"3\":0.0005382469,\"4\":-0.0000603533,\"5\":0.0031889835,\"6\":-0.0025120486,\"7\":-0.0005362613}}", "deviance": 133.5826085680285, "df": 3, "rel_entropy": 0.00016127633585585196, "formula": "count ~ mut * base - mut : base", "prob": 9.1397753057527938e-29}, "pos15": {"stats": "{\"mut\":{\"0\":\"M\",\"1\":\"M\",\"2\":\"M\",\"3\":\"M\",\"4\":\"R\",\"5\":\"R\",\"6\":\"R\",\"7\":\"R\"},\"base\":{\"0\":\"A\",\"1\":\"C\",\"2\":\"G\",\"3\":\"T\",\"4\":\"A\",\"5\":\"C\",\"6\":\"G\",\"7\":\"T\"},\"count\":{\"0\":59963,\"1\":40425,\"2\":49261,\"3\":57422,\"4\":62026,\"5\":40365,\"6\":47009,\"7\":57671},\"fitted\":{\"0\":60994.4999999998,\"1\":40395.0,\"2\":48135.0000000001,\"3\":57546.5000000001,\"4\":60994.4999999999,\"5\":40395.0,\"6\":48135.0000000001,\"7\":57546.5000000002},\"ret\":{\"0\":-0.0024695114,\"1\":0.0000724658,\"2\":0.0027504298,\"3\":-0.0003002961,\"4\":0.0025116344,\"5\":-0.000072412,\"6\":-0.0026868226,\"7\":0.0003009465}}", "deviance": 88.15787421026292, "df": 3, "rel_entropy": 0.00010643435610281366, "formula": "count ~ mut * base - mut : base", "prob": 5.4472409127100183e-19}, "pos16": {"stats": "{\"mut\":{\"0\":\"M\",\"1\":\"M\",\"2\":\"M\",\"3\":\"M\",\"4\":\"R\",\"5\":\"R\",\"6\":\"R\",\"7\":\"R\"},\"base\":{\"0\":\"A\",\"1\":\"C\",\"2\":\"G\",\"3\":\"T\",\"4\":\"A\",\"5\":\"C\",\"6\":\"G\",\"7\":\"T\"},\"count\":{\"0\":60089,\"1\":41046,\"2\":46106,\"3\":59830,\"4\":60362,\"5\":40753,\"6\":46234,\"7\":59722},\"fitted\":{\"0\":60225.5000000001,\"1\":40899.5,\"2\":46170.0000000001,\"3\":59776.0000000002,\"4\":60225.5,\"5\":40899.4999999999,\"6\":46170.0,\"7\":59776.0},\"ret\":{\"0\":-0.0003292233,\"1\":0.0003543762,\"2\":-0.0001544292,\"3\":0.0001304489,\"4\":0.0003299703,\"5\":-0.0003531091,\"6\":0.0001546434,\"7\":-0.0001303311}}", "deviance": 1.943259457076806, "df": 3, "rel_entropy": 2.346127001217947e-06, "formula": "count ~ mut * base - mut : base", "prob": 0.58426653051590849}, "pos17": {"stats": "{\"mut\":{\"0\":\"M\",\"1\":\"M\",\"2\":\"M\",\"3\":\"M\",\"4\":\"R\",\"5\":\"R\",\"6\":\"R\",\"7\":\"R\"},\"base\":{\"0\":\"A\",\"1\":\"C\",\"2\":\"G\",\"3\":\"T\",\"4\":\"A\",\"5\":\"C\",\"6\":\"G\",\"7\":\"T\"},\"count\":{\"0\":60377,\"1\":40829,\"2\":47256,\"3\":58609,\"4\":60968,\"5\":40733,\"6\":46950,\"7\":58420},\"fitted\":{\"0\":60672.4999999998,\"1\":40781.0,\"2\":47103.0000000001,\"3\":58514.4999999999,\"4\":60672.4999999999,\"5\":40781.0000000001,\"6\":47103.0000000001,\"7\":58514.5000000001},\"ret\":{\"0\":-0.000711783,\"1\":0.0001159705,\"2\":0.0003700379,\"3\":0.0002283668,\"4\":0.0007152581,\"5\":-0.000115834,\"6\":-0.0003688378,\"7\":-0.0002279982}}", "deviance": 4.290601339079288, "df": 3, "rel_entropy": 5.180108922880664e-06, "formula": "count ~ mut * base - mut : base", "prob": 0.23174606789688099}, "pos10": {"stats": "{\"mut\":{\"0\":\"M\",\"1\":\"M\",\"2\":\"M\",\"3\":\"M\",\"4\":\"R\",\"5\":\"R\",\"6\":\"R\",\"7\":\"R\"},\"base\":{\"0\":\"A\",\"1\":\"C\",\"2\":\"G\",\"3\":\"T\",\"4\":\"A\",\"5\":\"C\",\"6\":\"G\",\"7\":\"T\"},\"count\":{\"0\":70345,\"1\":33351,\"2\":46064,\"3\":57311,\"4\":62404,\"5\":41287,\"6\":50487,\"7\":52893},\"fitted\":{\"0\":66374.4999999999,\"1\":37319.0,\"2\":48275.4999999999,\"3\":55101.9999999999,\"4\":66374.4999999999,\"5\":37319.0,\"6\":48275.4999999999,\"7\":55101.9999999999},\"ret\":{\"0\":0.0098684928,\"1\":-0.009052805,\"2\":-0.0052157325,\"3\":0.005439435,\"4\":-0.0092946418,\"5\":0.0100734749,\"6\":0.0054604415,\"7\":-0.0052255447}}", "deviance": 1700.5666217801609, "df": 3, "rel_entropy": 0.002053120212125504, "formula": "count ~ mut * base - mut : base", "prob": 0}, "pos11": {"stats": "{\"mut\":{\"0\":\"M\",\"1\":\"M\",\"2\":\"M\",\"3\":\"M\",\"4\":\"R\",\"5\":\"R\",\"6\":\"R\",\"7\":\"R\"},\"base\":{\"0\":\"A\",\"1\":\"C\",\"2\":\"G\",\"3\":\"T\",\"4\":\"A\",\"5\":\"C\",\"6\":\"G\",\"7\":\"T\"},\"count\":{\"0\":49060,\"1\":35215,\"2\":58180,\"3\":64616,\"4\":63990,\"5\":41196,\"6\":46518,\"7\":55367},\"fitted\":{\"0\":56525.0,\"1\":38205.4999999999,\"2\":52349.0,\"3\":59991.4999999999,\"4\":56524.9999999999,\"5\":38205.4999999999,\"6\":52348.9999999999,\"7\":59991.4999999998},\"ret\":{\"0\":-0.0167788061,\"1\":-0.00693067,\"2\":0.0148362664,\"3\":0.0115861968,\"4\":0.0191662834,\"5\":0.007496462,\"6\":-0.0132647098,\"7\":-0.0107245654}}", "deviance": 4461.516332553684, "df": 3, "rel_entropy": 0.005386457220655819, "formula": "count ~ mut * base - mut : base", "prob": 0}, "pos12": {"stats": "{\"mut\":{\"0\":\"M\",\"1\":\"M\",\"2\":\"M\",\"3\":\"M\",\"4\":\"R\",\"5\":\"R\",\"6\":\"R\",\"7\":\"R\"},\"base\":{\"0\":\"A\",\"1\":\"C\",\"2\":\"G\",\"3\":\"T\",\"4\":\"A\",\"5\":\"C\",\"6\":\"G\",\"7\":\"T\"},\"count\":{\"0\":58445,\"1\":40407,\"2\":41925,\"3\":66294,\"4\":63375,\"5\":38562,\"6\":45896,\"7\":59238},\"fitted\":{\"0\":60910.0000000022,\"1\":39484.4999999995,\"2\":43910.5000000054,\"3\":62766.0000000481,\"4\":60910.0000000032,\"5\":39484.5000000001,\"6\":43910.5000000061,\"7\":62766.0000000491},\"ret\":{\"0\":-0.0058299677,\"1\":0.0022533177,\"2\":-0.0046841869,\"3\":0.0087538696,\"4\":0.0060709108,\"5\":-0.0022012706,\"6\":0.0049010423,\"7\":-0.0082747848}}", "deviance": 819.1151881095177, "df": 3, "rel_entropy": 0.0009889303525234313, "formula": "count ~ mut * base - mut : base", "prob": 3.0941307598637711e-177}, "pos13": {"stats": "{\"mut\":{\"0\":\"M\",\"1\":\"M\",\"2\":\"M\",\"3\":\"M\",\"4\":\"R\",\"5\":\"R\",\"6\":\"R\",\"7\":\"R\"},\"base\":{\"0\":\"A\",\"1\":\"C\",\"2\":\"G\",\"3\":\"T\",\"4\":\"A\",\"5\":\"C\",\"6\":\"G\",\"7\":\"T\"},\"count\":{\"0\":56336,\"1\":42519,\"2\":49323,\"3\":58893,\"4\":60432,\"5\":41652,\"6\":45519,\"7\":59468},\"fitted\":{\"0\":58384.0000000008,\"1\":42085.4999999999,\"2\":47421.0000000025,\"3\":59180.4999999999,\"4\":58384.0000000008,\"5\":42085.4999999999,\"6\":47421.0000000025,\"7\":59180.4999999999},\"ret\":{\"0\":-0.0048573979,\"1\":0.001052115,\"2\":0.0046835228,\"3\":-0.0006925174,\"4\":0.0050309005,\"5\":-0.0010413329,\"6\":-0.0044992686,\"7\":0.0006958898}}", "deviance": 308.0482783972211, "df": 3, "rel_entropy": 0.00037191141975122195, "formula": "count ~ mut * base - mut : base", "prob": 1.8022653998551482e-66}, "pos18": {"stats": "{\"mut\":{\"0\":\"M\",\"1\":\"M\",\"2\":\"M\",\"3\":\"M\",\"4\":\"R\",\"5\":\"R\",\"6\":\"R\",\"7\":\"R\"},\"base\":{\"0\":\"A\",\"1\":\"C\",\"2\":\"G\",\"3\":\"T\",\"4\":\"A\",\"5\":\"C\",\"6\":\"G\",\"7\":\"T\"},\"count\":{\"0\":61851,\"1\":39548,\"2\":44665,\"3\":61007,\"4\":61522,\"5\":40554,\"6\":46094,\"7\":58901},\"fitted\":{\"0\":61686.4999999999,\"1\":40051.0,\"2\":45379.5,\"3\":59953.9999999999,\"4\":61686.5,\"5\":40051.0000000001,\"6\":45379.5000000001,\"7\":59954.0000000001},\"ret\":{\"0\":0.0003977359,\"1\":-0.0012069003,\"2\":-0.0017115998,\"3\":0.0025648051,\"4\":-0.0003966767,\"5\":0.0012221543,\"6\":0.001738765,\"7\":-0.0025201458}}", "deviance": 73.00310940542124, "df": 3, "rel_entropy": 8.813777569700881e-05, "formula": "count ~ mut * base - mut : base", "prob": 9.7055078099397719e-16},