{"pos2": {"stats": "{\"group\":{\"0\":\"1\",\"1\":\"1\",\"2\":\"1\",\"3\":\"1\",\"4\":\"1\",\"5\":\"1\",\"6\":\"1\",\"7\":\"1\",\"8\":\"2\",\"9\":\"2\",\"10\":\"2\",\"11\":\"2\",\"12\":\"2\",\"13\":\"2\",\"14\":\"2\",\"15\":\"2\"},\"mut\":{\"0\":\"M\",\"1\":\"M\",\"2\":\"M\",\"3\":\"M\",\"4\":\"R\",\"5\":\"R\",\"6\":\"R\",\"7\":\"R\",\"8\":\"M\",\"9\":\"M\",\"10\":\"M\",\"11\":\"M\",\"12\":\"R\",\"13\":\"R\",\"14\":\"R\",\"15\":\"R\"},\"base\":{\"0\":\"A\",\"1\":\"C\",\"2\":\"G\",\"3\":\"T\",\"4\":\"A\",\"5\":\"C\",\"6\":\"G\",\"7\":\"T\",\"8\":\"A\",\"9\":\"C\",\"10\":\"G\",\"11\":\"T\",\"12\":\"A\",\"13\":\"C\",\"14\":\"G\",\"15\":\"T\"},\"count\":{\"0\":223477,\"1\":208857,\"2\":258859,\"3\":314418,\"4\":299957,\"5\":204208,\"6\":248255,\"7\":253191,\"8\":4902,\"9\":4777,\"10\":5501,\"11\":6640,\"12\":6546,\"13\":4301,\"14\":5304,\"15\":5669},\"fitted\":{\"0\":223488.920227279,\"1\":209038.1789928339,\"2\":258842.7902714383,\"3\":314241.1105084473,\"4\":299945.079772721,\"5\":204026.8210071652,\"6\":248271.2097285612,\"7\":253367.8894915512,\"8\":4890.0797727214,\"9\":4595.8210071657,\"10\":5517.2097285612,\"11\":6816.889491552,\"12\":6557.9202272786,\"13\":4482.1789928348,\"14\":5287.7902714388,\"15\":5492.110508448},\"ret\":{\"0\":-0.0000058008,\"1\":-0.0000881327,\"2\":0.0000078887,\"3\":0.0000861076,\"4\":0.0000058011,\"5\":0.00008821,\"6\":-0.0000078882,\"7\":-0.0000860533,\"8\":0.0000058081,\"9\":0.0000898864,\"10\":-0.0000078769,\"11\":-0.0000849567,\"12\":-0.0000057957,\"13\":-0.0000863643,\"14\":0.0000079006,\"15\":0.000087455}}", "deviance": 25.434372855451624, "df": 3, "rel_entropy": 6.18882748706522e-06, "formula": "count ~ group * mut * base - group : mut : base", "prob": 1.2526006478191019e-05}, "pos3": {"stats": "{\"group\":{\"0\":\"1\",\"1\":\"1\",\"2\":\"1\",\"3\":\"1\",\"4\":\"1\",\"5\":\"1\",\"6\":\"1\",\"7\":\"1\",\"8\":\"2\",\"9\":\"2\",\"10\":\"2\",\"11\":\"2\",\"12\":\"2\",\"13\":\"2\",\"14\":\"2\",\"15\":\"2\"},\"mut\":{\"0\":\"M\",\"1\":\"M\",\"2\":\"M\",\"3\":\"M\",\"4\":\"R\",\"5\":\"R\",\"6\":\"R\",\"7\":\"R\",\"8\":\"M\",\"9\":\"M\",\"10\":\"M\",\"11\":\"M\",\"12\":\"R\",\"13\":\"R\",\"14\":\"R\",\"15\":\"R\"},\"base\":{\"0\":\"A\",\"1\":\"C\",\"2\":\"G\",\"3\":\"T\",\"4\":\"A\",\"5\":\"C\",\"6\":\"G\",\"7\":\"T\",\"8\":\"A\",\"9\":\"C\",\"10\":\"G\",\"11\":\"T\",\"12\":\"A\",\"13\":\"C\",\"14\":\"G\",\"15\":\"T\"},\"count\":{\"0\":308911,\"1\":199996,\"2\":246743,\"3\":249961,\"4\":306721,\"5\":204425,\"6\":226806,\"7\":267659,\"8\":7067,\"9\":4253,\"10\":5159,\"11\":5341,\"12\":6739,\"13\":4347,\"14\":4830,\"15\":5904},\"fitted\":{\"0\":309046.0302673489,\"1\":199995.2444378956,\"2\":246697.1910273606,\"3\":249872.5342673953,\"4\":306585.9697326517,\"5\":204425.7555621049,\"6\":226851.8089726396,\"7\":267747.4657326047,\"8\":6931.9697326508,\"9\":4253.7555621049,\"10\":5204.8089726394,\"11\":5429.4657326049,\"12\":6874.0302673492,\"13\":4346.2444378951,\"14\":4784.1910273606,\"15\":5815.5342673951},\"ret\":{\"0\":-0.0000656982,\"1\":0.0000003677,\"2\":0.000022295,\"3\":0.0000430595,\"4\":0.000065727,\"5\":-0.0000003677,\"6\":-0.0000222907,\"7\":-0.0000430448,\"8\":0.0000663485,\"9\":-0.0000003677,\"10\":-0.0000221946,\"11\":-0.0000426993,\"12\":-0.0000650629,\"13\":0.0000003677,\"14\":0.0000223994,\"15\":0.0000433777}}", "deviance": 9.110331391075622, "df": 3, "rel_entropy": 2.2167745062869482e-06, "formula": "count ~ group * mut * base - group : mut : base", "prob": 0.027859373367639068}, "pos0": {"stats": "{\"group\":{\"0\":\"1\",\"1\":\"1\",\"2\":\"1\",\"3\":\"1\",\"4\":\"1\",\"5\":\"1\",\"6\":\"1\",\"7\":\"1\",\"8\":\"2\",\"9\":\"2\",\"10\":\"2\",\"11\":\"2\",\"12\":\"2\",\"13\":\"2\",\"14\":\"2\",\"15\":\"2\"},\"mut\":{\"0\":\"M\",\"1\":\"M\",\"2\":\"M\",\"3\":\"M\",\"4\":\"R\",\"5\":\"R\",\"6\":\"R\",\"7\":\"R\",\"8\":\"M\",\"9\":\"M\",\"10\":\"M\",\"11\":\"M\",\"12\":\"R\",\"13\":\"R\",\"14\":\"R\",\"15\":\"R\"},\"base\":{\"0\":\"A\",\"1\":\"C\",\"2\":\"G\",\"3\":\"T\",\"4\":\"A\",\"5\":\"C\",\"6\":\"G\",\"7\":\"T\",\"8\":\"A\",\"9\":\"C\",\"10\":\"G\",\"11\":\"T\",\"12\":\"A\",\"13\":\"C\",\"14\":\"G\",\"15\":\"T\"},\"count\":{\"0\":305247,\"1\":215528,\"2\":246479,\"3\":238357,\"4\":295737,\"5\":219667,\"6\":227042,\"7\":263165,\"8\":6477,\"9\":4542,\"10\":5303,\"11\":5498,\"12\":6560,\"13\":4638,\"14\":4656,\"15\":5966},\"fitted\":{\"0\":305099.6680719838,\"1\":215519.6890120365,\"2\":246591.2573403144,\"3\":238400.3855756599,\"4\":295884.331928012,\"5\":219675.3109879618,\"6\":226929.742659684,\"7\":263121.6144243379,\"8\":6624.331928013,\"9\":4550.3109879627,\"10\":5190.742659685,\"11\":5454.6144243392,\"12\":6412.6680719869,\"13\":4629.6890120373,\"14\":4768.257340315,\"15\":6009.3855756607},\"ret\":{\"0\":0.0000717165,\"1\":0.0000040446,\"2\":-0.0000546177,\"3\":-0.0000211117,\"4\":-0.0000716813,\"5\":-0.0000040445,\"6\":0.0000546436,\"7\":0.0000211154,\"8\":-0.0000708959,\"9\":-0.0000040409,\"10\":0.0000552166,\"11\":0.0000211974,\"12\":0.0000725166,\"13\":0.0000040482,\"14\":-0.0000539819,\"15\":-0.0000210372}}", "deviance": 12.69004148609196, "df": 3, "rel_entropy": 3.087808691311621e-06, "formula": "count ~ group * mut * base - group : mut : base", "prob": 0.0053571892166508856}, "pos1": {"stats": "{\"group\":{\"0\":\"1\",\"1\":\"1\",\"2\":\"1\",\"3\":\"1\",\"4\":\"1\",\"5\":\"1\",\"6\":\"1\",\"7\":\"1\",\"8\":\"2\",\"9\":\"2\",\"10\":\"2\",\"11\":\"2\",\"12\":\"2\",\"13\":\"2\",\"14\":\"2\",\"15\":\"2\"},\"mut\":{\"0\":\"M\",\"1\":\"M\",\"2\":\"M\",\"3\":\"M\",\"4\":\"R\",\"5\":\"R\",\"6\":\"R\",\"7\":\"R\",\"8\":\"M\",\"9\":\"M\",\"10\":\"M\",\"11\":\"M\",\"12\":\"R\",\"13\":\"R\",\"14\":\"R\",\"15\":\"R\"},\"base\":{\"0\":\"A\",\"1\":\"C\",\"2\":\"G\",\"3\":\"T\",\"4\":\"A\",\"5\":\"C\",\"6\":\"G\",\"7\":\"T\",\"8\":\"A\",\"9\":\"C\",\"10\":\"G\",\"11\":\"T\",\"12\":\"A\",\"13\":\"C\",\"14\":\"G\",\"15\":\"T\"},\"count\":{\"0\":233503,\"1\":353739,\"2\":189646,\"3\":228723,\"4\":349853,\"5\":40679,\"6\":248953,\"7\":366126,\"8\":5474,\"9\":6947,\"10\":4305,\"11\":5094,\"12\":7650,\"13\":859,\"14\":5227,\"15\":8084},\"fitted\":{\"0\":233594.195874739,\"1\":353657.9873267052,\"2\":189732.9833949335,\"3\":228625.8334036296,\"4\":349761.8041252673,\"5\":40760.0126732967,\"6\":248866.0166050689,\"7\":366223.1665963731,\"8\":5382.8041252649,\"9\":7028.0126732967,\"10\":4218.0166050672,\"11\":5191.1665963715,\"12\":7741.1958747352,\"13\":777.9873267035,\"14\":5313.9833949329,\"15\":7986.8334036286},\"ret\":{\"0\":-0.0000443719,\"1\":0.0000394294,\"2\":-0.0000423208,\"3\":0.0000472962,\"4\":0.0000443863,\"5\":-0.0000393857,\"6\":0.0000423379,\"7\":-0.0000472799,\"8\":0.0000447544,\"9\":-0.0000391968,\"10\":0.000042764,\"11\":-0.0000468409,\"12\":-0.0000441181,\"13\":0.0000414098,\"14\":-0.0000419822,\"15\":0.0000475727}}", "deviance": 18.307066619633616, "df": 3, "rel_entropy": 4.454573255925122e-06, "formula": "count ~ group * mut * base - group : mut : base", "prob": 0.00038014450399218876}}