{"pos2": {"stats": "{\"group\":{\"0\":\"1\",\"1\":\"1\",\"2\":\"1\",\"3\":\"1\",\"4\":\"1\",\"5\":\"1\",\"6\":\"1\",\"7\":\"1\",\"8\":\"2\",\"9\":\"2\",\"10\":\"2\",\"11\":\"2\",\"12\":\"2\",\"13\":\"2\",\"14\":\"2\",\"15\":\"2\"},\"mut\":{\"0\":\"M\",\"1\":\"M\",\"2\":\"M\",\"3\":\"M\",\"4\":\"R\",\"5\":\"R\",\"6\":\"R\",\"7\":\"R\",\"8\":\"M\",\"9\":\"M\",\"10\":\"M\",\"11\":\"M\",\"12\":\"R\",\"13\":\"R\",\"14\":\"R\",\"15\":\"R\"},\"base\":{\"0\":\"A\",\"1\":\"C\",\"2\":\"G\",\"3\":\"T\",\"4\":\"A\",\"5\":\"C\",\"6\":\"G\",\"7\":\"T\",\"8\":\"A\",\"9\":\"C\",\"10\":\"G\",\"11\":\"T\",\"12\":\"A\",\"13\":\"C\",\"14\":\"G\",\"15\":\"T\"},\"count\":{\"0\":102131,\"1\":46755,\"2\":58825,\"3\":68946,\"4\":91283,\"5\":48009,\"6\":66283,\"7\":71082,\"8\":1098,\"9\":694,\"10\":527,\"11\":734,\"12\":1044,\"13\":500,\"14\":724,\"15\":785},\"fitted\":{\"0\":102099.5138439496,\"1\":46859.2761882089,\"2\":58765.1068569059,\"3\":68933.1031109339,\"4\":91314.4861560488,\"5\":47904.7238117911,\"6\":66342.893143094,\"7\":71094.896889066,\"8\":1129.486156049,\"9\":589.723811791,\"10\":586.893143094,\"11\":746.896889066,\"12\":1012.513843951,\"13\":604.276188209,\"14\":664.106856906,\"15\":772.103110934},\"ret\":{\"0\":0.0000562923,\"1\":-0.000186193,\"2\":0.0001071175,\"3\":0.0000230562,\"4\":-0.0000562739,\"5\":0.0001866033,\"6\":-0.0001070146,\"7\":-0.0000230519,\"8\":-0.0000554917,\"9\":0.0002019868,\"10\":-0.000101404,\"11\":-0.0000228538,\"12\":0.0000571498,\"13\":-0.0001693033,\"14\":0.0001117518,\"15\":0.0000232455}}", "df": 3, "prob": 4.8018945136814204e-11, "deviance": 51.037932262251815, "formula": "count ~ group * mut * base - group : mut : base", "rel_entropy": 4.561682837783045e-05}, "pos0": {"stats": "{\"group\":{\"0\":\"1\",\"1\":\"1\",\"2\":\"1\",\"3\":\"1\",\"4\":\"1\",\"5\":\"1\",\"6\":\"1\",\"7\":\"1\",\"8\":\"2\",\"9\":\"2\",\"10\":\"2\",\"11\":\"2\",\"12\":\"2\",\"13\":\"2\",\"14\":\"2\",\"15\":\"2\"},\"mut\":{\"0\":\"M\",\"1\":\"M\",\"2\":\"M\",\"3\":\"M\",\"4\":\"R\",\"5\":\"R\",\"6\":\"R\",\"7\":\"R\",\"8\":\"M\",\"9\":\"M\",\"10\":\"M\",\"11\":\"M\",\"12\":\"R\",\"13\":\"R\",\"14\":\"R\",\"15\":\"R\"},\"base\":{\"0\":\"A\",\"1\":\"C\",\"2\":\"G\",\"3\":\"T\",\"4\":\"A\",\"5\":\"C\",\"6\":\"G\",\"7\":\"T\",\"8\":\"A\",\"9\":\"C\",\"10\":\"G\",\"11\":\"T\",\"12\":\"A\",\"13\":\"C\",\"14\":\"G\",\"15\":\"T\"},\"count\":{\"0\":91601,\"1\":53425,\"2\":52775,\"3\":78856,\"4\":94644,\"5\":49376,\"6\":57421,\"7\":75216,\"8\":1043,\"9\":566,\"10\":541,\"11\":903,\"12\":1092,\"13\":517,\"14\":598,\"15\":846},\"fitted\":{\"0\":91594.2072689579,\"1\":53428.2331643514,\"2\":52770.6557898823,\"3\":78863.9037768075,\"4\":94650.7927310415,\"5\":49372.766835648,\"6\":57425.3442101175,\"7\":75208.096223192,\"8\":1049.7927310419,\"9\":562.7668356483,\"10\":545.3442101176,\"11\":895.0962231922,\"12\":1085.2072689581,\"13\":520.2331643517,\"14\":593.6557898824,\"15\":853.9037768078},\"ret\":{\"0\":0.0000121429,\"1\":-0.0000057793,\"2\":0.0000077659,\"3\":-0.0000141278,\"4\":-0.000012142,\"5\":0.0000057797,\"6\":-0.0000077653,\"7\":0.0000141293,\"8\":-0.0000121031,\"9\":0.0000057961,\"10\":-0.0000077345,\"11\":0.0000141907,\"12\":0.0000121804,\"13\":-0.0000057615,\"14\":0.0000077939,\"15\":-0.0000140629}}", "df": 3, "prob": 0.9526828298337768, "deviance": 0.3382418300229988, "formula": "count ~ group * mut * base - group : mut : base", "rel_entropy": 3.023147456499578e-07}, "pos3": {"stats": "{\"group\":{\"0\":\"1\",\"1\":\"1\",\"2\":\"1\",\"3\":\"1\",\"4\":\"1\",\"5\":\"1\",\"6\":\"1\",\"7\":\"1\",\"8\":\"2\",\"9\":\"2\",\"10\":\"2\",\"11\":\"2\",\"12\":\"2\",\"13\":\"2\",\"14\":\"2\",\"15\":\"2\"},\"mut\":{\"0\":\"M\",\"1\":\"M\",\"2\":\"M\",\"3\":\"M\",\"4\":\"R\",\"5\":\"R\",\"6\":\"R\",\"7\":\"R\",\"8\":\"M\",\"9\":\"M\",\"10\":\"M\",\"11\":\"M\",\"12\":\"R\",\"13\":\"R\",\"14\":\"R\",\"15\":\"R\"},\"base\":{\"0\":\"A\",\"1\":\"C\",\"2\":\"G\",\"3\":\"T\",\"4\":\"A\",\"5\":\"C\",\"6\":\"G\",\"7\":\"T\",\"8\":\"A\",\"9\":\"C\",\"10\":\"G\",\"11\":\"T\",\"12\":\"A\",\"13\":\"C\",\"14\":\"G\",\"15\":\"T\"},\"count\":{\"0\":92828,\"1\":46055,\"2\":51719,\"3\":86055,\"4\":94160,\"5\":50561,\"6\":55464,\"7\":76472,\"8\":1096,\"9\":520,\"10\":509,\"11\":928,\"12\":1089,\"13\":569,\"14\":555,\"15\":840},\"fitted\":{\"0\":92839.283608365,\"1\":46055.9500027719,\"2\":51714.6956698339,\"3\":86047.0707190323,\"4\":94148.7163916375,\"5\":50560.0499972287,\"6\":55468.3043301668,\"7\":76479.9292809687,\"8\":1084.7163916369,\"9\":519.0499972284,\"10\":513.3043301665,\"11\":935.9292809682,\"12\":1100.2836083631,\"13\":569.9500027716,\"14\":550.6956698335,\"15\":832.0707190318},\"ret\":{\"0\":-0.000020169,\"1\":-0.0000016982,\"2\":0.0000076946,\"3\":0.0000141748,\"4\":0.0000201714,\"5\":0.0000016982,\"6\":-0.000007694,\"7\":-0.0000141734,\"8\":0.0000202747,\"9\":0.0000016997,\"10\":-0.0000076619,\"11\":-0.0000141139,\"12\":-0.0000200664,\"13\":-0.0000016968,\"14\":0.0000077243,\"15\":0.0000142414}}", "df": 3, "prob": 0.9289055824839239, "deviance": 0.4538559973498515, "formula": "count ~ group * mut * base - group : mut : base", "rel_entropy": 4.0564870522134665e-07}, "pos1": {"stats": "{\"group\":{\"0\":\"1\",\"1\":\"1\",\"2\":\"1\",\"3\":\"1\",\"4\":\"1\",\"5\":\"1\",\"6\":\"1\",\"7\":\"1\",\"8\":\"2\",\"9\":\"2\",\"10\":\"2\",\"11\":\"2\",\"12\":\"2\",\"13\":\"2\",\"14\":\"2\",\"15\":\"2\"},\"mut\":{\"0\":\"M\",\"1\":\"M\",\"2\":\"M\",\"3\":\"M\",\"4\":\"R\",\"5\":\"R\",\"6\":\"R\",\"7\":\"R\",\"8\":\"M\",\"9\":\"M\",\"10\":\"M\",\"11\":\"M\",\"12\":\"R\",\"13\":\"R\",\"14\":\"R\",\"15\":\"R\"},\"base\":{\"0\":\"A\",\"1\":\"C\",\"2\":\"G\",\"3\":\"T\",\"4\":\"A\",\"5\":\"C\",\"6\":\"G\",\"7\":\"T\",\"8\":\"A\",\"9\":\"C\",\"10\":\"G\",\"11\":\"T\",\"12\":\"A\",\"13\":\"C\",\"14\":\"G\",\"15\":\"T\"},\"count\":{\"0\":94878,\"1\":84791,\"2\":43590,\"3\":53398,\"4\":90995,\"5\":68940,\"6\":55790,\"7\":60932,\"8\":1106,\"9\":913,\"10\":443,\"11\":591,\"12\":1003,\"13\":732,\"14\":575,\"15\":743},\"fitted\":{\"0\":94907.2732773096,\"1\":84796.7356338839,\"2\":43586.5844016132,\"3\":53366.406687194,\"4\":90965.7267226912,\"5\":68934.2643661164,\"6\":55793.4155983867,\"7\":60963.593312806,\"8\":1076.726722691,\"9\":907.2643661162,\"10\":446.4155983867,\"11\":622.5933128062,\"12\":1032.273277309,\"13\":737.7356338838,\"14\":571.5844016133,\"15\":711.4066871941},\"ret\":{\"0\":-0.0000523198,\"1\":-0.0000102525,\"2\":0.0000061058,\"3\":0.0000564918,\"4\":0.0000523363,\"5\":0.0000102532,\"6\":-0.0000061054,\"7\":-0.0000564605,\"8\":0.0000530329,\"9\":0.0000102852,\"10\":-0.0000060822,\"11\":-0.0000550173,\"12\":-0.0000515788,\"13\":-0.0000102129,\"14\":0.0000061238,\"15\":0.000057711}}", "df": 3, "prob": 0.1852329336171413, "deviance": 4.82291602836204, "formula": "count ~ group * mut * base - group : mut : base", "rel_entropy": 4.310639616354474e-06}}