{"pos2": {"stats": "{\"mut\":{\"0\":\"M\",\"1\":\"M\",\"2\":\"M\",\"3\":\"M\",\"4\":\"R\",\"5\":\"R\",\"6\":\"R\",\"7\":\"R\"},\"base\":{\"0\":\"A\",\"1\":\"C\",\"2\":\"G\",\"3\":\"T\",\"4\":\"A\",\"5\":\"C\",\"6\":\"G\",\"7\":\"T\"},\"count\":{\"0\":4781,\"1\":2385,\"2\":5161,\"3\":5000,\"4\":4116,\"5\":3331,\"6\":4141,\"7\":5739},\"fitted\":{\"0\":4448.5,\"1\":2858.0,\"2\":4651.0,\"3\":5369.5,\"4\":4448.5,\"5\":2858.0,\"6\":4651.0,\"7\":5369.5},\"ret\":{\"0\":0.0099448179,\"1\":-0.012451701,\"2\":0.0154958242,\"3\":-0.0102869628,\"4\":-0.0092269882,\"5\":0.0147210783,\"6\":-0.0138788082,\"7\":0.0110212821}}", "deviance": 370.00368393505573, "df": 3, "rel_entropy": 0.005338542216411608, "formula": "count ~ mut * base - mut : base", "prob": 6.9491712235487091e-80}, "pos3": {"stats": "{\"mut\":{\"0\":\"M\",\"1\":\"M\",\"2\":\"M\",\"3\":\"M\",\"4\":\"R\",\"5\":\"R\",\"6\":\"R\",\"7\":\"R\"},\"base\":{\"0\":\"A\",\"1\":\"C\",\"2\":\"G\",\"3\":\"T\",\"4\":\"A\",\"5\":\"C\",\"6\":\"G\",\"7\":\"T\"},\"count\":{\"0\":3731,\"1\":3230,\"2\":4525,\"3\":5841,\"4\":4813,\"5\":3421,\"6\":2990,\"7\":6103},\"fitted\":{\"0\":4272.0,\"1\":3325.5,\"2\":3757.5,\"3\":5972.0,\"4\":4272.0,\"5\":3325.5,\"6\":3757.5,\"7\":5972.0},\"ret\":{\"0\":-0.0145783767,\"1\":-0.0027158603,\"2\":0.0242694465,\"3\":-0.0037384599,\"4\":0.01656071,\"5\":0.0027950112,\"6\":-0.0197136423,\"7\":0.0038213885}}", "deviance": 464.3786402236104, "df": 3, "rel_entropy": 0.006700217005592578, "formula": "count ~ mut * base - mut : base", "prob": 2.4990095275032557e-100}, "pos0": {"stats": "{\"mut\":{\"0\":\"M\",\"1\":\"M\",\"2\":\"M\",\"3\":\"M\",\"4\":\"R\",\"5\":\"R\",\"6\":\"R\",\"7\":\"R\"},\"base\":{\"0\":\"A\",\"1\":\"C\",\"2\":\"G\",\"3\":\"T\",\"4\":\"A\",\"5\":\"C\",\"6\":\"G\",\"7\":\"T\"},\"count\":{\"0\":4744,\"1\":3500,\"2\":2788,\"3\":6295,\"4\":5002,\"5\":3323,\"6\":2893,\"7\":6109},\"fitted\":{\"0\":4873.0,\"1\":3411.5,\"2\":2840.5,\"3\":6202.0,\"4\":4873.0,\"5\":3411.5,\"6\":2840.5,\"7\":6202.0},\"ret\":{\"0\":-0.0036728014,\"1\":0.0025866601,\"2\":-0.0015008892,\"3\":0.0027036941,\"4\":0.0037713568,\"5\":-0.0025204024,\"6\":0.0015288916,\"7\":-0.0026634505}}", "deviance": 16.152862017962846, "df": 3, "rel_entropy": 0.0002330591276326376, "formula": "count ~ mut * base - mut : base", "prob": 0.001055017591119332}, "pos1": {"stats": "{\"mut\":{\"0\":\"M\",\"1\":\"M\",\"2\":\"M\",\"3\":\"M\",\"4\":\"R\",\"5\":\"R\",\"6\":\"R\",\"7\":\"R\"},\"base\":{\"0\":\"A\",\"1\":\"C\",\"2\":\"G\",\"3\":\"T\",\"4\":\"A\",\"5\":\"C\",\"6\":\"G\",\"7\":\"T\"},\"count\":{\"0\":7524,\"1\":3092,\"2\":3133,\"3\":3578,\"4\":4868,\"5\":3829,\"6\":2774,\"7\":5856},\"fitted\":{\"0\":6196.0,\"1\":3460.5,\"2\":2953.5,\"3\":4717.0,\"4\":6196.0,\"5\":3460.5,\"6\":2953.5,\"7\":4717.0},\"ret\":{\"0\":0.0421629703,\"1\":-0.0100462748,\"2\":0.0053340834,\"3\":-0.0285348979,\"4\":-0.0338853408,\"5\":0.01118078,\"6\":-0.0050190865,\"7\":0.0365503645}}", "deviance": 1229.7040005898764, "df": 3, "rel_entropy": 0.017742598265566404, "formula": "count ~ mut * base - mut : base", "prob": 2.6324624153950278e-266}}