{"('pos0', 'pos2')": {"df": 9, "rel_entropy": 0.000607957122113087, "deviance": 42.13629221941383, "stats": "{\"mut\":{\"0\":\"M\",\"1\":\"M\",\"2\":\"M\",\"3\":\"M\",\"4\":\"M\",\"5\":\"M\",\"6\":\"M\",\"7\":\"M\",\"8\":\"M\",\"9\":\"M\",\"10\":\"M\",\"11\":\"M\",\"12\":\"M\",\"13\":\"M\",\"14\":\"M\",\"15\":\"M\",\"16\":\"R\",\"17\":\"R\",\"18\":\"R\",\"19\":\"R\",\"20\":\"R\",\"21\":\"R\",\"22\":\"R\",\"23\":\"R\",\"24\":\"R\",\"25\":\"R\",\"26\":\"R\",\"27\":\"R\",\"28\":\"R\",\"29\":\"R\",\"30\":\"R\",\"31\":\"R\"},\"base1\":{\"0\":\"A\",\"1\":\"A\",\"2\":\"A\",\"3\":\"A\",\"4\":\"C\",\"5\":\"C\",\"6\":\"C\",\"7\":\"C\",\"8\":\"G\",\"9\":\"G\",\"10\":\"G\",\"11\":\"G\",\"12\":\"T\",\"13\":\"T\",\"14\":\"T\",\"15\":\"T\",\"16\":\"A\",\"17\":\"A\",\"18\":\"A\",\"19\":\"A\",\"20\":\"C\",\"21\":\"C\",\"22\":\"C\",\"23\":\"C\",\"24\":\"G\",\"25\":\"G\",\"26\":\"G\",\"27\":\"G\",\"28\":\"T\",\"29\":\"T\",\"30\":\"T\",\"31\":\"T\"},\"base2\":{\"0\":\"A\",\"1\":\"C\",\"2\":\"G\",\"3\":\"T\",\"4\":\"A\",\"5\":\"C\",\"6\":\"G\",\"7\":\"T\",\"8\":\"A\",\"9\":\"C\",\"10\":\"G\",\"11\":\"T\",\"12\":\"A\",\"13\":\"C\",\"14\":\"G\",\"15\":\"T\",\"16\":\"A\",\"17\":\"C\",\"18\":\"G\",\"19\":\"T\",\"20\":\"A\",\"21\":\"C\",\"22\":\"G\",\"23\":\"T\",\"24\":\"A\",\"25\":\"C\",\"26\":\"G\",\"27\":\"T\",\"28\":\"A\",\"29\":\"C\",\"30\":\"G\",\"31\":\"T\"},\"count\":{\"0\":1379,\"1\":613,\"2\":1471,\"3\":1281,\"4\":839,\"5\":476,\"6\":1204,\"7\":981,\"8\":705,\"9\":370,\"10\":941,\"11\":772,\"12\":1858,\"13\":926,\"14\":1545,\"15\":1966,\"16\":1345,\"17\":884,\"18\":1157,\"19\":1616,\"20\":734,\"21\":710,\"22\":829,\"23\":1050,\"24\":643,\"25\":526,\"26\":783,\"27\":941,\"28\":1394,\"29\":1211,\"30\":1372,\"31\":2132},\"fitted\":{\"0\":1422.3510993613,\"1\":600.7856191137,\"2\":1418.4225126681,\"3\":1302.4407688568,\"4\":865.9497895663,\"5\":508.8046593579,\"6\":1154.5565709389,\"7\":970.6889801376,\"8\":709.5903280386,\"9\":363.2603084675,\"10\":937.7901564968,\"11\":777.359206997,\"12\":1783.1087830339,\"13\":912.1494130615,\"14\":1650.2307599032,\"15\":1949.5110440085,\"16\":1301.6489006387,\"17\":896.2143808863,\"18\":1209.5774873322,\"19\":1594.5592311432,\"20\":707.0502104337,\"21\":677.1953406431,\"22\":878.4434290618,\"23\":1060.3110198624,\"24\":638.4096719614,\"25\":532.7396915325,\"26\":786.2098435032,\"27\":935.640793003,\"28\":1468.8912169669,\"29\":1224.8505869385,\"30\":1266.7692401149,\"31\":2148.4889559915},\"ret\":{\"0\":-0.0012317091,\"1\":0.0003560256,\"2\":0.0015449912,\"3\":-0.000613589,\"4\":-0.000765453,\"5\":-0.0009154397,\"6\":0.0014568976,\"7\":0.0002991167,\"8\":-0.0001320323,\"9\":0.0001962784,\"10\":0.0000927838,\"11\":-0.0001541147,\"12\":0.0022058746,\"13\":0.0004027015,\"14\":-0.0029376678,\"15\":0.0004778234,\"16\":0.0012715737,\"17\":-0.0003500538,\"18\":-0.0014837494,\"19\":0.0006228509,\"20\":0.0007923181,\"21\":0.000969201,\"22\":-0.0013858456,\"23\":-0.0002960905,\"24\":0.0001329368,\"25\":-0.0001932498,\"26\":-0.0000924361,\"27\":0.0001550911,\"28\":-0.0021050603,\"29\":-0.0003974138,\"30\":0.003159384,\"31\":-0.0004739863}}", "prob": 3.1032749197691726e-06, "formula": "count ~ mut * base1 * base2 - mut : base1 : base2"}, "('pos2', 'pos3')": {"df": 9, "rel_entropy": 0.0018776878261011294, "deviance": 130.13878785141708, "stats": "{\"mut\":{\"0\":\"M\",\"1\":\"M\",\"2\":\"M\",\"3\":\"M\",\"4\":\"M\",\"5\":\"M\",\"6\":\"M\",\"7\":\"M\",\"8\":\"M\",\"9\":\"M\",\"10\":\"M\",\"11\":\"M\",\"12\":\"M\",\"13\":\"M\",\"14\":\"M\",\"15\":\"M\",\"16\":\"R\",\"17\":\"R\",\"18\":\"R\",\"19\":\"R\",\"20\":\"R\",\"21\":\"R\",\"22\":\"R\",\"23\":\"R\",\"24\":\"R\",\"25\":\"R\",\"26\":\"R\",\"27\":\"R\",\"28\":\"R\",\"29\":\"R\",\"30\":\"R\",\"31\":\"R\"},\"base1\":{\"0\":\"A\",\"1\":\"A\",\"2\":\"A\",\"3\":\"A\",\"4\":\"C\",\"5\":\"C\",\"6\":\"C\",\"7\":\"C\",\"8\":\"G\",\"9\":\"G\",\"10\":\"G\",\"11\":\"G\",\"12\":\"T\",\"13\":\"T\",\"14\":\"T\",\"15\":\"T\",\"16\":\"A\",\"17\":\"A\",\"18\":\"A\",\"19\":\"A\",\"20\":\"C\",\"21\":\"C\",\"22\":\"C\",\"23\":\"C\",\"24\":\"G\",\"25\":\"G\",\"26\":\"G\",\"27\":\"G\",\"28\":\"T\",\"29\":\"T\",\"30\":\"T\",\"31\":\"T\"},\"base2\":{\"0\":\"A\",\"1\":\"C\",\"2\":\"G\",\"3\":\"T\",\"4\":\"A\",\"5\":\"C\",\"6\":\"G\",\"7\":\"T\",\"8\":\"A\",\"9\":\"C\",\"10\":\"G\",\"11\":\"T\",\"12\":\"A\",\"13\":\"C\",\"14\":\"G\",\"15\":\"T\",\"16\":\"A\",\"17\":\"C\",\"18\":\"G\",\"19\":\"T\",\"20\":\"A\",\"21\":\"C\",\"22\":\"G\",\"23\":\"T\",\"24\":\"A\",\"25\":\"C\",\"26\":\"G\",\"27\":\"T\",\"28\":\"A\",\"29\":\"C\",\"30\":\"G\",\"31\":\"T\"},\"count\":{\"0\":1054,\"1\":880,\"2\":1338,\"3\":1509,\"4\":699,\"5\":612,\"6\":67,\"7\":1007,\"8\":1198,\"9\":967,\"10\":1373,\"11\":1623,\"12\":780,\"13\":771,\"14\":1747,\"15\":1702,\"16\":1254,\"17\":719,\"18\":801,\"19\":1342,\"20\":1149,\"21\":807,\"22\":97,\"23\":1278,\"24\":1141,\"25\":780,\"26\":988,\"27\":1232,\"28\":1269,\"29\":1115,\"30\":1104,\"31\":2251},\"fitted\":{\"0\":1087.6163438676,\"1\":838.4131358281,\"2\":1344.5531679136,\"3\":1510.4173523909,\"4\":697.5648302744,\"5\":608.1357147165,\"6\":87.7733862832,\"7\":991.5260687259,\"8\":1139.7203690966,\"9\":943.9513579481,\"10\":1519.2070124769,\"11\":1558.1212604785,\"12\":806.0984567615,\"13\":839.4997915074,\"14\":1573.4664333263,\"15\":1780.9353184048,\"16\":1220.3836561325,\"17\":760.5868641719,\"18\":794.4468320864,\"19\":1340.5826476091,\"20\":1150.4351697256,\"21\":810.8642852835,\"22\":76.2266137168,\"23\":1293.4739312741,\"24\":1199.2796309034,\"25\":803.0486420519,\"26\":841.7929875231,\"27\":1296.8787395215,\"28\":1242.9015432385,\"29\":1046.5002084927,\"30\":1277.5335666737,\"31\":2172.0646815952},\"ret\":{\"0\":-0.0009549084,\"1\":0.0012293419,\"2\":-0.0001886412,\"3\":-0.0000408809,\"4\":0.0000414568,\"5\":0.0001118641,\"6\":-0.0005221447,\"7\":0.0004499929,\"8\":0.0017240413,\"9\":0.0006731624,\"10\":-0.0040091873,\"11\":0.0019106342,\"12\":-0.00074079,\"13\":-0.0018937458,\"14\":0.0052741174,\"15\":-0.0022265708,\"16\":0.0009832961,\"17\":-0.0011666367,\"18\":0.0001898806,\"19\":0.0000409217,\"20\":-0.0000413884,\"21\":-0.0001112444,\"22\":0.0006745839,\"23\":-0.0004438449,\"24\":-0.0016402162,\"25\":-0.0006554703,\"26\":0.0045659026,\"27\":-0.0018245553,\"28\":0.0007609675,\"29\":0.0020400035,\"30\":-0.004650963,\"31\":0.0023187093}}", "prob": 1.1105032830661509e-23, "formula": "count ~ mut * base1 * base2 - mut : base1 : base2"}, "('pos1', 'pos2')": {"df": 9, "rel_entropy": 0.0011967356439386713, "deviance": 82.94335401010143,