{"pos1": {"rel_entropy": 2.1701962944973926e-05, "df": 3, "stats": "{\"group\":{\"8\":\"1\",\"9\":\"1\",\"10\":\"1\",\"11\":\"1\",\"12\":\"1\",\"13\":\"1\",\"14\":\"1\",\"15\":\"1\",\"0\":\"2\",\"1\":\"2\",\"2\":\"2\",\"3\":\"2\",\"4\":\"2\",\"5\":\"2\",\"6\":\"2\",\"7\":\"2\"},\"mut\":{\"8\":\"M\",\"9\":\"M\",\"10\":\"M\",\"11\":\"M\",\"12\":\"R\",\"13\":\"R\",\"14\":\"R\",\"15\":\"R\",\"0\":\"M\",\"1\":\"M\",\"2\":\"M\",\"3\":\"M\",\"4\":\"R\",\"5\":\"R\",\"6\":\"R\",\"7\":\"R\"},\"base\":{\"8\":\"A\",\"9\":\"C\",\"10\":\"G\",\"11\":\"T\",\"12\":\"A\",\"13\":\"C\",\"14\":\"G\",\"15\":\"T\",\"0\":\"A\",\"1\":\"C\",\"2\":\"G\",\"3\":\"T\",\"4\":\"A\",\"5\":\"C\",\"6\":\"G\",\"7\":\"T\"},\"count\":{\"8\":3671,\"9\":5832,\"10\":3766,\"11\":5342,\"12\":3816,\"13\":5465,\"14\":4568,\"15\":4762,\"0\":77,\"1\":152,\"2\":99,\"3\":128,\"4\":81,\"5\":139,\"6\":107,\"7\":129},\"fitted\":{\"8\":3670.6518438992,\"9\":5833.9341642333,\"10\":3771.9137482609,\"11\":5334.5002436067,\"12\":3816.3481561008,\"13\":5463.0658357667,\"14\":4562.0862517391,\"15\":4769.4997563934,\"0\":77.3481561008,\"1\":150.0658357667,\"2\":93.0862517392,\"3\":135.4997563935,\"4\":80.6518438992,\"5\":140.9341642333,\"6\":112.913748261,\"7\":121.5002436068},\"ret\":{\"8\":0.0000091302,\"9\":-0.0000507118,\"10\":-0.0001549565,\"11\":0.0001968067,\"12\":-0.0000091294,\"13\":0.0000507292,\"14\":0.0001551786,\"15\":-0.0001965138,\"0\":-0.0000091092,\"1\":0.0000510457,\"2\":0.000159903,\"3\":-0.0001911225,\"4\":0.0000091495,\"5\":-0.0000503706,\"6\":-0.0001509443,\"7\":0.0002026171}}", "formula": "count ~ group * mut * base - group : mut : base", "deviance": 1.6551653098872714, "prob": 0.6469471313764357}, "pos2": {"rel_entropy": 0.00010797001554340882, "df": 3, "stats": "{\"group\":{\"8\":\"1\",\"9\":\"1\",\"10\":\"1\",\"11\":\"1\",\"12\":\"1\",\"13\":\"1\",\"14\":\"1\",\"15\":\"1\",\"0\":\"2\",\"1\":\"2\",\"2\":\"2\",\"3\":\"2\",\"4\":\"2\",\"5\":\"2\",\"6\":\"2\",\"7\":\"2\"},\"mut\":{\"8\":\"M\",\"9\":\"M\",\"10\":\"M\",\"11\":\"M\",\"12\":\"R\",\"13\":\"R\",\"14\":\"R\",\"15\":\"R\",\"0\":\"M\",\"1\":\"M\",\"2\":\"M\",\"3\":\"M\",\"4\":\"R\",\"5\":\"R\",\"6\":\"R\",\"7\":\"R\"},\"base\":{\"8\":\"A\",\"9\":\"C\",\"10\":\"G\",\"11\":\"T\",\"12\":\"A\",\"13\":\"C\",\"14\":\"G\",\"15\":\"T\",\"0\":\"A\",\"1\":\"C\",\"2\":\"G\",\"3\":\"T\",\"4\":\"A\",\"5\":\"C\",\"6\":\"G\",\"7\":\"T\"},\"count\":{\"8\":4235,\"9\":5227,\"10\":3026,\"11\":6123,\"12\":5672,\"13\":5448,\"14\":1771,\"15\":5720,\"0\":89,\"1\":116,\"2\":75,\"3\":176,\"4\":158,\"5\":119,\"6\":47,\"7\":132},\"fitted\":{\"8\":4219.0445436829,\"9\":5228.1343968625,\"10\":3024.196772157,\"11\":6139.6242872975,\"12\":5687.955456317,\"13\":5446.8656031375,\"14\":1772.803227843,\"15\":5703.3757127025,\"0\":104.955456317,\"1\":114.8656031375,\"2\":76.803227843,\"3\":159.3757127025,\"4\":142.044543683,\"5\":120.1343968625,\"6\":45.196772157,\"7\":148.6242872975},\"ret\":{\"8\":0.0004191952,\"9\":-0.0000297444,\"10\":0.0000473007,\"11\":-0.0004353532,\"12\":-0.0004178176,\"13\":0.0000297507,\"14\":-0.0000472626,\"15\":0.0004365787,\"0\":-0.0003848553,\"1\":0.0000298941,\"2\":-0.0000467271,\"3\":0.0004579286,\"4\":0.0004410706,\"5\":-0.0000296068,\"6\":0.0000482176,\"7\":-0.0004105993}}", "formula": "count ~ group * mut * base - group : mut : base", "deviance": 8.234657145464704, "prob": 0.04140300149876338}, "pos0": {"rel_entropy": 4.173574355717672e-05, "df": 3, "stats": "{\"group\":{\"8\":\"1\",\"9\":\"1\",\"10\":\"1\",\"11\":\"1\",\"12\":\"1\",\"13\":\"1\",\"14\":\"1\",\"15\":\"1\",\"0\":\"2\",\"1\":\"2\",\"2\":\"2\",\"3\":\"2\",\"4\":\"2\",\"5\":\"2\",\"6\":\"2\",\"7\":\"2\"},\"mut\":{\"8\":\"M\",\"9\":\"M\",\"10\":\"M\",\"11\":\"M\",\"12\":\"R\",\"13\":\"R\",\"14\":\"R\",\"15\":\"R\",\"0\":\"M\",\"1\":\"M\",\"2\":\"M\",\"3\":\"M\",\"4\":\"R\",\"5\":\"R\",\"6\":\"R\",\"7\":\"R\"},\"base\":{\"8\":\"A\",\"9\":\"C\",\"10\":\"G\",\"11\":\"T\",\"12\":\"A\",\"13\":\"C\",\"14\":\"G\",\"15\":\"T\",\"0\":\"A\",\"1\":\"C\",\"2\":\"G\",\"3\":\"T\",\"4\":\"A\",\"5\":\"C\",\"6\":\"G\",\"7\":\"T\"},\"count\":{\"8\":4868,\"9\":5909,\"10\":4299,\"11\":3535,\"12\":4237,\"13\":4708,\"14\":4589,\"15\":5077,\"0\":123,\"1\":141,\"2\":113,\"3\":79,\"4\":112,\"5\":118,\"6\":98,\"7\":128},\"fitted\":{\"8\":4865.6283908687,\"9\":5906.1502898925,\"10\":4309.8735970198,\"11\":3529.3477222191,\"12\":4239.3716091313,\"13\":4710.8497101075,\"14\":4578.1264029802,\"15\":5082.6522777809,\"0\":125.3716091313,\"1\":143.8497101075,\"2\":102.1264029802,\"3\":84.6522777809,\"4\":109.6283908687,\"5\":115.1502898925,\"6\":108.8735970198,\"7\":122.3477222191},\"ret\":{\"8\":0.0000622066,\"9\":0.0000747469,\"10\":-0.0002847818,\"11\":0.0001483401,\"12\":-0.0000621741,\"13\":-0.0000747062,\"14\":0.0002854801,\"15\":-0.000148139,\"0\":-0.0000615995,\"1\":-0.0000739837,\"2\":0.0002998098,\"3\":-0.0001431591,\"4\":0.0000628594,\"5\":0.000075646,\"6\":-0.0002704035,\"7\":0.0001515937}}", "formula": "count ~ group * mut * base - group : mut : base", "deviance": 3.183101689618754, "prob": 0.364246872692194}, "pos3": {"rel_entropy": 4.1792940324505566e-05, "df": 3, "stats": "{\"group\":{\"8\":\"1\",\"9\":\"1\",\"10\":\"1\",\"11\":\"1\",\"12\":\"1\",\"13\":\"1\",\"14\":\"1\",\"15\":\"1\",\"0\":\"2\",\"1\":\"2\",\"2\":\"2\",\"3\":\"2\",\"4\":\"2\",\"5\":\"2\",\"6\":\"2\",\"7\":\"2\"},\"mut\":{\"8\":\"M\",\"9\":\"M\",\"10\":\"M\",\"11\":\"M\",\"12\":\"R\",\"13\":\"R\",\"14\":\"R\",\"15\":\"R\",\"0\":\"M\",\"1\":\"M\",\"2\":\"M\",\"3\":\"M\",\"4\":\"R\",\"5\":\"R\",\"6\":\"R\",\"7\":\"R\"},\"base\":{\"8\":\"A\",\"9\":\"C\",\"10\":\"G\",\"11\":\"T\",\"12\":\"A\",\"13\":\"C\",\"14\":\"G\",\"15\":\"T\",\"0\":\"A\",\"1\":\"C\",\"2\":\"G\",\"3\":\"T\",\"4\":\"A\",\"5\":\"C\",\"6\":\"G\",\"7\":\"T\"},\"count\":{\"8\":4444,\"9\":4417,\"10\":5630,\"11\":4120,\"12\":3849,\"13\":4995,\"14\":4973,\"15\":4794,\"0\":105,\"1\":101,\"2\":131,\"3\":119,\"4\":108,\"5\":121,\"6\":105,\"7\":122},\"fitted\":{\"8\":4434.8655596226,\"9\":4413.6575525036,\"10\":5635.3171371457,\"11\":4127.1597507281,\"12\":3858.1344403774,\"13\":4998.3424474964,\"14\":4967.6828628543,\"15\":4786.8402492719,\"0\":114.13444038,\"1\":104.3424474964,\"2\":125.6828628543,\"3\":111.840249272,\"4\":98.8655596249,\"5\":117.6575525036,\"6\":110.3171371457,\"7\":129.1597507283},\"ret\":{\"8\":0.0002397818,\"9\":0.0000876832,\"10\":-0.0001393672,\"11\":-0.0001875895,\"12\":-0.0002392515,\"13\":-0.0000876208,\"14\":0.0001395076,\"15\":0.0001878928,\"0\":-0.0002296836,\"1\":-0.000086231,\"2\":0.0001423417,\"3\":0.0001936379,\"4\":0.0002502751,\"5\":0.0000888834,\"6\":-0.0001360174,\"7\":-0.0001824496}}", "formula": "count ~ group * mut * base - group : mut : base", "deviance": 3.1874639726693905, "prob": 0.36361515570850006}}