{"A": {"rel_entropy": 0.00027918782301989683, "stats": "{\"count\":{\"0\":161,\"1\":173,\"3\":194,\"2\":211,\"4\":969,\"5\":1010},\"direction\":{\"0\":\"AtoT\",\"1\":\"AtoT\",\"3\":\"AtoC\",\"2\":\"AtoC\",\"4\":\"AtoG\",\"5\":\"AtoG\"},\"strand\":{\"0\":\"+\",\"1\":\"-\",\"3\":\"-\",\"2\":\"+\",\"4\":\"+\",\"5\":\"-\"},\"fitted\":{\"0\":164.7880794702,\"1\":169.2119205298,\"3\":205.1821192054,\"2\":199.8178807948,\"4\":976.3940397351,\"5\":1002.6059602649},\"ret\":{\"0\":-0.001377558,\"1\":0.001409186,\"3\":-0.0039998983,\"2\":0.0042271248,\"4\":-0.0027100706,\"5\":0.0027304039}}", "deviance": 1.5176650059361592, "df": 2, "formula": "count ~ direction + strand", "prob": 0.46821274502564814}, "C": {"rel_entropy": 4.2686509657189536e-05, "stats": "{\"count\":{\"2\":394,\"3\":397,\"1\":427,\"0\":456,\"5\":3050,\"4\":3090},\"direction\":{\"2\":\"CtoA\",\"3\":\"CtoA\",\"1\":\"CtoG\",\"0\":\"CtoG\",\"5\":\"CtoT\",\"4\":\"CtoT\"},\"strand\":{\"2\":\"+\",\"3\":\"-\",\"1\":\"-\",\"0\":\"+\",\"5\":\"-\",\"4\":\"+\"},\"fitted\":{\"2\":398.8405426158,\"3\":392.1594573842,\"1\":437.7709239826,\"0\":445.2290760174,\"5\":3044.0696186332,\"4\":3095.9303813668},\"ret\":{\"2\":-0.0006156961,\"3\":0.000623278,\"1\":-0.0013613155,\"0\":0.001394954,\"5\":0.0007596819,\"4\":-0.0007582157}}", "deviance": 0.6671047729225581, "df": 2, "formula": "count ~ direction + strand", "prob": 0.71637436933879894}}