{"pos0": {"stats": "{\"mut\":{\"0\":\"M\",\"1\":\"M\",\"2\":\"M\",\"3\":\"M\",\"4\":\"R\",\"5\":\"R\",\"6\":\"R\",\"7\":\"R\"},\"base\":{\"0\":\"A\",\"1\":\"C\",\"2\":\"G\",\"3\":\"T\",\"4\":\"A\",\"5\":\"C\",\"6\":\"G\",\"7\":\"T\"},\"count\":{\"0\":2762,\"1\":1502,\"2\":2878,\"3\":1877,\"4\":2871,\"5\":1711,\"6\":2136,\"7\":2301},\"fitted\":{\"0\":2816.5,\"1\":1606.5,\"2\":2507.0,\"3\":2089.0,\"4\":2816.5,\"5\":1606.5,\"6\":2507.0,\"7\":2089.0},\"ret\":{\"0\":-0.0029919764,\"1\":-0.0056006786,\"2\":0.0220195862,\"3\":-0.0111353327,\"4\":0.0030504449,\"5\":0.0059777904,\"6\":-0.0189646554,\"7\":0.0123301261}}", "prob": 2.0639955128639013e-36, "formula": "count ~ mut * base - mut : base", "df": 3, "rel_entropy": 0.00468530448335112, "deviance": 169.027044541375}, "pos1": {"stats": "{\"mut\":{\"0\":\"M\",\"1\":\"M\",\"2\":\"M\",\"3\":\"M\",\"4\":\"R\",\"5\":\"R\",\"6\":\"R\",\"7\":\"R\"},\"base\":{\"0\":\"A\",\"1\":\"C\",\"2\":\"G\",\"3\":\"T\",\"4\":\"A\",\"5\":\"C\",\"6\":\"G\",\"7\":\"T\"},\"count\":{\"0\":3952,\"1\":1741,\"2\":1927,\"3\":1399,\"4\":2683,\"5\":2485,\"6\":2150,\"7\":1701},\"fitted\":{\"0\":3317.5,\"1\":2113.0,\"2\":2038.5,\"3\":1550.0,\"4\":3317.5,\"5\":2113.0,\"6\":2038.5,\"7\":1550.0},\"ret\":{\"0\":0.0383435346,\"1\":-0.018690711,\"2\":-0.0060091733,\"3\":-0.0079495306,\"4\":-0.0315742478,\"5\":0.022340467,\"6\":0.0063474464,\"7\":0.0087663439}}", "prob": 3.4984195700055326e-90, "formula": "count ~ mut * base - mut : base", "df": 3, "rel_entropy": 0.011574129181952535, "deviance": 417.54828436811965}, "pos2": {"stats": "{\"mut\":{\"0\":\"M\",\"1\":\"M\",\"2\":\"M\",\"3\":\"M\",\"4\":\"R\",\"5\":\"R\",\"6\":\"R\",\"7\":\"R\"},\"base\":{\"0\":\"A\",\"1\":\"C\",\"2\":\"G\",\"3\":\"T\",\"4\":\"A\",\"5\":\"C\",\"6\":\"G\",\"7\":\"T\"},\"count\":{\"0\":3032,\"1\":1248,\"2\":2085,\"3\":2654,\"4\":2809,\"5\":1691,\"6\":2372,\"7\":2147},\"fitted\":{\"0\":2920.5,\"1\":1469.5,\"2\":2228.5,\"3\":2400.5,\"4\":2920.5,\"5\":1469.5,\"6\":2228.5,\"7\":2400.5},\"ret\":{\"0\":0.0062979191,\"1\":-0.011303812,\"2\":-0.0076936082,\"3\":0.0147708955,\"4\":-0.006061866,\"5\":0.0131618132,\"6\":0.0082062373,\"7\":-0.0132840156}}", "prob": 8.343318385119964e-32, "formula": "count ~ mut * base - mut : base", "df": 3, "rel_entropy": 0.004093563387308046, "deviance": 147.67939276052505}, "pos3": {"stats": "{\"mut\":{\"0\":\"M\",\"1\":\"M\",\"2\":\"M\",\"3\":\"M\",\"4\":\"R\",\"5\":\"R\",\"6\":\"R\",\"7\":\"R\"},\"base\":{\"0\":\"A\",\"1\":\"C\",\"2\":\"G\",\"3\":\"T\",\"4\":\"A\",\"5\":\"C\",\"6\":\"G\",\"7\":\"T\"},\"count\":{\"0\":2756,\"1\":1875,\"2\":2333,\"3\":2055,\"4\":2760,\"5\":1874,\"6\":2107,\"7\":2278},\"fitted\":{\"0\":2758.0,\"1\":1874.5,\"2\":2220.0000000008,\"3\":2166.5000000008,\"4\":2758.0,\"5\":1874.5,\"6\":2220.0000000008,\"7\":2166.5000000008},\"ret\":{\"0\":-0.0001108368,\"1\":0.000027723,\"2\":0.00642135,\"3\":-0.0060195293,\"4\":0.0001109172,\"5\":-0.0000277156,\"6\":-0.0061023408,\"7\":0.0063377985}}", "prob": 4.0506836279486824e-05, "formula": "count ~ mut * base - mut : base", "df": 3, "rel_entropy": 0.0006373661524325846, "deviance": 22.99362131515792}}