{"('pos0', 'pos1')": {"stats": "{\"mut\":{\"0\":\"M\",\"1\":\"M\",\"2\":\"M\",\"3\":\"M\",\"4\":\"M\",\"5\":\"M\",\"6\":\"M\",\"7\":\"M\",\"8\":\"M\",\"9\":\"M\",\"10\":\"M\",\"11\":\"M\",\"12\":\"M\",\"13\":\"M\",\"14\":\"M\",\"15\":\"M\",\"16\":\"R\",\"17\":\"R\",\"18\":\"R\",\"19\":\"R\",\"20\":\"R\",\"21\":\"R\",\"22\":\"R\",\"23\":\"R\",\"24\":\"R\",\"25\":\"R\",\"26\":\"R\",\"27\":\"R\",\"28\":\"R\",\"29\":\"R\",\"30\":\"R\",\"31\":\"R\"},\"base1\":{\"0\":\"A\",\"1\":\"A\",\"2\":\"A\",\"3\":\"A\",\"4\":\"C\",\"5\":\"C\",\"6\":\"C\",\"7\":\"C\",\"8\":\"G\",\"9\":\"G\",\"10\":\"G\",\"11\":\"G\",\"12\":\"T\",\"13\":\"T\",\"14\":\"T\",\"15\":\"T\",\"16\":\"A\",\"17\":\"A\",\"18\":\"A\",\"19\":\"A\",\"20\":\"C\",\"21\":\"C\",\"22\":\"C\",\"23\":\"C\",\"24\":\"G\",\"25\":\"G\",\"26\":\"G\",\"27\":\"G\",\"28\":\"T\",\"29\":\"T\",\"30\":\"T\",\"31\":\"T\"},\"base2\":{\"0\":\"A\",\"1\":\"C\",\"2\":\"G\",\"3\":\"T\",\"4\":\"A\",\"5\":\"C\",\"6\":\"G\",\"7\":\"T\",\"8\":\"A\",\"9\":\"C\",\"10\":\"G\",\"11\":\"T\",\"12\":\"A\",\"13\":\"C\",\"14\":\"G\",\"15\":\"T\",\"16\":\"A\",\"17\":\"C\",\"18\":\"G\",\"19\":\"T\",\"20\":\"A\",\"21\":\"C\",\"22\":\"G\",\"23\":\"T\",\"24\":\"A\",\"25\":\"C\",\"26\":\"G\",\"27\":\"T\",\"28\":\"A\",\"29\":\"C\",\"30\":\"G\",\"31\":\"T\"},\"count\":{\"0\":1380,\"1\":394,\"2\":599,\"3\":389,\"4\":575,\"5\":508,\"6\":105,\"7\":314,\"8\":1312,\"9\":412,\"10\":843,\"11\":311,\"12\":685,\"13\":427,\"14\":380,\"15\":385,\"16\":978,\"17\":645,\"18\":758,\"19\":490,\"20\":568,\"21\":689,\"22\":109,\"23\":345,\"24\":620,\"25\":558,\"26\":628,\"27\":330,\"28\":517,\"29\":593,\"30\":655,\"31\":536},\"fitted\":{\"0\":1357.0780890236,\"1\":413.4177232602,\"2\":604.7453646862,\"3\":386.7588230301,\"4\":651.5748366889,\"5\":469.897124782,\"6\":94.1897836275,\"7\":286.3382549016,\"8\":1276.8619450188,\"9\":472.557140741,\"10\":788.5969638157,\"11\":339.9839504245,\"12\":666.4851292687,\"13\":385.1280112169,\"14\":439.4678878706,\"15\":385.9189716438,\"16\":1000.9219109764,\"17\":625.5822767398,\"18\":752.2546353138,\"19\":492.2411769699,\"20\":491.4251633111,\"21\":727.102875218,\"22\":119.8102163725,\"23\":372.6617450984,\"24\":655.1380549812,\"25\":497.442859259,\"26\":682.4030361843,\"27\":301.0160495755,\"28\":535.5148707313,\"29\":634.8719887831,\"30\":595.5321121294,\"31\":535.0810283562},\"ret\":{\"0\":0.0012814288,\"1\":-0.0010508037,\"2\":-0.0003169967,\"3\":0.0001246068,\"4\":-0.0039853518,\"5\":0.0021957851,\"6\":0.0006324485,\"7\":0.0016053231,\"8\":0.0019745628,\"9\":-0.0031322626,\"10\":0.0031177441,\"11\":-0.0015363017,\"12\":0.0010405639,\"13\":0.0024431709,\"14\":-0.0030629499,\"15\":-0.0000508857,\"16\":-0.0012560938,\"17\":0.0010930264,\"18\":0.0003197278,\"19\":-0.0001239643,\"20\":0.0045599887,\"21\":-0.0020560261,\"22\":-0.0005714135,\"23\":-0.0014751483,\"24\":-0.0018948017,\"25\":0.003553724,\"26\":-0.0028924723,\"27\":0.0016818158,\"28\":-0.0010084849,\"29\":-0.0022430308,\"30\":0.0034561953,\"31\":0.0000509902}}", "prob": 2.2954864526414483e-15, "formula": "count ~ mut * base1 * base2 - mut : base1 : base2", "df": 9, "rel_entropy": 0.002474114189742577, "deviance": 89.2561435091532}, "('pos0', 'pos3')": {"stats": "{\"mut\":{\"0\":\"M\",\"1\":\"M\",\"2\":\"M\",\"3\":\"M\",\"4\":\"M\",\"5\":\"M\",\"6\":\"M\",\"7\":\"M\",\"8\":\"M\",\"9\":\"M\",\"10\":\"M\",\"11\":\"M\",\"12\":\"M\",\"13\":\"M\",\"14\":\"M\",\"15\":\"M\",\"16\":\"R\",\"17\":\"R\",\"18\":\"R\",\"19\":\"R\",\"20\":\"R\",\"21\":\"R\",\"22\":\"R\",\"23\":\"R\",\"24\":\"R\",\"25\":\"R\",\"26\":\"R\",\"27\":\"R\",\"28\":\"R\",\"29\":\"R\",\"30\":\"R\",\"31\":\"R\"},\"base1\":{\"0\":\"A\",\"1\":\"A\",\"2\":\"A\",\"3\":\"A\",\"4\":\"C\",\"5\":\"C\",\"6\":\"C\",\"7\":\"C\",\"8\":\"G\",\"9\":\"G\",\"10\":\"G\",\"11\":\"G\",\"12\":\"T\",\"13\":\"T\",\"14\":\"T\",\"15\":\"T\",\"16\":\"A\",\"17\":\"A\",\"18\":\"A\",\"19\":\"A\",\"20\":\"C\",\"21\":\"C\",\"22\":\"C\",\"23\":\"C\",\"24\":\"G\",\"25\":\"G\",\"26\":\"G\",\"27\":\"G\",\"28\":\"T\",\"29\":\"T\",\"30\":\"T\",\"31\":\"T\"},\"base2\":{\"0\":\"A\",\"1\":\"C\",\"2\":\"G\",\"3\":\"T\",\"4\":\"A\",\"5\":\"C\",\"6\":\"G\",\"7\":\"T\",\"8\":\"A\",\"9\":\"C\",\"10\":\"G\",\"11\":\"T\",\"12\":\"A\",\"13\":\"C\",\"14\":\"G\",\"15\":\"T\",\"16\":\"A\",\"17\":\"C\",\"18\":\"G\",\"19\":\"T\",\"20\":\"A\",\"21\":\"C\",\"22\":\"G\",\"23\":\"T\",\"24\":\"A\",\"25\":\"C\",\"26\":\"G\",\"27\":\"T\",\"28\":\"A\",\"29\":\"C\",\"30\":\"G\",\"31\":\"T\"},\"count\":{\"0\":869,\"1\":564,\"2\":670,\"3\":659,\"4\":413,\"5\":300,\"6\":441,\"7\":348,\"8\":959,\"9\":571,\"10\":740,\"11\":608,\"12\":515,\"13\":440,\"14\":482,\"15\":440,\"16\":973,\"17\":545,\"18\":644,\"19\":709,\"20\":462,\"21\":412,\"22\":437,\"23\":400,\"24\":629,\"25\":438,\"26\":538,\"27\":531,\"28\":696,\"29\":479,\"30\":488,\"31\":638},\"fitted\":{\"0\":899.9844693588,\"1\":546.1594670384,\"2\":677.4742844397,\"3\":638.3817791633,\"4\":406.2884509615,\"5\":333.3595816046,\"6\":431.3329562547,\"7\":331.0190112012,\"8\":907.4850980736,\"9\":580.4475559207,\"10\":763.8383448279,\"11\":626.2290011794,\"12\":542.2419816076,\"13\":415.033395459,\"14\":460.3544144779,\"15\":459.3702084565,\"16\":942.0155306413,\"17\":562.8405329618,\"18\":636.5257155603,\"19\":729.6182208368,\"20\":468.7115490385,\"21\":378.6404184325,\"22\":446.6670437454,\"23\":416.9809887991,\"24\":680.514901932,\"25\":428.5524440793,\"26\":514.1616551724,\"27\":512.7709988207,\"28\":668.7580183925,\"29\":503.9666045419,\"30\":509.6455855223,\"31\":618.6297915435},\"ret\":{\"0\":-0.0016878189,\"1\":0.0010050336,\"2\":-0.0004120691,\"3\":0.0011613068,\"4\":0.0003751348,\"5\":-0.0017536189,\"6\":0.0005418878,\"7\":0.0009651448,\"8\":0.0029354784,\"9\":-0.0005194728,\"10\":-0.0013007225,\"11\":-0.0009957353,\"12\":-0.0014716661,\"13\":0.0014249321,\"14\":0.0012277788,\"15\":-0.00105089,\"16\":0.0017456779,\"17\":-0.0009732093,\"18\":0.0004167866,\"19\":-0.0011267387,\"20\":-0.0003694016,\"21\":0.001928583,\"22\":-0.0005300849,\"23\":-0.0009219666,\"24\":-0.002744978,\"25\":0.0005294897,\"26\":0.0013517359,\"27\":0.0010283429,\"28\":0.001540606,\"29\":-0.0013492464,\"30\":-0.0011741475,\"31\":0.0010904949}}", "prob": 0.00020018598256125932, "formula": "count ~ mut * base1 * base2 - mut : base1 : base2", "df": 9, "rel_entropy": 0.0008866474392820608, "deviance": 31.986693019539626},