{"pos2": {"rel_entropy": 0.00018168319394063382, "stats": "{\"group\":{\"8\":\"1\",\"9\":\"1\",\"10\":\"1\",\"11\":\"1\",\"12\":\"1\",\"13\":\"1\",\"14\":\"1\",\"15\":\"1\",\"0\":\"2\",\"1\":\"2\",\"2\":\"2\",\"3\":\"2\",\"4\":\"2\",\"5\":\"2\",\"6\":\"2\",\"7\":\"2\"},\"mut\":{\"8\":\"M\",\"9\":\"M\",\"10\":\"M\",\"11\":\"M\",\"12\":\"R\",\"13\":\"R\",\"14\":\"R\",\"15\":\"R\",\"0\":\"M\",\"1\":\"M\",\"2\":\"M\",\"3\":\"M\",\"4\":\"R\",\"5\":\"R\",\"6\":\"R\",\"7\":\"R\"},\"base\":{\"8\":\"A\",\"9\":\"C\",\"10\":\"G\",\"11\":\"T\",\"12\":\"A\",\"13\":\"C\",\"14\":\"G\",\"15\":\"T\",\"0\":\"A\",\"1\":\"C\",\"2\":\"G\",\"3\":\"T\",\"4\":\"A\",\"5\":\"C\",\"6\":\"G\",\"7\":\"T\"},\"count\":{\"8\":67972,\"9\":43385,\"10\":42750,\"11\":93162,\"12\":81336,\"13\":42361,\"14\":58685,\"15\":64887,\"0\":1158,\"1\":1696,\"2\":2025,\"3\":2158,\"4\":1968,\"5\":1427,\"6\":2089,\"7\":1553},\"fitted\":{\"8\":67688.9806615061,\"9\":43473.6387889864,\"10\":43000.0545719962,\"11\":93106.3259775112,\"12\":81619.0193384938,\"13\":42272.3612110137,\"14\":58434.9454280038,\"15\":64942.6740224887,\"0\":1441.0193384938,\"1\":1607.3612110136,\"2\":1774.9454280039,\"3\":2213.6740224888,\"4\":1684.9806615063,\"5\":1515.6387889864,\"6\":2339.0545719961,\"7\":1497.3259775112},\"ret\":{\"8\":0.000557616,\"9\":-0.0001740981,\"10\":-0.0004902088,\"11\":0.0001094954,\"12\":-0.0005554884,\"13\":0.0001744584,\"14\":0.0004926915,\"15\":-0.0001094157,\"0\":-0.0004978334,\"1\":0.0001789951,\"2\":0.0005247518,\"3\":-0.0001080745,\"4\":0.0006007703,\"5\":-0.0001690774,\"6\":-0.0004643719,\"7\":0.0001114729}}", "formula": "count ~ group * mut * base - group : mut : base", "df": 3, "prob": 8.0558479930569e-40, "deviance": 184.8125052730673}, "pos3": {"rel_entropy": 0.0001695695980638694, "stats": "{\"group\":{\"8\":\"1\",\"9\":\"1\",\"10\":\"1\",\"11\":\"1\",\"12\":\"1\",\"13\":\"1\",\"14\":\"1\",\"15\":\"1\",\"0\":\"2\",\"1\":\"2\",\"2\":\"2\",\"3\":\"2\",\"4\":\"2\",\"5\":\"2\",\"6\":\"2\",\"7\":\"2\"},\"mut\":{\"8\":\"M\",\"9\":\"M\",\"10\":\"M\",\"11\":\"M\",\"12\":\"R\",\"13\":\"R\",\"14\":\"R\",\"15\":\"R\",\"0\":\"M\",\"1\":\"M\",\"2\":\"M\",\"3\":\"M\",\"4\":\"R\",\"5\":\"R\",\"6\":\"R\",\"7\":\"R\"},\"base\":{\"8\":\"A\",\"9\":\"C\",\"10\":\"G\",\"11\":\"T\",\"12\":\"A\",\"13\":\"C\",\"14\":\"G\",\"15\":\"T\",\"0\":\"A\",\"1\":\"C\",\"2\":\"G\",\"3\":\"T\",\"4\":\"A\",\"5\":\"C\",\"6\":\"G\",\"7\":\"T\"},\"count\":{\"8\":81851,\"9\":40741,\"10\":43569,\"11\":81108,\"12\":83744,\"13\":44704,\"14\":49168,\"15\":69653,\"0\":1491,\"1\":1865,\"2\":1762,\"3\":1919,\"4\":2089,\"5\":1541,\"6\":1695,\"7\":1712},\"fitted\":{\"8\":81563.3404750391,\"9\":40958.7303344855,\"10\":43687.6618846966,\"11\":81059.2673057799,\"12\":84031.6595249615,\"13\":44486.2696655149,\"14\":49049.3381153039,\"15\":69701.7326942207,\"0\":1778.6595249614,\"1\":1647.2696655147,\"2\":1643.3381153036,\"3\":1967.7326942204,\"4\":1801.3404750387,\"5\":1758.7303344853,\"6\":1813.6618846964,\"7\":1663.2673057796},\"ret\":{\"8\":0.0005665737,\"9\":-0.0004269474,\"10\":-0.0002329882,\"11\":0.0000958439,\"12\":-0.0005646084,\"13\":0.0004291332,\"14\":0.0002335873,\"15\":-0.0000957816,\"0\":-0.000517156,\"1\":0.0004552087,\"2\":0.0002415328,\"3\":-0.0000946187,\"4\":0.0006085081,\"5\":-0.0004004221,\"6\":-0.000225501,\"7\":0.0000972052}}", "formula": "count ~ group * mut * base - group : mut : base", "df": 3, "prob": 3.69006072079955e-37, "deviance": 172.49026482092148}, "pos0": {"rel_entropy": 9.250025530330536e-05, "stats": "{\"group\":{\"8\":\"1\",\"9\":\"1\",\"10\":\"1\",\"11\":\"1\",\"12\":\"1\",\"13\":\"1\",\"14\":\"1\",\"15\":\"1\",\"0\":\"2\",\"1\":\"2\",\"2\":\"2\",\"3\":\"2\",\"4\":\"2\",\"5\":\"2\",\"6\":\"2\",\"7\":\"2\"},\"mut\":{\"8\":\"M\",\"9\":\"M\",\"10\":\"M\",\"11\":\"M\",\"12\":\"R\",\"13\":\"R\",\"14\":\"R\",\"15\":\"R\",\"0\":\"M\",\"1\":\"M\",\"2\":\"M\",\"3\":\"M\",\"4\":\"R\",\"5\":\"R\",\"6\":\"R\",\"7\":\"R\"},\"base\":{\"8\":\"A\",\"9\":\"C\",\"10\":\"G\",\"11\":\"T\",\"12\":\"A\",\"13\":\"C\",\"14\":\"G\",\"15\":\"T\",\"0\":\"A\",\"1\":\"C\",\"2\":\"G\",\"3\":\"T\",\"4\":\"A\",\"5\":\"C\",\"6\":\"G\",\"7\":\"T\"},\"count\":{\"8\":87252,\"9\":36547,\"10\":45574,\"11\":77896,\"12\":84447,\"13\":43300,\"14\":50435,\"15\":69087,\"0\":2005,\"1\":1435,\"2\":1964,\"3\":1633,\"4\":1980,\"5\":1396,\"6\":1842,\"7\":1819},\"fitted\":{\"8\":87211.1847025272,\"9\":36666.6315087726,\"10\":45705.4315064894,\"11\":77685.7522822119,\"12\":84487.8152974735,\"13\":43180.3684912277,\"14\":50303.5684935109,\"15\":69297.2477177888,\"0\":2045.8152974733,\"1\":1315.3684912276,\"2\":1832.5684935108,\"3\":1843.2477177885,\"4\":1939.1847025269,\"5\":1515.6315087724,\"6\":1973.4315064892,\"7\":1608.7522822115},\"ret\":{\"8\":0.0000802672,\"9\":-0.0002348276,\"10\":-0.0002580402,\"11\":0.0004139343,\"12\":-0.000080229,\"13\":0.0002355373,\"14\":0.0002587494,\"15\":-0.0004127477,\"0\":-0.0000794425,\"1\":0.0002455976,\"2\":0.0002674648,\"3\":-0.0003888486,\"4\":0.0000810871,\"5\":-0.0002256745,\"6\":-0.0002496093,\"7\":0.0004392821}}", "formula": "count ~ group * mut * base - group : mut : base", "df": 3, "prob": 2.8915084042091927e-20, "deviance": 94.0934797006495}, "pos1": {"rel_entropy": 0.0001253503978914707, "stats": "{\"group\":{\"8\":\"1\",\"9\":\"1\",\"10\":\"1\",\"11\":\"1\",\"12\":\"1\",\"13\":\"1\",\"14\":\"1\",\"15\":\"1\",\"0\":\"2\",\"1\":\"2\",\"2\":\"2\",\"3\":\"2\",\"4\":\"2\",\"5\":\"2\",\"6\":\"2\",\"7\":\"2\"},\"mut\":{\"8\":\"M\",\"9\":\"M\",\"10\":\"M\",\"11\":\"M\",\"12\":\"R\",\"13\":\"R\",\"14\":\"R\",\"15\":\"R\",\"0\":\"M\",\"1\":\"M\",\"2\":\"M\",\"3\":\"M\",\"4\":\"R\",\"5\":\"R\",\"6\":\"R\",\"7\":\"R\"},\"base\":{\"8\":\"A\",\"9\":\"C\",\"10\":\"G\",\"11\":\"T\",\"12\":\"A\",\"13\":\"C\",\"14\":\"G\",\"15\":\"T\",\"0\":\"A\",\"1\":\"C\",\"2\":\"G\",\"3\":\"T\",\"4\":\"A\",\"5\":\"C\",\"6\":\"G\",\"7\":\"T\"},\"count\":{\"8\":68024,\"9\":62584,\"10\":53115,\"11\":63546,\"12\":81229,\"13\":60482,\"14\":49553,\"15\":56005,\"0\":1441,\"1\":2457,\"2\":2192,\"3\":947,\"4\":1983,\"5\":2093,\"6\":1754,\"7\":1207},\"fitted\":{\"8\":67914.0419176561,\"9\":62731.1501930569,\"10\":53267.8590715881,\"11\":63355.948817699,\"12\":81338.9580823441,\"13\":60334.8498069432,\"14\":49400.1409284119,\"15\":56195.0511823012,\"0\":1550.9580823439,\"1\":2309.8498069432,\"2\":2039.1409284118,\"3\":1137.0511823011,\"4\":1873.0419176561,\"5\":2240.1501930569,\"6\":1906.8590715882,\"7\":1016.9488176989},\"ret\":{\"8\":0.0002163674,\"9\":-0.0002889776,\"10\":-0.00030011,\"11\":0.0003742262,\"12\":-0.0002160463,\"13\":0.0002896697,\"14\":0.0003010061,\"15\":-0.0003730338,\"0\":-0.000208341,\"1\":0.000298343,\"2\":0.0003115349,\"3\":-0.0003405366,\"4\":0.0002224177,\"5\":-0.0002795997,\"6\":-0.0002881601,\"7\":0.0004065903}}", "formula": "count ~ group * mut * base - group : mut : base", "df": 3, "prob": 1.861042988426941e-27, "deviance": 127.50943314475339}}