{"C": {"rel_entropy": 0.020452177719805096, "deviance": 10627.196969343366, "df": 2, "prob": 0, "stats": "{\"count\":{\"5\":2447,\"3\":3267,\"2\":15953,\"0\":18611,\"4\":86237,\"1\":133291},\"direction\":{\"5\":\"CtoA\",\"3\":\"CtoG\",\"2\":\"CtoA\",\"0\":\"CtoG\",\"4\":\"CtoT\",\"1\":\"CtoT\"},\"group\":{\"5\":\"2\",\"3\":\"2\",\"2\":\"1\",\"0\":\"1\",\"4\":\"2\",\"1\":\"1\"},\"fitted\":{\"5\":6512.1606178829,\"3\":7743.1005386079,\"2\":11887.8393981686,\"0\":14134.8994670172,\"4\":77695.7388519778,\"1\":141832.2611481642},\"ret\":{\"5\":-0.0092189727,\"3\":-0.0108511447,\"2\":0.0180606706,\"0\":0.0197069982,\"4\":0.0346197727,\"1\":-0.0318651464}}", "formula": "count ~ direction + group"}, "T": {"rel_entropy": 0.04343278783645898, "deviance": 6041.67451920279, "df": 2, "prob": 0, "stats": "{\"count\":{\"5\":2062,\"4\":3870,\"3\":4491,\"0\":6918,\"2\":9151,\"1\":43060},\"direction\":{\"5\":\"TtoG\",\"4\":\"TtoC\",\"3\":\"TtoA\",\"0\":\"TtoA\",\"2\":\"TtoG\",\"1\":\"TtoC\"},\"group\":{\"5\":\"2\",\"4\":\"2\",\"3\":\"2\",\"0\":\"1\",\"2\":\"1\",\"1\":\"1\"},\"fitted\":{\"5\":1680.370068438,\"4\":7032.8874798712,\"3\":1709.7424516908,\"0\":9699.2575483092,\"2\":9532.629931562,\"1\":39897.1125201288},\"ret\":{\"5\":0.0060676004,\"4\":-0.0332372446,\"3\":0.062357737,\"0\":-0.0336115246,\"2\":-0.0053756441,\"1\":0.0472318638}}", "formula": "count ~ direction + group"}, "G": {"rel_entropy": 0.012260915077655622, "deviance": 5829.893466614161, "df": 2, "prob": 0, "stats": "{\"count\":{\"4\":2432,\"3\":3163,\"1\":15926,\"0\":18529,\"5\":62943,\"2\":134750},\"direction\":{\"4\":\"GtoT\",\"3\":\"GtoC\",\"1\":\"GtoT\",\"0\":\"GtoC\",\"5\":\"GtoA\",\"2\":\"GtoA\"},\"group\":{\"4\":\"2\",\"3\":\"2\",\"1\":\"1\",\"0\":\"1\",\"5\":\"2\",\"2\":\"1\"},\"fitted\":{\"4\":5292.3560483831,\"3\":6253.5018738868,\"1\":13065.6439517695,\"0\":15438.498126159,\"5\":56992.142077804,\"2\":140700.8579222008},\"ret\":{\"4\":-0.0079539693,\"3\":-0.0090684738,\"1\":0.0132614604,\"0\":0.0142214012,\"5\":0.0262941779,\"2\":-0.0244936814}}", "formula": "count ~ direction + group"}, "A": {"rel_entropy": 0.042234706141724754, "deviance": 5883.210096129975, "df": 2, "prob": 0, "stats": "{\"count\":{\"5\":1960,\"3\":3953,\"4\":4528,\"1\":7037,\"2\":9192,\"0\":42979},\"direction\":{\"5\":\"AtoC\",\"3\":\"AtoG\",\"4\":\"AtoT\",\"1\":\"AtoT\",\"2\":\"AtoC\",\"0\":\"AtoG\"},\"group\":{\"5\":\"2\",\"3\":\"2\",\"4\":\"2\",\"1\":\"1\",\"2\":\"1\",\"0\":\"1\"},\"fitted\":{\"5\":1671.783256041,\"3\":7035.5211417249,\"4\":1733.6956022341,\"1\":9831.3043977659,\"2\":9480.216743959,\"0\":39896.4788582749},\"ret\":{\"5\":0.0044759444,\"3\":-0.0327196739,\"4\":0.0624128604,\"1\":-0.0337851249,\"2\":-0.0040745809,\"0\":0.0459252811}}", "formula": "count ~ direction + group"}}