{"pos2": {"stats": "{\"mut\":{\"0\":\"M\",\"1\":\"M\",\"2\":\"M\",\"3\":\"M\",\"4\":\"R\",\"5\":\"R\",\"6\":\"R\",\"7\":\"R\"},\"base\":{\"0\":\"A\",\"1\":\"C\",\"2\":\"G\",\"3\":\"T\",\"4\":\"A\",\"5\":\"C\",\"6\":\"G\",\"7\":\"T\"},\"count\":{\"0\":223477,\"1\":208857,\"2\":258859,\"3\":314418,\"4\":299957,\"5\":204208,\"6\":248255,\"7\":253191},\"fitted\":{\"0\":261717.0000000024,\"1\":206532.5000000011,\"2\":253557.0000000006,\"3\":283804.5000000011,\"4\":261717.0000000019,\"5\":206532.5000000008,\"6\":253557.0000000001,\"7\":283804.5000000006},\"ret\":{\"0\":-0.0175512048,\"1\":0.0011622447,\"2\":0.0026635803,\"3\":0.0160142707,\"4\":0.020339249,\"5\":-0.0011492365,\"6\":-0.0026084519,\"7\":-0.0143691718}}", "deviance": 18106.14587360503, "df": 3, "rel_entropy": 0.004501279787513519, "formula": "count ~ mut * base - mut : base", "prob": 0}, "pos3": {"stats": "{\"mut\":{\"0\":\"M\",\"1\":\"M\",\"2\":\"M\",\"3\":\"M\",\"4\":\"R\",\"5\":\"R\",\"6\":\"R\",\"7\":\"R\"},\"base\":{\"0\":\"A\",\"1\":\"C\",\"2\":\"G\",\"3\":\"T\",\"4\":\"A\",\"5\":\"C\",\"6\":\"G\",\"7\":\"T\"},\"count\":{\"0\":308911,\"1\":199996,\"2\":246743,\"3\":249961,\"4\":306721,\"5\":204425,\"6\":226806,\"7\":267659},\"fitted\":{\"0\":307815.9999999999,\"1\":202210.5,\"2\":236774.5000000182,\"3\":258810.0000000041,\"4\":307815.9999999999,\"5\":202210.5,\"6\":236774.5000000182,\"7\":258810.0000000041},\"ret\":{\"0\":0.0005454124,\"1\":-0.0010950206,\"2\":0.0050593414,\"3\":-0.0043237232,\"4\":-0.0005434756,\"5\":0.0011070792,\"6\":-0.0048506074,\"7\":0.004474187}}", "deviance": 1501.1482277987998, "df": 3, "rel_entropy": 0.0003731930706303928, "formula": "count ~ mut * base - mut : base", "prob": 0}, "pos0": {"stats": "{\"mut\":{\"0\":\"M\",\"1\":\"M\",\"2\":\"M\",\"3\":\"M\",\"4\":\"R\",\"5\":\"R\",\"6\":\"R\",\"7\":\"R\"},\"base\":{\"0\":\"A\",\"1\":\"C\",\"2\":\"G\",\"3\":\"T\",\"4\":\"A\",\"5\":\"C\",\"6\":\"G\",\"7\":\"T\"},\"count\":{\"0\":305247,\"1\":215528,\"2\":246479,\"3\":238357,\"4\":295737,\"5\":219667,\"6\":227042,\"7\":263165},\"fitted\":{\"0\":300491.9999999991,\"1\":217597.4999999995,\"2\":236760.5000000142,\"3\":250761.0000000698,\"4\":300491.9999999986,\"5\":217597.4999999991,\"6\":236760.5000000138,\"7\":250761.0000000693},\"ret\":{\"0\":0.0023828423,\"1\":-0.0010240677,\"2\":0.0049299814,\"3\":-0.0060122791,\"4\":-0.0023454289,\"5\":0.0010338541,\"6\":-0.004731577,\"7\":0.0063174765}}", "deviance": 2215.5680033917724, "df": 3, "rel_entropy": 0.0005508014538901654, "formula": "count ~ mut * base - mut : base", "prob": 0}, "pos1": {"stats": "{\"mut\":{\"0\":\"M\",\"1\":\"M\",\"2\":\"M\",\"3\":\"M\",\"4\":\"R\",\"5\":\"R\",\"6\":\"R\",\"7\":\"R\"},\"base\":{\"0\":\"A\",\"1\":\"C\",\"2\":\"G\",\"3\":\"T\",\"4\":\"A\",\"5\":\"C\",\"6\":\"G\",\"7\":\"T\"},\"count\":{\"0\":233503,\"1\":353739,\"2\":189646,\"3\":228723,\"4\":349853,\"5\":40679,\"6\":248953,\"7\":366126},\"fitted\":{\"0\":291677.9999999618,\"1\":197209.0000037673,\"2\":219299.4999999708,\"3\":297424.4999999601,\"4\":291678.0000000442,\"5\":197209.000003823,\"6\":219299.5000000327,\"7\":297424.5000000442},\"ret\":{\"0\":-0.0258271008,\"1\":0.102767385,\"2\":-0.0136989447,\"3\":-0.029869308,\"4\":0.0316350858,\"5\":-0.0319278133,\"6\":0.0156987396,\"7\":0.0378313547}}", "deviance": 348381.454128268, "df": 3, "rel_entropy": 0.08660939819877368, "formula": "count ~ mut * base - mut : base", "prob": 0}}