{"('pos1', 'pos2')": {"stats": "{\"mut\":{\"0\":\"M\",\"1\":\"M\",\"2\":\"M\",\"3\":\"M\",\"4\":\"M\",\"5\":\"M\",\"6\":\"M\",\"7\":\"M\",\"8\":\"M\",\"9\":\"M\",\"10\":\"M\",\"11\":\"M\",\"12\":\"M\",\"13\":\"M\",\"14\":\"M\",\"15\":\"M\",\"16\":\"R\",\"17\":\"R\",\"18\":\"R\",\"19\":\"R\",\"20\":\"R\",\"21\":\"R\",\"22\":\"R\",\"23\":\"R\",\"24\":\"R\",\"25\":\"R\",\"26\":\"R\",\"27\":\"R\",\"28\":\"R\",\"29\":\"R\",\"30\":\"R\",\"31\":\"R\"},\"base1\":{\"0\":\"A\",\"1\":\"A\",\"2\":\"A\",\"3\":\"A\",\"4\":\"C\",\"5\":\"C\",\"6\":\"C\",\"7\":\"C\",\"8\":\"G\",\"9\":\"G\",\"10\":\"G\",\"11\":\"G\",\"12\":\"T\",\"13\":\"T\",\"14\":\"T\",\"15\":\"T\",\"16\":\"A\",\"17\":\"A\",\"18\":\"A\",\"19\":\"A\",\"20\":\"C\",\"21\":\"C\",\"22\":\"C\",\"23\":\"C\",\"24\":\"G\",\"25\":\"G\",\"26\":\"G\",\"27\":\"G\",\"28\":\"T\",\"29\":\"T\",\"30\":\"T\",\"31\":\"T\"},\"base2\":{\"0\":\"A\",\"1\":\"C\",\"2\":\"G\",\"3\":\"T\",\"4\":\"A\",\"5\":\"C\",\"6\":\"G\",\"7\":\"T\",\"8\":\"A\",\"9\":\"C\",\"10\":\"G\",\"11\":\"T\",\"12\":\"A\",\"13\":\"C\",\"14\":\"G\",\"15\":\"T\",\"16\":\"A\",\"17\":\"C\",\"18\":\"G\",\"19\":\"T\",\"20\":\"A\",\"21\":\"C\",\"22\":\"G\",\"23\":\"T\",\"24\":\"A\",\"25\":\"C\",\"26\":\"G\",\"27\":\"T\",\"28\":\"A\",\"29\":\"C\",\"30\":\"G\",\"31\":\"T\"},\"count\":{\"0\":57019,\"1\":50402,\"2\":66999,\"3\":59083,\"4\":68096,\"5\":73170,\"6\":91527,\"7\":120946,\"8\":49393,\"9\":43599,\"10\":47569,\"11\":49085,\"12\":48969,\"13\":41686,\"14\":52764,\"15\":85304,\"16\":113952,\"17\":68538,\"18\":86034,\"19\":81329,\"20\":9609,\"21\":9071,\"22\":10686,\"23\":11313,\"24\":76069,\"25\":54479,\"26\":61496,\"27\":56909,\"28\":100327,\"29\":72120,\"30\":90039,\"31\":103640},\"fitted\":{\"0\":59445.3240243748,\"1\":48326.0607211137,\"2\":62960.4860372613,\"3\":62771.1292174407,\"4\":67678.21803585,\"5\":73733.0182981801,\"6\":91837.6991818551,\"7\":120490.0644841161,\"8\":47431.2736805939,\"9\":42992.0471126398,\"10\":48376.7510341636,\"11\":50845.9281726074,\"12\":48922.1842591888,\"13\":43805.8738680794,\"14\":55684.0637468368,\"15\":80310.8781260191,\"16\":111525.6759756317,\"17\":70613.9392788937,\"18\":90072.5139628477,\"19\":77640.8707826612,\"20\":10026.7819641537,\"21\":8507.9817018227,\"22\":10375.3008181458,\"23\":11768.9355158847,\"24\":78030.7263194083,\"25\":55085.9528873609,\"26\":60688.2489658382,\"27\":55148.071827396,\"28\":100373.8157408123,\"29\":70000.1261319274,\"30\":87118.9362531905,\"31\":108633.1218740992},\"ret\":{\"0\":-0.0011814309,\"1\":0.0010540369,\"2\":0.0020710556,\"3\":-0.0017788162,\"4\":0.0002083653,\"5\":-0.0002788669,\"6\":-0.0001542212,\"7\":0.0002271241,\"8\":0.0009952885,\"9\":0.0003039034,\"10\":-0.0003982502,\"11\":-0.0008602119,\"12\":0.0000232884,\"13\":-0.0010280978,\"14\":-0.0014131336,\"15\":0.002558255,\"16\":0.0012194218,\"17\":-0.001016855,\"18\":-0.0019622865,\"19\":0.001876656,\"20\":-0.0002033364,\"21\":0.0002890031,\"22\":0.0001567731,\"23\":-0.0002222468,\"24\":-0.0009630253,\"25\":-0.0003001144,\"26\":0.000404283,\"27\":0.0008893835,\"28\":-0.0000232718,\"29\":0.001069824,\"30\":0.0014759502,\"31\":-0.0024246813}}", "deviance": 2468.8384587616642, "df": 9, "rel_entropy": 0.000613765774927299, "formula": "count ~ mut * base1 * base2 - mut : base1 : base2", "prob": 0}, "('pos1', 'pos3')": {"stats": "{\"mut\":{\"0\":\"M\",\"1\":\"M\",\"2\":\"M\",\"3\":\"M\",\"4\":\"M\",\"5\":\"M\",\"6\":\"M\",\"7\":\"M\",\"8\":\"M\",\"9\":\"M\",\"10\":\"M\",\"11\":\"M\",\"12\":\"M\",\"13\":\"M\",\"14\":\"M\",\"15\":\"M\",\"16\":\"R\",\"17\":\"R\",\"18\":\"R\",\"19\":\"R\",\"20\":\"R\",\"21\":\"R\",\"22\":\"R\",\"23\":\"R\",\"24\":\"R\",\"25\":\"R\",\"26\":\"R\",\"27\":\"R\",\"28\":\"R\",\"29\":\"R\",\"30\":\"R\",\"31\":\"R\"},\"base1\":{\"0\":\"A\",\"1\":\"A\",\"2\":\"A\",\"3\":\"A\",\"4\":\"C\",\"5\":\"C\",\"6\":\"C\",\"7\":\"C\",\"8\":\"G\",\"9\":\"G\",\"10\":\"G\",\"11\":\"G\",\"12\":\"T\",\"13\":\"T\",\"14\":\"T\",\"15\":\"T\",\"16\":\"A\",\"17\":\"A\",\"18\":\"A\",\"19\":\"A\",\"20\":\"C\",\"21\":\"C\",\"22\":\"C\",\"23\":\"C\",\"24\":\"G\",\"25\":\"G\",\"26\":\"G\",\"27\":\"G\",\"28\":\"T\",\"29\":\"T\",\"30\":\"T\",\"31\":\"T\"},\"base2\":{\"0\":\"A\",\"1\":\"C\",\"2\":\"G\",\"3\":\"T\",\"4\":\"A\",\"5\":\"C\",\"6\":\"G\",\"7\":\"T\",\"8\":\"A\",\"9\":\"C\",\"10\":\"G\",\"11\":\"T\",\"12\":\"A\",\"13\":\"C\",\"14\":\"G\",\"15\":\"T\",\"16\":\"A\",\"17\":\"C\",\"18\":\"G\",\"19\":\"T\",\"20\":\"A\",\"21\":\"C\",\"22\":\"G\",\"23\":\"T\",\"24\":\"A\",\"25\":\"C\",\"26\":\"G\",\"27\":\"T\",\"28\":\"A\",\"29\":\"C\",\"30\":\"G\",\"31\":\"T\"},\"count\":{\"0\":79539,\"1\":44661,\"2\":51924,\"3\":57379,\"4\":94460,\"5\":79204,\"6\":93274,\"7\":86801,\"8\":63301,\"9\":35156,\"10\":44907,\"11\":46282,\"12\":71611,\"13\":40975,\"14\":56638,\"15\":59499,\"16\":111902,\"17\":73950,\"18\":72785,\"19\":91216,\"20\":9386,\"21\":9709,\"22\":11901,\"23\":9683,\"24\":77796,\"25\":46766,\"26\":59151,\"27\":65240,\"28\":107637,\"29\":74000,\"30\":82969,\"31\":101520},\"fitted\":{\"0\":79817.8626890116,\"1\":45149.0029286451,\"2\":51071.6545299946,\"3\":57464.4798523513,\"4\":93831.3933852507,\"5\":79091.5370893977,\"6\":94748.8548911506,\"7\":86067.2146342151,\"8\":63346.8261615352,\"9\":33740.1279618497,\"10\":45932.8570363311,\"11\":46626.1888402893,\"12\":71914.917764202,\"13\":42015.3320201178,\"14\":54989.6335425392,\"15\":59803.1166731442,\"16\":111623.1373109878,\"17\":73461.9970713576,\"18\":73637.3454700083,\"19\":91130.5201476486,\"20\":10014.6066149573,\"21\":9821.4629107744,\"22\":10426.1451091543,\"23\":10416.7853660029,\"24\":77750.1738384649,\"25\":48181.8720381548,\"26\":58125.1429636707,\"27\":64895.811159711,\"28\":107333.0822357979,\"29\":72959.6679798849,\"30\":84617.3664574639,\"31\":101215.8833268556},\"ret\":{\"0\":-0.0001384109,\"1\":-0.0002413239,\"2\":0.0004273117,\"3\":-0.0000424698,\"4\":0.0003135942,\"5\":0.0000559574,\"6\":-0.0007275756,\"7\":0.0003663964,\"8\":-0.000022777,\"9\":0.0007185546,\"10\":-0.0005043278,\"11\":-0.000170501,\"12\":-0.0001507912,\"13\":-0.0005108062,\"14\":0.0008317475,\"15\":-0.0001508248,\"16\":0.0001388264,\"17\":0.0002434442,\"18\":-0.0004213326,\"19\":0.0000425214,\"20\":-0.0003025285,\"21\":-0.0000555963,\"22\":0.000782893,\"23\":-0.0003516824,\"24\":0.0000227919,\"25\":-0.0006935395,\"26\":0.0005145414,\"27\":0.0001715872,\"28\":0.0001513247,\"29\":0.0005209341,\"30\":-0.0008115493,\"31\":0.0001514368}}", "deviance": 634.8472699704411, "df": 9, "rel_entropy": 0.00015782625437928808, "formula": "count ~ mut * base1 * base2 - mut : base1 : base2", "prob": 6.9113037483734808e-131},