{"C": {"stats": "{\"count\":{\"0\":205866,\"1\":245588,\"4\":322438,\"3\":326880,\"2\":1008834,\"5\":1541857},\"direction\":{\"0\":\"CtoG\",\"1\":\"CtoA\",\"4\":\"CtoA\",\"3\":\"CtoG\",\"2\":\"CtoT\",\"5\":\"CtoT\"},\"group\":{\"0\":\"1\",\"1\":\"1\",\"4\":\"2\",\"3\":\"2\",\"2\":\"1\",\"5\":\"2\"},\"fitted\":{\"0\":213055.0387195567,\"1\":227164.1672092309,\"4\":340861.8327923393,\"3\":319690.9612804456,\"2\":1020068.7940718887,\"5\":1530622.2059281108},\"ret\":{\"0\":-0.001935214,\"1\":0.0052448938,\"4\":-0.0049067184,\"3\":0.0019907832,\"2\":-0.0030597864,\"5\":0.0030880569}}", "formula": "count ~ direction + group", "df": 2, "prob": 0, "deviance": 3081.9443014971475, "rel_entropy": 0.0004220149980291663}, "A": {"stats": "{\"count\":{\"1\":190150,\"2\":190831,\"5\":247269,\"4\":276657,\"0\":760317,\"3\":1107772},\"direction\":{\"1\":\"AtoC\",\"2\":\"AtoT\",\"5\":\"AtoT\",\"4\":\"AtoC\",\"0\":\"AtoG\",\"3\":\"AtoG\"},\"group\":{\"1\":\"1\",\"2\":\"1\",\"5\":\"2\",\"4\":\"2\",\"0\":\"1\",\"3\":\"2\"},\"fitted\":{\"1\":192126.4565423103,\"2\":180311.3505393164,\"5\":257788.6494607909,\"4\":274680.5434576901,\"0\":768860.1929184181,\"3\":1099228.8070815841},\"ret\":{\"1\":-0.0007090725,\"2\":0.0039021753,\"5\":-0.0037151261,\"4\":0.0007153095,\"0\":-0.0030636727,\"3\":0.0030927942}}", "formula": "count ~ direction + group", "df": 2, "prob": 1.4294606260121453e-268, "deviance": 1233.4710154677828, "rel_entropy": 0.00022240764419923122}, "G": {"stats": "{\"count\":{\"0\":207071,\"2\":245720,\"5\":325078,\"3\":327012,\"1\":1005611,\"4\":1541864},\"direction\":{\"0\":\"GtoC\",\"2\":\"GtoT\",\"5\":\"GtoT\",\"3\":\"GtoC\",\"1\":\"GtoA\",\"4\":\"GtoA\"},\"group\":{\"0\":\"1\",\"2\":\"1\",\"5\":\"2\",\"3\":\"2\",\"1\":\"1\",\"4\":\"2\"},\"fitted\":{\"0\":213261.7180159938,\"2\":227922.1808601639,\"5\":342875.8191409924,\"3\":320821.2819840101,\"1\":1017218.1011243413,\"4\":1530256.8988756668},\"ret\":{\"0\":-0.0016701497,\"2\":0.0050584603,\"5\":-0.0047442508,\"3\":0.0017112425,\"1\":-0.0031597757,\"4\":0.0031899986}}", "formula": "count ~ direction + group", "df": 2, "prob": 0, "deviance": 2816.151716817598, "rel_entropy": 0.00038552535908569673}, "T": {"stats": "{\"count\":{\"1\":190268,\"0\":190872,\"3\":245935,\"4\":277031,\"2\":763486,\"5\":1100674},\"direction\":{\"1\":\"TtoG\",\"0\":\"TtoA\",\"3\":\"TtoA\",\"4\":\"TtoG\",\"2\":\"TtoC\",\"5\":\"TtoC\"},\"group\":{\"1\":\"1\",\"0\":\"1\",\"3\":\"2\",\"4\":\"2\",\"2\":\"1\",\"5\":\"2\"},\"fitted\":{\"1\":193219.3601243523,\"0\":180611.4907968034,\"3\":256195.5092032869,\"4\":274079.6398756476,\"2\":770795.1490788821,\"5\":1093364.850921117},\"ret\":{\"1\":-0.0010579561,\"0\":0.0038098184,\"3\":-0.0036312427,\"4\":0.0010718601,\"2\":-0.0026277764,\"5\":0.0026491405}}", "formula": "count ~ direction + group", "df": 2, "prob": 8.089022326897648e-258, "deviance": 1183.9528922365525, "rel_entropy": 0.00021384377300385016}}