{"A": {"rel_entropy": 0.0002224076441992076, "stats": "{\"count\":{\"1\":190150,\"0\":190831,\"3\":247269,\"4\":276657,\"2\":760317,\"5\":1107772},\"direction\":{\"1\":\"AtoC\",\"0\":\"AtoT\",\"3\":\"AtoT\",\"4\":\"AtoC\",\"2\":\"AtoG\",\"5\":\"AtoG\"},\"group\":{\"1\":\"1\",\"0\":\"1\",\"3\":\"2\",\"4\":\"2\",\"2\":\"1\",\"5\":\"2\"},\"fitted\":{\"1\":192126.456542311,\"0\":180311.350539317,\"3\":257788.6494607909,\"4\":274680.5434576901,\"2\":768860.1929184222,\"5\":1099228.8070815862},\"ret\":{\"1\":-0.0007090725,\"0\":0.0039021753,\"3\":-0.0037151261,\"4\":0.0007153095,\"2\":-0.0030636727,\"5\":0.0030927942}}", "deviance": 1233.4710154676518, "df": 2, "formula": "count ~ direction + group", "prob": 1.4294606261057405e-268}, "C": {"rel_entropy": 0.00042201499802916584, "stats": "{\"count\":{\"0\":205866,\"1\":245588,\"4\":322438,\"3\":326880,\"2\":1008834,\"5\":1541857},\"direction\":{\"0\":\"CtoG\",\"1\":\"CtoA\",\"4\":\"CtoA\",\"3\":\"CtoG\",\"2\":\"CtoT\",\"5\":\"CtoT\"},\"group\":{\"0\":\"1\",\"1\":\"1\",\"4\":\"2\",\"3\":\"2\",\"2\":\"1\",\"5\":\"2\"},\"fitted\":{\"0\":213055.0387195567,\"1\":227164.1672092309,\"4\":340861.8327923393,\"3\":319690.9612804456,\"2\":1020068.7940718887,\"5\":1530622.2059281108},\"ret\":{\"0\":-0.001935214,\"1\":0.0052448938,\"4\":-0.0049067184,\"3\":0.0019907832,\"2\":-0.0030597864,\"5\":0.0030880569}}", "deviance": 3081.944301497144, "df": 2, "formula": "count ~ direction + group", "prob": 0}, "T": {"rel_entropy": 0.00021384377300385574, "stats": "{\"count\":{\"2\":190268,\"0\":190872,\"3\":245935,\"5\":277031,\"1\":763486,\"4\":1100674},\"direction\":{\"2\":\"TtoG\",\"0\":\"TtoA\",\"3\":\"TtoA\",\"5\":\"TtoG\",\"1\":\"TtoC\",\"4\":\"TtoC\"},\"group\":{\"2\":\"1\",\"0\":\"1\",\"3\":\"2\",\"5\":\"2\",\"1\":\"1\",\"4\":\"2\"},\"fitted\":{\"2\":193219.3601243527,\"0\":180611.4907968043,\"3\":256195.5092032878,\"5\":274079.6398756476,\"1\":770795.1490788835,\"4\":1093364.850921117},\"ret\":{\"2\":-0.0010579561,\"0\":0.0038098184,\"3\":-0.0036312427,\"5\":0.0010718601,\"1\":-0.0026277764,\"4\":0.0026491405}}", "deviance": 1183.9528922365835, "df": 2, "formula": "count ~ direction + group", "prob": 8.0890223267732897e-258}, "G": {"rel_entropy": 0.00038552535908567456, "stats": "{\"count\":{\"1\":207071,\"2\":245720,\"5\":325078,\"4\":327012,\"0\":1005611,\"3\":1541864},\"direction\":{\"1\":\"GtoC\",\"2\":\"GtoT\",\"5\":\"GtoT\",\"4\":\"GtoC\",\"0\":\"GtoA\",\"3\":\"GtoA\"},\"group\":{\"1\":\"1\",\"2\":\"1\",\"5\":\"2\",\"4\":\"2\",\"0\":\"1\",\"3\":\"2\"},\"fitted\":{\"1\":213261.7180159923,\"2\":227922.1808601631,\"5\":342875.8191409918,\"4\":320821.2819840084,\"0\":1017218.101124334,\"3\":1530256.8988756586},\"ret\":{\"1\":-0.0016701497,\"2\":0.0050584603,\"5\":-0.0047442508,\"4\":0.0017112425,\"0\":-0.0031597757,\"3\":0.0031899986}}", "deviance": 2816.151716817436, "df": 2, "formula": "count ~ direction + group", "prob": 0}}