{"pos0": {"stats": "{\"mut\":{\"0\":\"M\",\"1\":\"M\",\"2\":\"M\",\"3\":\"M\",\"4\":\"R\",\"5\":\"R\",\"6\":\"R\",\"7\":\"R\"},\"base\":{\"0\":\"A\",\"1\":\"C\",\"2\":\"G\",\"3\":\"T\",\"4\":\"A\",\"5\":\"C\",\"6\":\"G\",\"7\":\"T\"},\"count\":{\"0\":78627,\"1\":41459,\"2\":52150,\"3\":73484,\"4\":72848,\"5\":51910,\"6\":54353,\"7\":66609},\"fitted\":{\"0\":75737.4999999995,\"1\":46684.4999999999,\"2\":53251.4999999999,\"3\":70046.4999999999,\"4\":75737.4999999996,\"5\":46684.4999999999,\"6\":53251.4999999999,\"7\":70046.5},\"ret\":{\"0\":0.005990419,\"1\":-0.0100144117,\"2\":-0.0022180295,\"3\":0.0071636415,\"4\":-0.0057660466,\"5\":0.0112070891,\"6\":0.0022643953,\"7\":-0.0068202395}}", "formula": "count ~ mut * base - mut : base", "rel_entropy": 0.0018068175813186435, "df": 3, "deviance": 1775.8848643264682, "prob": 0}, "pos2": {"stats": "{\"mut\":{\"0\":\"M\",\"1\":\"M\",\"2\":\"M\",\"3\":\"M\",\"4\":\"R\",\"5\":\"R\",\"6\":\"R\",\"7\":\"R\"},\"base\":{\"0\":\"A\",\"1\":\"C\",\"2\":\"G\",\"3\":\"T\",\"4\":\"A\",\"5\":\"C\",\"6\":\"G\",\"7\":\"T\"},\"count\":{\"0\":63736,\"1\":58215,\"2\":48578,\"3\":75191,\"4\":73889,\"5\":48450,\"6\":59662,\"7\":63719},\"fitted\":{\"0\":68812.5000005048,\"1\":53332.5000020831,\"2\":54120.0000051613,\"3\":69455.0000012067,\"4\":68812.5000004425,\"5\":53332.5000020348,\"6\":54120.0000051123,\"7\":69455.0000011438},\"ret\":{\"0\":-0.0099390838,\"1\":0.0103765835,\"2\":-0.0106788814,\"3\":0.0121410396,\"4\":0.0107018396,\"5\":-0.0094657682,\"6\":0.0118357028,\"7\":-0.0111760136}}", "formula": "count ~ mut * base - mut : base", "rel_entropy": 0.003795418549041183, "df": 3, "deviance": 3730.440983481598, "prob": 0}, "pos1": {"stats": "{\"mut\":{\"0\":\"M\",\"1\":\"M\",\"2\":\"M\",\"3\":\"M\",\"4\":\"R\",\"5\":\"R\",\"6\":\"R\",\"7\":\"R\"},\"base\":{\"0\":\"A\",\"1\":\"C\",\"2\":\"G\",\"3\":\"T\",\"4\":\"A\",\"5\":\"C\",\"6\":\"G\",\"7\":\"T\"},\"count\":{\"0\":68764,\"1\":20937,\"2\":75265,\"3\":80754,\"4\":86036,\"5\":9280,\"6\":59031,\"7\":91373},\"fitted\":{\"0\":77400.0000000009,\"1\":15108.5000001365,\"2\":67148.0000000003,\"3\":86063.5000000004,\"4\":77400.0000000007,\"5\":15108.5000001365,\"6\":67148.0000000002,\"7\":86063.5000000003},\"ret\":{\"0\":-0.0165538484,\"1\":0.0138997937,\"2\":0.0174771016,\"3\":-0.0104636275,\"4\":0.018518649,\"5\":-0.0092036351,\"6\":-0.0154756268,\"7\":0.0111305779}}", "formula": "count ~ mut * base - mut : base", "rel_entropy": 0.009329384435160269, "df": 3, "deviance": 9169.665373630325, "prob": 0}, "pos3": {"stats": "{\"mut\":{\"0\":\"M\",\"1\":\"M\",\"2\":\"M\",\"3\":\"M\",\"4\":\"R\",\"5\":\"R\",\"6\":\"R\",\"7\":\"R\"},\"base\":{\"0\":\"A\",\"1\":\"C\",\"2\":\"G\",\"3\":\"T\",\"4\":\"A\",\"5\":\"C\",\"6\":\"G\",\"7\":\"T\"},\"count\":{\"0\":67721,\"1\":45923,\"2\":44693,\"3\":87383,\"4\":76222,\"5\":48423,\"6\":54169,\"7\":66906},\"fitted\":{\"0\":71971.4999999996,\"1\":47172.9999999998,\"2\":49430.9999999999,\"3\":77144.4999999997,\"4\":71971.4999999997,\"5\":47172.9999999999,\"6\":49431.0,\"7\":77144.4999999998},\"ret\":{\"0\":-0.0083884915,\"1\":-0.0025095441,\"2\":-0.0091634899,\"3\":0.0221587792,\"4\":0.0088995866,\"5\":0.0025769514,\"6\":0.0100890128,\"7\":-0.0193855911}}", "formula": "count ~ mut * base - mut : base", "rel_entropy": 0.004277213396782868, "df": 3, "deviance": 4203.987503429946, "prob": 0}}