{"('pos1', 'pos2')": {"stats": "{\"mut\":{\"0\":\"M\",\"1\":\"M\",\"2\":\"M\",\"3\":\"M\",\"4\":\"M\",\"5\":\"M\",\"6\":\"M\",\"7\":\"M\",\"8\":\"M\",\"9\":\"M\",\"10\":\"M\",\"11\":\"M\",\"12\":\"M\",\"13\":\"M\",\"14\":\"M\",\"15\":\"M\",\"16\":\"R\",\"17\":\"R\",\"18\":\"R\",\"19\":\"R\",\"20\":\"R\",\"21\":\"R\",\"22\":\"R\",\"23\":\"R\",\"24\":\"R\",\"25\":\"R\",\"26\":\"R\",\"27\":\"R\",\"28\":\"R\",\"29\":\"R\",\"30\":\"R\",\"31\":\"R\"},\"base1\":{\"0\":\"A\",\"1\":\"A\",\"2\":\"A\",\"3\":\"A\",\"4\":\"C\",\"5\":\"C\",\"6\":\"C\",\"7\":\"C\",\"8\":\"G\",\"9\":\"G\",\"10\":\"G\",\"11\":\"G\",\"12\":\"T\",\"13\":\"T\",\"14\":\"T\",\"15\":\"T\",\"16\":\"A\",\"17\":\"A\",\"18\":\"A\",\"19\":\"A\",\"20\":\"C\",\"21\":\"C\",\"22\":\"C\",\"23\":\"C\",\"24\":\"G\",\"25\":\"G\",\"26\":\"G\",\"27\":\"G\",\"28\":\"T\",\"29\":\"T\",\"30\":\"T\",\"31\":\"T\"},\"base2\":{\"0\":\"A\",\"1\":\"C\",\"2\":\"G\",\"3\":\"T\",\"4\":\"A\",\"5\":\"C\",\"6\":\"G\",\"7\":\"T\",\"8\":\"A\",\"9\":\"C\",\"10\":\"G\",\"11\":\"T\",\"12\":\"A\",\"13\":\"C\",\"14\":\"G\",\"15\":\"T\",\"16\":\"A\",\"17\":\"C\",\"18\":\"G\",\"19\":\"T\",\"20\":\"A\",\"21\":\"C\",\"22\":\"G\",\"23\":\"T\",\"24\":\"A\",\"25\":\"C\",\"26\":\"G\",\"27\":\"T\",\"28\":\"A\",\"29\":\"C\",\"30\":\"G\",\"31\":\"T\"},\"count\":{\"0\":27360,\"1\":12673,\"2\":13415,\"3\":15316,\"4\":3931,\"5\":6302,\"6\":4390,\"7\":6314,\"8\":15712,\"9\":17383,\"10\":14236,\"11\":27934,\"12\":16733,\"13\":21857,\"14\":16537,\"15\":25627,\"16\":28191,\"17\":16385,\"18\":20885,\"19\":20575,\"20\":2182,\"21\":2065,\"22\":2354,\"23\":2679,\"24\":18333,\"25\":12573,\"26\":14345,\"27\":13780,\"28\":25183,\"29\":17427,\"30\":22078,\"31\":26685},\"fitted\":{\"0\":23341.2269766239,\"1\":14257.466403375,\"2\":13685.1496374795,\"3\":17480.1569825216,\"4\":4056.0691522343,\"5\":6056.4956755272,\"6\":4340.9394197673,\"7\":6483.4957524712,\"8\":18005.928188677,\"9\":17936.7311391528,\"10\":14490.7082700464,\"11\":24831.632402124,\"12\":18332.7756824649,\"13\":19964.3067819451,\"14\":16061.2026727069,\"15\":26395.7148628834,\"16\":32209.7730233762,\"17\":14800.5335966251,\"18\":20614.8503625205,\"19\":18410.8430174785,\"20\":2056.9308477657,\"21\":2310.5043244728,\"22\":2403.0605802327,\"23\":2509.5042475288,\"24\":16039.0718113231,\"25\":12019.2688608472,\"26\":14090.2917299537,\"27\":16882.3675978761,\"28\":23583.2243175352,\"29\":19319.693218055,\"30\":22553.7973272932,\"31\":25916.2851371168},\"ret\":{\"0\":0.0088442824,\"1\":-0.0030379454,\"2\":-0.0005442485,\"3\":-0.0041190989,\"4\":-0.0002505306,\"5\":0.0005095521,\"6\":0.0001003923,\"7\":-0.0003403481,\"8\":-0.0043569371,\"9\":-0.0011091783,\"10\":-0.0005137077,\"11\":0.0066916916,\"12\":-0.003108927,\"13\":0.0040283708,\"14\":0.0009823707,\"15\":-0.0015412076,\"16\":-0.0076447459,\"17\":0.0033908604,\"18\":0.0005532966,\"19\":0.0046529444,\"20\":0.0002620802,\"21\":-0.0004720271,\"22\":-0.0000988042,\"23\":0.0003562898,\"24\":0.0049866991,\"25\":0.0011523175,\"26\":0.0005229462,\"27\":-0.0056935726,\"28\":0.0033632781,\"29\":-0.0036561885,\"30\":-0.0009578848,\"31\":0.0015871813}}", "formula": "count ~ mut * base1 * base2 - mut : base1 : base2", "rel_entropy": 0.004539201315275609, "df": 9, "deviance": 4461.490188758091, "prob": 0}, "('pos1', 'pos3')": {"stats": "{\"mut\":{\"0\":\"M\",\"1\":\"M\",\"2\":\"M\",\"3\":\"M\",\"4\":\"M\",\"5\":\"M\",\"6\":\"M\",\"7\":\"M\",\"8\":\"M\",\"9\":\"M\",\"10\":\"M\",\"11\":\"M\",\"12\":\"M\",\"13\":\"M\",\"14\":\"M\",\"15\":\"M\",\"16\":\"R\",\"17\":\"R\",\"18\":\"R\",\"19\":\"R\",\"20\":\"R\",\"21\":\"R\",\"22\":\"R\",\"23\":\"R\",\"24\":\"R\",\"25\":\"R\",\"26\":\"R\",\"27\":\"R\",\"28\":\"R\",\"29\":\"R\",\"30\":\"R\",\"31\":\"R\"},\"base1\":{\"0\":\"A\",\"1\":\"A\",\"2\":\"A\",\"3\":\"A\",\"4\":\"C\",\"5\":\"C\",\"6\":\"C\",\"7\":\"C\",\"8\":\"G\",\"9\":\"G\",\"10\":\"G\",\"11\":\"G\",\"12\":\"T\",\"13\":\"T\",\"14\":\"T\",\"15\":\"T\",\"16\":\"A\",\"17\":\"A\",\"18\":\"A\",\"19\":\"A\",\"20\":\"C\",\"21\":\"C\",\"22\":\"C\",\"23\":\"C\",\"24\":\"G\",\"25\":\"G\",\"26\":\"G\",\"27\":\"G\",\"28\":\"T\",\"29\":\"T\",\"30\":\"T\",\"31\":\"T\"},\"base2\":{\"0\":\"A\",\"1\":\"C\",\"2\":\"G\",\"3\":\"T\",\"4\":\"A\",\"5\":\"C\",\"6\":\"G\",\"7\":\"T\",\"8\":\"A\",\"9\":\"C\",\"10\":\"G\",\"11\":\"T\",\"12\":\"A\",\"13\":\"C\",\"14\":\"G\",\"15\":\"T\",\"16\":\"A\",\"17\":\"C\",\"18\":\"G\",\"19\":\"T\",\"20\":\"A\",\"21\":\"C\",\"22\":\"G\",\"23\":\"T\",\"24\":\"A\",\"25\":\"C\",\"26\":\"G\",\"27\":\"T\",\"28\":\"A\",\"29\":\"C\",\"30\":\"G\",\"31\":\"T\"},\"count\":{\"0\":23131,\"1\":12086,\"2\":10583,\"3\":22964,\"4\":5062,\"5\":4654,\"6\":4946,\"7\":6275,\"8\":18319,\"9\":14097,\"10\":14719,\"11\":28130,\"12\":21209,\"13\":15086,\"14\":14445,\"15\":30014,\"16\":27995,\"17\":17476,\"18\":17736,\"19\":22829,\"20\":2213,\"21\":2091,\"22\":2669,\"23\":2307,\"24\":18744,\"25\":10946,\"26\":13622,\"27\":15719,\"28\":27270,\"29\":17910,\"30\":20142,\"31\":26051},\"fitted\":{\"0\":21487.5364597712,\"1\":12711.4051185768,\"2\":11093.5723708193,\"3\":23471.4860509265,\"4\":4919.0315616257,\"5\":4618.908886166,\"6\":4947.4969441989,\"7\":6451.5626080104,\"8\":19842.1691715226,\"9\":13654.1161584282,\"10\":14335.3578965173,\"11\":27433.3567738493,\"12\":21472.2628074818,\"13\":14938.5698368347,\"14\":14316.5727884684,\"15\":30026.5945672154,\"16\":29638.4635403618,\"17\":16850.5948814289,\"18\":17225.4276291845,\"19\":22321.5139490746,\"20\":2355.9684383756,\"21\":2126.0911138346,\"22\":2667.5030558017,\"23\":2130.4373919935,\"24\":17220.8308290805,\"25\":11388.8838415726,\"26\":14005.6421034829,\"27\":16415.6432261536,\"28\":27006.7371925184,\"29\":18057.4301631653,\"30\":20270.4272115316,\"31\":26038.405432785},\"ret\":{\"0\":0.0034689271,\"1\":-0.0012407646,\"2\":-0.0010146478,\"3\":-0.0010214061,\"4\":0.0002951047,\"5\":0.0000716752,\"6\":-0.0000030456,\"7\":-0.0003543143,\"8\":-0.002977272,\"9\":0.0009156562,\"10\":0.0007910028,\"11\":0.0014354033,\"12\":-0.0005323993,\"13\":0.0003014718,\"14\":0.000262497,\"15\":-0.0000256225,\"16\":-0.0032496985,\"17\":0.0012959263,\"18\":0.0010541786,\"19\":0.0010443019,\"20\":-0.0002819063,\"21\":-0.0000708121,\"22\":0.0000030469,\"23\":0.0003737687,\"24\":0.0032325984,\"25\":-0.0008834419,\"26\":-0.0007698582,\"27\":-0.0013870413,\"28\":0.0005382993,\"29\":-0.0002987683,\"30\":-0.0002604988,\"31\":0.0000256341}}", "formula": "count ~ mut * base1 * base2 - mut : base1 : base2", "rel_entropy": 0.0007379947209827309, "df": 9, "deviance": 725.3602513595066, "prob": 2.4373133264033472e-150},