{"pos2": {"formula": "count ~ group * mut * base - group : mut : base", "stats": "{\"group\":{\"0\":\"1\",\"1\":\"1\",\"2\":\"1\",\"3\":\"1\",\"4\":\"1\",\"5\":\"1\",\"6\":\"1\",\"7\":\"1\",\"8\":\"2\",\"9\":\"2\",\"10\":\"2\",\"11\":\"2\",\"12\":\"2\",\"13\":\"2\",\"14\":\"2\",\"15\":\"2\"},\"mut\":{\"0\":\"M\",\"1\":\"M\",\"2\":\"M\",\"3\":\"M\",\"4\":\"R\",\"5\":\"R\",\"6\":\"R\",\"7\":\"R\",\"8\":\"M\",\"9\":\"M\",\"10\":\"M\",\"11\":\"M\",\"12\":\"R\",\"13\":\"R\",\"14\":\"R\",\"15\":\"R\"},\"base\":{\"0\":\"A\",\"1\":\"C\",\"2\":\"G\",\"3\":\"T\",\"4\":\"A\",\"5\":\"C\",\"6\":\"G\",\"7\":\"T\",\"8\":\"A\",\"9\":\"C\",\"10\":\"G\",\"11\":\"T\",\"12\":\"A\",\"13\":\"C\",\"14\":\"G\",\"15\":\"T\"},\"count\":{\"0\":53073,\"1\":44132,\"2\":84026,\"3\":95800,\"4\":60867,\"5\":55762,\"6\":68770,\"7\":91632,\"8\":649,\"9\":436,\"10\":917,\"11\":1139,\"12\":716,\"13\":604,\"14\":745,\"15\":1076},\"fitted\":{\"0\":53086.1170386099,\"1\":44108.8477732313,\"2\":84029.1013885787,\"3\":95806.9337995805,\"4\":60853.8829613901,\"5\":55785.1522267688,\"6\":68766.8986114216,\"7\":91625.0662004198,\"8\":635.8829613901,\"9\":459.1522267687,\"10\":913.8986114216,\"11\":1132.0662004197,\"12\":729.1170386099,\"13\":580.8477732314,\"14\":748.1013885784,\"15\":1082.9337995804},\"ret\":{\"0\":-0.000023406,\"1\":0.0000413287,\"2\":-0.0000055347,\"3\":-0.0000123737,\"4\":0.0000234114,\"5\":-0.0000413093,\"6\":0.0000055349,\"7\":0.0000123747,\"8\":0.0000236487,\"9\":-0.0000402582,\"10\":0.0000055442,\"11\":0.000012412,\"12\":-0.0000231971,\"13\":0.0000421306,\"14\":-0.0000055233,\"15\":-0.0000123345}}", "prob": 0.4328211736500278, "deviance": 2.7438836073570947, "rel_entropy": 2.4483920657284585e-06, "df": 3}, "pos1": {"formula": "count ~ group * mut * base - group : mut : base", "stats": "{\"group\":{\"0\":\"1\",\"1\":\"1\",\"2\":\"1\",\"3\":\"1\",\"4\":\"1\",\"5\":\"1\",\"6\":\"1\",\"7\":\"1\",\"8\":\"2\",\"9\":\"2\",\"10\":\"2\",\"11\":\"2\",\"12\":\"2\",\"13\":\"2\",\"14\":\"2\",\"15\":\"2\"},\"mut\":{\"0\":\"M\",\"1\":\"M\",\"2\":\"M\",\"3\":\"M\",\"4\":\"R\",\"5\":\"R\",\"6\":\"R\",\"7\":\"R\",\"8\":\"M\",\"9\":\"M\",\"10\":\"M\",\"11\":\"M\",\"12\":\"R\",\"13\":\"R\",\"14\":\"R\",\"15\":\"R\"},\"base\":{\"0\":\"A\",\"1\":\"C\",\"2\":\"G\",\"3\":\"T\",\"4\":\"A\",\"5\":\"C\",\"6\":\"G\",\"7\":\"T\",\"8\":\"A\",\"9\":\"C\",\"10\":\"G\",\"11\":\"T\",\"12\":\"A\",\"13\":\"C\",\"14\":\"G\",\"15\":\"T\"},\"count\":{\"0\":69047,\"1\":59298,\"2\":46513,\"3\":102173,\"4\":71066,\"5\":66318,\"6\":48315,\"7\":91332,\"8\":753,\"9\":616,\"10\":695,\"11\":1077,\"12\":835,\"13\":693,\"14\":541,\"15\":1072},\"fitted\":{\"0\":69017.9229359823,\"1\":59296.2199544071,\"2\":46600.7187126631,\"3\":102116.1383969497,\"4\":71095.0770640192,\"5\":66319.7800455937,\"6\":48227.2812873374,\"7\":91388.8616030516,\"8\":782.0770640187,\"9\":617.7800455933,\"10\":607.2812873371,\"11\":1133.861603051,\"12\":805.9229359813,\"13\":691.2199544068,\"14\":628.7187126629,\"15\":1015.138396949},\"ret\":{\"0\":0.0000519024,\"1\":0.0000031767,\"2\":-0.000156397,\"3\":0.0001015045,\"4\":-0.0000518808,\"5\":-0.0000031767,\"6\":0.0001566867,\"7\":-0.0001014447,\"8\":-0.0000509146,\"9\":-0.0000031721,\"10\":0.0001673423,\"11\":-0.0000988882,\"12\":0.0000528165,\"13\":0.0000031808,\"14\":-0.0001450773,\"15\":0.0001042666}}", "prob": 2.481433886616475e-07, "deviance": 33.536749414637924, "rel_entropy": 2.992514367481219e-05, "df": 3}, "pos3": {"formula": "count ~ group * mut * base - group : mut : base", "stats": "{\"group\":{\"0\":\"1\",\"1\":\"1\",\"2\":\"1\",\"3\":\"1\",\"4\":\"1\",\"5\":\"1\",\"6\":\"1\",\"7\":\"1\",\"8\":\"2\",\"9\":\"2\",\"10\":\"2\",\"11\":\"2\",\"12\":\"2\",\"13\":\"2\",\"14\":\"2\",\"15\":\"2\"},\"mut\":{\"0\":\"M\",\"1\":\"M\",\"2\":\"M\",\"3\":\"M\",\"4\":\"R\",\"5\":\"R\",\"6\":\"R\",\"7\":\"R\",\"8\":\"M\",\"9\":\"M\",\"10\":\"M\",\"11\":\"M\",\"12\":\"R\",\"13\":\"R\",\"14\":\"R\",\"15\":\"R\"},\"base\":{\"0\":\"A\",\"1\":\"C\",\"2\":\"G\",\"3\":\"T\",\"4\":\"A\",\"5\":\"C\",\"6\":\"G\",\"7\":\"T\",\"8\":\"A\",\"9\":\"C\",\"10\":\"G\",\"11\":\"T\",\"12\":\"A\",\"13\":\"C\",\"14\":\"G\",\"15\":\"T\"},\"count\":{\"0\":78871,\"1\":52667,\"2\":53416,\"3\":92077,\"4\":75307,\"5\":57442,\"6\":49477,\"7\":94805,\"8\":859,\"9\":571,\"10\":616,\"11\":1095,\"12\":880,\"13\":639,\"14\":534,\"15\":1088},\"fitted\":{\"0\":78840.7282009329,\"1\":52659.3114332371,\"2\":53434.7687092496,\"3\":92096.1916565781,\"4\":75337.2717990655,\"5\":57449.6885667623,\"6\":49458.2312907497,\"7\":94785.8083434211,\"8\":889.2717990659,\"9\":578.6885667626,\"10\":597.23129075,\"11\":1075.8083434215,\"12\":849.7282009341,\"13\":631.3114332374,\"14\":552.76870925,\"15\":1107.1916565785},\"ret\":{\"0\":0.000054034,\"1\":0.0000137222,\"2\":-0.0000334891,\"3\":-0.0000342462,\"4\":-0.0000540127,\"5\":-0.0000137202,\"6\":0.0000335013,\"7\":0.0000342532,\"8\":-0.0000530935,\"9\":-0.0000136296,\"10\":0.0000340159,\"11\":0.0000345535,\"12\":0.0000549747,\"13\":0.0000138044,\"14\":-0.0000329198,\"15\":-0.0000339512}}", "prob": 0.23521776963438973, "deviance": 4.254948356875893, "rel_entropy": 3.7967287566886527e-06, "df": 3}, "pos0": {"formula": "count ~ group * mut * base - group : mut : base", "stats": "{\"group\":{\"0\":\"1\",\"1\":\"1\",\"2\":\"1\",\"3\":\"1\",\"4\":\"1\",\"5\":\"1\",\"6\":\"1\",\"7\":\"1\",\"8\":\"2\",\"9\":\"2\",\"10\":\"2\",\"11\":\"2\",\"12\":\"2\",\"13\":\"2\",\"14\":\"2\",\"15\":\"2\"},\"mut\":{\"0\":\"M\",\"1\":\"M\",\"2\":\"M\",\"3\":\"M\",\"4\":\"R\",\"5\":\"R\",\"6\":\"R\",\"7\":\"R\",\"8\":\"M\",\"9\":\"M\",\"10\":\"M\",\"11\":\"M\",\"12\":\"R\",\"13\":\"R\",\"14\":\"R\",\"15\":\"R\"},\"base\":{\"0\":\"A\",\"1\":\"C\",\"2\":\"G\",\"3\":\"T\",\"4\":\"A\",\"5\":\"C\",\"6\":\"G\",\"7\":\"T\",\"8\":\"A\",\"9\":\"C\",\"10\":\"G\",\"11\":\"T\",\"12\":\"A\",\"13\":\"C\",\"14\":\"G\",\"15\":\"T\"},\"count\":{\"0\":85957,\"1\":52020,\"2\":46257,\"3\":92797,\"4\":76105,\"5\":55483,\"6\":50607,\"7\":94836,\"8\":881,\"9\":523,\"10\":606,\"11\":1131,\"12\":852,\"13\":604,\"14\":595,\"15\":1090},\"fitted\":{\"0\":85918.0246291858,\"1\":51997.0990268795,\"2\":46288.2357189525,\"3\":92827.640624982,\"4\":76143.9753708141,\"5\":55505.9009731202,\"6\":50575.7642810472,\"7\":94805.3593750173,\"8\":919.9753708145,\"9\":545.9009731205,\"10\":574.7642810477,\"11\":1100.3593750177,\"12\":813.0246291857,\"13\":581.0990268796,\"14\":626.2357189528,\"15\":1120.6406249823},\"ret\":{\"0\":0.0000695719,\"1\":0.0000408785,\"2\":-0.000055725,\"3\":-0.0000546728,\"4\":-0.0000695383,\"5\":-0.0000408611,\"6\":0.000055761,\"7\":0.0000546906,\"8\":-0.0000680615,\"9\":-0.00004,\"10\":0.0000572318,\"11\":0.0000554362,\"12\":0.0000711973,\"13\":0.0000416644,\"14\":-0.0000543299,\"15\":-0.0000539273}}", "prob": 0.015171693052217735, "deviance": 10.440257052722295, "rel_entropy": 9.31593543673377e-06, "df": 3}}