{"pos0": {"formula": "count ~ mut * base - mut : base", "deviance": 2.4442339741843453, "prob": 0.48545360003667115, "stats": "{\"mut\":{\"0\":\"M\",\"1\":\"M\",\"2\":\"M\",\"3\":\"M\",\"4\":\"R\",\"5\":\"R\",\"6\":\"R\",\"7\":\"R\"},\"base\":{\"0\":\"A\",\"1\":\"C\",\"2\":\"G\",\"3\":\"T\",\"4\":\"A\",\"5\":\"C\",\"6\":\"G\",\"7\":\"T\"},\"count\":{\"0\":57,\"1\":44,\"2\":50,\"3\":43,\"4\":49,\"5\":49,\"6\":43,\"7\":53},\"fitted\":{\"0\":53.0000000005,\"1\":46.5000000001,\"2\":46.5000000004,\"3\":48.0000000052,\"4\":53.0000000004,\"5\":46.5,\"6\":46.5000000003,\"7\":48.0000000051},\"ret\":{\"0\":0.0106888742,\"1\":-0.0062669017,\"2\":0.0093518934,\"3\":-0.0121908209,\"4\":-0.0099100751,\"5\":0.0066134827,\"6\":-0.0086722796,\"7\":0.013535613}}", "df": 3, "rel_entropy": 0.0031497860492066304}, "pos2": {"formula": "count ~ mut * base - mut : base", "deviance": 5.182280158899097, "prob": 0.1589260515537857, "stats": "{\"mut\":{\"0\":\"M\",\"1\":\"M\",\"2\":\"M\",\"3\":\"M\",\"4\":\"R\",\"5\":\"R\",\"6\":\"R\",\"7\":\"R\"},\"base\":{\"0\":\"A\",\"1\":\"C\",\"2\":\"G\",\"3\":\"T\",\"4\":\"A\",\"5\":\"C\",\"6\":\"G\",\"7\":\"T\"},\"count\":{\"0\":27,\"1\":50,\"2\":68,\"3\":49,\"4\":29,\"5\":46,\"6\":52,\"7\":67},\"fitted\":{\"0\":28.0,\"1\":48.0,\"2\":60.0,\"3\":58.0,\"4\":28.0,\"5\":48.0,\"6\":60.0,\"7\":58.0},\"ret\":{\"0\":-0.0025307381,\"1\":0.0052605663,\"2\":0.0219358086,\"3\":-0.0212951364,\"4\":0.0026228048,\"5\":-0.0050457275,\"6\":-0.0191784636,\"7\":0.0249090819}}", "df": 3, "rel_entropy": 0.006678196081055537}, "pos3": {"formula": "count ~ mut * base - mut : base", "deviance": 3.3868366387282007, "prob": 0.33573831302050106, "stats": "{\"mut\":{\"0\":\"M\",\"1\":\"M\",\"2\":\"M\",\"3\":\"M\",\"4\":\"R\",\"5\":\"R\",\"6\":\"R\",\"7\":\"R\"},\"base\":{\"0\":\"A\",\"1\":\"C\",\"2\":\"G\",\"3\":\"T\",\"4\":\"A\",\"5\":\"C\",\"6\":\"G\",\"7\":\"T\"},\"count\":{\"0\":42,\"1\":57,\"2\":41,\"3\":54,\"4\":49,\"5\":47,\"6\":33,\"7\":65},\"fitted\":{\"0\":45.5,\"1\":52.0,\"2\":37.0,\"3\":59.5,\"4\":45.5,\"5\":52.0,\"6\":37.0,\"7\":59.5},\"ret\":{\"0\":-0.0086644168,\"1\":0.0134871915,\"2\":0.010847475,\"3\":-0.0134989236,\"4\":0.0093589965,\"5\":-0.0122461791,\"6\":-0.0097307773,\"7\":0.014811114}}", "df": 3, "rel_entropy": 0.00436448020454665}, "pos1": {"formula": "count ~ mut * base - mut : base", "deviance": 4.4703080113327935, "prob": 0.21495408497623864, "stats": "{\"mut\":{\"0\":\"M\",\"1\":\"M\",\"2\":\"M\",\"3\":\"M\",\"4\":\"R\",\"5\":\"R\",\"6\":\"R\",\"7\":\"R\"},\"base\":{\"0\":\"A\",\"1\":\"C\",\"2\":\"G\",\"3\":\"T\",\"4\":\"A\",\"5\":\"C\",\"6\":\"G\",\"7\":\"T\"},\"count\":{\"0\":36,\"1\":62,\"2\":40,\"3\":56,\"4\":48,\"5\":51,\"6\":31,\"7\":64},\"fitted\":{\"0\":42.0,\"1\":56.5,\"2\":35.5,\"3\":60.0,\"4\":42.0,\"5\":56.5,\"6\":35.5,\"7\":60.0},\"ret\":{\"0\":-0.0143026404,\"1\":0.0148438462,\"2\":0.0123037894,\"3\":-0.009957734,\"4\":0.0165193475,\"5\":-0.0134617662,\"6\":-0.0108296656,\"7\":0.0106455293}}", "df": 3, "rel_entropy": 0.005760706200171125}}