{"('pos1', 'pos2')": {"stats": "{\"mut\":{\"0\":\"M\",\"1\":\"M\",\"2\":\"M\",\"3\":\"M\",\"4\":\"M\",\"5\":\"M\",\"6\":\"M\",\"7\":\"M\",\"8\":\"M\",\"9\":\"M\",\"10\":\"M\",\"11\":\"M\",\"12\":\"M\",\"13\":\"M\",\"14\":\"M\",\"15\":\"M\",\"16\":\"R\",\"17\":\"R\",\"18\":\"R\",\"19\":\"R\",\"20\":\"R\",\"21\":\"R\",\"22\":\"R\",\"23\":\"R\",\"24\":\"R\",\"25\":\"R\",\"26\":\"R\",\"27\":\"R\",\"28\":\"R\",\"29\":\"R\",\"30\":\"R\",\"31\":\"R\"},\"base1\":{\"0\":\"A\",\"1\":\"A\",\"2\":\"A\",\"3\":\"A\",\"4\":\"C\",\"5\":\"C\",\"6\":\"C\",\"7\":\"C\",\"8\":\"G\",\"9\":\"G\",\"10\":\"G\",\"11\":\"G\",\"12\":\"T\",\"13\":\"T\",\"14\":\"T\",\"15\":\"T\",\"16\":\"A\",\"17\":\"A\",\"18\":\"A\",\"19\":\"A\",\"20\":\"C\",\"21\":\"C\",\"22\":\"C\",\"23\":\"C\",\"24\":\"G\",\"25\":\"G\",\"26\":\"G\",\"27\":\"G\",\"28\":\"T\",\"29\":\"T\",\"30\":\"T\",\"31\":\"T\"},\"base2\":{\"0\":\"A\",\"1\":\"C\",\"2\":\"G\",\"3\":\"T\",\"4\":\"A\",\"5\":\"C\",\"6\":\"G\",\"7\":\"T\",\"8\":\"A\",\"9\":\"C\",\"10\":\"G\",\"11\":\"T\",\"12\":\"A\",\"13\":\"C\",\"14\":\"G\",\"15\":\"T\",\"16\":\"A\",\"17\":\"C\",\"18\":\"G\",\"19\":\"T\",\"20\":\"A\",\"21\":\"C\",\"22\":\"G\",\"23\":\"T\",\"24\":\"A\",\"25\":\"C\",\"26\":\"G\",\"27\":\"T\",\"28\":\"A\",\"29\":\"C\",\"30\":\"G\",\"31\":\"T\"},\"count\":{\"0\":2,\"1\":7,\"2\":16,\"3\":11,\"4\":7,\"5\":19,\"6\":18,\"7\":18,\"8\":9,\"9\":8,\"10\":14,\"11\":9,\"12\":9,\"13\":16,\"14\":20,\"15\":11,\"16\":5,\"17\":14,\"18\":15,\"19\":14,\"20\":6,\"21\":12,\"22\":17,\"23\":16,\"24\":7,\"25\":6,\"26\":10,\"27\":8,\"28\":11,\"29\":14,\"30\":10,\"31\":29},\"fitted\":{\"0\":2.766044974,\"1\":9.3112662945,\"2\":15.1783630205,\"3\":8.744325711,\"4\":6.7689344415,\"5\":17.6643990074,\"6\":21.5136278229,\"7\":16.0530387282,\"8\":8.5414452804,\"9\":8.1578653377,\"10\":15.0503068097,\"11\":8.2503825723,\"12\":8.9235753042,\"13\":14.8664693604,\"14\":16.2577023469,\"15\":15.9522529885,\"16\":4.233955026,\"17\":11.6887337055,\"18\":15.8216369795,\"19\":16.255674289,\"20\":6.2310655585,\"21\":13.3356009926,\"22\":13.4863721771,\"23\":17.9469612718,\"24\":7.4585547196,\"25\":5.8421346623,\"26\":8.9496931903,\"27\":8.7496174277,\"28\":11.0764246958,\"29\":15.1335306396,\"30\":13.7422976531,\"31\":24.0477470115},\"ret\":{\"0\":-0.0016715016,\"1\":-0.0051474346,\"2\":0.0021739296,\"3\":0.0065061675,\"4\":0.0006055806,\"5\":0.003569244,\"6\":-0.0082723374,\"7\":0.0053106308,\"8\":0.0012130132,\"9\":-0.0004029071,\"10\":-0.002610244,\"11\":0.0020172295,\"12\":0.0001978119,\"13\":0.0030301206,\"14\":0.0106786333,\"15\":-0.0105380227,\"16\":0.0021430588,\"17\":0.0065104288,\"18\":-0.0020616584,\"19\":-0.0053901698,\"20\":-0.0005843487,\"21\":-0.0032638322,\"22\":0.010144515,\"23\":-0.0047353439,\"24\":-0.0011447437,\"25\":0.0004123178,\"26\":0.0028599444,\"27\":-0.0018467719,\"28\":-0.0001962898,\"29\":-0.00280922,\"30\":-0.008193129,\"31\":0.0139958273}}", "deviance": 9.700386841881716, "df": 9, "rel_entropy": 0.012500498507579531, "formula": "count ~ mut * base1 * base2 - mut : base1 : base2", "prob": 0.37528062674291573}, "('pos1', 'pos3')": {"stats": "{\"mut\":{\"0\":\"M\",\"1\":\"M\",\"2\":\"M\",\"3\":\"M\",\"4\":\"M\",\"5\":\"M\",\"6\":\"M\",\"7\":\"M\",\"8\":\"M\",\"9\":\"M\",\"10\":\"M\",\"11\":\"M\",\"12\":\"M\",\"13\":\"M\",\"14\":\"M\",\"15\":\"M\",\"16\":\"R\",\"17\":\"R\",\"18\":\"R\",\"19\":\"R\",\"20\":\"R\",\"21\":\"R\",\"22\":\"R\",\"23\":\"R\",\"24\":\"R\",\"25\":\"R\",\"26\":\"R\",\"27\":\"R\",\"28\":\"R\",\"29\":\"R\",\"30\":\"R\",\"31\":\"R\"},\"base1\":{\"0\":\"A\",\"1\":\"A\",\"2\":\"A\",\"3\":\"A\",\"4\":\"C\",\"5\":\"C\",\"6\":\"C\",\"7\":\"C\",\"8\":\"G\",\"9\":\"G\",\"10\":\"G\",\"11\":\"G\",\"12\":\"T\",\"13\":\"T\",\"14\":\"T\",\"15\":\"T\",\"16\":\"A\",\"17\":\"A\",\"18\":\"A\",\"19\":\"A\",\"20\":\"C\",\"21\":\"C\",\"22\":\"C\",\"23\":\"C\",\"24\":\"G\",\"25\":\"G\",\"26\":\"G\",\"27\":\"G\",\"28\":\"T\",\"29\":\"T\",\"30\":\"T\",\"31\":\"T\"},\"base2\":{\"0\":\"A\",\"1\":\"C\",\"2\":\"G\",\"3\":\"T\",\"4\":\"A\",\"5\":\"C\",\"6\":\"G\",\"7\":\"T\",\"8\":\"A\",\"9\":\"C\",\"10\":\"G\",\"11\":\"T\",\"12\":\"A\",\"13\":\"C\",\"14\":\"G\",\"15\":\"T\",\"16\":\"A\",\"17\":\"C\",\"18\":\"G\",\"19\":\"T\",\"20\":\"A\",\"21\":\"C\",\"22\":\"G\",\"23\":\"T\",\"24\":\"A\",\"25\":\"C\",\"26\":\"G\",\"27\":\"T\",\"28\":\"A\",\"29\":\"C\",\"30\":\"G\",\"31\":\"T\"},\"count\":{\"0\":6,\"1\":14,\"2\":8,\"3\":8,\"4\":12,\"5\":22,\"6\":11,\"7\":17,\"8\":13,\"9\":12,\"10\":7,\"11\":8,\"12\":11,\"13\":9,\"14\":15,\"15\":21,\"16\":15,\"17\":14,\"18\":4,\"19\":15,\"20\":10,\"21\":15,\"22\":11,\"23\":15,\"24\":8,\"25\":10,\"26\":4,\"27\":9,\"28\":16,\"29\":8,\"30\":14,\"31\":26},\"fitted\":{\"0\":8.1726604603,\"1\":13.1728485831,\"2\":5.7777803768,\"3\":8.8767105798,\"4\":11.1017166343,\"5\":21.7136111603,\"6\":13.1455950576,\"7\":16.0390771478,\"8\":11.0184158897,\"9\":13.3360926145,\"10\":6.783540673,\"11\":8.8619508228,\"12\":11.7072070157,\"13\":8.7774476421,\"14\":15.2930838926,\"15\":20.2222614496,\"16\":12.8273395397,\"17\":14.8271514169,\"18\":6.2222196232,\"19\":14.1232894202,\"20\":10.8982833657,\"21\":15.2863888397,\"22\":8.8544049424,\"23\":15.9609228522,\"24\":9.9815841103,\"25\":8.6639073855,\"26\":4.216459327,\"27\":8.1380491772,\"28\":15.2927929843,\"29\":8.2225523579,\"30\":13.7069161074,\"31\":26.7777385504},\"ret\":{\"0\":-0.0047788921,\"1\":0.0021974062,\"2\":0.0067097309,\"3\":-0.0021441137,\"4\":0.002406399,\"5\":0.0007429619,\"6\":-0.0050518195,\"7\":0.002549355,\"8\":0.0055411265,\"9\":-0.0032649724,\"10\":0.0005666926,\"11\":-0.0021098017,\"12\":-0.0017665026,\"13\":0.0005807995,\"14\":-0.000748086,\"15\":0.0020425416,\"16\":0.0060491523,\"17\":-0.0020712324,\"18\":-0.0045549725,\"19\":0.0023282874,\"20\":-0.0022170153,\"21\":-0.0007311577,\"22\":0.0061515006,\"23\":-0.0024005108,\"24\":-0.0045628921,\"25\":0.003696373,\"26\":-0.0005433133,\"27\":0.0023352236,\"28\":0.0018642083,\"29\":-0.0005657552,\"30\":0.0007633896,\"31\":-0.0019750855}}", "deviance": 5.46228368841009, "df": 9, "rel_entropy": 0.007039025371662487, "formula": "count ~ mut * base1 * base2 - mut : base1 : base2", "prob": 0.79229318413180172},