{"pos3": {"rel_entropy": 1.2726688679530402e-05, "prob": 0.5954041190627326, "df": 3, "stats": "{\"strand\":{\"8\":\"+\",\"9\":\"+\",\"10\":\"+\",\"11\":\"+\",\"12\":\"+\",\"13\":\"+\",\"14\":\"+\",\"15\":\"+\",\"0\":\"-\",\"1\":\"-\",\"2\":\"-\",\"3\":\"-\",\"4\":\"-\",\"5\":\"-\",\"6\":\"-\",\"7\":\"-\"},\"mut\":{\"8\":\"M\",\"9\":\"M\",\"10\":\"M\",\"11\":\"M\",\"12\":\"R\",\"13\":\"R\",\"14\":\"R\",\"15\":\"R\",\"0\":\"M\",\"1\":\"M\",\"2\":\"M\",\"3\":\"M\",\"4\":\"R\",\"5\":\"R\",\"6\":\"R\",\"7\":\"R\"},\"base\":{\"8\":\"A\",\"9\":\"C\",\"10\":\"G\",\"11\":\"T\",\"12\":\"A\",\"13\":\"C\",\"14\":\"G\",\"15\":\"T\",\"0\":\"A\",\"1\":\"C\",\"2\":\"G\",\"3\":\"T\",\"4\":\"A\",\"5\":\"C\",\"6\":\"G\",\"7\":\"T\"},\"count\":{\"8\":4444,\"9\":4417,\"10\":5630,\"11\":4120,\"12\":3849,\"13\":4995,\"14\":4973,\"15\":4794,\"0\":4445,\"1\":4370,\"2\":5609,\"3\":4105,\"4\":3942,\"5\":4812,\"6\":5042,\"7\":4733},\"fitted\":{\"8\":4420.9763054669,\"9\":4449.5458460291,\"10\":5608.7519181391,\"11\":4131.7259303649,\"12\":3872.0236945331,\"13\":4962.4541539709,\"14\":4994.2480818609,\"15\":4782.2740696351,\"0\":4468.0236945331,\"1\":4337.4541539709,\"2\":5630.2480818609,\"3\":4093.2740696351,\"4\":3918.9763054669,\"5\":4844.5458460291,\"6\":5020.7519181391,\"7\":4744.7259303649},\"ret\":{\"8\":0.0003107639,\"9\":-0.0004365445,\"10\":0.000286595,\"11\":-0.000157637,\"12\":-0.0003090348,\"13\":0.0004395845,\"14\":-0.0002854445,\"15\":0.0001580546,\"0\":-0.0003091582,\"1\":0.0004397906,\"2\":-0.0002855134,\"3\":0.0001580871,\"4\":0.0003108669,\"5\":-0.0004366758,\"6\":0.0002866583,\"7\":-0.000157666}}", "formula": "count ~ strand * mut * base - strand : mut : base", "deviance": 1.8906768702310366}, "pos0": {"rel_entropy": 3.2527858345261894e-05, "prob": 0.18449393726637997, "df": 3, "stats": "{\"strand\":{\"8\":\"+\",\"9\":\"+\",\"10\":\"+\",\"11\":\"+\",\"12\":\"+\",\"13\":\"+\",\"14\":\"+\",\"15\":\"+\",\"0\":\"-\",\"1\":\"-\",\"2\":\"-\",\"3\":\"-\",\"4\":\"-\",\"5\":\"-\",\"6\":\"-\",\"7\":\"-\"},\"mut\":{\"8\":\"M\",\"9\":\"M\",\"10\":\"M\",\"11\":\"M\",\"12\":\"R\",\"13\":\"R\",\"14\":\"R\",\"15\":\"R\",\"0\":\"M\",\"1\":\"M\",\"2\":\"M\",\"3\":\"M\",\"4\":\"R\",\"5\":\"R\",\"6\":\"R\",\"7\":\"R\"},\"base\":{\"8\":\"A\",\"9\":\"C\",\"10\":\"G\",\"11\":\"T\",\"12\":\"A\",\"13\":\"C\",\"14\":\"G\",\"15\":\"T\",\"0\":\"A\",\"1\":\"C\",\"2\":\"G\",\"3\":\"T\",\"4\":\"A\",\"5\":\"C\",\"6\":\"G\",\"7\":\"T\"},\"count\":{\"8\":4868,\"9\":5909,\"10\":4299,\"11\":3535,\"12\":4237,\"13\":4708,\"14\":4589,\"15\":5077,\"0\":4984,\"1\":5752,\"2\":4232,\"3\":3561,\"4\":4236,\"5\":4793,\"6\":4571,\"7\":4929},\"fitted\":{\"8\":4896.6425493871,\"9\":5852.1256699775,\"10\":4287.5033507546,\"11\":3574.7284298809,\"12\":4208.3574506129,\"13\":4764.8743300225,\"14\":4600.4966492455,\"15\":5037.2715701191,\"0\":4955.3574506129,\"1\":5808.8743300225,\"2\":4243.4966492455,\"3\":3521.2715701191,\"4\":4264.6425493871,\"5\":4736.1256699775,\"6\":4559.5033507545,\"7\":4968.7284298809},\"ret\":{\"8\":-0.0003844725,\"9\":0.0007693835,\"10\":0.0001549818,\"11\":-0.0005318638,\"12\":0.0003869117,\"13\":-0.000761087,\"14\":-0.0001545809,\"15\":0.0005369505,\"0\":0.0003867147,\"1\":-0.0007619142,\"2\":-0.0001545646,\"3\":0.0005378528,\"4\":-0.0003843046,\"5\":0.0007702539,\"6\":0.0001549695,\"7\":-0.000532703}}", "formula": "count ~ strand * mut * base - strand : mut : base", "deviance": 4.832338635772107}, "pos1": {"rel_entropy": 5.421375544424556e-05, "prob": 0.04490886302844476, "df": 3, "stats": "{\"strand\":{\"8\":\"+\",\"9\":\"+\",\"10\":\"+\",\"11\":\"+\",\"12\":\"+\",\"13\":\"+\",\"14\":\"+\",\"15\":\"+\",\"0\":\"-\",\"1\":\"-\",\"2\":\"-\",\"3\":\"-\",\"4\":\"-\",\"5\":\"-\",\"6\":\"-\",\"7\":\"-\"},\"mut\":{\"8\":\"M\",\"9\":\"M\",\"10\":\"M\",\"11\":\"M\",\"12\":\"R\",\"13\":\"R\",\"14\":\"R\",\"15\":\"R\",\"0\":\"M\",\"1\":\"M\",\"2\":\"M\",\"3\":\"M\",\"4\":\"R\",\"5\":\"R\",\"6\":\"R\",\"7\":\"R\"},\"base\":{\"8\":\"A\",\"9\":\"C\",\"10\":\"G\",\"11\":\"T\",\"12\":\"A\",\"13\":\"C\",\"14\":\"G\",\"15\":\"T\",\"0\":\"A\",\"1\":\"C\",\"2\":\"G\",\"3\":\"T\",\"4\":\"A\",\"5\":\"C\",\"6\":\"G\",\"7\":\"T\"},\"count\":{\"8\":3671,\"9\":5832,\"10\":3766,\"11\":5342,\"12\":3816,\"13\":5465,\"14\":4568,\"15\":4762,\"0\":3740,\"1\":5731,\"2\":3925,\"3\":5133,\"4\":3834,\"5\":5357,\"6\":4488,\"7\":4850},\"fitted\":{\"8\":3683.0823914686,\"9\":5833.9757120507,\"10\":3826.2408256884,\"11\":5267.7010707922,\"12\":3803.9176085313,\"13\":5463.0242879493,\"14\":4507.7591743116,\"15\":4836.2989292078,\"0\":3727.9176085313,\"1\":5729.0242879493,\"2\":3864.7591743116,\"3\":5207.2989292078,\"4\":3846.0823914686,\"5\":5358.9757120507,\"6\":4548.2408256884,\"7\":4775.7010707922},\"ret\":{\"8\":-0.000162393,\"9\":-0.0000265937,\"10\":-0.0008045786,\"11\":0.001007276,\"12\":0.0001629181,\"13\":0.000026603,\"14\":0.0008163916,\"15\":-0.0009925318,\"0\":0.0001629234,\"1\":0.0000266028,\"2\":0.0008172846,\"3\":-0.0009930847,\"4\":-0.0001624043,\"5\":-0.0000265933,\"6\":-0.0008056019,\"7\":0.0010079956}}", "formula": "count ~ strand * mut * base - strand : mut : base", "deviance": 8.05399550879712}, "pos2": {"rel_entropy": 1.3196681289911312e-05, "prob": 0.5806456348103255, "df": 3, "stats": "{\"strand\":{\"8\":\"+\",\"9\":\"+\",\"10\":\"+\",\"11\":\"+\",\"12\":\"+\",\"13\":\"+\",\"14\":\"+\",\"15\":\"+\",\"0\":\"-\",\"1\":\"-\",\"2\":\"-\",\"3\":\"-\",\"4\":\"-\",\"5\":\"-\",\"6\":\"-\",\"7\":\"-\"},\"mut\":{\"8\":\"M\",\"9\":\"M\",\"10\":\"M\",\"11\":\"M\",\"12\":\"R\",\"13\":\"R\",\"14\":\"R\",\"15\":\"R\",\"0\":\"M\",\"1\":\"M\",\"2\":\"M\",\"3\":\"M\",\"4\":\"R\",\"5\":\"R\",\"6\":\"R\",\"7\":\"R\"},\"base\":{\"8\":\"A\",\"9\":\"C\",\"10\":\"G\",\"11\":\"T\",\"12\":\"A\",\"13\":\"C\",\"14\":\"G\",\"15\":\"T\",\"0\":\"A\",\"1\":\"C\",\"2\":\"G\",\"3\":\"T\",\"4\":\"A\",\"5\":\"C\",\"6\":\"G\",\"7\":\"T\"},\"count\":{\"8\":4235,\"9\":5227,\"10\":3026,\"11\":6123,\"12\":5672,\"13\":5448,\"14\":1771,\"15\":5720,\"0\":4355,\"1\":5096,\"2\":2954,\"3\":6124,\"4\":5669,\"5\":5442,\"6\":1750,\"7\":5668},\"fitted\":{\"8\":4267.2230715172,\"9\":5192.0544088823,\"10\":3018.1049106296,\"11\":6133.6176089709,\"12\":5639.7769284828,\"13\":5482.9455911177,\"14\":1778.8950893704,\"15\":5709.3823910291,\"0\":4322.7769284828,\"1\":5130.9455911177,\"2\":2961.8950893704,\"3\":6113.3823910291,\"4\":5701.2230715172,\"5\":5407.0544088823,\"6\":1742.1049106296,\"7\":5678.6176089709},\"ret\":{\"8\":-0.0004321635,\"9\":0.0004720373,\"10\":0.0001064271,\"11\":-0.0001428166,\"12\":0.0004350424,\"13\":-0.0004689552,\"14\":-0.000106052,\"15\":0.0001430732,\"0\":0.0004354183,\"1\":-0.0004688519,\"2\":-0.0001061464,\"3\":0.0001430644,\"4\":-0.0004325772,\"5\":0.0004719746,\"6\":0.0001065287,\"7\":-0.0001428066}}", "formula": "count ~ strand * mut * base - strand : mut : base", "deviance": 1.9604989724292246}}