{"pos2": {"stats": "{\"strand\":{\"0\":\"+\",\"1\":\"+\",\"2\":\"+\",\"3\":\"+\",\"4\":\"+\",\"5\":\"+\",\"6\":\"+\",\"7\":\"+\",\"8\":\"-\",\"9\":\"-\",\"10\":\"-\",\"11\":\"-\",\"12\":\"-\",\"13\":\"-\",\"14\":\"-\",\"15\":\"-\"},\"mut\":{\"0\":\"M\",\"1\":\"M\",\"2\":\"M\",\"3\":\"M\",\"4\":\"R\",\"5\":\"R\",\"6\":\"R\",\"7\":\"R\",\"8\":\"M\",\"9\":\"M\",\"10\":\"M\",\"11\":\"M\",\"12\":\"R\",\"13\":\"R\",\"14\":\"R\",\"15\":\"R\"},\"base\":{\"0\":\"A\",\"1\":\"C\",\"2\":\"G\",\"3\":\"T\",\"4\":\"A\",\"5\":\"C\",\"6\":\"G\",\"7\":\"T\",\"8\":\"A\",\"9\":\"C\",\"10\":\"G\",\"11\":\"T\",\"12\":\"A\",\"13\":\"C\",\"14\":\"G\",\"15\":\"T\"},\"count\":{\"0\":4235,\"1\":5227,\"2\":3026,\"3\":6123,\"4\":5672,\"5\":5448,\"6\":1771,\"7\":5720,\"8\":4355,\"9\":5096,\"10\":2954,\"11\":6124,\"12\":5669,\"13\":5442,\"14\":1750,\"15\":5668},\"fitted\":{\"0\":4267.2230715172,\"1\":5192.0544088823,\"2\":3018.1049106296,\"3\":6133.6176089709,\"4\":5639.7769284828,\"5\":5482.9455911177,\"6\":1778.8950893704,\"7\":5709.3823910291,\"8\":4322.7769284828,\"9\":5130.9455911177,\"10\":2961.8950893704,\"11\":6113.3823910291,\"12\":5701.2230715172,\"13\":5407.0544088823,\"14\":1742.1049106296,\"15\":5678.6176089709},\"ret\":{\"0\":-0.0004321635,\"1\":0.0004720373,\"2\":0.0001064271,\"3\":-0.0001428166,\"4\":0.0004350424,\"5\":-0.0004689552,\"6\":-0.000106052,\"7\":0.0001430732,\"8\":0.0004354183,\"9\":-0.0004688519,\"10\":-0.0001061464,\"11\":0.0001430644,\"12\":-0.0004325772,\"13\":0.0004719746,\"14\":0.0001065287,\"15\":-0.0001428066}}", "deviance": 1.9604989724265867, "df": 3, "rel_entropy": 1.3196681289893557e-05, "formula": "count ~ strand * mut * base - strand : mut : base", "prob": 0.58064563481087839}, "pos3": {"stats": "{\"strand\":{\"0\":\"+\",\"1\":\"+\",\"2\":\"+\",\"3\":\"+\",\"4\":\"+\",\"5\":\"+\",\"6\":\"+\",\"7\":\"+\",\"8\":\"-\",\"9\":\"-\",\"10\":\"-\",\"11\":\"-\",\"12\":\"-\",\"13\":\"-\",\"14\":\"-\",\"15\":\"-\"},\"mut\":{\"0\":\"M\",\"1\":\"M\",\"2\":\"M\",\"3\":\"M\",\"4\":\"R\",\"5\":\"R\",\"6\":\"R\",\"7\":\"R\",\"8\":\"M\",\"9\":\"M\",\"10\":\"M\",\"11\":\"M\",\"12\":\"R\",\"13\":\"R\",\"14\":\"R\",\"15\":\"R\"},\"base\":{\"0\":\"A\",\"1\":\"C\",\"2\":\"G\",\"3\":\"T\",\"4\":\"A\",\"5\":\"C\",\"6\":\"G\",\"7\":\"T\",\"8\":\"A\",\"9\":\"C\",\"10\":\"G\",\"11\":\"T\",\"12\":\"A\",\"13\":\"C\",\"14\":\"G\",\"15\":\"T\"},\"count\":{\"0\":4444,\"1\":4417,\"2\":5630,\"3\":4120,\"4\":3849,\"5\":4995,\"6\":4973,\"7\":4794,\"8\":4445,\"9\":4370,\"10\":5609,\"11\":4105,\"12\":3942,\"13\":4812,\"14\":5042,\"15\":4733},\"fitted\":{\"0\":4420.9763054669,\"1\":4449.545846029,\"2\":5608.7519181391,\"3\":4131.7259303649,\"4\":3872.0236945331,\"5\":4962.4541539709,\"6\":4994.2480818609,\"7\":4782.2740696351,\"8\":4468.0236945331,\"9\":4337.4541539709,\"10\":5630.2480818609,\"11\":4093.2740696351,\"12\":3918.9763054669,\"13\":4844.545846029,\"14\":5020.7519181391,\"15\":4744.7259303649},\"ret\":{\"0\":0.0003107639,\"1\":-0.0004365445,\"2\":0.000286595,\"3\":-0.000157637,\"4\":-0.0003090348,\"5\":0.0004395845,\"6\":-0.0002854445,\"7\":0.0001580546,\"8\":-0.0003091582,\"9\":0.0004397906,\"10\":-0.0002855134,\"11\":0.0001580871,\"12\":0.0003108669,\"13\":-0.0004366758,\"14\":0.0002866583,\"15\":-0.000157666}}", "deviance": 1.8906768702303616, "df": 3, "rel_entropy": 1.2726688679525858e-05, "formula": "count ~ strand * mut * base - strand : mut : base", "prob": 0.59540411906287649}, "pos0": {"stats": "{\"strand\":{\"0\":\"+\",\"1\":\"+\",\"2\":\"+\",\"3\":\"+\",\"4\":\"+\",\"5\":\"+\",\"6\":\"+\",\"7\":\"+\",\"8\":\"-\",\"9\":\"-\",\"10\":\"-\",\"11\":\"-\",\"12\":\"-\",\"13\":\"-\",\"14\":\"-\",\"15\":\"-\"},\"mut\":{\"0\":\"M\",\"1\":\"M\",\"2\":\"M\",\"3\":\"M\",\"4\":\"R\",\"5\":\"R\",\"6\":\"R\",\"7\":\"R\",\"8\":\"M\",\"9\":\"M\",\"10\":\"M\",\"11\":\"M\",\"12\":\"R\",\"13\":\"R\",\"14\":\"R\",\"15\":\"R\"},\"base\":{\"0\":\"A\",\"1\":\"C\",\"2\":\"G\",\"3\":\"T\",\"4\":\"A\",\"5\":\"C\",\"6\":\"G\",\"7\":\"T\",\"8\":\"A\",\"9\":\"C\",\"10\":\"G\",\"11\":\"T\",\"12\":\"A\",\"13\":\"C\",\"14\":\"G\",\"15\":\"T\"},\"count\":{\"0\":4868,\"1\":5909,\"2\":4299,\"3\":3535,\"4\":4237,\"5\":4708,\"6\":4589,\"7\":5077,\"8\":4984,\"9\":5752,\"10\":4232,\"11\":3561,\"12\":4236,\"13\":4793,\"14\":4571,\"15\":4929},\"fitted\":{\"0\":4896.642549387,\"1\":5852.1256699775,\"2\":4287.5033507545,\"3\":3574.7284298809,\"4\":4208.3574506129,\"5\":4764.8743300225,\"6\":4600.4966492455,\"7\":5037.2715701191,\"8\":4955.3574506129,\"9\":5808.8743300225,\"10\":4243.4966492455,\"11\":3521.2715701191,\"12\":4264.6425493871,\"13\":4736.1256699775,\"14\":4559.5033507545,\"15\":4968.7284298809},\"ret\":{\"0\":-0.0003844725,\"1\":0.0007693835,\"2\":0.0001549818,\"3\":-0.0005318638,\"4\":0.0003869117,\"5\":-0.000761087,\"6\":-0.0001545809,\"7\":0.0005369505,\"8\":0.0003867147,\"9\":-0.0007619142,\"10\":-0.0001545646,\"11\":0.0005378528,\"12\":-0.0003843046,\"13\":0.0007702539,\"14\":0.0001549695,\"15\":-0.000532703}}", "deviance": 4.832338635778353, "df": 3, "rel_entropy": 3.2527858345303934e-05, "formula": "count ~ strand * mut * base - strand : mut : base", "prob": 0.18449393726589106}, "pos1": {"stats": "{\"strand\":{\"0\":\"+\",\"1\":\"+\",\"2\":\"+\",\"3\":\"+\",\"4\":\"+\",\"5\":\"+\",\"6\":\"+\",\"7\":\"+\",\"8\":\"-\",\"9\":\"-\",\"10\":\"-\",\"11\":\"-\",\"12\":\"-\",\"13\":\"-\",\"14\":\"-\",\"15\":\"-\"},\"mut\":{\"0\":\"M\",\"1\":\"M\",\"2\":\"M\",\"3\":\"M\",\"4\":\"R\",\"5\":\"R\",\"6\":\"R\",\"7\":\"R\",\"8\":\"M\",\"9\":\"M\",\"10\":\"M\",\"11\":\"M\",\"12\":\"R\",\"13\":\"R\",\"14\":\"R\",\"15\":\"R\"},\"base\":{\"0\":\"A\",\"1\":\"C\",\"2\":\"G\",\"3\":\"T\",\"4\":\"A\",\"5\":\"C\",\"6\":\"G\",\"7\":\"T\",\"8\":\"A\",\"9\":\"C\",\"10\":\"G\",\"11\":\"T\",\"12\":\"A\",\"13\":\"C\",\"14\":\"G\",\"15\":\"T\"},\"count\":{\"0\":3671,\"1\":5832,\"2\":3766,\"3\":5342,\"4\":3816,\"5\":5465,\"6\":4568,\"7\":4762,\"8\":3740,\"9\":5731,\"10\":3925,\"11\":5133,\"12\":3834,\"13\":5357,\"14\":4488,\"15\":4850},\"fitted\":{\"0\":3683.0823914686,\"1\":5833.9757120507,\"2\":3826.2408256884,\"3\":5267.7010707922,\"4\":3803.9176085313,\"5\":5463.0242879493,\"6\":4507.7591743115,\"7\":4836.2989292078,\"8\":3727.9176085313,\"9\":5729.0242879493,\"10\":3864.7591743115,\"11\":5207.2989292077,\"12\":3846.0823914686,\"13\":5358.9757120507,\"14\":4548.2408256884,\"15\":4775.7010707922},\"ret\":{\"0\":-0.000162393,\"1\":-0.0000265937,\"2\":-0.0008045786,\"3\":0.001007276,\"4\":0.0001629181,\"5\":0.000026603,\"6\":0.0008163916,\"7\":-0.0009925318,\"8\":0.0001629234,\"9\":0.0000266028,\"10\":0.0008172846,\"11\":-0.0009930847,\"12\":-0.0001624043,\"13\":-0.0000265933,\"14\":-0.0008056019,\"15\":0.0010079956}}", "deviance": 8.053995508794445, "df": 3, "rel_entropy": 5.421375544422755e-05, "formula": "count ~ strand * mut * base - strand : mut : base", "prob": 0.044908863028498766}}