{"pos2": {"prob": 0.9373162534114995, "deviance": 0.4140921150189856, "rel_entropy": 6.174529662447433e-08, "df": 3, "stats": "{\"group\":{\"0\":\"1\",\"1\":\"1\",\"2\":\"1\",\"3\":\"1\",\"4\":\"1\",\"5\":\"1\",\"6\":\"1\",\"7\":\"1\",\"8\":\"2\",\"9\":\"2\",\"10\":\"2\",\"11\":\"2\",\"12\":\"2\",\"13\":\"2\",\"14\":\"2\",\"15\":\"2\"},\"mut\":{\"0\":\"M\",\"1\":\"M\",\"2\":\"M\",\"3\":\"M\",\"4\":\"R\",\"5\":\"R\",\"6\":\"R\",\"7\":\"R\",\"8\":\"M\",\"9\":\"M\",\"10\":\"M\",\"11\":\"M\",\"12\":\"R\",\"13\":\"R\",\"14\":\"R\",\"15\":\"R\"},\"base\":{\"0\":\"A\",\"1\":\"C\",\"2\":\"G\",\"3\":\"T\",\"4\":\"A\",\"5\":\"C\",\"6\":\"G\",\"7\":\"T\",\"8\":\"A\",\"9\":\"C\",\"10\":\"G\",\"11\":\"T\",\"12\":\"A\",\"13\":\"C\",\"14\":\"G\",\"15\":\"T\"},\"count\":{\"0\":331162,\"1\":326069,\"2\":414960,\"3\":469673,\"4\":434912,\"5\":332597,\"6\":401432,\"7\":372923,\"8\":25681,\"9\":32414,\"10\":41725,\"11\":34930,\"12\":33688,\"13\":32995,\"14\":40233,\"15\":27834},\"fitted\":{\"0\":331165.3012879418,\"1\":326086.1833510762,\"2\":415004.0658112576,\"3\":469608.4495497243,\"4\":434908.6987120581,\"5\":332579.8166489249,\"6\":401387.9341887424,\"7\":372987.550450276,\"8\":25677.6987120577,\"9\":32396.816648924,\"10\":41680.9341887424,\"11\":34994.5504502758,\"12\":33691.3012879422,\"13\":33012.183351076,\"14\":40277.0658112576,\"15\":27769.4495497241},\"ret\":{\"0\":-0.0000009845,\"1\":-0.0000051243,\"2\":-0.0000131406,\"3\":0.0000192516,\"4\":0.0000009845,\"5\":0.0000051246,\"6\":0.000013142,\"7\":-0.0000192486,\"8\":0.0000009846,\"9\":0.0000051258,\"10\":0.0000131483,\"11\":-0.0000192325,\"12\":-0.0000009845,\"13\":-0.0000051231,\"14\":-0.0000131341,\"15\":0.0000192726}}", "formula": "count ~ group * mut * base - group : mut : base"}, "pos0": {"prob": 1.8265121911272083e-109, "deviance": 506.53868852824746, "rel_entropy": 7.553000996774563e-05, "df": 3, "stats": "{\"group\":{\"0\":\"1\",\"1\":\"1\",\"2\":\"1\",\"3\":\"1\",\"4\":\"1\",\"5\":\"1\",\"6\":\"1\",\"7\":\"1\",\"8\":\"2\",\"9\":\"2\",\"10\":\"2\",\"11\":\"2\",\"12\":\"2\",\"13\":\"2\",\"14\":\"2\",\"15\":\"2\"},\"mut\":{\"0\":\"M\",\"1\":\"M\",\"2\":\"M\",\"3\":\"M\",\"4\":\"R\",\"5\":\"R\",\"6\":\"R\",\"7\":\"R\",\"8\":\"M\",\"9\":\"M\",\"10\":\"M\",\"11\":\"M\",\"12\":\"R\",\"13\":\"R\",\"14\":\"R\",\"15\":\"R\"},\"base\":{\"0\":\"A\",\"1\":\"C\",\"2\":\"G\",\"3\":\"T\",\"4\":\"A\",\"5\":\"C\",\"6\":\"G\",\"7\":\"T\",\"8\":\"A\",\"9\":\"C\",\"10\":\"G\",\"11\":\"T\",\"12\":\"A\",\"13\":\"C\",\"14\":\"G\",\"15\":\"T\"},\"count\":{\"0\":440271,\"1\":361098,\"2\":397027,\"3\":343468,\"4\":431934,\"5\":361454,\"6\":364853,\"7\":383623,\"8\":31488,\"9\":42086,\"10\":36434,\"11\":24742,\"12\":33953,\"13\":36924,\"14\":35480,\"15\":28393},\"fitted\":{\"0\":438926.9111694697,\"1\":363551.3239567909,\"2\":396175.9626108909,\"3\":343209.8022628559,\"4\":433278.088830537,\"5\":359000.6760432106,\"6\":365704.0373891097,\"7\":383881.1977371452,\"8\":32832.0888305379,\"9\":39632.6760432761,\"10\":37285.0373891092,\"11\":25000.1977371441,\"12\":32608.9111694662,\"13\":39377.323956862,\"14\":34628.9626108909,\"15\":28134.8022628559},\"ret\":{\"0\":0.0004014474,\"1\":-0.0007291564,\"2\":0.0002540689,\"3\":0.0000770287,\"4\":-0.0004002119,\"5\":0.0007341247,\"6\":-0.0002535009,\"7\":-0.0000769739,\"8\":-0.0003925153,\"9\":0.0007538218,\"10\":-0.0002508777,\"11\":-0.0000766008,\"12\":0.000408984,\"13\":-0.0007083505,\"14\":0.0002568899,\"15\":0.000077352}}", "formula": "count ~ group * mut * base - group : mut : base"}, "pos3": {"prob": 3.625131076274911e-82, "deviance": 380.5434270358119, "rel_entropy": 5.674285002925716e-05, "df": 3, "stats": "{\"group\":{\"0\":\"1\",\"1\":\"1\",\"2\":\"1\",\"3\":\"1\",\"4\":\"1\",\"5\":\"1\",\"6\":\"1\",\"7\":\"1\",\"8\":\"2\",\"9\":\"2\",\"10\":\"2\",\"11\":\"2\",\"12\":\"2\",\"13\":\"2\",\"14\":\"2\",\"15\":\"2\"},\"mut\":{\"0\":\"M\",\"1\":\"M\",\"2\":\"M\",\"3\":\"M\",\"4\":\"R\",\"5\":\"R\",\"6\":\"R\",\"7\":\"R\",\"8\":\"M\",\"9\":\"M\",\"10\":\"M\",\"11\":\"M\",\"12\":\"R\",\"13\":\"R\",\"14\":\"R\",\"15\":\"R\"},\"base\":{\"0\":\"A\",\"1\":\"C\",\"2\":\"G\",\"3\":\"T\",\"4\":\"A\",\"5\":\"C\",\"6\":\"G\",\"7\":\"T\",\"8\":\"A\",\"9\":\"C\",\"10\":\"G\",\"11\":\"T\",\"12\":\"A\",\"13\":\"C\",\"14\":\"G\",\"15\":\"T\"},\"count\":{\"0\":445786,\"1\":325243,\"2\":403041,\"3\":367794,\"4\":447169,\"5\":332562,\"6\":365422,\"7\":396711,\"8\":32236,\"9\":37454,\"10\":35312,\"11\":29748,\"12\":34347,\"13\":34829,\"14\":35134,\"15\":30440},\"fitted\":{\"0\":444890.0520405112,\"1\":326828.1490058363,\"2\":401582.8658415686,\"3\":368562.9331120897,\"4\":448064.9479594924,\"5\":330976.8509941659,\"6\":366880.1341584332,\"7\":395942.0668879116,\"8\":33131.9479594919,\"9\":35868.8509941688,\"10\":36770.1341584345,\"11\":28979.0668879114,\"12\":33451.0520405085,\"13\":36414.1490058392,\"14\":33675.8658415705,\"15\":31208.9331120889},\"ret\":{\"0\":0.0002674586,\"1\":-0.0004715751,\"2\":0.0004356334,\"3\":-0.0002290719,\"4\":-0.0002669224,\"5\":0.0004738535,\"6\":-0.0004339796,\"7\":0.0002295338,\"8\":-0.000263544,\"9\":0.0004830182,\"10\":-0.0004261067,\"11\":0.000232327,\"12\":0.0002707364,\"13\":-0.0004622816,\"14\":0.0004441261,\"15\":-0.0002264629}}", "formula": "count ~ group * mut * base - group : mut : base"}, "pos1": {"prob": 2.3385153905593234e-178, "deviance": 824.2866180889566, "rel_entropy": 0.00012290942013023817, "df": 3, "stats": "{\"group\":{\"0\":\"1\",\"1\":\"1\",\"2\":\"1\",\"3\":\"1\",\"4\":\"1\",\"5\":\"1\",\"6\":\"1\",\"7\":\"1\",\"8\":\"2\",\"9\":\"2\",\"10\":\"2\",\"11\":\"2\",\"12\":\"2\",\"13\":\"2\",\"14\":\"2\",\"15\":\"2\"},\"mut\":{\"0\":\"M\",\"1\":\"M\",\"2\":\"M\",\"3\":\"M\",\"4\":\"R\",\"5\":\"R\",\"6\":\"R\",\"7\":\"R\",\"8\":\"M\",\"9\":\"M\",\"10\":\"M\",\"11\":\"M\",\"12\":\"R\",\"13\":\"R\",\"14\":\"R\",\"15\":\"R\"},\"base\":{\"0\":\"A\",\"1\":\"C\",\"2\":\"G\",\"3\":\"T\",\"4\":\"A\",\"5\":\"C\",\"6\":\"G\",\"7\":\"T\",\"8\":\"A\",\"9\":\"C\",\"10\":\"G\",\"11\":\"T\",\"12\":\"A\",\"13\":\"C\",\"14\":\"G\",\"15\":\"T\"},\"count\":{\"0\":326227,\"1\":601720,\"2\":285404,\"3\":328513,\"4\":521613,\"5\":79769,\"6\":403041,\"7\":537441,\"8\":18068,\"9\":83147,\"10\":18182,\"11\":15353,\"12\":40352,\"13\":12619,\"14\":40128,\"15\":41651},\"fitted\":{\"0\":326543.2239709932,\"1\":603992.3223025395,\"2\":284397.533351595,\"3\":326930.9203748841,\"4\":521296.7760290118,\"5\":77496.6776977751,\"6\":404047.4666484083,\"7\":539023.079625117,\"8\":17751.7760290414,\"9\":80874.677697742,\"10\":19188.4666484324,\"11\":16935.0796251179,\"12\":40668.2239710174,\"13\":14891.3223031131,\"14\":39121.533351633,\"15\":40068.9203750419},\"ret\":{\"0\":-0.0000942587,\"1\":-0.0006763759,\"2\":0.0003006791,\"3\":0.0004729477,\"4\":0.0000943329,\"5\":0.0006874914,\"6\":-0.0002997744,\"7\":-0.0004711149,\"8\":0.0000951394,\"9\":0.0006870842,\"10\":-0.0002921356,\"11\":-0.0004490495,\"12\":-0.0000939368,\"13\":-0.0006230985,\"14\":0.0003039768,\"15\":0.0004810021}}", "formula": "count ~ group * mut * base - group : mut : base"}}