{"('pos1', 'pos3')": {"formula": "count ~ mut * base1 * base2 - mut : base1 : base2", "prob": 1.5977183126628346e-62, "df": 9, "rel_entropy": 7.809501871841537e-05, "stats": "{\"mut\":{\"0\":\"M\",\"1\":\"M\",\"2\":\"M\",\"3\":\"M\",\"4\":\"M\",\"5\":\"M\",\"6\":\"M\",\"7\":\"M\",\"8\":\"M\",\"9\":\"M\",\"10\":\"M\",\"11\":\"M\",\"12\":\"M\",\"13\":\"M\",\"14\":\"M\",\"15\":\"M\",\"16\":\"R\",\"17\":\"R\",\"18\":\"R\",\"19\":\"R\",\"20\":\"R\",\"21\":\"R\",\"22\":\"R\",\"23\":\"R\",\"24\":\"R\",\"25\":\"R\",\"26\":\"R\",\"27\":\"R\",\"28\":\"R\",\"29\":\"R\",\"30\":\"R\",\"31\":\"R\"},\"base1\":{\"0\":\"A\",\"1\":\"A\",\"2\":\"A\",\"3\":\"A\",\"4\":\"C\",\"5\":\"C\",\"6\":\"C\",\"7\":\"C\",\"8\":\"G\",\"9\":\"G\",\"10\":\"G\",\"11\":\"G\",\"12\":\"T\",\"13\":\"T\",\"14\":\"T\",\"15\":\"T\",\"16\":\"A\",\"17\":\"A\",\"18\":\"A\",\"19\":\"A\",\"20\":\"C\",\"21\":\"C\",\"22\":\"C\",\"23\":\"C\",\"24\":\"G\",\"25\":\"G\",\"26\":\"G\",\"27\":\"G\",\"28\":\"T\",\"29\":\"T\",\"30\":\"T\",\"31\":\"T\"},\"base2\":{\"0\":\"A\",\"1\":\"C\",\"2\":\"G\",\"3\":\"T\",\"4\":\"A\",\"5\":\"C\",\"6\":\"G\",\"7\":\"T\",\"8\":\"A\",\"9\":\"C\",\"10\":\"G\",\"11\":\"T\",\"12\":\"A\",\"13\":\"C\",\"14\":\"G\",\"15\":\"T\",\"16\":\"A\",\"17\":\"C\",\"18\":\"G\",\"19\":\"T\",\"20\":\"A\",\"21\":\"C\",\"22\":\"G\",\"23\":\"T\",\"24\":\"A\",\"25\":\"C\",\"26\":\"G\",\"27\":\"T\",\"28\":\"A\",\"29\":\"C\",\"30\":\"G\",\"31\":\"T\"},\"count\":{\"0\":75778,\"1\":72647,\"2\":67655,\"3\":100027,\"4\":61477,\"5\":68295,\"6\":58319,\"7\":72593,\"8\":52087,\"9\":49445,\"10\":46317,\"11\":61738,\"12\":50881,\"13\":57009,\"14\":43415,\"15\":71151,\"16\":69694,\"17\":54224,\"18\":53427,\"19\":76856,\"20\":64461,\"21\":58460,\"22\":58980,\"23\":67262,\"24\":54624,\"25\":42505,\"26\":48991,\"27\":59052,\"28\":75542,\"29\":72471,\"30\":59307,\"31\":92978},\"fitted\":{\"0\":77060.0313170415,\"1\":73205.190078432,\"2\":66249.907280002,\"3\":99591.8713245245,\"4\":61226.4241050296,\"5\":67683.4419972265,\"6\":59082.3317410125,\"7\":72691.8021567316,\"8\":51318.183931019,\"9\":48616.7640007707,\"10\":47504.2881637542,\"11\":62147.7639044563,\"12\":50618.3606469095,\"13\":57890.6039235711,\"14\":42869.4728152316,\"15\":71077.5626142882,\"16\":68411.968682958,\"17\":53665.8099215682,\"18\":54832.0927199983,\"19\":77291.128675476,\"20\":64711.5758949706,\"21\":59071.5580027737,\"22\":58216.6682589878,\"23\":67163.1978432687,\"24\":55392.8160689812,\"25\":43333.2359992295,\"26\":47803.711836246,\"27\":58642.236095544,\"28\":75804.6393530908,\"29\":71589.3960764293,\"30\":59852.5271847685,\"31\":93051.437385712},\"ret\":{\"0\":-0.0006300874,\"1\":-0.0002755937,\"2\":0.0007037277,\"3\":0.0002161296,\"4\":0.0001244446,\"5\":0.0003044666,\"6\":-0.0003758692,\"7\":-0.0000489352,\"8\":0.000383882,\"9\":0.0004139686,\"10\":-0.0005810301,\"11\":-0.0002024169,\"12\":0.0001305069,\"13\":-0.0004335979,\"14\":0.0002720882,\"15\":0.000036416,\"16\":0.0006413193,\"17\":0.0002780849,\"18\":-0.0006873945,\"19\":-0.000215051,\"20\":-0.0001239501,\"21\":-0.000301527,\"22\":0.0003807933,\"23\":0.0000490045,\"24\":-0.0003783853,\"25\":-0.0004065436,\"26\":0.0005956935,\"27\":0.0002037958,\"28\":-0.000129944,\"29\":0.0004396215,\"30\":-0.0002691392,\"31\":-0.0000363828}}", "deviance": 315.1396404550954}, "('pos2', 'pos3')": {"formula": "count ~ mut * base1 * base2 - mut : base1 : base2", "prob": 0, "df": 9, "rel_entropy": 0.0004869453112406235, "stats": "{\"mut\":{\"0\":\"M\",\"1\":\"M\",\"2\":\"M\",\"3\":\"M\",\"4\":\"M\",\"5\":\"M\",\"6\":\"M\",\"7\":\"M\",\"8\":\"M\",\"9\":\"M\",\"10\":\"M\",\"11\":\"M\",\"12\":\"M\",\"13\":\"M\",\"14\":\"M\",\"15\":\"M\",\"16\":\"R\",\"17\":\"R\",\"18\":\"R\",\"19\":\"R\",\"20\":\"R\",\"21\":\"R\",\"22\":\"R\",\"23\":\"R\",\"24\":\"R\",\"25\":\"R\",\"26\":\"R\",\"27\":\"R\",\"28\":\"R\",\"29\":\"R\",\"30\":\"R\",\"31\":\"R\"},\"base1\":{\"0\":\"A\",\"1\":\"A\",\"2\":\"A\",\"3\":\"A\",\"4\":\"C\",\"5\":\"C\",\"6\":\"C\",\"7\":\"C\",\"8\":\"G\",\"9\":\"G\",\"10\":\"G\",\"11\":\"G\",\"12\":\"T\",\"13\":\"T\",\"14\":\"T\",\"15\":\"T\",\"16\":\"A\",\"17\":\"A\",\"18\":\"A\",\"19\":\"A\",\"20\":\"C\",\"21\":\"C\",\"22\":\"C\",\"23\":\"C\",\"24\":\"G\",\"25\":\"G\",\"26\":\"G\",\"27\":\"G\",\"28\":\"T\",\"29\":\"T\",\"30\":\"T\",\"31\":\"T\"},\"base2\":{\"0\":\"A\",\"1\":\"C\",\"2\":\"G\",\"3\":\"T\",\"4\":\"A\",\"5\":\"C\",\"6\":\"G\",\"7\":\"T\",\"8\":\"A\",\"9\":\"C\",\"10\":\"G\",\"11\":\"T\",\"12\":\"A\",\"13\":\"C\",\"14\":\"G\",\"15\":\"T\",\"16\":\"A\",\"17\":\"C\",\"18\":\"G\",\"19\":\"T\",\"20\":\"A\",\"21\":\"C\",\"22\":\"G\",\"23\":\"T\",\"24\":\"A\",\"25\":\"C\",\"26\":\"G\",\"27\":\"T\",\"28\":\"A\",\"29\":\"C\",\"30\":\"G\",\"31\":\"T\"},\"count\":{\"0\":51036,\"1\":49835,\"2\":57739,\"3\":70955,\"4\":60083,\"5\":53439,\"6\":6054,\"7\":71140,\"8\":84626,\"9\":81693,\"10\":97108,\"11\":89620,\"12\":44478,\"13\":62429,\"14\":54805,\"15\":73794,\"16\":97836,\"17\":74231,\"18\":99541,\"19\":96452,\"20\":90514,\"21\":61449,\"22\":11234,\"23\":86193,\"24\":9673,\"25\":9095,\"26\":10729,\"27\":11271,\"28\":66298,\"29\":82885,\"30\":99201,\"31\":102232},\"fitted\":{\"0\":53967.8151096119,\"1\":51007.7445385447,\"2\":56136.7583387465,\"3\":68452.6820131002,\"4\":60741.1748810329,\"5\":52106.1123165177,\"6\":6872.1502583056,\"7\":70996.5625441448,\"8\":83755.3066751017,\"9\":82344.9378136727,\"10\":95517.2661148447,\"11\":91429.4893963831,\"12\":41758.703334257,\"13\":61937.2053312661,\"14\":57179.8252881043,\"15\":74630.2660463738,\"16\":94904.184890391,\"17\":73058.2554614559,\"18\":101143.2416612545,\"19\":98954.3179869006,\"20\":89855.8251189679,\"21\":62781.8876834827,\"22\":10415.8497416944,\"23\":86336.437455856,\"24\":10543.6933248989,\"25\":8443.0621863278,\"26\":12319.733885156,\"27\":9461.5106036176,\"28\":69017.2966657434,\"29\":83376.7946687343,\"30\":96826.1747118963,\"31\":101395.7339536271},\"ret\":{\"0\":-0.0014128671,\"1\":-0.000574504,\"2\":0.000805332,\"3\":0.0012625999,\"4\":-0.000324432,\"5\":0.0006689862,\"6\":-0.0003803361,\"7\":0.0000711625,\"8\":0.0004337698,\"9\":-0.0003218321,\"10\":0.000794931,\"11\":-0.0008878885,\"12\":0.0013907017,\"13\":0.0002447092,\"14\":-0.0011522271,\"15\":-0.0004121407,\"16\":0.0014752879,\"17\":0.0005858779,\"18\":-0.0007877824,\"19\":-0.0012243883,\"20\":0.0003273975,\"21\":-0.0006535454,\"22\":0.0004210171,\"23\":-0.0000710316,\"24\":-0.0004132047,\"25\":0.0003352801,\"26\":-0.0007351585,\"27\":0.0009775822,\"28\":-0.001320836,\"29\":-0.0002430238,\"30\":0.0011913325,\"31\":0.0004161761}}", "deviance": 1964.9879444804928}, "('pos0', 'pos3')": {"formula": "count ~ mut * base1 * base2 - mut : base1 : base2", "prob": 1.6612773958434022e-70, "df": 9, "rel_entropy": 8.739945048299098e-05,