{"pos2": {"stats": "{\"mut\":{\"0\":\"M\",\"1\":\"M\",\"2\":\"M\",\"3\":\"M\",\"4\":\"R\",\"5\":\"R\",\"6\":\"R\",\"7\":\"R\"},\"base\":{\"0\":\"A\",\"1\":\"C\",\"2\":\"G\",\"3\":\"T\",\"4\":\"A\",\"5\":\"C\",\"6\":\"G\",\"7\":\"T\"},\"count\":{\"0\":1089,\"1\":505,\"2\":778,\"3\":839,\"4\":916,\"5\":636,\"6\":841,\"7\":818},\"fitted\":{\"0\":1002.5,\"1\":570.5,\"2\":809.5,\"3\":828.5,\"4\":1002.5,\"5\":570.5,\"6\":809.5,\"7\":828.5},\"ret\":{\"0\":0.0140343923,\"1\":-0.0095900255,\"2\":-0.0048083173,\"3\":0.0016453218,\"4\":-0.0128707549,\"5\":0.0107636111,\"6\":0.0049992339,\"7\":-0.0016246}}", "deviance": 32.73757640466919, "df": 3, "rel_entropy": 0.002548861445396231, "formula": "count ~ mut * base - mut : base", "prob": 3.6584269675363548e-07}, "pos3": {"stats": "{\"mut\":{\"0\":\"M\",\"1\":\"M\",\"2\":\"M\",\"3\":\"M\",\"4\":\"R\",\"5\":\"R\",\"6\":\"R\",\"7\":\"R\"},\"base\":{\"0\":\"A\",\"1\":\"C\",\"2\":\"G\",\"3\":\"T\",\"4\":\"A\",\"5\":\"C\",\"6\":\"G\",\"7\":\"T\"},\"count\":{\"0\":761,\"1\":571,\"2\":982,\"3\":897,\"4\":1001,\"5\":648,\"6\":736,\"7\":826},\"fitted\":{\"0\":881.0,\"1\":609.5,\"2\":859.0,\"3\":861.5,\"4\":881.0,\"5\":609.5,\"6\":859.0,\"7\":861.5},\"ret\":{\"0\":-0.0173511162,\"1\":-0.0058015573,\"2\":0.0204630307,\"3\":0.005640234,\"4\":0.0199042122,\"5\":0.006180494,\"6\":-0.0177110805,\"7\":-0.0054123814}}", "deviance": 75.93161544861667, "df": 3, "rel_entropy": 0.005911835522315219, "formula": "count ~ mut * base - mut : base", "prob": 2.2878165967691619e-16}, "pos0": {"stats": "{\"mut\":{\"0\":\"M\",\"1\":\"M\",\"2\":\"M\",\"3\":\"M\",\"4\":\"R\",\"5\":\"R\",\"6\":\"R\",\"7\":\"R\"},\"base\":{\"0\":\"A\",\"1\":\"C\",\"2\":\"G\",\"3\":\"T\",\"4\":\"A\",\"5\":\"C\",\"6\":\"G\",\"7\":\"T\"},\"count\":{\"0\":779,\"1\":771,\"2\":703,\"3\":958,\"4\":943,\"5\":723,\"6\":731,\"7\":814},\"fitted\":{\"0\":861.0000000463,\"1\":747.0000000004,\"2\":717.0000000004,\"3\":886.0000000136,\"4\":861.0000000454,\"5\":746.9999999996,\"6\":716.9999999996,\"7\":886.0000000127},\"ret\":{\"0\":-0.0121403012,\"1\":0.0037965553,\"2\":-0.0021585832,\"3\":0.0116551437,\"4\":0.0133582041,\"5\":-0.0036764655,\"6\":0.0022011522,\"7\":-0.0107430489}}", "deviance": 29.44688206374906, "df": 3, "rel_entropy": 0.002292656653982331, "formula": "count ~ mut * base - mut : base", "prob": 1.8038977784784819e-06}, "pos1": {"stats": "{\"mut\":{\"0\":\"M\",\"1\":\"M\",\"2\":\"M\",\"3\":\"M\",\"4\":\"R\",\"5\":\"R\",\"6\":\"R\",\"7\":\"R\"},\"base\":{\"0\":\"A\",\"1\":\"C\",\"2\":\"G\",\"3\":\"T\",\"4\":\"A\",\"5\":\"C\",\"6\":\"G\",\"7\":\"T\"},\"count\":{\"0\":1299,\"1\":275,\"2\":776,\"3\":861,\"4\":1122,\"5\":143,\"6\":809,\"7\":1137},\"fitted\":{\"0\":1210.5,\"1\":209.0000000001,\"2\":792.5,\"3\":999.0,\"4\":1210.5,\"5\":209.0000000001,\"6\":792.5,\"7\":999.0},\"ret\":{\"0\":0.0142726645,\"1\":0.0117518114,\"2\":-0.0025423589,\"3\":-0.0199309399,\"4\":-0.0132642502,\"5\":-0.0084501738,\"6\":0.0025958559,\"7\":0.022908853}}", "deviance": 94.29373841180245, "df": 3, "rel_entropy": 0.007341462037667584, "formula": "count ~ mut * base - mut : base", "prob": 2.6187316127019184e-20}}