{"('pos1', 'pos2')": {"stats": "{\"mut\":{\"0\":\"M\",\"1\":\"M\",\"2\":\"M\",\"3\":\"M\",\"4\":\"M\",\"5\":\"M\",\"6\":\"M\",\"7\":\"M\",\"8\":\"M\",\"9\":\"M\",\"10\":\"M\",\"11\":\"M\",\"12\":\"M\",\"13\":\"M\",\"14\":\"M\",\"15\":\"M\",\"16\":\"R\",\"17\":\"R\",\"18\":\"R\",\"19\":\"R\",\"20\":\"R\",\"21\":\"R\",\"22\":\"R\",\"23\":\"R\",\"24\":\"R\",\"25\":\"R\",\"26\":\"R\",\"27\":\"R\",\"28\":\"R\",\"29\":\"R\",\"30\":\"R\",\"31\":\"R\"},\"base1\":{\"0\":\"A\",\"1\":\"A\",\"2\":\"A\",\"3\":\"A\",\"4\":\"C\",\"5\":\"C\",\"6\":\"C\",\"7\":\"C\",\"8\":\"G\",\"9\":\"G\",\"10\":\"G\",\"11\":\"G\",\"12\":\"T\",\"13\":\"T\",\"14\":\"T\",\"15\":\"T\",\"16\":\"A\",\"17\":\"A\",\"18\":\"A\",\"19\":\"A\",\"20\":\"C\",\"21\":\"C\",\"22\":\"C\",\"23\":\"C\",\"24\":\"G\",\"25\":\"G\",\"26\":\"G\",\"27\":\"G\",\"28\":\"T\",\"29\":\"T\",\"30\":\"T\",\"31\":\"T\"},\"base2\":{\"0\":\"A\",\"1\":\"C\",\"2\":\"G\",\"3\":\"T\",\"4\":\"A\",\"5\":\"C\",\"6\":\"G\",\"7\":\"T\",\"8\":\"A\",\"9\":\"C\",\"10\":\"G\",\"11\":\"T\",\"12\":\"A\",\"13\":\"C\",\"14\":\"G\",\"15\":\"T\",\"16\":\"A\",\"17\":\"C\",\"18\":\"G\",\"19\":\"T\",\"20\":\"A\",\"21\":\"C\",\"22\":\"G\",\"23\":\"T\",\"24\":\"A\",\"25\":\"C\",\"26\":\"G\",\"27\":\"T\",\"28\":\"A\",\"29\":\"C\",\"30\":\"G\",\"31\":\"T\"},\"count\":{\"0\":503,\"1\":170,\"2\":300,\"3\":326,\"4\":82,\"5\":54,\"6\":74,\"7\":65,\"8\":239,\"9\":144,\"10\":234,\"11\":159,\"12\":265,\"13\":137,\"14\":170,\"15\":289,\"16\":357,\"17\":208,\"18\":271,\"19\":286,\"20\":28,\"21\":29,\"22\":45,\"23\":41,\"24\":225,\"25\":156,\"26\":239,\"27\":189,\"28\":306,\"29\":243,\"30\":286,\"31\":302},\"fitted\":{\"0\":494.268542037,\"1\":180.262903543,\"2\":292.0568193057,\"3\":332.4117351143,\"4\":76.8398533804,\"5\":50.6173783239,\"6\":76.4275336852,\"7\":71.1152346105,\"8\":247.859476819,\"9\":130.8474792683,\"10\":222.5265886669,\"11\":174.7664552459,\"12\":270.0321277637,\"13\":143.2722388649,\"14\":186.9890583422,\"15\":260.7065750293,\"16\":365.731457963,\"17\":197.737096457,\"18\":278.9431806943,\"19\":279.5882648857,\"20\":33.1601466196,\"21\":32.3826216761,\"22\":42.5724663148,\"23\":34.8847653895,\"24\":216.140523181,\"25\":169.1525207317,\"26\":250.4734113331,\"27\":173.2335447541,\"28\":300.9678722363,\"29\":236.7277611351,\"30\":269.0109416578,\"31\":330.2934249707},\"ret\":{\"0\":0.0013715556,\"1\":-0.0015517046,\"2\":0.0012535396,\"3\":-0.0009887102,\"4\":0.0008299061,\"5\":0.0005439443,\"6\":-0.000371935,\"7\":-0.0009100639,\"8\":-0.0013545966,\"9\":0.0021476884,\"10\":0.0018318651,\"11\":-0.002340839,\"12\":-0.0007762296,\"13\":-0.0009549822,\"14\":-0.0025214549,\"15\":0.004636562,\"16\":-0.0013432562,\"17\":0.0016388576,\"18\":-0.0012190901,\"19\":0.0010097631,\"20\":-0.000737471,\"21\":-0.0004982025,\"22\":0.0003885806,\"23\":0.0010312046,\"24\":0.001407446,\"25\":-0.0019662702,\"26\":-0.0017450208,\"27\":0.0025635475,\"28\":0.0007900908,\"29\":0.0009895061,\"30\":0.0027272766,\"31\":-0.0042113721}}", "deviance": 21.451218043748717, "df": 9, "rel_entropy": 0.001670135319507063, "formula": "count ~ mut * base1 * base2 - mut : base1 : base2", "prob": 0.010790817920472108}, "('pos1', 'pos3')": {"stats": "{\"mut\":{\"0\":\"M\",\"1\":\"M\",\"2\":\"M\",\"3\":\"M\",\"4\":\"M\",\"5\":\"M\",\"6\":\"M\",\"7\":\"M\",\"8\":\"M\",\"9\":\"M\",\"10\":\"M\",\"11\":\"M\",\"12\":\"M\",\"13\":\"M\",\"14\":\"M\",\"15\":\"M\",\"16\":\"R\",\"17\":\"R\",\"18\":\"R\",\"19\":\"R\",\"20\":\"R\",\"21\":\"R\",\"22\":\"R\",\"23\":\"R\",\"24\":\"R\",\"25\":\"R\",\"26\":\"R\",\"27\":\"R\",\"28\":\"R\",\"29\":\"R\",\"30\":\"R\",\"31\":\"R\"},\"base1\":{\"0\":\"A\",\"1\":\"A\",\"2\":\"A\",\"3\":\"A\",\"4\":\"C\",\"5\":\"C\",\"6\":\"C\",\"7\":\"C\",\"8\":\"G\",\"9\":\"G\",\"10\":\"G\",\"11\":\"G\",\"12\":\"T\",\"13\":\"T\",\"14\":\"T\",\"15\":\"T\",\"16\":\"A\",\"17\":\"A\",\"18\":\"A\",\"19\":\"A\",\"20\":\"C\",\"21\":\"C\",\"22\":\"C\",\"23\":\"C\",\"24\":\"G\",\"25\":\"G\",\"26\":\"G\",\"27\":\"G\",\"28\":\"T\",\"29\":\"T\",\"30\":\"T\",\"31\":\"T\"},\"base2\":{\"0\":\"A\",\"1\":\"C\",\"2\":\"G\",\"3\":\"T\",\"4\":\"A\",\"5\":\"C\",\"6\":\"G\",\"7\":\"T\",\"8\":\"A\",\"9\":\"C\",\"10\":\"G\",\"11\":\"T\",\"12\":\"A\",\"13\":\"C\",\"14\":\"G\",\"15\":\"T\",\"16\":\"A\",\"17\":\"C\",\"18\":\"G\",\"19\":\"T\",\"20\":\"A\",\"21\":\"C\",\"22\":\"G\",\"23\":\"T\",\"24\":\"A\",\"25\":\"C\",\"26\":\"G\",\"27\":\"T\",\"28\":\"A\",\"29\":\"C\",\"30\":\"G\",\"31\":\"T\"},\"count\":{\"0\":342,\"1\":236,\"2\":396,\"3\":325,\"4\":52,\"5\":69,\"6\":84,\"7\":70,\"8\":174,\"9\":125,\"10\":255,\"11\":222,\"12\":193,\"13\":141,\"14\":247,\"15\":280,\"16\":365,\"17\":238,\"18\":238,\"19\":281,\"20\":29,\"21\":27,\"22\":53,\"23\":34,\"24\":258,\"25\":159,\"26\":186,\"27\":206,\"28\":349,\"29\":224,\"30\":259,\"31\":305},\"fitted\":{\"0\":333.4274428862,\"1\":238.6908563041,\"2\":385.3228514465,\"3\":341.5588493631,\"4\":47.6927190721,\"5\":59.4614145096,\"6\":97.6982833869,\"7\":70.1475830314,\"8\":181.9027161809,\"9\":128.5207495417,\"10\":246.0982329856,\"11\":219.4783012918,\"12\":197.9771218608,\"13\":144.3269796445,\"14\":252.880632181,\"15\":265.8152663137,\"16\":373.5725571138,\"17\":235.3091436959,\"18\":248.6771485535,\"19\":264.4411506369,\"20\":33.3072809279,\"21\":36.5385854904,\"22\":39.3017166131,\"23\":33.8524169686,\"24\":250.0972838191,\"25\":155.4792504583,\"26\":194.9017670144,\"27\":208.5216987082,\"28\":344.0228781392,\"29\":220.6730203555,\"30\":253.119367819,\"31\":319.1847336863},\"ret\":{\"0\":0.0013518883,\"1\":-0.0004166352,\"2\":0.0016854143,\"3\":-0.0025149194,\"4\":0.0007001212,\"5\":0.0015985276,\"6\":-0.0019759645,\"7\":-0.0000229567,\"8\":-0.0012034427,\"9\":-0.0005406538,\"10\":0.0014109087,\"11\":0.0003949128,\"12\":-0.0007651867,\"13\":-0.0005120422,\"14\":-0.0009049704,\"15\":0.0022666843,\"16\":-0.0013194389,\"17\":0.0004213926,\"18\":-0.0016263749,\"19\":0.0026575518,\"20\":-0.0006253388,\"21\":-0.0012719345,\"22\":0.0024678071,\"23\":0.0000230309,\"24\":0.0012498098,\"25\":0.0005543935,\"26\":-0.0013539884,\"27\":-0.0003902817,\"28\":0.0007805906,\"29\":0.0005219455,\"30\":0.0009262567,\"31\":-0.0021589489}}", "deviance": 18.08638068292354, "df": 9, "rel_entropy": 0.0014081579479074697, "formula": "count ~ mut * base1 * base2 - mut : base1 : base2", "prob": 0.034184494016668635},