{"pos2": {"stats": "{\"mut\":{\"0\":\"M\",\"1\":\"M\",\"2\":\"M\",\"3\":\"M\",\"4\":\"R\",\"5\":\"R\",\"6\":\"R\",\"7\":\"R\"},\"base\":{\"0\":\"A\",\"1\":\"C\",\"2\":\"G\",\"3\":\"T\",\"4\":\"A\",\"5\":\"C\",\"6\":\"G\",\"7\":\"T\"},\"count\":{\"0\":878,\"1\":2196,\"2\":2384,\"3\":1460,\"4\":1223,\"5\":1734,\"6\":1978,\"7\":1983},\"fitted\":{\"0\":1050.5,\"1\":1965.0,\"2\":2181.0,\"3\":1721.5,\"4\":1050.5,\"5\":1965.0,\"6\":2181.0,\"7\":1721.5},\"ret\":{\"0\":-0.0113827107,\"1\":0.0176405776,\"2\":0.0153344239,\"3\":-0.0173857307,\"4\":0.0134392652,\"5\":-0.0156733456,\"6\":-0.0139668378,\"7\":0.0202678259}}", "deviance": 228.9433955230749, "df": 3, "rel_entropy": 0.008273467603464691, "formula": "count ~ mut * base - mut : base", "prob": 2.3402493107492369e-49}, "pos3": {"stats": "{\"mut\":{\"0\":\"M\",\"1\":\"M\",\"2\":\"M\",\"3\":\"M\",\"4\":\"R\",\"5\":\"R\",\"6\":\"R\",\"7\":\"R\"},\"base\":{\"0\":\"A\",\"1\":\"C\",\"2\":\"G\",\"3\":\"T\",\"4\":\"A\",\"5\":\"C\",\"6\":\"G\",\"7\":\"T\"},\"count\":{\"0\":1592,\"1\":1973,\"2\":1376,\"3\":1977,\"4\":1723,\"5\":1722,\"6\":1372,\"7\":2101},\"fitted\":{\"0\":1657.5,\"1\":1847.5000000065,\"2\":1374.0,\"3\":2039.0,\"4\":1657.5000000001,\"5\":1847.5000000066,\"6\":1374.0,\"7\":2039.0000000001},\"ret\":{\"0\":-0.004639232,\"1\":0.0093718717,\"2\":0.0001446556,\"3\":-0.0044122347,\"4\":0.0048263569,\"5\":-0.0087552384,\"6\":-0.0001444452,\"7\":0.0045485117}}", "deviance": 26.01847533470358, "df": 3, "rel_entropy": 0.0009402455671691089, "formula": "count ~ mut * base - mut : base", "prob": 9.45283361536623e-06}, "pos0": {"stats": "{\"mut\":{\"0\":\"M\",\"1\":\"M\",\"2\":\"M\",\"3\":\"M\",\"4\":\"R\",\"5\":\"R\",\"6\":\"R\",\"7\":\"R\"},\"base\":{\"0\":\"A\",\"1\":\"C\",\"2\":\"G\",\"3\":\"T\",\"4\":\"A\",\"5\":\"C\",\"6\":\"G\",\"7\":\"T\"},\"count\":{\"0\":1795,\"1\":1907,\"2\":1815,\"3\":1401,\"4\":1695,\"5\":1705,\"6\":1492,\"7\":2026},\"fitted\":{\"0\":1745.0,\"1\":1806.0,\"2\":1653.5,\"3\":1713.5,\"4\":1745.0,\"5\":1806.0,\"6\":1653.5,\"7\":1713.5},\"ret\":{\"0\":0.0036650468,\"1\":0.007500215,\"2\":0.0122247798,\"3\":-0.0203883973,\"4\":-0.0035614864,\"5\":-0.0070917629,\"6\":-0.0110828934,\"7\":0.0245306697}}", "deviance": 160.39164935557676, "df": 3, "rel_entropy": 0.005796171196717865, "formula": "count ~ mut * base - mut : base", "prob": 1.5087234559036141e-34}, "pos1": {"stats": "{\"mut\":{\"0\":\"M\",\"1\":\"M\",\"2\":\"M\",\"3\":\"M\",\"4\":\"R\",\"5\":\"R\",\"6\":\"R\",\"7\":\"R\"},\"base\":{\"0\":\"A\",\"1\":\"C\",\"2\":\"G\",\"3\":\"T\",\"4\":\"A\",\"5\":\"C\",\"6\":\"G\",\"7\":\"T\"},\"count\":{\"0\":2260,\"1\":1955,\"2\":1616,\"3\":1087,\"4\":1586,\"5\":2012,\"6\":1384,\"7\":1936},\"fitted\":{\"0\":1923.0,\"1\":1983.5,\"2\":1500.0,\"3\":1511.5000000001,\"4\":1923.0,\"5\":1983.5,\"6\":1500.0,\"7\":1511.5000000001},\"ret\":{\"0\":0.0263761971,\"1\":-0.002044974,\"2\":0.0087000567,\"3\":-0.0259007782,\"4\":-0.0220856281,\"5\":0.002074572,\"6\":-0.008051052,\"7\":0.0346343983}}", "deviance": 379.1836527277256, "df": 3, "rel_entropy": 0.013702791729102543, "formula": "count ~ mut * base - mut : base", "prob": 7.1420305682456259e-82}}