{"('pos1', 'pos2')": {"stats": "{\"mut\":{\"0\":\"M\",\"1\":\"M\",\"2\":\"M\",\"3\":\"M\",\"4\":\"M\",\"5\":\"M\",\"6\":\"M\",\"7\":\"M\",\"8\":\"M\",\"9\":\"M\",\"10\":\"M\",\"11\":\"M\",\"12\":\"M\",\"13\":\"M\",\"14\":\"M\",\"15\":\"M\",\"16\":\"R\",\"17\":\"R\",\"18\":\"R\",\"19\":\"R\",\"20\":\"R\",\"21\":\"R\",\"22\":\"R\",\"23\":\"R\",\"24\":\"R\",\"25\":\"R\",\"26\":\"R\",\"27\":\"R\",\"28\":\"R\",\"29\":\"R\",\"30\":\"R\",\"31\":\"R\"},\"base1\":{\"0\":\"A\",\"1\":\"A\",\"2\":\"A\",\"3\":\"A\",\"4\":\"C\",\"5\":\"C\",\"6\":\"C\",\"7\":\"C\",\"8\":\"G\",\"9\":\"G\",\"10\":\"G\",\"11\":\"G\",\"12\":\"T\",\"13\":\"T\",\"14\":\"T\",\"15\":\"T\",\"16\":\"A\",\"17\":\"A\",\"18\":\"A\",\"19\":\"A\",\"20\":\"C\",\"21\":\"C\",\"22\":\"C\",\"23\":\"C\",\"24\":\"G\",\"25\":\"G\",\"26\":\"G\",\"27\":\"G\",\"28\":\"T\",\"29\":\"T\",\"30\":\"T\",\"31\":\"T\"},\"base2\":{\"0\":\"A\",\"1\":\"C\",\"2\":\"G\",\"3\":\"T\",\"4\":\"A\",\"5\":\"C\",\"6\":\"G\",\"7\":\"T\",\"8\":\"A\",\"9\":\"C\",\"10\":\"G\",\"11\":\"T\",\"12\":\"A\",\"13\":\"C\",\"14\":\"G\",\"15\":\"T\",\"16\":\"A\",\"17\":\"C\",\"18\":\"G\",\"19\":\"T\",\"20\":\"A\",\"21\":\"C\",\"22\":\"G\",\"23\":\"T\",\"24\":\"A\",\"25\":\"C\",\"26\":\"G\",\"27\":\"T\",\"28\":\"A\",\"29\":\"C\",\"30\":\"G\",\"31\":\"T\"},\"count\":{\"0\":353,\"1\":769,\"2\":789,\"3\":349,\"4\":197,\"5\":545,\"6\":761,\"7\":452,\"8\":188,\"9\":532,\"10\":567,\"11\":329,\"12\":140,\"13\":350,\"14\":267,\"15\":330,\"16\":360,\"17\":372,\"18\":423,\"19\":431,\"20\":257,\"21\":547,\"22\":694,\"23\":514,\"24\":263,\"25\":310,\"26\":467,\"27\":344,\"28\":343,\"29\":505,\"30\":394,\"31\":694},\"fitted\":{\"0\":356.0579931147,\"1\":735.3940383343,\"2\":757.6223710767,\"3\":410.9255974742,\"4\":181.1718780485,\"5\":597.2026426438,\"6\":765.4193940175,\"7\":411.2060852903,\"8\":201.5962674794,\"9\":500.9948085058,\"10\":594.2086630214,\"11\":319.2002609934,\"12\":139.1738613574,\"13\":362.4085105161,\"14\":266.7495718844,\"15\":318.6680562421,\"16\":356.9420068853,\"17\":405.6059616657,\"18\":454.3776289233,\"19\":369.0744025258,\"20\":272.8281219515,\"21\":494.7973573562,\"22\":689.5806059825,\"23\":554.7939147097,\"24\":249.4037325206,\"25\":341.0051914942,\"26\":439.7913369786,\"27\":353.7997390066,\"28\":343.8261386426,\"29\":492.5914894839,\"30\":394.2504281156,\"31\":705.3319437579},\"ret\":{\"0\":-0.0002200653,\"1\":0.0024835492,\"2\":0.002314152,\"3\":-0.0041201031,\"4\":0.0011925583,\"5\":-0.0036030305,\"6\":-0.0003184888,\"7\":0.0030900279,\"8\":-0.0009487649,\"9\":0.0023088612,\"10\":-0.0019207858,\"11\":0.0007190411,\"12\":0.0000598862,\"13\":-0.0008812963,\"14\":0.0000181082,\"15\":0.0008334115,\"16\":0.0002219612,\"17\":-0.0023253575,\"18\":-0.002187654,\"19\":0.0048317677,\"20\":-0.001110136,\"21\":0.003965335,\"22\":0.000320434,\"23\":-0.002837233,\"24\":0.0010089847,\"25\":-0.0021357961,\"26\":0.0020261265,\"27\":-0.0006983773,\"28\":-0.0000596376,\"29\":0.0009080299,\"30\":-0.000018094,\"31\":-0.000812404}}", "deviance": 58.24984347518976, "df": 9, "rel_entropy": 0.0021050102441164268, "formula": "count ~ mut * base1 * base2 - mut : base1 : base2", "prob": 2.9104676681248324e-09}, "('pos1', 'pos3')": {"stats": "{\"mut\":{\"0\":\"M\",\"1\":\"M\",\"2\":\"M\",\"3\":\"M\",\"4\":\"M\",\"5\":\"M\",\"6\":\"M\",\"7\":\"M\",\"8\":\"M\",\"9\":\"M\",\"10\":\"M\",\"11\":\"M\",\"12\":\"M\",\"13\":\"M\",\"14\":\"M\",\"15\":\"M\",\"16\":\"R\",\"17\":\"R\",\"18\":\"R\",\"19\":\"R\",\"20\":\"R\",\"21\":\"R\",\"22\":\"R\",\"23\":\"R\",\"24\":\"R\",\"25\":\"R\",\"26\":\"R\",\"27\":\"R\",\"28\":\"R\",\"29\":\"R\",\"30\":\"R\",\"31\":\"R\"},\"base1\":{\"0\":\"A\",\"1\":\"A\",\"2\":\"A\",\"3\":\"A\",\"4\":\"C\",\"5\":\"C\",\"6\":\"C\",\"7\":\"C\",\"8\":\"G\",\"9\":\"G\",\"10\":\"G\",\"11\":\"G\",\"12\":\"T\",\"13\":\"T\",\"14\":\"T\",\"15\":\"T\",\"16\":\"A\",\"17\":\"A\",\"18\":\"A\",\"19\":\"A\",\"20\":\"C\",\"21\":\"C\",\"22\":\"C\",\"23\":\"C\",\"24\":\"G\",\"25\":\"G\",\"26\":\"G\",\"27\":\"G\",\"28\":\"T\",\"29\":\"T\",\"30\":\"T\",\"31\":\"T\"},\"base2\":{\"0\":\"A\",\"1\":\"C\",\"2\":\"G\",\"3\":\"T\",\"4\":\"A\",\"5\":\"C\",\"6\":\"G\",\"7\":\"T\",\"8\":\"A\",\"9\":\"C\",\"10\":\"G\",\"11\":\"T\",\"12\":\"A\",\"13\":\"C\",\"14\":\"G\",\"15\":\"T\",\"16\":\"A\",\"17\":\"C\",\"18\":\"G\",\"19\":\"T\",\"20\":\"A\",\"21\":\"C\",\"22\":\"G\",\"23\":\"T\",\"24\":\"A\",\"25\":\"C\",\"26\":\"G\",\"27\":\"T\",\"28\":\"A\",\"29\":\"C\",\"30\":\"G\",\"31\":\"T\"},\"count\":{\"0\":624,\"1\":562,\"2\":382,\"3\":692,\"4\":364,\"5\":669,\"6\":416,\"7\":506,\"8\":358,\"9\":451,\"10\":383,\"11\":424,\"12\":246,\"13\":291,\"14\":195,\"15\":355,\"16\":422,\"17\":374,\"18\":294,\"19\":496,\"20\":447,\"21\":578,\"22\":413,\"23\":574,\"24\":349,\"25\":321,\"26\":321,\"27\":393,\"28\":505,\"29\":449,\"30\":344,\"31\":638},\"fitted\":{\"0\":593.2203834052,\"1\":583.3958639421,\"2\":397.9080396621,\"3\":685.4757129912,\"4\":378.8751111489,\"5\":655.2247825061,\"6\":405.5068851681,\"7\":515.393221177,\"8\":364.7405773761,\"9\":442.8989633847,\"10\":378.6526595344,\"11\":429.7077997047,\"12\":255.1639280702,\"13\":291.4803901671,\"14\":193.9324156355,\"15\":346.4232661272,\"16\":452.7796165964,\"17\":352.6041360582,\"18\":278.0919603382,\"19\":502.5242870089,\"20\":432.1248888511,\"21\":591.775217494,\"22\":423.4931148319,\"23\":564.606778823,\"24\":342.2594226239,\"25\":329.1010366153,\"26\":325.3473404656,\"27\":387.2922002953,\"28\":495.8360719298,\"29\":448.5196098329,\"30\":345.0675843645,\"31\":646.5767338728},\"ret\":{\"0\":0.0022813431,\"1\":-0.001517681,\"2\":-0.0011264614,\"3\":0.0004737813,\"4\":-0.0010537153,\"5\":0.001006,\"6\":0.000768121,\"7\":-0.0006726727,\"8\":-0.0004826471,\"9\":0.0005908266,\"10\":0.0003160018,\"11\":-0.0004097805,\"12\":-0.0006502866,\"13\":-0.0000346917,\"14\":0.0000773719,\"15\":0.0006274964,\"16\":-0.0021472161,\"17\":0.0015923868,\"18\":0.0011820329,\"19\":-0.0004684699,\"20\":0.0010933975,\"21\":-0.0009839282,\"22\":-0.0007489181,\"23\":0.0006845134,\"24\":0.0004919429,\"25\":-0.0005782381,\"26\":-0.0003120964,\"27\":0.0004155576,\"28\":0.0006684081,\"29\":0.0000347389,\"30\":-0.0000770404,\"31\":-0.0006157557}}", "deviance": 11.741806233079231, "df": 9, "rel_entropy": 0.00042432083814249893, "formula": "count ~ mut * base1 * base2 - mut : base1 : base2", "prob": 0.22825949223777456},