{"pos2": {"rel_entropy": 0.0924354328197851, "formula": "count ~ mut * base - mut : base", "stats": "{\"mut\":{\"0\":\"M\",\"1\":\"M\",\"2\":\"M\",\"3\":\"M\",\"4\":\"R\",\"5\":\"R\",\"6\":\"R\",\"7\":\"R\"},\"base\":{\"0\":\"A\",\"1\":\"C\",\"2\":\"G\",\"3\":\"T\",\"4\":\"A\",\"5\":\"C\",\"6\":\"G\",\"7\":\"T\"},\"count\":{\"0\":328893,\"1\":283900,\"2\":602142,\"3\":326922,\"4\":536783,\"5\":402094,\"6\":79680,\"7\":523299},\"fitted\":{\"0\":432838.1403625729,\"1\":342997.1112285471,\"2\":340911.1105543745,\"3\":425110.6378566677,\"4\":432837.8596374288,\"5\":342996.8887714564,\"6\":340910.8894501979,\"7\":425110.3621433377},\"ret\":{\"0\":-0.0292907732,\"1\":-0.017409363,\"2\":0.1110808429,\"3\":-0.0278426759,\"4\":0.037465286,\"5\":0.0207278297,\"6\":-0.0375596068,\"7\":0.0352638931}}", "df": 3, "deviance": 570088.691693996, "prob": 0}, "pos1": {"rel_entropy": 0.004066482673239748, "formula": "count ~ mut * base - mut : base", "stats": "{\"mut\":{\"0\":\"M\",\"1\":\"M\",\"2\":\"M\",\"3\":\"M\",\"4\":\"R\",\"5\":\"R\",\"6\":\"R\",\"7\":\"R\"},\"base\":{\"0\":\"A\",\"1\":\"C\",\"2\":\"G\",\"3\":\"T\",\"4\":\"A\",\"5\":\"C\",\"6\":\"G\",\"7\":\"T\"},\"count\":{\"0\":467177,\"1\":415874,\"2\":324808,\"3\":333998,\"4\":371712,\"5\":400781,\"6\":332255,\"7\":437108},\"fitted\":{\"0\":419444.6360193043,\"1\":408327.6324142364,\"2\":328531.6065376385,\"3\":385553.1250288198,\"4\":419444.3639806941,\"5\":408327.3675857654,\"6\":328531.3934623622,\"7\":385552.8749711787},\"ret\":{\"0\":0.016327971,\"1\":0.0024696445,\"2\":-0.0012006385,\"3\":-0.0155472978,\"4\":-0.0145626704,\"5\":-0.0024244154,\"6\":0.0012143248,\"7\":0.0177895645}}", "df": 3, "deviance": 25079.73096748833, "prob": 0}, "pos3": {"rel_entropy": 0.0005710697123935977, "formula": "count ~ mut * base - mut : base", "stats": "{\"mut\":{\"0\":\"M\",\"1\":\"M\",\"2\":\"M\",\"3\":\"M\",\"4\":\"R\",\"5\":\"R\",\"6\":\"R\",\"7\":\"R\"},\"base\":{\"0\":\"A\",\"1\":\"C\",\"2\":\"G\",\"3\":\"T\",\"4\":\"A\",\"5\":\"C\",\"6\":\"G\",\"7\":\"T\"},\"count\":{\"0\":342344,\"1\":396772,\"2\":360567,\"3\":442174,\"4\":381312,\"5\":364533,\"6\":360899,\"7\":435112},\"fitted\":{\"0\":361828.1173353753,\"1\":380652.6234396966,\"2\":360733.1169800835,\"3\":438643.1422450803,\"4\":361827.8826650266,\"5\":380652.3765603647,\"6\":360732.8830199176,\"7\":438642.8577549199},\"ret\":{\"0\":-0.0061451367,\"1\":0.0053364108,\"2\":-0.0000538567,\"3\":0.0011495981,\"4\":0.0064855413,\"5\":-0.0051149873,\"6\":0.0000538815,\"7\":-0.0011403813}}", "df": 3, "deviance": 3522.0301920287966, "prob": 0}, "pos0": {"rel_entropy": 0.0004718604867394992, "formula": "count ~ mut * base - mut : base", "stats": "{\"mut\":{\"0\":\"M\",\"1\":\"M\",\"2\":\"M\",\"3\":\"M\",\"4\":\"R\",\"5\":\"R\",\"6\":\"R\",\"7\":\"R\"},\"base\":{\"0\":\"A\",\"1\":\"C\",\"2\":\"G\",\"3\":\"T\",\"4\":\"A\",\"5\":\"C\",\"6\":\"G\",\"7\":\"T\"},\"count\":{\"0\":367676,\"1\":403298,\"2\":324593,\"3\":446290,\"4\":394204,\"5\":365518,\"6\":333606,\"7\":448528},\"fitted\":{\"0\":380940.1235329077,\"1\":384408.1246576193,\"2\":329099.6067218335,\"3\":447409.1450877582,\"4\":380939.8764671143,\"5\":384407.8753425893,\"6\":329099.3932781702,\"7\":447408.8549122461},\"ret\":{\"0\":-0.0042255784,\"1\":0.006273794,\"2\":-0.0014513701,\"3\":-0.000362467,\"4\":0.0043753792,\"5\":-0.0059726552,\"6\":0.001471383,\"7\":0.0003633748}}", "df": 3, "deviance": 2910.1646342898425, "prob": 0}}