{"('pos1', 'pos3')": {"rel_entropy": 0.0001016037318133607, "formula": "count ~ mut * base1 * base2 - mut : base1 : base2", "stats": "{\"mut\":{\"0\":\"M\",\"1\":\"M\",\"2\":\"M\",\"3\":\"M\",\"4\":\"M\",\"5\":\"M\",\"6\":\"M\",\"7\":\"M\",\"8\":\"M\",\"9\":\"M\",\"10\":\"M\",\"11\":\"M\",\"12\":\"M\",\"13\":\"M\",\"14\":\"M\",\"15\":\"M\",\"16\":\"R\",\"17\":\"R\",\"18\":\"R\",\"19\":\"R\",\"20\":\"R\",\"21\":\"R\",\"22\":\"R\",\"23\":\"R\",\"24\":\"R\",\"25\":\"R\",\"26\":\"R\",\"27\":\"R\",\"28\":\"R\",\"29\":\"R\",\"30\":\"R\",\"31\":\"R\"},\"base1\":{\"0\":\"A\",\"1\":\"A\",\"2\":\"A\",\"3\":\"A\",\"4\":\"C\",\"5\":\"C\",\"6\":\"C\",\"7\":\"C\",\"8\":\"G\",\"9\":\"G\",\"10\":\"G\",\"11\":\"G\",\"12\":\"T\",\"13\":\"T\",\"14\":\"T\",\"15\":\"T\",\"16\":\"A\",\"17\":\"A\",\"18\":\"A\",\"19\":\"A\",\"20\":\"C\",\"21\":\"C\",\"22\":\"C\",\"23\":\"C\",\"24\":\"G\",\"25\":\"G\",\"26\":\"G\",\"27\":\"G\",\"28\":\"T\",\"29\":\"T\",\"30\":\"T\",\"31\":\"T\"},\"base2\":{\"0\":\"A\",\"1\":\"C\",\"2\":\"G\",\"3\":\"T\",\"4\":\"A\",\"5\":\"C\",\"6\":\"G\",\"7\":\"T\",\"8\":\"A\",\"9\":\"C\",\"10\":\"G\",\"11\":\"T\",\"12\":\"A\",\"13\":\"C\",\"14\":\"G\",\"15\":\"T\",\"16\":\"A\",\"17\":\"C\",\"18\":\"G\",\"19\":\"T\",\"20\":\"A\",\"21\":\"C\",\"22\":\"G\",\"23\":\"T\",\"24\":\"A\",\"25\":\"C\",\"26\":\"G\",\"27\":\"T\",\"28\":\"A\",\"29\":\"C\",\"30\":\"G\",\"31\":\"T\"},\"count\":{\"0\":106021,\"1\":112708,\"2\":108663,\"3\":139785,\"4\":90795,\"5\":113164,\"6\":102011,\"7\":109904,\"8\":73581,\"9\":82892,\"10\":78886,\"11\":89449,\"12\":71947,\"13\":88008,\"14\":71007,\"15\":103036,\"16\":97263,\"17\":81869,\"18\":83141,\"19\":109439,\"20\":97179,\"21\":99103,\"22\":102792,\"23\":101707,\"24\":82123,\"25\":73398,\"26\":84426,\"27\":92308,\"28\":104747,\"29\":110163,\"30\":90540,\"31\":131658},\"fitted\":{\"0\":107667.183425653,\"1\":112827.3303679075,\"2\":106589.6472025647,\"3\":140092.8390038737,\"4\":90407.194657714,\"5\":112879.1144743627,\"6\":103881.4524146678,\"7\":108706.2384532543,\"8\":72663.3110575064,\"9\":80879.2157687032,\"10\":80497.6348271447,\"11\":90767.8383466445,\"12\":71606.3108591258,\"13\":90186.3393890252,\"14\":69598.2655556216,\"15\":102607.0841962263,\"16\":95616.8165743467,\"17\":81749.6696320918,\"18\":85214.3527974347,\"19\":109131.1609961256,\"20\":97566.8053422854,\"21\":99387.8855256364,\"22\":100921.5475853316,\"23\":102904.7615467453,\"24\":83040.688942493,\"25\":75410.7842312964,\"26\":82814.3651728545,\"27\":90989.1616533548,\"28\":105087.6891408735,\"29\":107984.6606109739,\"30\":91948.7344443778,\"31\":132086.9158037727},\"ret\":{\"0\":-0.0005297296,\"1\":-0.0000386765,\"2\":0.0006788532,\"3\":-0.0000997176,\"4\":0.0001260286,\"5\":0.0000925004,\"6\":-0.0006010647,\"7\":0.0003905474,\"8\":0.0002994635,\"9\":0.0006607698,\"10\":-0.000517361,\"11\":-0.0004245565,\"12\":0.0001107426,\"13\":-0.0006978008,\"14\":0.0004614231,\"15\":0.000139381,\"16\":0.0005384008,\"17\":0.0000387252,\"18\":-0.0006641092,\"19\":0.000099968,\"20\":-0.000125509,\"21\":-0.0000922514,\"22\":0.000612145,\"23\":-0.0003861461,\"24\":-0.0002959418,\"25\":-0.0006439252,\"26\":0.0005276807,\"27\":0.0004307633,\"28\":-0.0001103009,\"29\":0.000713479,\"30\":-0.0004533131,\"31\":-0.0001388646}}", "df": 9, "deviance": 626.633497282748, "prob": 4.012604439303602e-129}, "('pos0', 'pos1')": {"rel_entropy": 0.0003297734019792727, "formula": "count ~ mut * base1 * base2 - mut : base1 : base2", "stats": "{\"mut\":{\"0\":\"M\",\"1\":\"M\",\"2\":\"M\",\"3\":\"M\",\"4\":\"M\",\"5\":\"M\",\"6\":\"M\",\"7\":\"M\",\"8\":\"M\",\"9\":\"M\",\"10\":\"M\",\"11\":\"M\",\"12\":\"M\",\"13\":\"M\",\"14\":\"M\",\"15\":\"M\",\"16\":\"R\",\"17\":\"R\",\"18\":\"R\",\"19\":\"R\",\"20\":\"R\",\"21\":\"R\",\"22\":\"R\",\"23\":\"R\",\"24\":\"R\",\"25\":\"R\",\"26\":\"R\",\"27\":\"R\",\"28\":\"R\",\"29\":\"R\",\"30\":\"R\",\"31\":\"R\"},\"base1\":{\"0\":\"A\",\"1\":\"A\",\"2\":\"A\",\"3\":\"A\",\"4\":\"C\",\"5\":\"C\",\"6\":\"C\",\"7\":\"C\",\"8\":\"G\",\"9\":\"G\",\"10\":\"G\",\"11\":\"G\",\"12\":\"T\",\"13\":\"T\",\"14\":\"T\",\"15\":\"T\",\"16\":\"A\",\"17\":\"A\",\"18\":\"A\",\"19\":\"A\",\"20\":\"C\",\"21\":\"C\",\"22\":\"C\",\"23\":\"C\",\"24\":\"G\",\"25\":\"G\",\"26\":\"G\",\"27\":\"G\",\"28\":\"T\",\"29\":\"T\",\"30\":\"T\",\"31\":\"T\"},\"base2\":{\"0\":\"A\",\"1\":\"C\",\"2\":\"G\",\"3\":\"T\",\"4\":\"A\",\"5\":\"C\",\"6\":\"G\",\"7\":\"T\",\"8\":\"A\",\"9\":\"C\",\"10\":\"G\",\"11\":\"T\",\"12\":\"A\",\"13\":\"C\",\"14\":\"G\",\"15\":\"T\",\"16\":\"A\",\"17\":\"C\",\"18\":\"G\",\"19\":\"T\",\"20\":\"A\",\"21\":\"C\",\"22\":\"G\",\"23\":\"T\",\"24\":\"A\",\"25\":\"C\",\"26\":\"G\",\"27\":\"T\",\"28\":\"A\",\"29\":\"C\",\"30\":\"G\",\"31\":\"T\"},\"count\":{\"0\":118590,\"1\":90274,\"2\":90239,\"3\":68573,\"4\":150139,\"5\":121371,\"6\":21290,\"7\":110498,\"8\":87842,\"9\":88848,\"10\":97131,\"11\":50772,\"12\":110606,\"13\":115381,\"14\":116148,\"15\":104155,\"16\":104145,\"17\":87004,\"18\":107370,\"19\":95685,\"20\":114263,\"21\":102890,\"22\":20243,\"23\":128122,\"24\":71692,\"25\":94539,\"26\":95367,\"27\":72008,\"28\":81612,\"29\":116348,\"30\":109275,\"31\":141293},\"fitted\":{\"0\":119162.5740095321,\"1\":86374.3300517614,\"2\":94810.0773639915,\"3\":67329.0185747466,\"4\":153401.2320184802,\"5\":119531.1237637561,\"6\":21828.848173241,\"7\":108536.796044522,\"8\":87098.2530037391,\"9\":91373.0079838002,\"10\":94479.1873725075,\"11\":51642.5516399538,\"12\":107514.9409682496,\"13\":118595.5382006934,\"14\":113689.8870902807,\"15\":106489.633740777,\"16\":103572.4259904683,\"17\":90903.6699482578,\"18\":102798.9226360426,\"19\":96928.9814252533,\"20\":111000.7679815201,\"21\":104729.8762362436,\"22\":19704.151826759,\"23\":130083.2039554769,\"24\":72435.7469962607,\"25\":92013.9920162003,\"26\":98018.8126274929,\"27\":71137.4483600459,\"28\":84703.0590317525,\"29\":113133.4617993073,\"30\":111733.1129097195,\"31\":138958.3662592227},\"ret\":{\"0\":-0.00018523,\"1\":0.0012927294,\"2\":-0.0014460068,\"3\":0.0004071077,\"4\":-0.0010465618,\"5\":0.0006012117,\"6\":-0.0001725653,\"7\":0.0006416995,\"8\":0.0002422124,\"9\":-0.0008074013,\"10\":0.0008718984,\"11\":-0.0002799134,\"12\":0.0010166553,\"13\":-0.0010281677,\"14\":0.0008056836,\"15\":-0.000748725,\"16\":0.0001861891,\"17\":-0.0012370806,\"18\":0.0015148079,\"19\":-0.000400804,\"20\":0.0010732862,\"21\":-0.0005913713,\"22\":0.0001771079,\"23\":-0.0006311693,\"24\":-0.0002399431,\"25\":0.0008299542,\"26\":-0.0008482026,\"27\":0.0002840267,\"28\":-0.0009838657,\"29\":0.0010570958,\"30\":-0.0007882943,\"31\":0.0007634098}}", "df": 9, "deviance": 2033.853053475418, "prob": 0}, "('pos0', 'pos3')": {"rel_entropy": 0.00010424474782720396, "formula": "count ~ mut * base1 * base2 - mut : base1 : base2",