{"pos2": {"stats": "{\"group\":{\"0\":\"1\",\"1\":\"1\",\"2\":\"1\",\"3\":\"1\",\"4\":\"1\",\"5\":\"1\",\"6\":\"1\",\"7\":\"1\",\"8\":\"2\",\"9\":\"2\",\"10\":\"2\",\"11\":\"2\",\"12\":\"2\",\"13\":\"2\",\"14\":\"2\",\"15\":\"2\"},\"mut\":{\"0\":\"M\",\"1\":\"M\",\"2\":\"M\",\"3\":\"M\",\"4\":\"R\",\"5\":\"R\",\"6\":\"R\",\"7\":\"R\",\"8\":\"M\",\"9\":\"M\",\"10\":\"M\",\"11\":\"M\",\"12\":\"R\",\"13\":\"R\",\"14\":\"R\",\"15\":\"R\"},\"base\":{\"0\":\"A\",\"1\":\"C\",\"2\":\"G\",\"3\":\"T\",\"4\":\"A\",\"5\":\"C\",\"6\":\"G\",\"7\":\"T\",\"8\":\"A\",\"9\":\"C\",\"10\":\"G\",\"11\":\"T\",\"12\":\"A\",\"13\":\"C\",\"14\":\"G\",\"15\":\"T\"},\"count\":{\"0\":215072,\"1\":101914,\"2\":226875,\"3\":219625,\"4\":177268,\"5\":149221,\"6\":183784,\"7\":253213,\"8\":7438,\"9\":6454,\"10\":16393,\"11\":12775,\"12\":7848,\"13\":10405,\"14\":12481,\"15\":12326},\"fitted\":{\"0\":214129.0402906412,\"1\":101512.3083969037,\"2\":227219.8224665307,\"3\":220624.8288459224,\"4\":178210.9597093574,\"5\":149622.6916030956,\"6\":183439.1775334689,\"7\":252213.1711540769,\"8\":8380.9597093575,\"9\":6855.691603096,\"10\":16048.1775334691,\"11\":11775.1711540773,\"12\":6905.0402906424,\"13\":10003.308396904,\"14\":12825.8224665308,\"15\":13325.8288459226},\"ret\":{\"0\":0.0005858518,\"1\":0.0002495117,\"2\":-0.0002136026,\"3\":-0.0006184148,\"4\":-0.0005830173,\"5\":-0.0002486851,\"6\":0.0002139657,\"7\":0.0006210483,\"8\":-0.0005503734,\"9\":-0.0002415775,\"10\":0.0002160452,\"11\":0.0006454211,\"12\":0.0006227789,\"13\":0.0002539538,\"14\":-0.0002108653,\"15\":-0.0005959645}}", "deviance": 471.2684255902748, "df": 3, "rel_entropy": 0.000146076115184464, "formula": "count ~ group * mut * base - group : mut : base", "prob": 8.0325695967392511e-102}, "pos3": {"stats": "{\"group\":{\"0\":\"1\",\"1\":\"1\",\"2\":\"1\",\"3\":\"1\",\"4\":\"1\",\"5\":\"1\",\"6\":\"1\",\"7\":\"1\",\"8\":\"2\",\"9\":\"2\",\"10\":\"2\",\"11\":\"2\",\"12\":\"2\",\"13\":\"2\",\"14\":\"2\",\"15\":\"2\"},\"mut\":{\"0\":\"M\",\"1\":\"M\",\"2\":\"M\",\"3\":\"M\",\"4\":\"R\",\"5\":\"R\",\"6\":\"R\",\"7\":\"R\",\"8\":\"M\",\"9\":\"M\",\"10\":\"M\",\"11\":\"M\",\"12\":\"R\",\"13\":\"R\",\"14\":\"R\",\"15\":\"R\"},\"base\":{\"0\":\"A\",\"1\":\"C\",\"2\":\"G\",\"3\":\"T\",\"4\":\"A\",\"5\":\"C\",\"6\":\"G\",\"7\":\"T\",\"8\":\"A\",\"9\":\"C\",\"10\":\"G\",\"11\":\"T\",\"12\":\"A\",\"13\":\"C\",\"14\":\"G\",\"15\":\"T\"},\"count\":{\"0\":165771,\"1\":139827,\"2\":210991,\"3\":246897,\"4\":215216,\"5\":153568,\"6\":131884,\"7\":262818,\"8\":7085,\"9\":9255,\"10\":15994,\"11\":10726,\"12\":10953,\"13\":10780,\"14\":8493,\"15\":12834},\"fitted\":{\"0\":165210.3501743301,\"1\":139738.9082691421,\"2\":212071.2253496945,\"3\":246465.5162068458,\"4\":215776.6498256777,\"5\":153656.0917308612,\"6\":130803.7746503112,\"7\":263249.4837931592,\"8\":7645.6498256784,\"9\":9343.091730863,\"10\":14913.7746508034,\"11\":11157.4837931595,\"12\":10392.3501743665,\"13\":10691.9082691454,\"14\":9573.2253502014,\"15\":12402.5162068522},\"ret\":{\"0\":0.0003481513,\"1\":0.0000546277,\"2\":-0.0006679529,\"3\":0.0002677227,\"4\":-0.0003471103,\"5\":-0.0000545948,\"6\":0.0006724189,\"7\":-0.0002672693,\"8\":-0.0003344955,\"9\":-0.0000543522,\"10\":0.0006933484,\"11\":-0.0002622485,\"12\":0.0003567732,\"13\":0.0000548348,\"14\":-0.0006303725,\"15\":0.0002720886}}", "deviance": 327.68172202127954, "df": 3, "rel_entropy": 0.0001015694461386206, "formula": "count ~ group * mut * base - group : mut : base", "prob": 1.0134531183433488e-70}, "pos0": {"stats": "{\"group\":{\"0\":\"1\",\"1\":\"1\",\"2\":\"1\",\"3\":\"1\",\"4\":\"1\",\"5\":\"1\",\"6\":\"1\",\"7\":\"1\",\"8\":\"2\",\"9\":\"2\",\"10\":\"2\",\"11\":\"2\",\"12\":\"2\",\"13\":\"2\",\"14\":\"2\",\"15\":\"2\"},\"mut\":{\"0\":\"M\",\"1\":\"M\",\"2\":\"M\",\"3\":\"M\",\"4\":\"R\",\"5\":\"R\",\"6\":\"R\",\"7\":\"R\",\"8\":\"M\",\"9\":\"M\",\"10\":\"M\",\"11\":\"M\",\"12\":\"R\",\"13\":\"R\",\"14\":\"R\",\"15\":\"R\"},\"base\":{\"0\":\"A\",\"1\":\"C\",\"2\":\"G\",\"3\":\"T\",\"4\":\"A\",\"5\":\"C\",\"6\":\"G\",\"7\":\"T\",\"8\":\"A\",\"9\":\"C\",\"10\":\"G\",\"11\":\"T\",\"12\":\"A\",\"13\":\"C\",\"14\":\"G\",\"15\":\"T\"},\"count\":{\"0\":206941,\"1\":158664,\"2\":120007,\"3\":277874,\"4\":219083,\"5\":147999,\"6\":134005,\"7\":262399,\"8\":9953,\"9\":11808,\"10\":9445,\"11\":11854,\"12\":10554,\"13\":10300,\"14\":9336,\"15\":12870},\"fitted\":{\"0\":206922.2605129932,\"1\":158997.2869134279,\"2\":120529.9261409635,\"3\":277036.5264326215,\"4\":219101.7394870112,\"5\":147665.7130865733,\"6\":133482.0738590378,\"7\":263236.4735673809,\"8\":9971.7394870106,\"9\":11474.7130865727,\"10\":8922.073859044,\"11\":12691.4735674246,\"12\":10535.2605129895,\"13\":10633.2869134275,\"14\":9858.9261409697,\"15\":12032.5264326614},\"ret\":{\"0\":0.0000116176,\"1\":-0.000206397,\"2\":-0.000323472,\"3\":0.0005199568,\"4\":-0.0000116166,\"5\":0.0002068467,\"6\":0.0003248104,\"7\":-0.0005183461,\"8\":-0.0000116062,\"9\":0.0002095857,\"10\":0.000333496,\"11\":-0.0005016538,\"12\":0.0000116274,\"13\":-0.0002033413,\"14\":-0.0003154228,\"15\":0.0005368351}}", "deviance": 202.99114038536374, "df": 3, "rel_entropy": 6.291988937561024e-05, "formula": "count ~ group * mut * base - group : mut : base", "prob": 9.5243734652803975e-44}, "pos1": {"stats": "{\"group\":{\"0\":\"1\",\"1\":\"1\",\"2\":\"1\",\"3\":\"1\",\"4\":\"1\",\"5\":\"1\",\"6\":\"1\",\"7\":\"1\",\"8\":\"2\",\"9\":\"2\",\"10\":\"2\",\"11\":\"2\",\"12\":\"2\",\"13\":\"2\",\"14\":\"2\",\"15\":\"2\"},\"mut\":{\"0\":\"M\",\"1\":\"M\",\"2\":\"M\",\"3\":\"M\",\"4\":\"R\",\"5\":\"R\",\"6\":\"R\",\"7\":\"R\",\"8\":\"M\",\"9\":\"M\",\"10\":\"M\",\"11\":\"M\",\"12\":\"R\",\"13\":\"R\",\"14\":\"R\",\"15\":\"R\"},\"base\":{\"0\":\"A\",\"1\":\"C\",\"2\":\"G\",\"3\":\"T\",\"4\":\"A\",\"5\":\"C\",\"6\":\"G\",\"7\":\"T\",\"8\":\"A\",\"9\":\"C\",\"10\":\"G\",\"11\":\"T\",\"12\":\"A\",\"13\":\"C\",\"14\":\"G\",\"15\":\"T\"},\"count\":{\"0\":339970,\"1\":137790,\"2\":127650,\"3\":158076,\"4\":208942,\"5\":173403,\"6\":126208,\"7\":254933,\"8\":17694,\"9\":10351,\"10\":8297,\"11\":6718,\"12\":10033,\"13\":12278,\"14\":8262,\"15\":12487},\"fitted\":{\"0\":340411.4913965694,\"1\":138053.0270665767,\"2\":127588.0770294824,\"3\":157433.4045073721,\"4\":208500.5086034307,\"5\":173139.9729334242,\"6\":126269.9229705174,\"7\":255575.5954926287,\"8\":17252.5086034316,\"9\":10087.9729334242,\"10\":8358.9229705177,\"11\":7360.5954926666,\"12\":10474.4913965694,\"13\":12541.0270665764,\"14\":8200.0770294826,\"15\":11844.4045074177},\"ret\":{\"0\":-0.0002735151,\"1\":-0.0001629023,\"2\":0.0000383971,\"3\":0.0003991745,\"4\":0.0002739822,\"5\":0.0001631815,\"6\":-0.0000383783,\"7\":-0.0003978614,\"8\":0.000277165,\"9\":0.0001651652,\"10\":-0.0000382452,\"11\":-0.0003804443,\"12\":-0.0002678419,\"13\":-0.0001613357,\"14\":0.0000385323,\"15\":0.0004089785}}", "deviance": 142.12041248879478, "df": 3, "rel_entropy": 4.405217200531488e-05, "formula": "count ~ group * mut * base - group : mut : base", "prob": 1.318976445488859e-30}}