{"pos1": {"df": 3, "deviance": 142.1204124887611, "rel_entropy": 4.405217200530444e-05, "stats": "{\"group\":{\"8\":\"1\",\"9\":\"1\",\"10\":\"1\",\"11\":\"1\",\"12\":\"1\",\"13\":\"1\",\"14\":\"1\",\"15\":\"1\",\"0\":\"2\",\"1\":\"2\",\"2\":\"2\",\"3\":\"2\",\"4\":\"2\",\"5\":\"2\",\"6\":\"2\",\"7\":\"2\"},\"mut\":{\"8\":\"M\",\"9\":\"M\",\"10\":\"M\",\"11\":\"M\",\"12\":\"R\",\"13\":\"R\",\"14\":\"R\",\"15\":\"R\",\"0\":\"M\",\"1\":\"M\",\"2\":\"M\",\"3\":\"M\",\"4\":\"R\",\"5\":\"R\",\"6\":\"R\",\"7\":\"R\"},\"base\":{\"8\":\"A\",\"9\":\"C\",\"10\":\"G\",\"11\":\"T\",\"12\":\"A\",\"13\":\"C\",\"14\":\"G\",\"15\":\"T\",\"0\":\"A\",\"1\":\"C\",\"2\":\"G\",\"3\":\"T\",\"4\":\"A\",\"5\":\"C\",\"6\":\"G\",\"7\":\"T\"},\"count\":{\"8\":339970,\"9\":137790,\"10\":127650,\"11\":158076,\"12\":208942,\"13\":173403,\"14\":126208,\"15\":254933,\"0\":17694,\"1\":10351,\"2\":8297,\"3\":6718,\"4\":10033,\"5\":12278,\"6\":8262,\"7\":12487},\"fitted\":{\"8\":340411.4913965694,\"9\":138053.0270665764,\"10\":127588.0770294824,\"11\":157433.4045073718,\"12\":208500.5086034307,\"13\":173139.9729334239,\"14\":126269.9229705179,\"15\":255575.5954926282,\"0\":17252.5086034315,\"1\":10087.9729334242,\"2\":8358.9229705177,\"3\":7360.5954926665,\"4\":10474.4913965693,\"5\":12541.0270665764,\"6\":8200.0770294826,\"7\":11844.4045074177},\"ret\":{\"8\":-0.0002735151,\"9\":-0.0001629023,\"10\":0.0000383971,\"11\":0.0003991745,\"12\":0.0002739822,\"13\":0.0001631815,\"14\":-0.0000383783,\"15\":-0.0003978614,\"0\":0.000277165,\"1\":0.0001651652,\"2\":-0.0000382452,\"3\":-0.0003804443,\"4\":-0.0002678419,\"5\":-0.0001613357,\"6\":0.0000385323,\"7\":0.0004089785}}", "prob": 1.3189764455109163e-30, "formula": "count ~ group * mut * base - group : mut : base"}, "pos0": {"df": 3, "deviance": 202.99114038542058, "rel_entropy": 6.291988937562786e-05, "stats": "{\"group\":{\"8\":\"1\",\"9\":\"1\",\"10\":\"1\",\"11\":\"1\",\"12\":\"1\",\"13\":\"1\",\"14\":\"1\",\"15\":\"1\",\"0\":\"2\",\"1\":\"2\",\"2\":\"2\",\"3\":\"2\",\"4\":\"2\",\"5\":\"2\",\"6\":\"2\",\"7\":\"2\"},\"mut\":{\"8\":\"M\",\"9\":\"M\",\"10\":\"M\",\"11\":\"M\",\"12\":\"R\",\"13\":\"R\",\"14\":\"R\",\"15\":\"R\",\"0\":\"M\",\"1\":\"M\",\"2\":\"M\",\"3\":\"M\",\"4\":\"R\",\"5\":\"R\",\"6\":\"R\",\"7\":\"R\"},\"base\":{\"8\":\"A\",\"9\":\"C\",\"10\":\"G\",\"11\":\"T\",\"12\":\"A\",\"13\":\"C\",\"14\":\"G\",\"15\":\"T\",\"0\":\"A\",\"1\":\"C\",\"2\":\"G\",\"3\":\"T\",\"4\":\"A\",\"5\":\"C\",\"6\":\"G\",\"7\":\"T\"},\"count\":{\"8\":206941,\"9\":158664,\"10\":120007,\"11\":277874,\"12\":219083,\"13\":147999,\"14\":134005,\"15\":262399,\"0\":9953,\"1\":11808,\"2\":9445,\"3\":11854,\"4\":10554,\"5\":10300,\"6\":9336,\"7\":12870},\"fitted\":{\"8\":206922.2605129877,\"9\":158997.2869134265,\"10\":120529.926140962,\"11\":277036.5264326186,\"12\":219101.7394870092,\"13\":147665.7130865715,\"14\":133482.0738590361,\"15\":263236.4735673777,\"0\":9971.73948701,\"1\":11474.7130865725,\"2\":8922.0738590438,\"3\":12691.4735674244,\"4\":10535.2605129892,\"5\":10633.2869134274,\"6\":9858.9261409696,\"7\":12032.5264326614},\"ret\":{\"8\":0.0000116176,\"9\":-0.000206397,\"10\":-0.000323472,\"11\":0.0005199568,\"12\":-0.0000116166,\"13\":0.0002068467,\"14\":0.0003248104,\"15\":-0.0005183461,\"0\":-0.0000116062,\"1\":0.0002095857,\"2\":0.000333496,\"3\":-0.0005016538,\"4\":0.0000116274,\"5\":-0.0002033413,\"6\":-0.0003154228,\"7\":0.0005368351}}", "prob": 9.524373465010942e-44, "formula": "count ~ group * mut * base - group : mut : base"}, "pos3": {"df": 3, "deviance": 327.6817220213358, "rel_entropy": 0.00010156944613863804, "stats": "{\"group\":{\"8\":\"1\",\"9\":\"1\",\"10\":\"1\",\"11\":\"1\",\"12\":\"1\",\"13\":\"1\",\"14\":\"1\",\"15\":\"1\",\"0\":\"2\",\"1\":\"2\",\"2\":\"2\",\"3\":\"2\",\"4\":\"2\",\"5\":\"2\",\"6\":\"2\",\"7\":\"2\"},\"mut\":{\"8\":\"M\",\"9\":\"M\",\"10\":\"M\",\"11\":\"M\",\"12\":\"R\",\"13\":\"R\",\"14\":\"R\",\"15\":\"R\",\"0\":\"M\",\"1\":\"M\",\"2\":\"M\",\"3\":\"M\",\"4\":\"R\",\"5\":\"R\",\"6\":\"R\",\"7\":\"R\"},\"base\":{\"8\":\"A\",\"9\":\"C\",\"10\":\"G\",\"11\":\"T\",\"12\":\"A\",\"13\":\"C\",\"14\":\"G\",\"15\":\"T\",\"0\":\"A\",\"1\":\"C\",\"2\":\"G\",\"3\":\"T\",\"4\":\"A\",\"5\":\"C\",\"6\":\"G\",\"7\":\"T\"},\"count\":{\"8\":165771,\"9\":139827,\"10\":210991,\"11\":246897,\"12\":215216,\"13\":153568,\"14\":131884,\"15\":262818,\"0\":7085,\"1\":9255,\"2\":15994,\"3\":10726,\"4\":10953,\"5\":10780,\"6\":8493,\"7\":12834},\"fitted\":{\"8\":165210.3501743255,\"9\":139738.9082691412,\"10\":212071.2253496926,\"11\":246465.516206844,\"12\":215776.6498256761,\"13\":153656.0917308601,\"14\":130803.7746503105,\"15\":263249.4837931579,\"0\":7645.6498256784,\"1\":9343.0917308631,\"2\":14913.7746508034,\"3\":11157.4837931595,\"4\":10392.3501743666,\"5\":10691.9082691453,\"6\":9573.2253502012,\"7\":12402.5162068521},\"ret\":{\"8\":0.0003481513,\"9\":0.0000546277,\"10\":-0.0006679529,\"11\":0.0002677227,\"12\":-0.0003471103,\"13\":-0.0000545948,\"14\":0.0006724189,\"15\":-0.0002672693,\"0\":-0.0003344955,\"1\":-0.0000543522,\"2\":0.0006933484,\"3\":-0.0002622485,\"4\":0.0003567732,\"5\":0.0000548348,\"6\":-0.0006303725,\"7\":0.0002720886}}", "prob": 1.0134531183149178e-70, "formula": "count ~ group * mut * base - group : mut : base"}, "pos2": {"df": 3, "deviance": 471.2684255901838, "rel_entropy": 0.0001460761151844358, "stats": "{\"group\":{\"8\":\"1\",\"9\":\"1\",\"10\":\"1\",\"11\":\"1\",\"12\":\"1\",\"13\":\"1\",\"14\":\"1\",\"15\":\"1\",\"0\":\"2\",\"1\":\"2\",\"2\":\"2\",\"3\":\"2\",\"4\":\"2\",\"5\":\"2\",\"6\":\"2\",\"7\":\"2\"},\"mut\":{\"8\":\"M\",\"9\":\"M\",\"10\":\"M\",\"11\":\"M\",\"12\":\"R\",\"13\":\"R\",\"14\":\"R\",\"15\":\"R\",\"0\":\"M\",\"1\":\"M\",\"2\":\"M\",\"3\":\"M\",\"4\":\"R\",\"5\":\"R\",\"6\":\"R\",\"7\":\"R\"},\"base\":{\"8\":\"A\",\"9\":\"C\",\"10\":\"G\",\"11\":\"T\",\"12\":\"A\",\"13\":\"C\",\"14\":\"G\",\"15\":\"T\",\"0\":\"A\",\"1\":\"C\",\"2\":\"G\",\"3\":\"T\",\"4\":\"A\",\"5\":\"C\",\"6\":\"G\",\"7\":\"T\"},\"count\":{\"8\":215072,\"9\":101914,\"10\":226875,\"11\":219625,\"12\":177268,\"13\":149221,\"14\":183784,\"15\":253213,\"0\":7438,\"1\":6454,\"2\":16393,\"3\":12775,\"4\":7848,\"5\":10405,\"6\":12481,\"7\":12326},\"fitted\":{\"8\":214129.0402906419,\"9\":101512.3083969037,\"10\":227219.8224665303,\"11\":220624.828845922,\"12\":178210.9597093568,\"13\":149622.6916030953,\"14\":183439.1775334689,\"15\":252213.1711540764,\"0\":8380.9597093574,\"1\":6855.691603096,\"2\":16048.177533469,\"3\":11775.1711540773,\"4\":6905.0402906423,\"5\":10003.308396904,\"6\":12825.8224665309,\"7\":13325.8288459227},\"ret\":{\"8\":0.0005858518,\"9\":0.0002495117,\"10\":-0.0002136026,\"11\":-0.0006184148,\"12\":-0.0005830173,\"13\":-0.0002486851,\"14\":0.0002139657,\"15\":0.0006210483,\"0\":-0.0005503734,\"1\":-0.0002415775,\"2\":0.0002160452,\"3\":0.0006454211,\"4\":0.0006227789,\"5\":0.0002539538,\"6\":-0.0002108653,\"7\":-0.0005959645}}", "prob": 8.032569597103801e-102, "formula": "count ~ group * mut * base - group : mut : base"}}