{"pos2": {"stats": "{\"group\":{\"0\":\"1\",\"1\":\"1\",\"2\":\"1\",\"3\":\"1\",\"4\":\"1\",\"5\":\"1\",\"6\":\"1\",\"7\":\"1\",\"8\":\"2\",\"9\":\"2\",\"10\":\"2\",\"11\":\"2\",\"12\":\"2\",\"13\":\"2\",\"14\":\"2\",\"15\":\"2\"},\"mut\":{\"0\":\"M\",\"1\":\"M\",\"2\":\"M\",\"3\":\"M\",\"4\":\"R\",\"5\":\"R\",\"6\":\"R\",\"7\":\"R\",\"8\":\"M\",\"9\":\"M\",\"10\":\"M\",\"11\":\"M\",\"12\":\"R\",\"13\":\"R\",\"14\":\"R\",\"15\":\"R\"},\"base\":{\"0\":\"A\",\"1\":\"C\",\"2\":\"G\",\"3\":\"T\",\"4\":\"A\",\"5\":\"C\",\"6\":\"G\",\"7\":\"T\",\"8\":\"A\",\"9\":\"C\",\"10\":\"G\",\"11\":\"T\",\"12\":\"A\",\"13\":\"C\",\"14\":\"G\",\"15\":\"T\"},\"count\":{\"0\":2541,\"1\":2075,\"2\":2824,\"3\":1752,\"4\":2643,\"5\":1755,\"6\":2717,\"7\":2077,\"8\":525,\"9\":477,\"10\":630,\"11\":328,\"12\":507,\"13\":402,\"14\":579,\"15\":472},\"fitted\":{\"0\":2557.9133105592,\"1\":2076.4097470812,\"2\":2836.434211364,\"3\":1721.2427309957,\"4\":2626.0866894408,\"5\":1753.5902529188,\"6\":2704.565788636,\"7\":2107.7572690044,\"8\":508.0866894409,\"9\":475.5902529188,\"10\":617.565788636,\"11\":358.757269009,\"12\":523.9133105592,\"13\":403.4097470812,\"14\":591.434211364,\"15\":441.2427309997},\"ret\":{\"0\":-0.0007557958,\"1\":-0.0000631846,\"2\":-0.0005562642,\"3\":0.0013912505,\"4\":0.0007607451,\"5\":0.0000632314,\"6\":0.0005587675,\"7\":-0.0013688916,\"8\":0.000770792,\"9\":0.0000632996,\"10\":0.000563063,\"11\":-0.0013181238,\"12\":-0.0007459344,\"13\":-0.0000630955,\"14\":-0.0005515862,\"15\":0.0014259854}}", "deviance": 7.773319077776082, "df": 3, "rel_entropy": 0.00017425840830739066, "formula": "count ~ group * mut * base - group : mut : base", "prob": 0.050936351208365795}, "pos3": {"stats": "{\"group\":{\"0\":\"1\",\"1\":\"1\",\"2\":\"1\",\"3\":\"1\",\"4\":\"1\",\"5\":\"1\",\"6\":\"1\",\"7\":\"1\",\"8\":\"2\",\"9\":\"2\",\"10\":\"2\",\"11\":\"2\",\"12\":\"2\",\"13\":\"2\",\"14\":\"2\",\"15\":\"2\"},\"mut\":{\"0\":\"M\",\"1\":\"M\",\"2\":\"M\",\"3\":\"M\",\"4\":\"R\",\"5\":\"R\",\"6\":\"R\",\"7\":\"R\",\"8\":\"M\",\"9\":\"M\",\"10\":\"M\",\"11\":\"M\",\"12\":\"R\",\"13\":\"R\",\"14\":\"R\",\"15\":\"R\"},\"base\":{\"0\":\"A\",\"1\":\"C\",\"2\":\"G\",\"3\":\"T\",\"4\":\"A\",\"5\":\"C\",\"6\":\"G\",\"7\":\"T\",\"8\":\"A\",\"9\":\"C\",\"10\":\"G\",\"11\":\"T\",\"12\":\"A\",\"13\":\"C\",\"14\":\"G\",\"15\":\"T\"},\"count\":{\"0\":2255,\"1\":2451,\"2\":2279,\"3\":2207,\"4\":2721,\"5\":2000,\"6\":2235,\"7\":2236,\"8\":502,\"9\":500,\"10\":498,\"11\":460,\"12\":549,\"13\":472,\"14\":441,\"15\":498},\"fitted\":{\"0\":2276.4838556165,\"1\":2422.3070630204,\"2\":2299.0338838618,\"3\":2194.1751975013,\"4\":2699.5161443835,\"5\":2028.6929369796,\"6\":2214.9661161382,\"7\":2248.8248024987,\"8\":480.5161443835,\"9\":528.6929369802,\"10\":477.9661161383,\"11\":472.8248024987,\"12\":570.4838556166,\"13\":443.3070630209,\"14\":461.0338838618,\"15\":485.1751975013},\"ret\":{\"0\":-0.0009586693,\"1\":0.0012940373,\"2\":-0.0008942943,\"3\":0.0005766773,\"4\":0.0009670516,\"5\":-0.0012773074,\"6\":0.0009022692,\"7\":-0.0005733574,\"8\":0.0009844479,\"9\":-0.0012508901,\"10\":0.0009167861,\"11\":-0.0005671305,\"12\":-0.0009448596,\"13\":0.0013272103,\"14\":-0.0008784146,\"15\":0.0005825336}}", "deviance": 9.193258368579023, "df": 3, "rel_entropy": 0.00020608990245200466, "formula": "count ~ group * mut * base - group : mut : base", "prob": 0.026828759520657022}, "pos0": {"stats": "{\"group\":{\"0\":\"1\",\"1\":\"1\",\"2\":\"1\",\"3\":\"1\",\"4\":\"1\",\"5\":\"1\",\"6\":\"1\",\"7\":\"1\",\"8\":\"2\",\"9\":\"2\",\"10\":\"2\",\"11\":\"2\",\"12\":\"2\",\"13\":\"2\",\"14\":\"2\",\"15\":\"2\"},\"mut\":{\"0\":\"M\",\"1\":\"M\",\"2\":\"M\",\"3\":\"M\",\"4\":\"R\",\"5\":\"R\",\"6\":\"R\",\"7\":\"R\",\"8\":\"M\",\"9\":\"M\",\"10\":\"M\",\"11\":\"M\",\"12\":\"R\",\"13\":\"R\",\"14\":\"R\",\"15\":\"R\"},\"base\":{\"0\":\"A\",\"1\":\"C\",\"2\":\"G\",\"3\":\"T\",\"4\":\"A\",\"5\":\"C\",\"6\":\"G\",\"7\":\"T\",\"8\":\"A\",\"9\":\"C\",\"10\":\"G\",\"11\":\"T\",\"12\":\"A\",\"13\":\"C\",\"14\":\"G\",\"15\":\"T\"},\"count\":{\"0\":2426,\"1\":2113,\"2\":2569,\"3\":2084,\"4\":2781,\"5\":1781,\"6\":2346,\"7\":2284,\"8\":523,\"9\":465,\"10\":521,\"11\":451,\"12\":541,\"13\":447,\"14\":488,\"15\":484},\"fitted\":{\"0\":2449.4160532641,\"1\":2089.4366774865,\"2\":2564.4319291943,\"3\":2088.7153400551,\"4\":2757.5839467359,\"5\":1804.5633225135,\"6\":2350.5680708057,\"7\":2279.2846599449,\"8\":499.583946736,\"9\":488.5633225137,\"10\":525.5680708057,\"11\":446.2846599449,\"12\":564.4160532641,\"13\":423.4366774867,\"14\":483.4319291943,\"15\":488.7153400551},\"ret\":{\"0\":-0.0010448246,\"1\":0.0010623965,\"2\":0.0002049918,\"3\":-0.0002111735,\"4\":0.0010543038,\"5\":-0.0010495341,\"6\":-0.0002046103,\"7\":0.0002116308,\"8\":0.0010740873,\"9\":-0.0010305655,\"10\":-0.0002039168,\"11\":0.0002125253,\"12\":-0.0010277735,\"13\":0.0010853261,\"14\":0.0002057741,\"15\":-0.0002103891}}", "deviance": 5.7208969084948915, "df": 3, "rel_entropy": 0.00012824822696590055, "formula": "count ~ group * mut * base - group : mut : base", "prob": 0.12600754828176275}, "pos1": {"stats": "{\"group\":{\"0\":\"1\",\"1\":\"1\",\"2\":\"1\",\"3\":\"1\",\"4\":\"1\",\"5\":\"1\",\"6\":\"1\",\"7\":\"1\",\"8\":\"2\",\"9\":\"2\",\"10\":\"2\",\"11\":\"2\",\"12\":\"2\",\"13\":\"2\",\"14\":\"2\",\"15\":\"2\"},\"mut\":{\"0\":\"M\",\"1\":\"M\",\"2\":\"M\",\"3\":\"M\",\"4\":\"R\",\"5\":\"R\",\"6\":\"R\",\"7\":\"R\",\"8\":\"M\",\"9\":\"M\",\"10\":\"M\",\"11\":\"M\",\"12\":\"R\",\"13\":\"R\",\"14\":\"R\",\"15\":\"R\"},\"base\":{\"0\":\"A\",\"1\":\"C\",\"2\":\"G\",\"3\":\"T\",\"4\":\"A\",\"5\":\"C\",\"6\":\"G\",\"7\":\"T\",\"8\":\"A\",\"9\":\"C\",\"10\":\"G\",\"11\":\"T\",\"12\":\"A\",\"13\":\"C\",\"14\":\"G\",\"15\":\"T\"},\"count\":{\"0\":2269,\"1\":3572,\"2\":2393,\"3\":958,\"4\":2641,\"5\":2652,\"6\":2260,\"7\":1639,\"8\":844,\"9\":523,\"10\":411,\"11\":182,\"12\":540,\"13\":595,\"14\":474,\"15\":351},\"fitted\":{\"0\":2425.1735832176,\"1\":3468.5762155128,\"2\":2353.6325183514,\"3\":944.6176829182,\"4\":2484.8264167825,\"5\":2755.4237844872,\"6\":2299.3674816486,\"7\":1652.3823170818,\"8\":687.8264167825,\"9\":626.4237844872,\"10\":450.3674816486,\"11\":195.3823170818,\"12\":696.1735832175,\"13\":491.5762155128,\"14\":434.6325183514,\"15\":337.6176829182},\"ret\":{\"0\":-0.0067715872,\"1\":0.0047054607,\"2\":0.001779721,\"3\":0.0006042264,\"4\":0.0072176158,\"5\":-0.0045488723,\"6\":-0.0017498447,\"7\":-0.0005975601,\"8\":0.0077428217,\"9\":-0.0042312175,\"10\":-0.0016855471,\"11\":-0.0005789626,\"12\":-0.0061502933,\"13\":0.0050937914,\"14\":0.0018426672,\"15\":0.0006117334}}", "deviance": 146.49949123827435, "df": 3, "rel_entropy": 0.003284152870298474, "formula": "count ~ group * mut * base - group : mut : base", "prob": 1.4991065504655025e-31}}