{"pos3": {"rel_entropy": 0.0002060899024520437, "formula": "count ~ group * mut * base - group : mut : base", "df": 3, "deviance": 9.193258368580764, "stats": "{\"group\":{\"8\":\"1\",\"9\":\"1\",\"10\":\"1\",\"11\":\"1\",\"12\":\"1\",\"13\":\"1\",\"14\":\"1\",\"15\":\"1\",\"0\":\"2\",\"1\":\"2\",\"2\":\"2\",\"3\":\"2\",\"4\":\"2\",\"5\":\"2\",\"6\":\"2\",\"7\":\"2\"},\"mut\":{\"8\":\"M\",\"9\":\"M\",\"10\":\"M\",\"11\":\"M\",\"12\":\"R\",\"13\":\"R\",\"14\":\"R\",\"15\":\"R\",\"0\":\"M\",\"1\":\"M\",\"2\":\"M\",\"3\":\"M\",\"4\":\"R\",\"5\":\"R\",\"6\":\"R\",\"7\":\"R\"},\"base\":{\"8\":\"A\",\"9\":\"C\",\"10\":\"G\",\"11\":\"T\",\"12\":\"A\",\"13\":\"C\",\"14\":\"G\",\"15\":\"T\",\"0\":\"A\",\"1\":\"C\",\"2\":\"G\",\"3\":\"T\",\"4\":\"A\",\"5\":\"C\",\"6\":\"G\",\"7\":\"T\"},\"count\":{\"8\":2255,\"9\":2451,\"10\":2279,\"11\":2207,\"12\":2721,\"13\":2000,\"14\":2235,\"15\":2236,\"0\":502,\"1\":500,\"2\":498,\"3\":460,\"4\":549,\"5\":472,\"6\":441,\"7\":498},\"fitted\":{\"8\":2276.4838556165,\"9\":2422.3070630204,\"10\":2299.0338838618,\"11\":2194.1751975013,\"12\":2699.5161443835,\"13\":2028.6929369796,\"14\":2214.9661161382,\"15\":2248.8248024987,\"0\":480.5161443835,\"1\":528.6929369802,\"2\":477.9661161383,\"3\":472.8248024987,\"4\":570.4838556166,\"5\":443.3070630209,\"6\":461.0338838618,\"7\":485.1751975013},\"ret\":{\"8\":-0.0009586693,\"9\":0.0012940373,\"10\":-0.0008942943,\"11\":0.0005766773,\"12\":0.0009670516,\"13\":-0.0012773074,\"14\":0.0009022692,\"15\":-0.0005733574,\"0\":0.0009844479,\"1\":-0.0012508901,\"2\":0.0009167861,\"3\":-0.0005671305,\"4\":-0.0009448596,\"5\":0.0013272103,\"6\":-0.0008784146,\"7\":0.0005825336}}", "prob": 0.026828759520635747}, "pos0": {"rel_entropy": 0.00012824822696591337, "formula": "count ~ group * mut * base - group : mut : base", "df": 3, "deviance": 5.7208969084954635, "stats": "{\"group\":{\"8\":\"1\",\"9\":\"1\",\"10\":\"1\",\"11\":\"1\",\"12\":\"1\",\"13\":\"1\",\"14\":\"1\",\"15\":\"1\",\"0\":\"2\",\"1\":\"2\",\"2\":\"2\",\"3\":\"2\",\"4\":\"2\",\"5\":\"2\",\"6\":\"2\",\"7\":\"2\"},\"mut\":{\"8\":\"M\",\"9\":\"M\",\"10\":\"M\",\"11\":\"M\",\"12\":\"R\",\"13\":\"R\",\"14\":\"R\",\"15\":\"R\",\"0\":\"M\",\"1\":\"M\",\"2\":\"M\",\"3\":\"M\",\"4\":\"R\",\"5\":\"R\",\"6\":\"R\",\"7\":\"R\"},\"base\":{\"8\":\"A\",\"9\":\"C\",\"10\":\"G\",\"11\":\"T\",\"12\":\"A\",\"13\":\"C\",\"14\":\"G\",\"15\":\"T\",\"0\":\"A\",\"1\":\"C\",\"2\":\"G\",\"3\":\"T\",\"4\":\"A\",\"5\":\"C\",\"6\":\"G\",\"7\":\"T\"},\"count\":{\"8\":2426,\"9\":2113,\"10\":2569,\"11\":2084,\"12\":2781,\"13\":1781,\"14\":2346,\"15\":2284,\"0\":523,\"1\":465,\"2\":521,\"3\":451,\"4\":541,\"5\":447,\"6\":488,\"7\":484},\"fitted\":{\"8\":2449.4160532641,\"9\":2089.4366774865,\"10\":2564.4319291943,\"11\":2088.7153400551,\"12\":2757.5839467359,\"13\":1804.5633225135,\"14\":2350.5680708057,\"15\":2279.2846599449,\"0\":499.583946736,\"1\":488.5633225137,\"2\":525.5680708057,\"3\":446.2846599449,\"4\":564.4160532641,\"5\":423.4366774867,\"6\":483.4319291943,\"7\":488.7153400551},\"ret\":{\"8\":-0.0010448246,\"9\":0.0010623965,\"10\":0.0002049918,\"11\":-0.0002111735,\"12\":0.0010543038,\"13\":-0.0010495341,\"14\":-0.0002046103,\"15\":0.0002116308,\"0\":0.0010740873,\"1\":-0.0010305655,\"2\":-0.0002039168,\"3\":0.0002125253,\"4\":-0.0010277735,\"5\":0.0010853261,\"6\":0.0002057741,\"7\":-0.0002103891}}", "prob": 0.12600754828173164}, "pos1": {"rel_entropy": 0.0032841528702985032, "formula": "count ~ group * mut * base - group : mut : base", "df": 3, "deviance": 146.49949123827562, "stats": "{\"group\":{\"8\":\"1\",\"9\":\"1\",\"10\":\"1\",\"11\":\"1\",\"12\":\"1\",\"13\":\"1\",\"14\":\"1\",\"15\":\"1\",\"0\":\"2\",\"1\":\"2\",\"2\":\"2\",\"3\":\"2\",\"4\":\"2\",\"5\":\"2\",\"6\":\"2\",\"7\":\"2\"},\"mut\":{\"8\":\"M\",\"9\":\"M\",\"10\":\"M\",\"11\":\"M\",\"12\":\"R\",\"13\":\"R\",\"14\":\"R\",\"15\":\"R\",\"0\":\"M\",\"1\":\"M\",\"2\":\"M\",\"3\":\"M\",\"4\":\"R\",\"5\":\"R\",\"6\":\"R\",\"7\":\"R\"},\"base\":{\"8\":\"A\",\"9\":\"C\",\"10\":\"G\",\"11\":\"T\",\"12\":\"A\",\"13\":\"C\",\"14\":\"G\",\"15\":\"T\",\"0\":\"A\",\"1\":\"C\",\"2\":\"G\",\"3\":\"T\",\"4\":\"A\",\"5\":\"C\",\"6\":\"G\",\"7\":\"T\"},\"count\":{\"8\":2269,\"9\":3572,\"10\":2393,\"11\":958,\"12\":2641,\"13\":2652,\"14\":2260,\"15\":1639,\"0\":844,\"1\":523,\"2\":411,\"3\":182,\"4\":540,\"5\":595,\"6\":474,\"7\":351},\"fitted\":{\"8\":2425.1735832175,\"9\":3468.5762155128,\"10\":2353.6325183514,\"11\":944.6176829182,\"12\":2484.8264167825,\"13\":2755.4237844872,\"14\":2299.3674816486,\"15\":1652.3823170818,\"0\":687.8264167825,\"1\":626.4237844872,\"2\":450.3674816486,\"3\":195.3823170818,\"4\":696.1735832175,\"5\":491.5762155128,\"6\":434.6325183514,\"7\":337.6176829182},\"ret\":{\"8\":-0.0067715872,\"9\":0.0047054607,\"10\":0.001779721,\"11\":0.0006042264,\"12\":0.0072176158,\"13\":-0.0045488723,\"14\":-0.0017498447,\"15\":-0.0005975601,\"0\":0.0077428217,\"1\":-0.0042312175,\"2\":-0.0016855471,\"3\":-0.0005789626,\"4\":-0.0061502933,\"5\":0.0050937914,\"6\":0.0018426672,\"7\":0.0006117334}}", "prob": 1.4991065504645525e-31}, "pos2": {"rel_entropy": 0.0001742584083073696, "formula": "count ~ group * mut * base - group : mut : base", "df": 3, "deviance": 7.7733190777751435, "stats": "{\"group\":{\"8\":\"1\",\"9\":\"1\",\"10\":\"1\",\"11\":\"1\",\"12\":\"1\",\"13\":\"1\",\"14\":\"1\",\"15\":\"1\",\"0\":\"2\",\"1\":\"2\",\"2\":\"2\",\"3\":\"2\",\"4\":\"2\",\"5\":\"2\",\"6\":\"2\",\"7\":\"2\"},\"mut\":{\"8\":\"M\",\"9\":\"M\",\"10\":\"M\",\"11\":\"M\",\"12\":\"R\",\"13\":\"R\",\"14\":\"R\",\"15\":\"R\",\"0\":\"M\",\"1\":\"M\",\"2\":\"M\",\"3\":\"M\",\"4\":\"R\",\"5\":\"R\",\"6\":\"R\",\"7\":\"R\"},\"base\":{\"8\":\"A\",\"9\":\"C\",\"10\":\"G\",\"11\":\"T\",\"12\":\"A\",\"13\":\"C\",\"14\":\"G\",\"15\":\"T\",\"0\":\"A\",\"1\":\"C\",\"2\":\"G\",\"3\":\"T\",\"4\":\"A\",\"5\":\"C\",\"6\":\"G\",\"7\":\"T\"},\"count\":{\"8\":2541,\"9\":2075,\"10\":2824,\"11\":1752,\"12\":2643,\"13\":1755,\"14\":2717,\"15\":2077,\"0\":525,\"1\":477,\"2\":630,\"3\":328,\"4\":507,\"5\":402,\"6\":579,\"7\":472},\"fitted\":{\"8\":2557.9133105592,\"9\":2076.4097470812,\"10\":2836.434211364,\"11\":1721.2427309957,\"12\":2626.0866894408,\"13\":1753.5902529188,\"14\":2704.565788636,\"15\":2107.7572690044,\"0\":508.0866894409,\"1\":475.5902529188,\"2\":617.565788636,\"3\":358.757269009,\"4\":523.9133105592,\"5\":403.4097470812,\"6\":591.434211364,\"7\":441.2427309997},\"ret\":{\"8\":-0.0007557958,\"9\":-0.0000631846,\"10\":-0.0005562642,\"11\":0.0013912505,\"12\":0.0007607451,\"13\":0.0000632314,\"14\":0.0005587675,\"15\":-0.0013688916,\"0\":0.000770792,\"1\":0.0000632996,\"2\":0.000563063,\"3\":-0.0013181238,\"4\":-0.0007459344,\"5\":-0.0000630955,\"6\":-0.0005515862,\"7\":0.0014259854}}", "prob": 0.05093635120838733}}