{"pos14": {"stats": "{\"mut\":{\"0\":\"M\",\"1\":\"M\",\"2\":\"M\",\"3\":\"M\",\"4\":\"R\",\"5\":\"R\",\"6\":\"R\",\"7\":\"R\"},\"base\":{\"0\":\"A\",\"1\":\"C\",\"2\":\"G\",\"3\":\"T\",\"4\":\"A\",\"5\":\"C\",\"6\":\"G\",\"7\":\"T\"},\"count\":{\"0\":62572,\"1\":33997,\"2\":36434,\"3\":57147,\"4\":61322,\"5\":35851,\"6\":36861,\"7\":56116},\"fitted\":{\"0\":61947.0,\"1\":34924.0000000001,\"2\":36647.5,\"3\":56631.5,\"4\":61947.0,\"5\":34924.0000000001,\"6\":36647.5,\"7\":56631.5},\"ret\":{\"0\":0.0016517022,\"1\":-0.0024049089,\"2\":-0.0005597604,\"3\":0.0013616596,\"4\":-0.0016351208,\"5\":0.0024696172,\"6\":0.000563031,\"7\":-0.0013493206}}", "deviance": 73.70159519922481, "df": 3, "rel_entropy": 9.68992837223571e-05, "formula": "count ~ mut * base - mut : base", "prob": 6.8763435315195587e-16}, "pos15": {"stats": "{\"mut\":{\"0\":\"M\",\"1\":\"M\",\"2\":\"M\",\"3\":\"M\",\"4\":\"R\",\"5\":\"R\",\"6\":\"R\",\"7\":\"R\"},\"base\":{\"0\":\"A\",\"1\":\"C\",\"2\":\"G\",\"3\":\"T\",\"4\":\"A\",\"5\":\"C\",\"6\":\"G\",\"7\":\"T\"},\"count\":{\"0\":63722,\"1\":35449,\"2\":35487,\"3\":55492,\"4\":63524,\"5\":34200,\"6\":36892,\"7\":55534},\"fitted\":{\"0\":63622.9999999998,\"1\":34824.5,\"2\":36189.5,\"3\":55512.9999999999,\"4\":63622.9999999999,\"5\":34824.5000000001,\"6\":36189.5000000001,\"7\":55513.0},\"ret\":{\"0\":0.0002605232,\"1\":0.0016567613,\"2\":-0.0018291798,\"3\":-0.0000552091,\"4\":-0.0002601182,\"5\":-0.0016273119,\"6\":0.0018650399,\"7\":0.00005523}}", "deviance": 49.9983863698701, "df": 3, "rel_entropy": 6.57354540755589e-05, "formula": "count ~ mut * base - mut : base", "prob": 7.9955034904437825e-11}, "pos16": {"stats": "{\"mut\":{\"0\":\"M\",\"1\":\"M\",\"2\":\"M\",\"3\":\"M\",\"4\":\"R\",\"5\":\"R\",\"6\":\"R\",\"7\":\"R\"},\"base\":{\"0\":\"A\",\"1\":\"C\",\"2\":\"G\",\"3\":\"T\",\"4\":\"A\",\"5\":\"C\",\"6\":\"G\",\"7\":\"T\"},\"count\":{\"0\":62852,\"1\":34917,\"2\":35121,\"3\":57260,\"4\":60761,\"5\":35827,\"6\":36855,\"7\":56707},\"fitted\":{\"0\":61806.5000000002,\"1\":35372.0000000001,\"2\":35988.0000000001,\"3\":56983.5000000001,\"4\":61806.5000000002,\"5\":35372.0000000001,\"6\":35988.0000000001,\"7\":56983.5000000001},\"ret\":{\"0\":0.0027722673,\"1\":-0.0011886957,\"2\":-0.0022520944,\"3\":0.0007288187,\"4\":-0.0027257613,\"5\":0.0012040861,\"6\":0.0023070227,\"7\":-0.0007252908}}", "deviance": 91.54010677177996, "df": 3, "rel_entropy": 0.00012035249378356555, "formula": "count ~ mut * base - mut : base", "prob": 1.0226641995879403e-19}, "pos17": {"stats": "{\"mut\":{\"0\":\"M\",\"1\":\"M\",\"2\":\"M\",\"3\":\"M\",\"4\":\"R\",\"5\":\"R\",\"6\":\"R\",\"7\":\"R\"},\"base\":{\"0\":\"A\",\"1\":\"C\",\"2\":\"G\",\"3\":\"T\",\"4\":\"A\",\"5\":\"C\",\"6\":\"G\",\"7\":\"T\"},\"count\":{\"0\":63320,\"1\":35463,\"2\":34690,\"3\":56677,\"4\":62772,\"5\":35169,\"6\":36892,\"7\":55317},\"fitted\":{\"0\":63046.0000000001,\"1\":35316.0,\"2\":35791.0000000003,\"3\":55997.0,\"4\":63046.0000000001,\"5\":35316.0,\"6\":35791.0000000003,\"7\":55997.0},\"ret\":{\"0\":0.0007220472,\"1\":0.0003873403,\"2\":-0.0028500899,\"3\":0.001798875,\"4\":-0.0007189159,\"5\":-0.0003857314,\"6\":0.0029391623,\"7\":-0.0017771612}}", "deviance": 87.86940747468606, "df": 3, "rel_entropy": 0.00011552643633274528, "formula": "count ~ mut * base - mut : base", "prob": 6.2823232659126344e-19}, "pos10": {"stats": "{\"mut\":{\"0\":\"M\",\"1\":\"M\",\"2\":\"M\",\"3\":\"M\",\"4\":\"R\",\"5\":\"R\",\"6\":\"R\",\"7\":\"R\"},\"base\":{\"0\":\"A\",\"1\":\"C\",\"2\":\"G\",\"3\":\"T\",\"4\":\"A\",\"5\":\"C\",\"6\":\"G\",\"7\":\"T\"},\"count\":{\"0\":69605,\"1\":30420,\"2\":39100,\"3\":51025,\"4\":64261,\"5\":31464,\"6\":42952,\"7\":51473},\"fitted\":{\"0\":66933.0000000036,\"1\":30942.0,\"2\":41026.0000000076,\"3\":51249.0000000001,\"4\":66933.0000000036,\"5\":30942.0,\"6\":41026.0000000076,\"7\":51249.0000000001},\"ret\":{\"0\":0.0071644437,\"1\":-0.0013609568,\"2\":-0.0049436408,\"3\":-0.0005877196,\"4\":-0.0068838863,\"5\":0.0013841141,\"6\":0.0051814818,\"7\":0.000590294}}", "deviance": 413.865334130276, "df": 3, "rel_entropy": 0.0005441300737973652, "formula": "count ~ mut * base - mut : base", "prob": 2.1963408534585667e-89}, "pos11": {"stats": "{\"mut\":{\"0\":\"M\",\"1\":\"M\",\"2\":\"M\",\"3\":\"M\",\"4\":\"R\",\"5\":\"R\",\"6\":\"R\",\"7\":\"R\"},\"base\":{\"0\":\"A\",\"1\":\"C\",\"2\":\"G\",\"3\":\"T\",\"4\":\"A\",\"5\":\"C\",\"6\":\"G\",\"7\":\"T\"},\"count\":{\"0\":64047,\"1\":30854,\"2\":34563,\"3\":60686,\"4\":66483,\"5\":33349,\"6\":36773,\"7\":53545},\"fitted\":{\"0\":65264.9999999992,\"1\":32101.5000000007,\"2\":35667.9999999997,\"3\":57115.5000001038,\"4\":65265.0000000017,\"5\":32101.500000002,\"6\":35668.0000000011,\"7\":57115.5000001061},\"ret\":{\"0\":-0.0031726617,\"1\":-0.0032157248,\"2\":-0.0028601207,\"3\":0.009676169,\"4\":0.0032324358,\"5\":0.0033432332,\"6\":0.0029501511,\"7\":-0.0090888676}}", "deviance": 657.6255630037508, "df": 3, "rel_entropy": 0.0008646142032655151, "formula": "count ~ mut * base - mut : base", "prob": 3.2360238764930391e-142}, "pos12": {"stats": "{\"mut\":{\"0\":\"M\",\"1\":\"M\",\"2\":\"M\",\"3\":\"M\",\"4\":\"R\",\"5\":\"R\",\"6\":\"R\",\"7\":\"R\"},\"base\":{\"0\":\"A\",\"1\":\"C\",\"2\":\"G\",\"3\":\"T\",\"4\":\"A\",\"5\":\"C\",\"6\":\"G\",\"7\":\"T\"},\"count\":{\"0\":59039,\"1\":35867,\"2\":32407,\"3\":62837,\"4\":61644,\"5\":35907,\"6\":35382,\"7\":57217},\"fitted\":{\"0\":60341.5000000003,\"1\":35887.0000000001,\"2\":33894.5000000037,\"3\":60027.0000000109,\"4\":60341.5000000004,\"5\":35887.0000000001,\"6\":33894.5000000038,\"7\":60027.000000011},\"ret\":{\"0\":-0.0033876945,\"1\":-0.0000525754,\"2\":-0.003824274,\"3\":0.0075592119,\"4\":0.0034616289,\"5\":0.0000526047,\"6\":0.0039959849,\"7\":-0.0072131942}}", "deviance": 450.04125759268624, "df": 3, "rel_entropy": 0.0005916924238662717, "formula": "count ~ mut * base - mut : base", "prob": 3.1938214993824198e-97}, "pos13": {"stats": "{\"mut\":{\"0\":\"M\",\"1\":\"M\",\"2\":\"M\",\"3\":\"M\",\"4\":\"R\",\"5\":\"R\",\"6\":\"R\",\"7\":\"R\"},\"base\":{\"0\":\"A\",\"1\":\"C\",\"2\":\"G\",\"3\":\"T\",\"4\":\"A\",\"5\":\"C\",\"6\":\"G\",\"7\":\"T\"},\"count\":{\"0\":60637,\"1\":34680,\"2\":34347,\"3\":60486,\"4\":63563,\"5\":35670,\"6\":35216,\"7\":55701},\"fitted\":{\"0\":62100.0000000001,\"1\":35175.0,\"2\":34781.5000000001,\"3\":58093.5000000037,\"4\":62100.0000000002,\"5\":35175.0000000001,\"6\":34781.5000000002,\"7\":58093.5000000038},\"ret\":{\"0\":-0.0038012879,\"1\":-0.0012924023,\"2\":-0.0011353528,\"3\":0.0064188882,\"4\":0.0038919261,\"5\":0.0013107197,\"6\":0.0011496259,\"7\":-0.0061597252}}", "deviance": 290.8469683385605, "df": 3, "rel_entropy": 0.00038239149137333746, "formula": "count ~ mut * base - mut : base", "prob": 9.5200931706917502e-63}, "pos18": {"stats": "{\"mut\":{\"0\":\"M\",\"1\":\"M\",\"2\":\"M\",\"3\":\"M\",\"4\":\"R\",\"5\":\"R\",\"6\":\"R\",\"7\":\"R\"},\"base\":{\"0\":\"A\",\"1\":\"C\",\"2\":\"G\",\"3\":\"T\",\"4\":\"A\",\"5\":\"C\",\"6\":\"G\",\"7\":\"T\"},\"count\":{\"0\":62676,\"1\":34787,\"2\":34783,\"3\":57904,\"4\":61644,\"5\":35719,\"6\":36037,\"7\":56750},\"fitted\":{\"0\":62160.0000000001,\"1\":35253.0,\"2\":35410.0,\"3\":57327.0,\"4\":62160.0000000001,\"5\":35253.0,\"6\":35410.0,\"7\":57327.0},\"ret\":{\"0\":0.0013624396,\"1\":-0.0012172137,\"2\":-0.0016340148,\"3\":0.0015248332,\"4\":-0.0013511763,\"5\":0.0012334117,\"6\":0.0016632096,\"7\":-0.001509562}}", "deviance": 54.70795936110744, "df": 3, "rel_entropy": 7.192737228649414e-05, "formula": "count ~ mut * base - mut : base", "prob": 7.925273847836392e-12},