{"pos1": {"formula": "count ~ mut * base - mut : base", "prob": 2.1531675124749044e-67, "rel_entropy": 0.03190757188363686, "df": 3, "deviance": 312.3113135970376, "stats": "{\"mut\":{\"0\":\"M\",\"1\":\"M\",\"2\":\"M\",\"3\":\"M\",\"4\":\"R\",\"5\":\"R\",\"6\":\"R\",\"7\":\"R\"},\"base\":{\"0\":\"A\",\"1\":\"C\",\"2\":\"G\",\"3\":\"T\",\"4\":\"A\",\"5\":\"C\",\"6\":\"G\",\"7\":\"T\"},\"count\":{\"0\":352,\"1\":1170,\"2\":240,\"3\":685,\"4\":548,\"5\":684,\"6\":571,\"7\":644},\"fitted\":{\"0\":450.0000000001,\"1\":927.0000000002,\"2\":405.50000001,\"3\":664.5000000001,\"4\":449.9999999999,\"5\":926.9999999999,\"6\":405.5000000099,\"7\":664.4999999999},\"ret\":{\"0\":-0.0176659124,\"1\":0.0556563937,\"2\":-0.0257204062,\"3\":0.0042527611,\"4\":0.0220619497,\"5\":-0.0424873362,\"6\":0.0399336371,\"7\":-0.0041235149}}"}, "pos0": {"formula": "count ~ mut * base - mut : base", "prob": 7.717230378333987e-15, "rel_entropy": 0.007028882859987527, "df": 3, "deviance": 68.79870543355791, "stats": "{\"mut\":{\"0\":\"M\",\"1\":\"M\",\"2\":\"M\",\"3\":\"M\",\"4\":\"R\",\"5\":\"R\",\"6\":\"R\",\"7\":\"R\"},\"base\":{\"0\":\"A\",\"1\":\"C\",\"2\":\"G\",\"3\":\"T\",\"4\":\"A\",\"5\":\"C\",\"6\":\"G\",\"7\":\"T\"},\"count\":{\"0\":607,\"1\":789,\"2\":410,\"3\":641,\"4\":601,\"5\":570,\"6\":587,\"7\":689},\"fitted\":{\"0\":604.0,\"1\":679.5,\"2\":498.5,\"3\":665.0,\"4\":604.0,\"5\":679.5,\"6\":498.5,\"7\":665.0},\"ret\":{\"0\":0.0006145153,\"1\":0.024087407,\"2\":-0.0163737303,\"3\":-0.0048143872,\"4\":-0.0006114706,\"5\":-0.02046606,\"6\":0.0196011978,\"7\":0.0049914109}}"}, "pos3": {"formula": "count ~ mut * base - mut : base", "prob": 0.04748127717447136, "rel_entropy": 0.0008101732721264918, "df": 3, "deviance": 7.929975987574101, "stats": "{\"mut\":{\"0\":\"M\",\"1\":\"M\",\"2\":\"M\",\"3\":\"M\",\"4\":\"R\",\"5\":\"R\",\"6\":\"R\",\"7\":\"R\"},\"base\":{\"0\":\"A\",\"1\":\"C\",\"2\":\"G\",\"3\":\"T\",\"4\":\"A\",\"5\":\"C\",\"6\":\"G\",\"7\":\"T\"},\"count\":{\"0\":645,\"1\":533,\"2\":615,\"3\":654,\"4\":572,\"5\":595,\"6\":628,\"7\":652},\"fitted\":{\"0\":608.5000000008,\"1\":564.0000000004,\"2\":621.5,\"3\":653.0,\"4\":608.5000000008,\"5\":564.0000000004,\"6\":621.5,\"7\":653.0},\"ret\":{\"0\":0.0076774511,\"1\":-0.0061569262,\"2\":-0.0013211873,\"3\":0.0002044882,\"4\":-0.0072298183,\"5\":0.0065052629,\"6\":0.0013350781,\"7\":-0.0002041753}}"}, "pos2": {"formula": "count ~ mut * base - mut : base", "prob": 5.616854255666459e-18, "rel_entropy": 0.008524477858806442, "df": 3, "deviance": 83.43758928199745, "stats": "{\"mut\":{\"0\":\"M\",\"1\":\"M\",\"2\":\"M\",\"3\":\"M\",\"4\":\"R\",\"5\":\"R\",\"6\":\"R\",\"7\":\"R\"},\"base\":{\"0\":\"A\",\"1\":\"C\",\"2\":\"G\",\"3\":\"T\",\"4\":\"A\",\"5\":\"C\",\"6\":\"G\",\"7\":\"T\"},\"count\":{\"0\":841,\"1\":632,\"2\":389,\"3\":585,\"4\":776,\"5\":683,\"6\":213,\"7\":775},\"fitted\":{\"0\":808.5,\"1\":657.5,\"2\":301.0,\"3\":680.0,\"4\":808.5,\"5\":657.5,\"6\":301.0,\"7\":680.0},\"ret\":{\"0\":0.0067725041,\"1\":-0.0051080903,\"2\":0.0203854662,\"3\":-0.0179876086,\"4\":-0.0065054866,\"5\":0.0053102197,\"6\":-0.0150509308,\"7\":0.020708404}}"}}