{"('pos2', 'pos3')": {"formula": "count ~ mut * base1 * base2 - mut : base1 : base2", "prob": 1.5198721980125523e-08, "rel_entropy": 0.005567531695756163, "df": 9, "deviance": 54.49500023806133, "stats": "{\"mut\":{\"0\":\"M\",\"1\":\"M\",\"2\":\"M\",\"3\":\"M\",\"4\":\"M\",\"5\":\"M\",\"6\":\"M\",\"7\":\"M\",\"8\":\"M\",\"9\":\"M\",\"10\":\"M\",\"11\":\"M\",\"12\":\"M\",\"13\":\"M\",\"14\":\"M\",\"15\":\"M\",\"16\":\"R\",\"17\":\"R\",\"18\":\"R\",\"19\":\"R\",\"20\":\"R\",\"21\":\"R\",\"22\":\"R\",\"23\":\"R\",\"24\":\"R\",\"25\":\"R\",\"26\":\"R\",\"27\":\"R\",\"28\":\"R\",\"29\":\"R\",\"30\":\"R\",\"31\":\"R\"},\"base1\":{\"0\":\"A\",\"1\":\"A\",\"2\":\"A\",\"3\":\"A\",\"4\":\"C\",\"5\":\"C\",\"6\":\"C\",\"7\":\"C\",\"8\":\"G\",\"9\":\"G\",\"10\":\"G\",\"11\":\"G\",\"12\":\"T\",\"13\":\"T\",\"14\":\"T\",\"15\":\"T\",\"16\":\"A\",\"17\":\"A\",\"18\":\"A\",\"19\":\"A\",\"20\":\"C\",\"21\":\"C\",\"22\":\"C\",\"23\":\"C\",\"24\":\"G\",\"25\":\"G\",\"26\":\"G\",\"27\":\"G\",\"28\":\"T\",\"29\":\"T\",\"30\":\"T\",\"31\":\"T\"},\"base2\":{\"0\":\"A\",\"1\":\"C\",\"2\":\"G\",\"3\":\"T\",\"4\":\"A\",\"5\":\"C\",\"6\":\"G\",\"7\":\"T\",\"8\":\"A\",\"9\":\"C\",\"10\":\"G\",\"11\":\"T\",\"12\":\"A\",\"13\":\"C\",\"14\":\"G\",\"15\":\"T\",\"16\":\"A\",\"17\":\"C\",\"18\":\"G\",\"19\":\"T\",\"20\":\"A\",\"21\":\"C\",\"22\":\"G\",\"23\":\"T\",\"24\":\"A\",\"25\":\"C\",\"26\":\"G\",\"27\":\"T\",\"28\":\"A\",\"29\":\"C\",\"30\":\"G\",\"31\":\"T\"},\"count\":{\"0\":280,\"1\":129,\"2\":281,\"3\":151,\"4\":198,\"5\":187,\"6\":63,\"7\":184,\"8\":102,\"9\":87,\"10\":114,\"11\":86,\"12\":65,\"13\":130,\"14\":157,\"15\":233,\"16\":170,\"17\":169,\"18\":261,\"19\":176,\"20\":242,\"21\":178,\"22\":53,\"23\":210,\"24\":49,\"25\":55,\"26\":60,\"27\":49,\"28\":111,\"29\":193,\"30\":254,\"31\":217},\"fitted\":{\"0\":244.0164950082,\"1\":147.3864697869,\"2\":276.1410089153,\"3\":173.4560262895,\"4\":220.1244678426,\"5\":165.2174375994,\"6\":54.2248286416,\"7\":192.4332659165,\"8\":100.789225746,\"9\":88.5794081167,\"10\":110.9562752232,\"11\":88.675090914,\"12\":80.0698114032,\"13\":131.8166844969,\"14\":173.6778872199,\"15\":199.43561688,\"16\":205.9835049918,\"17\":150.6135302131,\"18\":265.8589910847,\"19\":153.5439737105,\"20\":219.8755321574,\"21\":199.7825624006,\"22\":61.7751713584,\"23\":201.5667340835,\"24\":50.210774254,\"25\":53.4205918833,\"26\":63.0437247768,\"27\":46.324909086,\"28\":95.9301885968,\"29\":191.1833155031,\"30\":237.3221127801,\"31\":250.56438312},\"ret\":{\"0\":0.0078698524,\"1\":-0.0035121997,\"2\":0.0010015309,\"3\":-0.0042777454,\"4\":-0.0042855275,\"5\":0.0047321701,\"6\":0.0019308822,\"7\":-0.001684862,\"8\":0.0002488798,\"9\":-0.000319829,\"10\":0.0006303832,\"11\":-0.0005382772,\"12\":-0.0027693616,\"13\":-0.0003686367,\"14\":-0.0032386962,\"15\":0.0074054861,\"16\":-0.0066693097,\"17\":0.0039774589,\"18\":-0.0009837179,\"19\":0.0049087599,\"20\":0.0047409107,\"21\":-0.0041988955,\"22\":-0.0016591969,\"23\":0.00175874,\"24\":-0.0002443926,\"25\":0.0003274478,\"26\":-0.000606669,\"27\":0.0005620932,\"28\":0.0033093486,\"29\":0.0003729646,\"30\":0.0035248558,\"31\":-0.0063769158}}"}, "('pos0', 'pos3')": {"formula": "count ~ mut * base1 * base2 - mut : base1 : base2", "prob": 3.84605223686524e-05, "rel_entropy": 0.0036855661625699873, "df": 9, "deviance": 36.074321599235034, "stats": "{\"mut\":{\"0\":\"M\",\"1\":\"M\",\"2\":\"M\",\"3\":\"M\",\"4\":\"M\",\"5\":\"M\",\"6\":\"M\",\"7\":\"M\",\"8\":\"M\",\"9\":\"M\",\"10\":\"M\",\"11\":\"M\",\"12\":\"M\",\"13\":\"M\",\"14\":\"M\",\"15\":\"M\",\"16\":\"R\",\"17\":\"R\",\"18\":\"R\",\"19\":\"R\",\"20\":\"R\",\"21\":\"R\",\"22\":\"R\",\"23\":\"R\",\"24\":\"R\",\"25\":\"R\",\"26\":\"R\",\"27\":\"R\",\"28\":\"R\",\"29\":\"R\",\"30\":\"R\",\"31\":\"R\"},\"base1\":{\"0\":\"A\",\"1\":\"A\",\"2\":\"A\",\"3\":\"A\",\"4\":\"C\",\"5\":\"C\",\"6\":\"C\",\"7\":\"C\",\"8\":\"G\",\"9\":\"G\",\"10\":\"G\",\"11\":\"G\",\"12\":\"T\",\"13\":\"T\",\"14\":\"T\",\"15\":\"T\",\"16\":\"A\",\"17\":\"A\",\"18\":\"A\",\"19\":\"A\",\"20\":\"C\",\"21\":\"C\",\"22\":\"C\",\"23\":\"C\",\"24\":\"G\",\"25\":\"G\",\"26\":\"G\",\"27\":\"G\",\"28\":\"T\",\"29\":\"T\",\"30\":\"T\",\"31\":\"T\"},\"base2\":{\"0\":\"A\",\"1\":\"C\",\"2\":\"G\",\"3\":\"T\",\"4\":\"A\",\"5\":\"C\",\"6\":\"G\",\"7\":\"T\",\"8\":\"A\",\"9\":\"C\",\"10\":\"G\",\"11\":\"T\",\"12\":\"A\",\"13\":\"C\",\"14\":\"G\",\"15\":\"T\",\"16\":\"A\",\"17\":\"C\",\"18\":\"G\",\"19\":\"T\",\"20\":\"A\",\"21\":\"C\",\"22\":\"G\",\"23\":\"T\",\"24\":\"A\",\"25\":\"C\",\"26\":\"G\",\"27\":\"T\",\"28\":\"A\",\"29\":\"C\",\"30\":\"G\",\"31\":\"T\"},\"count\":{\"0\":186,\"1\":126,\"2\":138,\"3\":157,\"4\":200,\"5\":145,\"6\":276,\"7\":168,\"8\":87,\"9\":108,\"10\":85,\"11\":130,\"12\":172,\"13\":154,\"14\":116,\"15\":199,\"16\":152,\"17\":118,\"18\":148,\"19\":183,\"20\":121,\"21\":149,\"22\":158,\"23\":142,\"24\":135,\"25\":158,\"26\":144,\"27\":150,\"28\":164,\"29\":170,\"30\":178,\"31\":177},\"fitted\":{\"0\":179.2443184298,\"1\":116.4558559263,\"2\":139.2735323563,\"3\":172.0262932876,\"4\":195.958109951,\"5\":164.3325123734,\"6\":246.7295025485,\"7\":181.979875127,\"8\":97.9893794727,\"9\":103.7064944568,\"10\":91.4045995036,\"11\":116.8995265669,\"12\":171.8081921464,\"13\":148.5051372435,\"14\":137.5923655916,\"15\":183.0943050185,\"16\":158.7556815702,\"17\":127.5441440737,\"18\":146.7264676437,\"19\":167.9737067124,\"20\":125.041890049,\"21\":129.6674876266,\"22\":187.2704974515,\"23\":128.020124873,\"24\":124.0106205273,\"25\":162.2935055432,\"26\":137.5954004964,\"27\":163.1004734331,\"28\":164.1918078536,\"29\":175.4948627565,\"30\":156.4076344084,\"31\":192.9056949815},\"ret\":{\"0\":0.0014060935,\"1\":0.0020279879,\"2\":-0.0002590298,\"3\":-0.00293217,\"4\":0.0008343463,\"5\":-0.0037082001,\"6\":0.0063224111,\"7\":-0.0027438899,\"8\":-0.0021145761,\"9\":0.0008952147,\"10\":-0.0012617054,\"11\":0.0028215268,\"12\":0.0000392143,\"13\":0.0011432958,\"14\":-0.00404614,\"15\":0.0033872889,\"16\":-0.0013506043,\"17\":-0.0018753153,\"18\":0.0002613493,\"19\":0.0032037599,\"20\":-0.0008123925,\"21\":0.0042310922,\"22\":-0.005487031,\"23\":0.0030071149,\"24\":0.0023421581,\"25\":-0.0008655916,\"26\":0.0013386586,\"27\":-0.00256634,\"28\":-0.0000391695,\"29\":-0.0011050116,\"30\":0.0047034303,\"31\":-0.0031122094}}"}, "('pos1', 'pos3')": {"formula": "count ~ mut * base1 * base2 - mut : base1 : base2", "prob": 0.013403328589679414, "rel_entropy": 0.002128631445596262, "df": 9, "deviance": 20.83504458949621,