{"pos2": {"prob": 0, "deviance": 3321.201166600431, "stats": "{\"mut\":{\"0\":\"M\",\"1\":\"M\",\"2\":\"M\",\"3\":\"M\",\"4\":\"R\",\"5\":\"R\",\"6\":\"R\",\"7\":\"R\"},\"base\":{\"0\":\"A\",\"1\":\"C\",\"2\":\"G\",\"3\":\"T\",\"4\":\"A\",\"5\":\"C\",\"6\":\"G\",\"7\":\"T\"},\"count\":{\"0\":108476,\"1\":53507,\"2\":78946,\"3\":86083,\"4\":94260,\"5\":68716,\"6\":84352,\"7\":79684},\"fitted\":{\"0\":101368.0000000006,\"1\":61111.5000000002,\"2\":81649.0000000004,\"3\":82883.5000000002,\"4\":101368.0000000006,\"5\":61111.5000000002,\"6\":81649.0000000004,\"7\":82883.5000000002},\"ret\":{\"0\":0.0112405359,\"1\":-0.0108717962,\"2\":-0.0040636985,\"3\":0.0049852521,\"4\":-0.0104778306,\"5\":0.0123224074,\"6\":0.0042005429,\"7\":-0.0047963615}}", "df": 3, "formula": "count ~ mut * base - mut : base", "rel_entropy": 0.0025390514465833294}, "pos1": {"prob": 0, "deviance": 6120.121580085972, "stats": "{\"mut\":{\"0\":\"M\",\"1\":\"M\",\"2\":\"M\",\"3\":\"M\",\"4\":\"R\",\"5\":\"R\",\"6\":\"R\",\"7\":\"R\"},\"base\":{\"0\":\"A\",\"1\":\"C\",\"2\":\"G\",\"3\":\"T\",\"4\":\"A\",\"5\":\"C\",\"6\":\"G\",\"7\":\"T\"},\"count\":{\"0\":129415,\"1\":25528,\"2\":82239,\"3\":89830,\"4\":111767,\"5\":16594,\"6\":84597,\"7\":114054},\"fitted\":{\"0\":120590.9999999999,\"1\":21061.0,\"2\":83417.9999999999,\"3\":101941.9999999998,\"4\":120590.9999999997,\"5\":21060.9999999999,\"6\":83417.9999999997,\"7\":101941.9999999996},\"ret\":{\"0\":0.0139738614,\"1\":0.0075079582,\"2\":-0.0017898864,\"3\":-0.0173726807,\"4\":-0.0129857393,\"5\":-0.0060482607,\"6\":0.0018153658,\"7\":0.0195782021}}", "df": 3, "formula": "count ~ mut * base - mut : base", "rel_entropy": 0.004678820333876105}, "pos0": {"prob": 0, "deviance": 1946.334542368445, "stats": "{\"mut\":{\"0\":\"M\",\"1\":\"M\",\"2\":\"M\",\"3\":\"M\",\"4\":\"R\",\"5\":\"R\",\"6\":\"R\",\"7\":\"R\"},\"base\":{\"0\":\"A\",\"1\":\"C\",\"2\":\"G\",\"3\":\"T\",\"4\":\"A\",\"5\":\"C\",\"6\":\"G\",\"7\":\"T\"},\"count\":{\"0\":84350,\"1\":77512,\"2\":69732,\"3\":95418,\"4\":93433,\"5\":74996,\"6\":76992,\"7\":81591},\"fitted\":{\"0\":88891.5000000227,\"1\":76253.9999999919,\"2\":73362.0000000127,\"3\":88504.5000009559,\"4\":88891.5000000424,\"5\":76254.0000000088,\"6\":73362.000000029,\"7\":88504.5000009755},\"ret\":{\"0\":-0.0067634502,\"1\":0.0019392566,\"2\":-0.0054106173,\"3\":0.0109732278,\"4\":0.0071183729,\"5\":-0.0019075226,\"6\":0.0056853598,\"7\":-0.0101466582}}", "df": 3, "formula": "count ~ mut * base - mut : base", "rel_entropy": 0.0014879687460769369}, "pos3": {"prob": 0, "deviance": 6321.833871086714, "stats": "{\"mut\":{\"0\":\"M\",\"1\":\"M\",\"2\":\"M\",\"3\":\"M\",\"4\":\"R\",\"5\":\"R\",\"6\":\"R\",\"7\":\"R\"},\"base\":{\"0\":\"A\",\"1\":\"C\",\"2\":\"G\",\"3\":\"T\",\"4\":\"A\",\"5\":\"C\",\"6\":\"G\",\"7\":\"T\"},\"count\":{\"0\":76982,\"1\":57519,\"2\":95697,\"3\":96814,\"4\":96751,\"5\":69271,\"6\":76567,\"7\":84423},\"fitted\":{\"0\":86866.4999999998,\"1\":63395.0,\"2\":86131.9999999999,\"3\":90618.4999999999,\"4\":86866.4999999999,\"5\":63395.0000000001,\"6\":86132.0000000001,\"7\":90618.5},\"ret\":{\"0\":-0.014218881,\"1\":-0.0085545086,\"2\":0.0154083997,\"3\":0.0097895828,\"4\":0.015942354,\"5\":0.0093884555,\"6\":-0.0137809489,\"7\":-0.0091414246}}", "df": 3, "formula": "count ~ mut * base - mut : base", "rel_entropy": 0.004833028964599704}}