{"pos2": {"stats": "{\"mut\":{\"0\":\"M\",\"1\":\"M\",\"2\":\"M\",\"3\":\"M\",\"4\":\"R\",\"5\":\"R\",\"6\":\"R\",\"7\":\"R\"},\"base\":{\"0\":\"A\",\"1\":\"C\",\"2\":\"G\",\"3\":\"T\",\"4\":\"A\",\"5\":\"C\",\"6\":\"G\",\"7\":\"T\"},\"count\":{\"0\":215072,\"1\":101914,\"2\":226875,\"3\":219625,\"4\":177268,\"5\":149221,\"6\":183784,\"7\":253213},\"fitted\":{\"0\":196169.9999999992,\"1\":125567.4999999997,\"2\":205329.4999999996,\"3\":236418.9999999994,\"4\":196169.9999999995,\"5\":125567.4999999999,\"6\":205329.4999999999,\"7\":236418.9999999998},\"ret\":{\"0\":0.0129568433,\"1\":-0.0139301134,\"2\":0.0148256244,\"3\":-0.010598015,\"4\":-0.011762234,\"5\":0.0168656015,\"6\":-0.0133423193,\"7\":0.0113799321}}", "deviance": 19530.947475963658, "df": 3, "rel_entropy": 0.006395319454437822, "formula": "count ~ mut * base - mut : base", "prob": 0}, "pos3": {"stats": "{\"mut\":{\"0\":\"M\",\"1\":\"M\",\"2\":\"M\",\"3\":\"M\",\"4\":\"R\",\"5\":\"R\",\"6\":\"R\",\"7\":\"R\"},\"base\":{\"0\":\"A\",\"1\":\"C\",\"2\":\"G\",\"3\":\"T\",\"4\":\"A\",\"5\":\"C\",\"6\":\"G\",\"7\":\"T\"},\"count\":{\"0\":165771,\"1\":139827,\"2\":210991,\"3\":246897,\"4\":215216,\"5\":153568,\"6\":131884,\"7\":262818},\"fitted\":{\"0\":190493.5000000004,\"1\":146697.5000000003,\"2\":171437.5000000006,\"3\":254857.5000000005,\"4\":190493.5000000004,\"5\":146697.5000000003,\"6\":171437.5000000006,\"7\":254857.5000000005},\"ret\":{\"0\":-0.0150912734,\"1\":-0.0043923789,\"2\":0.0286848989,\"3\":-0.0051309791,\"4\":0.0171984418,\"5\":0.0046031844,\"6\":-0.0226544091,\"7\":0.0052938423}}", "deviance": 25993.11531865385, "df": 3, "rel_entropy": 0.008511326769139791, "formula": "count ~ mut * base - mut : base", "prob": 0}, "pos0": {"stats": "{\"mut\":{\"0\":\"M\",\"1\":\"M\",\"2\":\"M\",\"3\":\"M\",\"4\":\"R\",\"5\":\"R\",\"6\":\"R\",\"7\":\"R\"},\"base\":{\"0\":\"A\",\"1\":\"C\",\"2\":\"G\",\"3\":\"T\",\"4\":\"A\",\"5\":\"C\",\"6\":\"G\",\"7\":\"T\"},\"count\":{\"0\":206941,\"1\":158664,\"2\":120007,\"3\":277874,\"4\":219083,\"5\":147999,\"6\":134005,\"7\":262399},\"fitted\":{\"0\":213011.9999999996,\"1\":153331.5000000023,\"2\":127006.0000000846,\"3\":270136.5000000008,\"4\":213011.9999999992,\"5\":153331.500000002,\"6\":127006.0000000844,\"7\":270136.5000000002},\"ret\":{\"0\":-0.0039186391,\"1\":0.0035522388,\"2\":-0.0044548999,\"3\":0.0051391049,\"4\":0.0040319689,\"5\":-0.0034307638,\"6\":0.0047076182,\"7\":-0.0049939451}}", "deviance": 1932.1781430709798, "df": 3, "rel_entropy": 0.0006326828989238112, "formula": "count ~ mut * base - mut : base", "prob": 0}, "pos1": {"stats": "{\"mut\":{\"0\":\"M\",\"1\":\"M\",\"2\":\"M\",\"3\":\"M\",\"4\":\"R\",\"5\":\"R\",\"6\":\"R\",\"7\":\"R\"},\"base\":{\"0\":\"A\",\"1\":\"C\",\"2\":\"G\",\"3\":\"T\",\"4\":\"A\",\"5\":\"C\",\"6\":\"G\",\"7\":\"T\"},\"count\":{\"0\":339970,\"1\":137790,\"2\":127650,\"3\":158076,\"4\":208942,\"5\":173403,\"6\":126208,\"7\":254933},\"fitted\":{\"0\":274455.9999999976,\"1\":155596.4999999991,\"2\":126928.9999999992,\"3\":206504.4999999993,\"4\":274455.9999999991,\"5\":155596.4999999999,\"6\":126928.9999999999,\"7\":206504.5000000004},\"ret\":{\"0\":0.0476604426,\"1\":-0.0109670336,\"2\":0.0004735148,\"3\":-0.0276660096,\"4\":-0.037319375,\"5\":0.0123044854,\"6\":-0.0004708327,\"7\":0.0351734791}}", "deviance": 58601.126916054, "df": 3, "rel_entropy": 0.019188671081085313, "formula": "count ~ mut * base - mut : base", "prob": 0}}