{"('pos0', 'pos3')": {"rel_entropy": 0.00020000436724651485, "formula": "count ~ mut * base1 * base2 - mut : base1 : base2", "df": 9, "prob": 1.0055255926981272e-125, "stats": "{\"mut\":{\"0\":\"M\",\"1\":\"M\",\"2\":\"M\",\"3\":\"M\",\"4\":\"M\",\"5\":\"M\",\"6\":\"M\",\"7\":\"M\",\"8\":\"M\",\"9\":\"M\",\"10\":\"M\",\"11\":\"M\",\"12\":\"M\",\"13\":\"M\",\"14\":\"M\",\"15\":\"M\",\"16\":\"R\",\"17\":\"R\",\"18\":\"R\",\"19\":\"R\",\"20\":\"R\",\"21\":\"R\",\"22\":\"R\",\"23\":\"R\",\"24\":\"R\",\"25\":\"R\",\"26\":\"R\",\"27\":\"R\",\"28\":\"R\",\"29\":\"R\",\"30\":\"R\",\"31\":\"R\"},\"base1\":{\"0\":\"A\",\"1\":\"A\",\"2\":\"A\",\"3\":\"A\",\"4\":\"C\",\"5\":\"C\",\"6\":\"C\",\"7\":\"C\",\"8\":\"G\",\"9\":\"G\",\"10\":\"G\",\"11\":\"G\",\"12\":\"T\",\"13\":\"T\",\"14\":\"T\",\"15\":\"T\",\"16\":\"A\",\"17\":\"A\",\"18\":\"A\",\"19\":\"A\",\"20\":\"C\",\"21\":\"C\",\"22\":\"C\",\"23\":\"C\",\"24\":\"G\",\"25\":\"G\",\"26\":\"G\",\"27\":\"G\",\"28\":\"T\",\"29\":\"T\",\"30\":\"T\",\"31\":\"T\"},\"base2\":{\"0\":\"A\",\"1\":\"C\",\"2\":\"G\",\"3\":\"T\",\"4\":\"A\",\"5\":\"C\",\"6\":\"G\",\"7\":\"T\",\"8\":\"A\",\"9\":\"C\",\"10\":\"G\",\"11\":\"T\",\"12\":\"A\",\"13\":\"C\",\"14\":\"G\",\"15\":\"T\",\"16\":\"A\",\"17\":\"C\",\"18\":\"G\",\"19\":\"T\",\"20\":\"A\",\"21\":\"C\",\"22\":\"G\",\"23\":\"T\",\"24\":\"A\",\"25\":\"C\",\"26\":\"G\",\"27\":\"T\",\"28\":\"A\",\"29\":\"C\",\"30\":\"G\",\"31\":\"T\"},\"count\":{\"0\":48240,\"1\":35639,\"2\":59454,\"3\":63608,\"4\":30628,\"5\":30586,\"6\":49208,\"7\":48242,\"8\":27578,\"9\":21945,\"10\":36310,\"11\":34174,\"12\":59325,\"13\":51657,\"14\":66019,\"15\":100873,\"16\":66104,\"17\":42953,\"18\":36509,\"19\":73517,\"20\":39703,\"21\":33103,\"22\":27444,\"23\":47749,\"24\":38113,\"25\":26934,\"26\":26436,\"27\":42522,\"28\":71296,\"29\":50578,\"30\":41495,\"31\":99030},\"fitted\":{\"0\":48303.0853714177,\"1\":36356.7791154405,\"2\":57897.1037431827,\"3\":64384.0317699587,\"4\":31588.1773522914,\"5\":31187.6828670785,\"6\":48214.7488637466,\"7\":47673.3909168837,\"8\":26668.9113685419,\"9\":21789.4260477082,\"10\":36830.7010878781,\"11\":34717.9614958722,\"12\":59210.8259077488,\"13\":50493.1119697729,\"14\":68048.4463051942,\"15\":100121.6158172857,\"16\":66040.9146285819,\"17\":42235.2208845596,\"18\":38065.8962568203,\"19\":72740.9682300415,\"20\":38742.8226477089,\"21\":32501.3171329216,\"22\":28437.2511362544,\"23\":48317.6090831164,\"24\":39022.0886314584,\"25\":27089.5739522919,\"26\":25915.2989121223,\"27\":41978.0385041278,\"28\":71410.1740922514,\"29\":51741.8880302273,\"30\":39465.553694813,\"31\":99781.3841827146},\"ret\":{\"0\":-0.000041287,\"1\":-0.000465396,\"2\":0.0010331847,\"3\":-0.0005051409,\"4\":-0.0006191561,\"5\":-0.000390211,\"6\":0.0006571256,\"7\":0.0003745888,\"8\":0.0006053877,\"9\":0.0001022468,\"10\":-0.0003385804,\"11\":-0.00035343,\"12\":0.0000748436,\"13\":0.0007709376,\"14\":-0.0013090471,\"15\":0.0004939165,\"16\":0.0000413338,\"17\":0.0004740389,\"18\":-0.0009984561,\"19\":0.0005109175,\"20\":0.0006365398,\"21\":0.0003976616,\"22\":-0.0006389767,\"23\":-0.0003701771,\"24\":-0.0005883644,\"25\":-0.0001015908,\"26\":0.0003444054,\"27\":0.0003585336,\"28\":-0.0000747118,\"29\":-0.0007535819,\"30\":0.0013626671,\"31\":-0.0004902172}}", "deviance": 610.8021373262906}, "('pos0', 'pos2')": {"rel_entropy": 0.00044218674602746215, "formula": "count ~ mut * base1 * base2 - mut : base1 : base2", "df": 9, "prob": 3.990796233255928e-285, "stats": "{\"mut\":{\"0\":\"M\",\"1\":\"M\",\"2\":\"M\",\"3\":\"M\",\"4\":\"M\",\"5\":\"M\",\"6\":\"M\",\"7\":\"M\",\"8\":\"M\",\"9\":\"M\",\"10\":\"M\",\"11\":\"M\",\"12\":\"M\",\"13\":\"M\",\"14\":\"M\",\"15\":\"M\",\"16\":\"R\",\"17\":\"R\",\"18\":\"R\",\"19\":\"R\",\"20\":\"R\",\"21\":\"R\",\"22\":\"R\",\"23\":\"R\",\"24\":\"R\",\"25\":\"R\",\"26\":\"R\",\"27\":\"R\",\"28\":\"R\",\"29\":\"R\",\"30\":\"R\",\"31\":\"R\"},\"base1\":{\"0\":\"A\",\"1\":\"A\",\"2\":\"A\",\"3\":\"A\",\"4\":\"C\",\"5\":\"C\",\"6\":\"C\",\"7\":\"C\",\"8\":\"G\",\"9\":\"G\",\"10\":\"G\",\"11\":\"G\",\"12\":\"T\",\"13\":\"T\",\"14\":\"T\",\"15\":\"T\",\"16\":\"A\",\"17\":\"A\",\"18\":\"A\",\"19\":\"A\",\"20\":\"C\",\"21\":\"C\",\"22\":\"C\",\"23\":\"C\",\"24\":\"G\",\"25\":\"G\",\"26\":\"G\",\"27\":\"G\",\"28\":\"T\",\"29\":\"T\",\"30\":\"T\",\"31\":\"T\"},\"base2\":{\"0\":\"A\",\"1\":\"C\",\"2\":\"G\",\"3\":\"T\",\"4\":\"A\",\"5\":\"C\",\"6\":\"G\",\"7\":\"T\",\"8\":\"A\",\"9\":\"C\",\"10\":\"G\",\"11\":\"T\",\"12\":\"A\",\"13\":\"C\",\"14\":\"G\",\"15\":\"T\",\"16\":\"A\",\"17\":\"C\",\"18\":\"G\",\"19\":\"T\",\"20\":\"A\",\"21\":\"C\",\"22\":\"G\",\"23\":\"T\",\"24\":\"A\",\"25\":\"C\",\"26\":\"G\",\"27\":\"T\",\"28\":\"A\",\"29\":\"C\",\"30\":\"G\",\"31\":\"T\"},\"count\":{\"0\":60555,\"1\":23949,\"2\":63843,\"3\":58594,\"4\":39354,\"5\":20739,\"6\":53144,\"7\":45427,\"8\":31953,\"9\":15477,\"10\":38427,\"11\":34150,\"12\":83210,\"13\":41749,\"14\":71461,\"15\":81454,\"16\":56232,\"17\":39577,\"18\":50774,\"19\":72500,\"20\":29827,\"21\":32852,\"22\":37955,\"23\":47365,\"24\":29603,\"25\":25416,\"26\":36860,\"27\":42126,\"28\":61606,\"29\":51376,\"30\":58195,\"31\":91222},\"fitted\":{\"0\":62101.202432761,\"1\":24681.9397219373,\"2\":61501.6372757756,\"3\":58656.2205695345,\"4\":39199.4329548195,\"5\":22641.5935541441,\"6\":52052.8617565095,\"7\":44770.1117347609,\"8\":31961.9480547786,\"9\":15403.498282185,\"10\":39456.6810354594,\"11\":33184.8726275814,\"12\":81809.4165576424,\"13\":39186.9684420467,\"14\":73863.8199322589,\"15\":83013.7950681249,\"16\":54685.7975672404,\"17\":38844.0602780704,\"18\":53115.3627242346,\"19\":72437.7794304663,\"20\":29981.5670451818,\"21\":30949.4064462251,\"22\":39046.1382434912,\"23\":48021.8882652411,\"24\":29594.0519452218,\"25\":25489.5017178202,\"26\":35830.318964542,\"27\":43091.127372419,\"28\":63006.5834423578,\"29\":53938.0315580396,\"30\":55792.180067746,\"31\":89662.2049318755},\"ret\":{\"0\":-0.0009998821,\"1\":-0.0004727971,\"2\":0.0015621606,\"3\":-0.0000407261,\"4\":0.0001014239,\"5\":-0.001192109,\"6\":0.0007220142,\"7\":0.0004333308,\"8\":-0.0000058592,\"9\":0.0000482503,\"10\":-0.0006654523,\"11\":0.0006411564,\"12\":0.0009250364,\"13\":0.001731542,\"14\":-0.001547708,\"15\":-0.0010118381,\"16\":0.001026776,\"17\":0.0004844958,\"18\":-0.0014990339,\"19\":0.0000407652,\"20\":-0.0001009632,\"21\":0.0012835278,\"22\":-0.0007044978,\"23\":-0.0004272343,\"24\":0.0000058609,\"25\":-0.0000480661,\"26\":0.0006839265,\"27\":-0.0006249215,\"28\":-0.0009069583,\"29\":-0.0016373561,\"30\":0.0016069936,\"31\":0.0010303296}}", "deviance": 1350.4135599100919}, "('pos0', 'pos1')": {"rel_entropy": 0.0008167171933354394, "formula": "count ~ mut * base1 * base2 - mut : base1 : base2", "df": 9, "prob": 0,