{"pos2": {"stats": "{\"group\":{\"0\":\"1\",\"1\":\"1\",\"2\":\"1\",\"3\":\"1\",\"4\":\"1\",\"5\":\"1\",\"6\":\"1\",\"7\":\"1\",\"8\":\"2\",\"9\":\"2\",\"10\":\"2\",\"11\":\"2\",\"12\":\"2\",\"13\":\"2\",\"14\":\"2\",\"15\":\"2\"},\"mut\":{\"0\":\"M\",\"1\":\"M\",\"2\":\"M\",\"3\":\"M\",\"4\":\"R\",\"5\":\"R\",\"6\":\"R\",\"7\":\"R\",\"8\":\"M\",\"9\":\"M\",\"10\":\"M\",\"11\":\"M\",\"12\":\"R\",\"13\":\"R\",\"14\":\"R\",\"15\":\"R\"},\"base\":{\"0\":\"A\",\"1\":\"C\",\"2\":\"G\",\"3\":\"T\",\"4\":\"A\",\"5\":\"C\",\"6\":\"G\",\"7\":\"T\",\"8\":\"A\",\"9\":\"C\",\"10\":\"G\",\"11\":\"T\",\"12\":\"A\",\"13\":\"C\",\"14\":\"G\",\"15\":\"T\"},\"count\":{\"0\":100666,\"1\":103832,\"2\":31228,\"3\":86712,\"4\":115170,\"5\":81928,\"6\":15381,\"7\":109959,\"8\":3739,\"9\":5240,\"10\":3353,\"11\":3621,\"12\":4876,\"13\":4726,\"14\":1469,\"15\":4882},\"fitted\":{\"0\":100563.2778292369,\"1\":103707.040670131,\"2\":31417.2396281084,\"3\":86750.4418725214,\"4\":115272.7221707611,\"5\":82052.9593298682,\"6\":15191.7603718924,\"7\":109920.5581274775,\"8\":3841.7221707618,\"9\":5364.9593298686,\"10\":3163.7603719485,\"11\":3582.5581274783,\"12\":4773.2778292387,\"13\":4601.040670132,\"14\":1658.2396281509,\"15\":4920.4418725222},\"ret\":{\"0\":0.0001518578,\"1\":0.0001847487,\"2\":-0.000278773,\"3\":-0.0000567884,\"4\":-0.0001517126,\"5\":-0.0001844968,\"6\":0.0002813512,\"7\":0.0000568109,\"8\":-0.0001497328,\"9\":-0.0001824703,\"10\":0.0002878175,\"11\":0.0000571046,\"12\":0.0001534019,\"13\":0.0001871224,\"14\":-0.0002630176,\"15\":-0.0000565785}}", "deviance": 49.60115258697897, "df": 3, "rel_entropy": 3.6644852099331073e-05, "formula": "count ~ group * mut * base - group : mut : base", "prob": 9.7148841598526092e-11}, "pos3": {"stats": "{\"group\":{\"0\":\"1\",\"1\":\"1\",\"2\":\"1\",\"3\":\"1\",\"4\":\"1\",\"5\":\"1\",\"6\":\"1\",\"7\":\"1\",\"8\":\"2\",\"9\":\"2\",\"10\":\"2\",\"11\":\"2\",\"12\":\"2\",\"13\":\"2\",\"14\":\"2\",\"15\":\"2\"},\"mut\":{\"0\":\"M\",\"1\":\"M\",\"2\":\"M\",\"3\":\"M\",\"4\":\"R\",\"5\":\"R\",\"6\":\"R\",\"7\":\"R\",\"8\":\"M\",\"9\":\"M\",\"10\":\"M\",\"11\":\"M\",\"12\":\"R\",\"13\":\"R\",\"14\":\"R\",\"15\":\"R\"},\"base\":{\"0\":\"A\",\"1\":\"C\",\"2\":\"G\",\"3\":\"T\",\"4\":\"A\",\"5\":\"C\",\"6\":\"G\",\"7\":\"T\",\"8\":\"A\",\"9\":\"C\",\"10\":\"G\",\"11\":\"T\",\"12\":\"A\",\"13\":\"C\",\"14\":\"G\",\"15\":\"T\"},\"count\":{\"0\":92347,\"1\":74251,\"2\":58173,\"3\":97667,\"4\":83012,\"5\":74520,\"6\":72737,\"7\":92169,\"8\":3470,\"9\":4232,\"10\":4411,\"11\":3840,\"12\":3339,\"13\":4218,\"14\":4348,\"15\":4048},\"fitted\":{\"0\":92196.8746029964,\"1\":74217.4656479144,\"2\":58611.0162846967,\"3\":97412.6434643892,\"4\":83162.1253970011,\"5\":74553.534352085,\"6\":72298.9837153027,\"7\":92423.3565356096,\"8\":3620.1253970022,\"9\":4265.5343520854,\"10\":3972.9837156249,\"11\":4094.3565356212,\"12\":3188.8746029986,\"13\":4184.4656479147,\"14\":4786.0162850653,\"15\":3793.6434643975},\"ret\":{\"0\":0.0002220029,\"1\":0.0000495609,\"2\":-0.00064478,\"3\":0.0003763225,\"4\":-0.000221622,\"5\":-0.0000495386,\"6\":0.000649161,\"7\":-0.0003753147,\"8\":-0.000217158,\"9\":-0.0000493544,\"10\":0.0006816378,\"11\":-0.0003639087,\"12\":0.0002269638,\"13\":0.0000497477,\"14\":-0.0006166411,\"15\":0.0003881592}}", "deviance": 142.4468863766768, "df": 3, "rel_entropy": 0.00010523838280027895, "formula": "count ~ group * mut * base - group : mut : base", "prob": 1.1215936101019814e-30}, "pos0": {"stats": "{\"group\":{\"0\":\"1\",\"1\":\"1\",\"2\":\"1\",\"3\":\"1\",\"4\":\"1\",\"5\":\"1\",\"6\":\"1\",\"7\":\"1\",\"8\":\"2\",\"9\":\"2\",\"10\":\"2\",\"11\":\"2\",\"12\":\"2\",\"13\":\"2\",\"14\":\"2\",\"15\":\"2\"},\"mut\":{\"0\":\"M\",\"1\":\"M\",\"2\":\"M\",\"3\":\"M\",\"4\":\"R\",\"5\":\"R\",\"6\":\"R\",\"7\":\"R\",\"8\":\"M\",\"9\":\"M\",\"10\":\"M\",\"11\":\"M\",\"12\":\"R\",\"13\":\"R\",\"14\":\"R\",\"15\":\"R\"},\"base\":{\"0\":\"A\",\"1\":\"C\",\"2\":\"G\",\"3\":\"T\",\"4\":\"A\",\"5\":\"C\",\"6\":\"G\",\"7\":\"T\",\"8\":\"A\",\"9\":\"C\",\"10\":\"G\",\"11\":\"T\",\"12\":\"A\",\"13\":\"C\",\"14\":\"G\",\"15\":\"T\"},\"count\":{\"0\":107445,\"1\":64897,\"2\":63386,\"3\":86710,\"4\":84804,\"5\":74916,\"6\":67329,\"7\":95389,\"8\":4648,\"9\":3621,\"10\":4492,\"11\":3192,\"12\":3593,\"13\":4050,\"14\":4049,\"15\":4261},\"fitted\":{\"0\":107463.9048961359,\"1\":64934.144007599,\"2\":63692.615165816,\"3\":86347.3359304481,\"4\":84785.0951038631,\"5\":74878.8559924008,\"6\":67022.3848341837,\"7\":95751.6640695519,\"8\":4629.0951038636,\"9\":3583.8559924013,\"10\":4185.384834213,\"11\":3554.664069806,\"12\":3611.904896137,\"13\":4087.1440075993,\"14\":4355.6151658343,\"15\":3898.3359306868},\"ret\":{\"0\":-0.0000279311,\"1\":-0.0000548676,\"2\":-0.0004519564,\"3\":0.0005369892,\"4\":0.0000279366,\"5\":0.0000548969,\"6\":0.0004540834,\"7\":-0.0005348493,\"8\":0.0000279905,\"9\":0.0000551667,\"10\":0.0004692525,\"11\":-0.0005075494,\"12\":-0.0000278603,\"13\":-0.0000546331,\"14\":-0.0004367144,\"15\":0.0005600524}}", "deviance": 121.82955458199237, "df": 3, "rel_entropy": 9.00064973521698e-05, "formula": "count ~ group * mut * base - group : mut : base", "prob": 3.1144877732940481e-26}, "pos1": {"stats": "{\"group\":{\"0\":\"1\",\"1\":\"1\",\"2\":\"1\",\"3\":\"1\",\"4\":\"1\",\"5\":\"1\",\"6\":\"1\",\"7\":\"1\",\"8\":\"2\",\"9\":\"2\",\"10\":\"2\",\"11\":\"2\",\"12\":\"2\",\"13\":\"2\",\"14\":\"2\",\"15\":\"2\"},\"mut\":{\"0\":\"M\",\"1\":\"M\",\"2\":\"M\",\"3\":\"M\",\"4\":\"R\",\"5\":\"R\",\"6\":\"R\",\"7\":\"R\",\"8\":\"M\",\"9\":\"M\",\"10\":\"M\",\"11\":\"M\",\"12\":\"R\",\"13\":\"R\",\"14\":\"R\",\"15\":\"R\"},\"base\":{\"0\":\"A\",\"1\":\"C\",\"2\":\"G\",\"3\":\"T\",\"4\":\"A\",\"5\":\"C\",\"6\":\"G\",\"7\":\"T\",\"8\":\"A\",\"9\":\"C\",\"10\":\"G\",\"11\":\"T\",\"12\":\"A\",\"13\":\"C\",\"14\":\"G\",\"15\":\"T\"},\"count\":{\"0\":97649,\"1\":66054,\"2\":75657,\"3\":83078,\"4\":80060,\"5\":82110,\"6\":67088,\"7\":93180,\"8\":3775,\"9\":4064,\"10\":5012,\"11\":3102,\"12\":3296,\"13\":4640,\"14\":3889,\"15\":4128},\"fitted\":{\"0\":97531.5049030235,\"1\":66213.7891084905,\"2\":75920.0712819389,\"3\":82772.634706547,\"4\":80177.4950969768,\"5\":81950.2108915091,\"6\":66824.9287180609,\"7\":93485.3652934528,\"8\":3892.4950969771,\"9\":3904.2108915096,\"10\":4748.9287180677,\"11\":3407.365293529,\"12\":3178.5049030231,\"13\":4799.7891084907,\"14\":4152.071281943,\"15\":3822.6347066239},\"ret\":{\"0\":0.000173713,\"1\":-0.0002358162,\"2\":-0.0003880348,\"3\":0.0004520331,\"4\":-0.0001734812,\"5\":0.0002363313,\"6\":0.0003894732,\"7\":-0.0004504641,\"8\":-0.0001709615,\"9\":0.0002408682,\"10\":0.000399282,\"11\":-0.0004303511,\"12\":0.0001767784,\"13\":-0.0002321269,\"14\":-0.0003761263,\"15\":0.0004687621}}", "deviance": 108.12151620867712, "df": 3, "rel_entropy": 7.987913110032264e-05, "formula": "count ~ group * mut * base - group : mut : base", "prob": 2.7833615478848431e-23}}