{"pos2": {"stats": "{\"group\":{\"0\":\"1\",\"1\":\"1\",\"2\":\"1\",\"3\":\"1\",\"4\":\"1\",\"5\":\"1\",\"6\":\"1\",\"7\":\"1\",\"8\":\"2\",\"9\":\"2\",\"10\":\"2\",\"11\":\"2\",\"12\":\"2\",\"13\":\"2\",\"14\":\"2\",\"15\":\"2\"},\"mut\":{\"0\":\"M\",\"1\":\"M\",\"2\":\"M\",\"3\":\"M\",\"4\":\"R\",\"5\":\"R\",\"6\":\"R\",\"7\":\"R\",\"8\":\"M\",\"9\":\"M\",\"10\":\"M\",\"11\":\"M\",\"12\":\"R\",\"13\":\"R\",\"14\":\"R\",\"15\":\"R\"},\"base\":{\"0\":\"A\",\"1\":\"C\",\"2\":\"G\",\"3\":\"T\",\"4\":\"A\",\"5\":\"C\",\"6\":\"G\",\"7\":\"T\",\"8\":\"A\",\"9\":\"C\",\"10\":\"G\",\"11\":\"T\",\"12\":\"A\",\"13\":\"C\",\"14\":\"G\",\"15\":\"T\"},\"count\":{\"0\":102131,\"1\":46755,\"2\":58825,\"3\":68946,\"4\":91283,\"5\":48009,\"6\":66283,\"7\":71082,\"8\":2541,\"9\":2075,\"10\":2824,\"11\":1752,\"12\":2643,\"13\":1755,\"14\":2717,\"15\":2077},\"fitted\":{\"0\":101920.8691264639,\"1\":46919.3298313016,\"2\":59014.5305301891,\"3\":68802.2705120457,\"4\":91493.1308735363,\"5\":47844.6701686986,\"6\":66093.469469811,\"7\":71225.7294879545,\"8\":2751.1308735753,\"9\":1910.6701687417,\"10\":2634.4694698203,\"11\":1895.7294879689,\"12\":2432.8691265004,\"13\":1919.3298313468,\"14\":2906.5305302005,\"15\":1933.2705120614},\"ret\":{\"0\":0.0003679344,\"1\":-0.0002869377,\"2\":-0.0003309892,\"3\":0.0002516705,\"4\":-0.0003671333,\"5\":0.0002879347,\"6\":0.000331997,\"7\":-0.0002511542,\"8\":-0.0003531471,\"9\":0.0002994627,\"10\":0.0003431713,\"11\":-0.0002416271,\"12\":0.0003829907,\"13\":-0.0002747695,\"14\":-0.0003204702,\"15\":0.0002605302}}", "deviance": 113.72577536665847, "df": 3, "rel_entropy": 9.946315656750459e-05, "formula": "count ~ group * mut * base - group : mut : base", "prob": 1.7314135742736913e-24}, "pos3": {"stats": "{\"group\":{\"0\":\"1\",\"1\":\"1\",\"2\":\"1\",\"3\":\"1\",\"4\":\"1\",\"5\":\"1\",\"6\":\"1\",\"7\":\"1\",\"8\":\"2\",\"9\":\"2\",\"10\":\"2\",\"11\":\"2\",\"12\":\"2\",\"13\":\"2\",\"14\":\"2\",\"15\":\"2\"},\"mut\":{\"0\":\"M\",\"1\":\"M\",\"2\":\"M\",\"3\":\"M\",\"4\":\"R\",\"5\":\"R\",\"6\":\"R\",\"7\":\"R\",\"8\":\"M\",\"9\":\"M\",\"10\":\"M\",\"11\":\"M\",\"12\":\"R\",\"13\":\"R\",\"14\":\"R\",\"15\":\"R\"},\"base\":{\"0\":\"A\",\"1\":\"C\",\"2\":\"G\",\"3\":\"T\",\"4\":\"A\",\"5\":\"C\",\"6\":\"G\",\"7\":\"T\",\"8\":\"A\",\"9\":\"C\",\"10\":\"G\",\"11\":\"T\",\"12\":\"A\",\"13\":\"C\",\"14\":\"G\",\"15\":\"T\"},\"count\":{\"0\":92828,\"1\":46055,\"2\":51719,\"3\":86055,\"4\":94160,\"5\":50561,\"6\":55464,\"7\":76472,\"8\":2255,\"9\":2451,\"10\":2279,\"11\":2207,\"12\":2721,\"13\":2000,\"14\":2235,\"15\":2236},\"fitted\":{\"0\":92601.8313463734,\"1\":46355.350440279,\"2\":51801.0763421542,\"3\":85898.7418711948,\"4\":94386.1686536277,\"5\":50260.6495597214,\"6\":55381.9236578461,\"7\":76628.2581288053,\"8\":2481.1686536274,\"9\":2150.6495597213,\"10\":2196.923657846,\"11\":2363.2581288054,\"12\":2494.8313463726,\"13\":2300.3504402788,\"14\":2317.076342154,\"15\":2079.7418711947},\"ret\":{\"0\":0.0003960913,\"1\":-0.0005236599,\"2\":-0.0001434521,\"3\":0.0002735713,\"4\":-0.0003951343,\"5\":0.0005269322,\"6\":0.0001436722,\"7\":-0.000273044,\"8\":-0.0003770037,\"9\":0.000560453,\"10\":0.0001462149,\"11\":-0.0002640808,\"12\":0.000413022,\"13\":-0.0004894693,\"14\":-0.0001409926,\"15\":0.0002833428}}", "deviance": 156.03148556795787, "df": 3, "rel_entropy": 0.0001364632074696412, "formula": "count ~ group * mut * base - group : mut : base", "prob": 1.3167298814395651e-33}, "pos0": {"stats": "{\"group\":{\"0\":\"1\",\"1\":\"1\",\"2\":\"1\",\"3\":\"1\",\"4\":\"1\",\"5\":\"1\",\"6\":\"1\",\"7\":\"1\",\"8\":\"2\",\"9\":\"2\",\"10\":\"2\",\"11\":\"2\",\"12\":\"2\",\"13\":\"2\",\"14\":\"2\",\"15\":\"2\"},\"mut\":{\"0\":\"M\",\"1\":\"M\",\"2\":\"M\",\"3\":\"M\",\"4\":\"R\",\"5\":\"R\",\"6\":\"R\",\"7\":\"R\",\"8\":\"M\",\"9\":\"M\",\"10\":\"M\",\"11\":\"M\",\"12\":\"R\",\"13\":\"R\",\"14\":\"R\",\"15\":\"R\"},\"base\":{\"0\":\"A\",\"1\":\"C\",\"2\":\"G\",\"3\":\"T\",\"4\":\"A\",\"5\":\"C\",\"6\":\"G\",\"7\":\"T\",\"8\":\"A\",\"9\":\"C\",\"10\":\"G\",\"11\":\"T\",\"12\":\"A\",\"13\":\"C\",\"14\":\"G\",\"15\":\"T\"},\"count\":{\"0\":91601,\"1\":53425,\"2\":52775,\"3\":78856,\"4\":94644,\"5\":49376,\"6\":57421,\"7\":75216,\"8\":2426,\"9\":2113,\"10\":2569,\"11\":2084,\"12\":2781,\"13\":1781,\"14\":2346,\"15\":2284},\"fitted\":{\"0\":91465.9230373386,\"1\":53508.2545772233,\"2\":52977.4142689068,\"3\":78705.4081165309,\"4\":94779.0769626608,\"5\":49292.7454227766,\"6\":57218.5857310931,\"7\":75366.5918834692,\"8\":2561.0769626622,\"9\":2029.7454227768,\"10\":2366.5857311324,\"11\":2234.5918834781,\"12\":2645.92303734,\"13\":1864.2545772235,\"14\":2548.4142689489,\"15\":2133.4081165394},\"ret\":{\"0\":0.0002364477,\"1\":-0.0001455135,\"2\":-0.0003533808,\"3\":0.0002636634,\"4\":-0.0002361048,\"5\":0.0001457498,\"6\":0.0003546835,\"7\":-0.0002631483,\"8\":-0.00022993,\"9\":0.0001485734,\"10\":0.0003687852,\"11\":-0.0002543294,\"12\":0.0002422042,\"13\":-0.0001423256,\"14\":-0.0003396092,\"15\":0.000272497}}", "deviance": 78.05130453037421, "df": 3, "rel_entropy": 6.826270559838779e-05, "formula": "count ~ group * mut * base - group : mut : base", "prob": 8.0346274007834337e-17}, "pos1": {"stats": "{\"group\":{\"0\":\"1\",\"1\":\"1\",\"2\":\"1\",\"3\":\"1\",\"4\":\"1\",\"5\":\"1\",\"6\":\"1\",\"7\":\"1\",\"8\":\"2\",\"9\":\"2\",\"10\":\"2\",\"11\":\"2\",\"12\":\"2\",\"13\":\"2\",\"14\":\"2\",\"15\":\"2\"},\"mut\":{\"0\":\"M\",\"1\":\"M\",\"2\":\"M\",\"3\":\"M\",\"4\":\"R\",\"5\":\"R\",\"6\":\"R\",\"7\":\"R\",\"8\":\"M\",\"9\":\"M\",\"10\":\"M\",\"11\":\"M\",\"12\":\"R\",\"13\":\"R\",\"14\":\"R\",\"15\":\"R\"},\"base\":{\"0\":\"A\",\"1\":\"C\",\"2\":\"G\",\"3\":\"T\",\"4\":\"A\",\"5\":\"C\",\"6\":\"G\",\"7\":\"T\",\"8\":\"A\",\"9\":\"C\",\"10\":\"G\",\"11\":\"T\",\"12\":\"A\",\"13\":\"C\",\"14\":\"G\",\"15\":\"T\"},\"count\":{\"0\":94878,\"1\":84791,\"2\":43590,\"3\":53398,\"4\":90995,\"5\":68940,\"6\":55790,\"7\":60932,\"8\":2269,\"9\":3572,\"10\":2393,\"11\":958,\"12\":2641,\"13\":2652,\"14\":2260,\"15\":1639},\"fitted\":{\"0\":94649.6398098578,\"1\":84928.2006683755,\"2\":43928.9405200816,\"3\":53150.2190016846,\"4\":91223.3601901421,\"5\":68802.7993316243,\"6\":55451.0594799183,\"7\":61179.7809983151,\"8\":2497.3601901422,\"9\":3434.7993316243,\"10\":2054.0594799183,\"11\":1205.7809983152,\"12\":2412.6398098578,\"13\":2789.2006683757,\"14\":2598.9405200817,\"15\":1391.2190016848},\"ret\":{\"0\":0.0003999235,\"1\":-0.0002397941,\"2\":-0.0005905733,\"3\":0.0004344211,\"4\":-0.0003989416,\"5\":0.0002402271,\"6\":0.0005946746,\"7\":-0.0004325335,\"8\":-0.0003805958,\"9\":0.0002447185,\"10\":0.0006392925,\"11\":-0.0003854719,\"12\":0.0004177762,\"13\":-0.0002339863,\"14\":-0.0005524075,\"15\":0.0004699017}}", "deviance": 259.1292988126734, "df": 3, "rel_entropy": 0.0002266312798126576, "formula": "count ~ group * mut * base - group : mut : base", "prob": 6.9366920583191612e-56}}