{"pos2": {"formula": "count ~ group * mut * base - group : mut : base", "prob": 1.7314135742817335e-24, "df": 3, "rel_entropy": 9.946315656749637e-05, "deviance": 113.72577536664909, "stats": "{\"group\":{\"8\":\"1\",\"9\":\"1\",\"10\":\"1\",\"11\":\"1\",\"12\":\"1\",\"13\":\"1\",\"14\":\"1\",\"15\":\"1\",\"0\":\"2\",\"1\":\"2\",\"2\":\"2\",\"3\":\"2\",\"4\":\"2\",\"5\":\"2\",\"6\":\"2\",\"7\":\"2\"},\"mut\":{\"8\":\"M\",\"9\":\"M\",\"10\":\"M\",\"11\":\"M\",\"12\":\"R\",\"13\":\"R\",\"14\":\"R\",\"15\":\"R\",\"0\":\"M\",\"1\":\"M\",\"2\":\"M\",\"3\":\"M\",\"4\":\"R\",\"5\":\"R\",\"6\":\"R\",\"7\":\"R\"},\"base\":{\"8\":\"A\",\"9\":\"C\",\"10\":\"G\",\"11\":\"T\",\"12\":\"A\",\"13\":\"C\",\"14\":\"G\",\"15\":\"T\",\"0\":\"A\",\"1\":\"C\",\"2\":\"G\",\"3\":\"T\",\"4\":\"A\",\"5\":\"C\",\"6\":\"G\",\"7\":\"T\"},\"count\":{\"8\":102131,\"9\":46755,\"10\":58825,\"11\":68946,\"12\":91283,\"13\":48009,\"14\":66283,\"15\":71082,\"0\":2541,\"1\":2075,\"2\":2824,\"3\":1752,\"4\":2643,\"5\":1755,\"6\":2717,\"7\":2077},\"fitted\":{\"8\":101920.8691264635,\"9\":46919.3298313014,\"10\":59014.5305301888,\"11\":68802.2705120453,\"12\":91493.130873536,\"13\":47844.6701686982,\"14\":66093.4694698107,\"15\":71225.7294879542,\"0\":2751.1308735753,\"1\":1910.6701687417,\"2\":2634.4694698203,\"3\":1895.7294879689,\"4\":2432.8691265004,\"5\":1919.3298313468,\"6\":2906.5305302005,\"7\":1933.2705120614},\"ret\":{\"8\":0.0003679344,\"9\":-0.0002869377,\"10\":-0.0003309892,\"11\":0.0002516705,\"12\":-0.0003671333,\"13\":0.0002879347,\"14\":0.000331997,\"15\":-0.0002511542,\"0\":-0.0003531471,\"1\":0.0002994627,\"2\":0.0003431713,\"3\":-0.0002416271,\"4\":0.0003829907,\"5\":-0.0002747695,\"6\":-0.0003204702,\"7\":0.0002605302}}"}, "pos0": {"formula": "count ~ group * mut * base - group : mut : base", "prob": 8.034627400802487e-17, "df": 3, "rel_entropy": 6.82627055983836e-05, "deviance": 78.0513045303694, "stats": "{\"group\":{\"8\":\"1\",\"9\":\"1\",\"10\":\"1\",\"11\":\"1\",\"12\":\"1\",\"13\":\"1\",\"14\":\"1\",\"15\":\"1\",\"0\":\"2\",\"1\":\"2\",\"2\":\"2\",\"3\":\"2\",\"4\":\"2\",\"5\":\"2\",\"6\":\"2\",\"7\":\"2\"},\"mut\":{\"8\":\"M\",\"9\":\"M\",\"10\":\"M\",\"11\":\"M\",\"12\":\"R\",\"13\":\"R\",\"14\":\"R\",\"15\":\"R\",\"0\":\"M\",\"1\":\"M\",\"2\":\"M\",\"3\":\"M\",\"4\":\"R\",\"5\":\"R\",\"6\":\"R\",\"7\":\"R\"},\"base\":{\"8\":\"A\",\"9\":\"C\",\"10\":\"G\",\"11\":\"T\",\"12\":\"A\",\"13\":\"C\",\"14\":\"G\",\"15\":\"T\",\"0\":\"A\",\"1\":\"C\",\"2\":\"G\",\"3\":\"T\",\"4\":\"A\",\"5\":\"C\",\"6\":\"G\",\"7\":\"T\"},\"count\":{\"8\":91601,\"9\":53425,\"10\":52775,\"11\":78856,\"12\":94644,\"13\":49376,\"14\":57421,\"15\":75216,\"0\":2426,\"1\":2113,\"2\":2569,\"3\":2084,\"4\":2781,\"5\":1781,\"6\":2346,\"7\":2284},\"fitted\":{\"8\":91465.9230373388,\"9\":53508.2545772231,\"10\":52977.4142689066,\"11\":78705.4081165306,\"12\":94779.0769626607,\"13\":49292.7454227765,\"14\":57218.585731093,\"15\":75366.5918834689,\"0\":2561.0769626621,\"1\":2029.7454227768,\"2\":2366.5857311324,\"3\":2234.5918834781,\"4\":2645.92303734,\"5\":1864.2545772235,\"6\":2548.4142689489,\"7\":2133.4081165394},\"ret\":{\"8\":0.0002364477,\"9\":-0.0001455135,\"10\":-0.0003533808,\"11\":0.0002636634,\"12\":-0.0002361048,\"13\":0.0001457498,\"14\":0.0003546835,\"15\":-0.0002631483,\"0\":-0.00022993,\"1\":0.0001485734,\"2\":0.0003687852,\"3\":-0.0002543294,\"4\":0.0002422042,\"5\":-0.0001423256,\"6\":-0.0003396092,\"7\":0.000272497}}"}, "pos1": {"formula": "count ~ group * mut * base - group : mut : base", "prob": 6.936692058237994e-56, "df": 3, "rel_entropy": 0.0002266312798126781, "deviance": 259.1292988126969, "stats": "{\"group\":{\"8\":\"1\",\"9\":\"1\",\"10\":\"1\",\"11\":\"1\",\"12\":\"1\",\"13\":\"1\",\"14\":\"1\",\"15\":\"1\",\"0\":\"2\",\"1\":\"2\",\"2\":\"2\",\"3\":\"2\",\"4\":\"2\",\"5\":\"2\",\"6\":\"2\",\"7\":\"2\"},\"mut\":{\"8\":\"M\",\"9\":\"M\",\"10\":\"M\",\"11\":\"M\",\"12\":\"R\",\"13\":\"R\",\"14\":\"R\",\"15\":\"R\",\"0\":\"M\",\"1\":\"M\",\"2\":\"M\",\"3\":\"M\",\"4\":\"R\",\"5\":\"R\",\"6\":\"R\",\"7\":\"R\"},\"base\":{\"8\":\"A\",\"9\":\"C\",\"10\":\"G\",\"11\":\"T\",\"12\":\"A\",\"13\":\"C\",\"14\":\"G\",\"15\":\"T\",\"0\":\"A\",\"1\":\"C\",\"2\":\"G\",\"3\":\"T\",\"4\":\"A\",\"5\":\"C\",\"6\":\"G\",\"7\":\"T\"},\"count\":{\"8\":94878,\"9\":84791,\"10\":43590,\"11\":53398,\"12\":90995,\"13\":68940,\"14\":55790,\"15\":60932,\"0\":2269,\"1\":3572,\"2\":2393,\"3\":958,\"4\":2641,\"5\":2652,\"6\":2260,\"7\":1639},\"fitted\":{\"8\":94649.6398098576,\"9\":84928.2006683754,\"10\":43928.9405200815,\"11\":53150.2190016846,\"12\":91223.3601901419,\"13\":68802.7993316241,\"14\":55451.0594799181,\"15\":61179.7809983151,\"0\":2497.3601901422,\"1\":3434.7993316243,\"2\":2054.0594799183,\"3\":1205.7809983152,\"4\":2412.6398098578,\"5\":2789.2006683757,\"6\":2598.9405200817,\"7\":1391.2190016848},\"ret\":{\"8\":0.0003999235,\"9\":-0.0002397941,\"10\":-0.0005905733,\"11\":0.0004344211,\"12\":-0.0003989416,\"13\":0.0002402271,\"14\":0.0005946746,\"15\":-0.0004325335,\"0\":-0.0003805958,\"1\":0.0002447185,\"2\":0.0006392925,\"3\":-0.0003854719,\"4\":0.0004177762,\"5\":-0.0002339863,\"6\":-0.0005524075,\"7\":0.0004699017}}"}, "pos3": {"formula": "count ~ group * mut * base - group : mut : base", "prob": 1.316729881447736e-33, "df": 3, "rel_entropy": 0.00013646320746963026, "deviance": 156.03148556794537, "stats": "{\"group\":{\"8\":\"1\",\"9\":\"1\",\"10\":\"1\",\"11\":\"1\",\"12\":\"1\",\"13\":\"1\",\"14\":\"1\",\"15\":\"1\",\"0\":\"2\",\"1\":\"2\",\"2\":\"2\",\"3\":\"2\",\"4\":\"2\",\"5\":\"2\",\"6\":\"2\",\"7\":\"2\"},\"mut\":{\"8\":\"M\",\"9\":\"M\",\"10\":\"M\",\"11\":\"M\",\"12\":\"R\",\"13\":\"R\",\"14\":\"R\",\"15\":\"R\",\"0\":\"M\",\"1\":\"M\",\"2\":\"M\",\"3\":\"M\",\"4\":\"R\",\"5\":\"R\",\"6\":\"R\",\"7\":\"R\"},\"base\":{\"8\":\"A\",\"9\":\"C\",\"10\":\"G\",\"11\":\"T\",\"12\":\"A\",\"13\":\"C\",\"14\":\"G\",\"15\":\"T\",\"0\":\"A\",\"1\":\"C\",\"2\":\"G\",\"3\":\"T\",\"4\":\"A\",\"5\":\"C\",\"6\":\"G\",\"7\":\"T\"},\"count\":{\"8\":92828,\"9\":46055,\"10\":51719,\"11\":86055,\"12\":94160,\"13\":50561,\"14\":55464,\"15\":76472,\"0\":2255,\"1\":2451,\"2\":2279,\"3\":2207,\"4\":2721,\"5\":2000,\"6\":2235,\"7\":2236},\"fitted\":{\"8\":92601.8313463726,\"9\":46355.3504402788,\"10\":51801.0763421541,\"11\":85898.7418711948,\"12\":94386.1686536277,\"13\":50260.6495597213,\"14\":55381.9236578461,\"15\":76628.2581288053,\"0\":2481.1686536274,\"1\":2150.6495597213,\"2\":2196.923657846,\"3\":2363.2581288054,\"4\":2494.8313463726,\"5\":2300.3504402787,\"6\":2317.076342154,\"7\":2079.7418711946},\"ret\":{\"8\":0.0003960913,\"9\":-0.0005236599,\"10\":-0.0001434521,\"11\":0.0002735713,\"12\":-0.0003951343,\"13\":0.0005269322,\"14\":0.0001436722,\"15\":-0.000273044,\"0\":-0.0003770037,\"1\":0.000560453,\"2\":0.0001462149,\"3\":-0.0002640808,\"4\":0.000413022,\"5\":-0.0004894693,\"6\":-0.0001409926,\"7\":0.0002833428}}"}}