{"pos2": {"stats": "{\"group\":{\"0\":\"1\",\"1\":\"1\",\"2\":\"1\",\"3\":\"1\",\"4\":\"1\",\"5\":\"1\",\"6\":\"1\",\"7\":\"1\",\"8\":\"2\",\"9\":\"2\",\"10\":\"2\",\"11\":\"2\",\"12\":\"2\",\"13\":\"2\",\"14\":\"2\",\"15\":\"2\"},\"mut\":{\"0\":\"M\",\"1\":\"M\",\"2\":\"M\",\"3\":\"M\",\"4\":\"R\",\"5\":\"R\",\"6\":\"R\",\"7\":\"R\",\"8\":\"M\",\"9\":\"M\",\"10\":\"M\",\"11\":\"M\",\"12\":\"R\",\"13\":\"R\",\"14\":\"R\",\"15\":\"R\"},\"base\":{\"0\":\"A\",\"1\":\"C\",\"2\":\"G\",\"3\":\"T\",\"4\":\"A\",\"5\":\"C\",\"6\":\"G\",\"7\":\"T\",\"8\":\"A\",\"9\":\"C\",\"10\":\"G\",\"11\":\"T\",\"12\":\"A\",\"13\":\"C\",\"14\":\"G\",\"15\":\"T\"},\"count\":{\"0\":50831,\"1\":32869,\"2\":31916,\"3\":75215,\"4\":64156,\"5\":31364,\"6\":42786,\"7\":52525,\"8\":1158,\"9\":1696,\"10\":2025,\"11\":2158,\"12\":1968,\"13\":1427,\"14\":2089,\"15\":1553},\"fitted\":{\"0\":50589.8913461736,\"1\":32939.4456192104,\"2\":32139.8347016951,\"3\":75161.8283329213,\"4\":64397.1086538266,\"5\":31293.5543807897,\"6\":42562.1652983049,\"7\":52578.1716670789,\"8\":1399.1086538265,\"9\":1625.5543807897,\"10\":1801.1652983049,\"11\":2211.1716670788,\"12\":1726.8913461735,\"13\":1497.4456192103,\"14\":2312.8347016951,\"15\":1499.8283329212},\"ret\":{\"0\":0.000610716,\"1\":-0.0001778212,\"2\":-0.000563642,\"3\":0.000134409,\"4\":-0.0006081244,\"5\":0.0001782119,\"6\":0.0005671009,\"7\":-0.0001342935,\"8\":-0.000553463,\"9\":0.0001818143,\"10\":0.0005993898,\"11\":-0.0001327329,\"12\":0.0006499474,\"13\":-0.0001737572,\"14\":-0.0005373179,\"15\":0.0001367155}}", "deviance": 140.21127886595815, "df": 3, "rel_entropy": 0.00017715254470904613, "formula": "count ~ group * mut * base - group : mut : base", "prob": 3.4033305680759834e-30}, "pos3": {"stats": "{\"group\":{\"0\":\"1\",\"1\":\"1\",\"2\":\"1\",\"3\":\"1\",\"4\":\"1\",\"5\":\"1\",\"6\":\"1\",\"7\":\"1\",\"8\":\"2\",\"9\":\"2\",\"10\":\"2\",\"11\":\"2\",\"12\":\"2\",\"13\":\"2\",\"14\":\"2\",\"15\":\"2\"},\"mut\":{\"0\":\"M\",\"1\":\"M\",\"2\":\"M\",\"3\":\"M\",\"4\":\"R\",\"5\":\"R\",\"6\":\"R\",\"7\":\"R\",\"8\":\"M\",\"9\":\"M\",\"10\":\"M\",\"11\":\"M\",\"12\":\"R\",\"13\":\"R\",\"14\":\"R\",\"15\":\"R\"},\"base\":{\"0\":\"A\",\"1\":\"C\",\"2\":\"G\",\"3\":\"T\",\"4\":\"A\",\"5\":\"C\",\"6\":\"G\",\"7\":\"T\",\"8\":\"A\",\"9\":\"C\",\"10\":\"G\",\"11\":\"T\",\"12\":\"A\",\"13\":\"C\",\"14\":\"G\",\"15\":\"T\"},\"count\":{\"0\":62700,\"1\":31326,\"2\":32712,\"3\":64093,\"4\":66087,\"5\":33163,\"6\":36454,\"7\":55127,\"8\":1491,\"9\":1865,\"10\":1762,\"11\":1919,\"12\":2089,\"13\":1541,\"14\":1695,\"15\":1712},\"fitted\":{\"0\":62443.6112245635,\"1\":31515.4717669942,\"2\":32822.3247319132,\"3\":64049.5922765303,\"4\":66343.3887754376,\"5\":32973.528233006,\"6\":36343.675268087,\"7\":55170.4077234703,\"8\":1747.3887754372,\"9\":1675.5282330059,\"10\":1651.675268087,\"11\":1962.40772347,\"12\":1832.6112245629,\"13\":1730.4717669941,\"14\":1805.3247319131,\"15\":1668.59227653},\"ret\":{\"0\":0.0006492066,\"1\":-0.0004773411,\"2\":-0.0002783146,\"3\":0.0001097257,\"4\":-0.0006466248,\"5\":0.0004801562,\"6\":0.0002792064,\"7\":-0.0001096454,\"8\":-0.0005978359,\"9\":0.0005048877,\"10\":0.0002878938,\"11\":-0.0001084664,\"12\":0.0006912216,\"13\":-0.0004515592,\"14\":-0.0002700863,\"15\":0.0001111031}}", "deviance": 137.3420144832058, "df": 3, "rel_entropy": 0.00017352731932804418, "formula": "count ~ group * mut * base - group : mut : base", "prob": 1.4142642473907402e-29}, "pos0": {"stats": "{\"group\":{\"0\":\"1\",\"1\":\"1\",\"2\":\"1\",\"3\":\"1\",\"4\":\"1\",\"5\":\"1\",\"6\":\"1\",\"7\":\"1\",\"8\":\"2\",\"9\":\"2\",\"10\":\"2\",\"11\":\"2\",\"12\":\"2\",\"13\":\"2\",\"14\":\"2\",\"15\":\"2\"},\"mut\":{\"0\":\"M\",\"1\":\"M\",\"2\":\"M\",\"3\":\"M\",\"4\":\"R\",\"5\":\"R\",\"6\":\"R\",\"7\":\"R\",\"8\":\"M\",\"9\":\"M\",\"10\":\"M\",\"11\":\"M\",\"12\":\"R\",\"13\":\"R\",\"14\":\"R\",\"15\":\"R\"},\"base\":{\"0\":\"A\",\"1\":\"C\",\"2\":\"G\",\"3\":\"T\",\"4\":\"A\",\"5\":\"C\",\"6\":\"G\",\"7\":\"T\",\"8\":\"A\",\"9\":\"C\",\"10\":\"G\",\"11\":\"T\",\"12\":\"A\",\"13\":\"C\",\"14\":\"G\",\"15\":\"T\"},\"count\":{\"0\":68896,\"1\":27669,\"2\":34309,\"3\":59957,\"4\":66412,\"5\":32486,\"6\":38166,\"7\":53767,\"8\":2005,\"9\":1435,\"10\":1964,\"11\":1633,\"12\":1980,\"13\":1396,\"14\":1842,\"15\":1819},\"fitted\":{\"0\":68850.7776447736,\"1\":27780.6958781436,\"2\":34442.8110752291,\"3\":59756.7154018545,\"4\":66457.2223552273,\"5\":32374.3041218566,\"6\":38032.1889247711,\"7\":53967.2845981459,\"8\":2050.222355227,\"9\":1323.3041218565,\"10\":1830.1889247709,\"11\":1833.2845981456,\"12\":1934.777644773,\"13\":1507.6958781435,\"14\":1975.8110752291,\"15\":1618.7154018544},\"ret\":{\"0\":0.0001143116,\"1\":-0.0002816803,\"2\":-0.0003374745,\"3\":0.0005069538,\"4\":-0.0001142352,\"5\":0.0002827348,\"6\":0.0003387263,\"7\":-0.0005051663,\"8\":-0.0001130044,\"9\":0.0002938386,\"10\":0.0003502025,\"11\":-0.0004773951,\"12\":0.0001155993,\"13\":-0.0002715252,\"14\":-0.0003264146,\"15\":0.0005362001}}", "deviance": 88.38467962109681, "df": 3, "rel_entropy": 0.00011167126521354742, "formula": "count ~ group * mut * base - group : mut : base", "prob": 4.8693626875919187e-19}, "pos1": {"stats": "{\"group\":{\"0\":\"1\",\"1\":\"1\",\"2\":\"1\",\"3\":\"1\",\"4\":\"1\",\"5\":\"1\",\"6\":\"1\",\"7\":\"1\",\"8\":\"2\",\"9\":\"2\",\"10\":\"2\",\"11\":\"2\",\"12\":\"2\",\"13\":\"2\",\"14\":\"2\",\"15\":\"2\"},\"mut\":{\"0\":\"M\",\"1\":\"M\",\"2\":\"M\",\"3\":\"M\",\"4\":\"R\",\"5\":\"R\",\"6\":\"R\",\"7\":\"R\",\"8\":\"M\",\"9\":\"M\",\"10\":\"M\",\"11\":\"M\",\"12\":\"R\",\"13\":\"R\",\"14\":\"R\",\"15\":\"R\"},\"base\":{\"0\":\"A\",\"1\":\"C\",\"2\":\"G\",\"3\":\"T\",\"4\":\"A\",\"5\":\"C\",\"6\":\"G\",\"7\":\"T\",\"8\":\"A\",\"9\":\"C\",\"10\":\"G\",\"11\":\"T\",\"12\":\"A\",\"13\":\"C\",\"14\":\"G\",\"15\":\"T\"},\"count\":{\"0\":52785,\"1\":49906,\"2\":40911,\"3\":47229,\"4\":63911,\"5\":44964,\"6\":36887,\"7\":45069,\"8\":1441,\"9\":2457,\"10\":2192,\"11\":947,\"12\":1983,\"13\":2093,\"14\":1754,\"15\":1207},\"fitted\":{\"0\":52700.9319619989,\"1\":49993.7445812126,\"2\":41045.7938145218,\"3\":47090.5296422667,\"4\":63995.0680380012,\"5\":44876.2554187875,\"6\":36752.2061854784,\"7\":45207.4703577332,\"8\":1525.068038001,\"9\":2369.2554187874,\"10\":2057.2061854783,\"11\":1085.4703577333,\"12\":1898.931961999,\"13\":2180.7445812126,\"14\":1888.7938145217,\"15\":1068.5296422667},\"ret\":{\"0\":0.000212604,\"1\":-0.0002215304,\"2\":-0.0003400556,\"3\":0.0003504198,\"4\":-0.0002122951,\"5\":0.0002219417,\"6\":0.0003412394,\"7\":-0.0003493695,\"8\":-0.0002064689,\"9\":0.000225781,\"10\":0.0003515385,\"11\":-0.000326573,\"12\":0.0002170691,\"13\":-0.0002172033,\"14\":-0.0003281616,\"15\":0.0003716575}}", "deviance": 71.70246792070742, "df": 3, "rel_entropy": 9.059381496844793e-05, "formula": "count ~ group * mut * base - group : mut : base", "prob": 1.8435249948375675e-15}}