{"pos0": {"df": 3, "deviance": 88.38467962107626, "prob": 4.869362687641397e-19, "stats": "{\"group\":{\"8\":\"1\",\"9\":\"1\",\"10\":\"1\",\"11\":\"1\",\"12\":\"1\",\"13\":\"1\",\"14\":\"1\",\"15\":\"1\",\"0\":\"2\",\"1\":\"2\",\"2\":\"2\",\"3\":\"2\",\"4\":\"2\",\"5\":\"2\",\"6\":\"2\",\"7\":\"2\"},\"mut\":{\"8\":\"M\",\"9\":\"M\",\"10\":\"M\",\"11\":\"M\",\"12\":\"R\",\"13\":\"R\",\"14\":\"R\",\"15\":\"R\",\"0\":\"M\",\"1\":\"M\",\"2\":\"M\",\"3\":\"M\",\"4\":\"R\",\"5\":\"R\",\"6\":\"R\",\"7\":\"R\"},\"base\":{\"8\":\"A\",\"9\":\"C\",\"10\":\"G\",\"11\":\"T\",\"12\":\"A\",\"13\":\"C\",\"14\":\"G\",\"15\":\"T\",\"0\":\"A\",\"1\":\"C\",\"2\":\"G\",\"3\":\"T\",\"4\":\"A\",\"5\":\"C\",\"6\":\"G\",\"7\":\"T\"},\"count\":{\"8\":68896,\"9\":27669,\"10\":34309,\"11\":59957,\"12\":66412,\"13\":32486,\"14\":38166,\"15\":53767,\"0\":2005,\"1\":1435,\"2\":1964,\"3\":1633,\"4\":1980,\"5\":1396,\"6\":1842,\"7\":1819},\"fitted\":{\"8\":68850.777644773,\"9\":27780.6958781436,\"10\":34442.811075229,\"11\":59756.7154018544,\"12\":66457.2223552269,\"13\":32374.3041218565,\"14\":38032.1889247709,\"15\":53967.2845981456,\"0\":2050.222355227,\"1\":1323.3041218565,\"2\":1830.1889247709,\"3\":1833.2845981456,\"4\":1934.777644773,\"5\":1507.6958781435,\"6\":1975.8110752291,\"7\":1618.7154018544},\"ret\":{\"8\":0.0001143116,\"9\":-0.0002816803,\"10\":-0.0003374745,\"11\":0.0005069538,\"12\":-0.0001142352,\"13\":0.0002827348,\"14\":0.0003387263,\"15\":-0.0005051663,\"0\":-0.0001130044,\"1\":0.0002938386,\"2\":0.0003502025,\"3\":-0.0004773951,\"4\":0.0001155993,\"5\":-0.0002715252,\"6\":-0.0003264146,\"7\":0.0005362001}}", "formula": "count ~ group * mut * base - group : mut : base", "rel_entropy": 0.00011167126521352147}, "pos3": {"df": 3, "deviance": 137.34201448321136, "prob": 1.414264247386824e-29, "stats": "{\"group\":{\"8\":\"1\",\"9\":\"1\",\"10\":\"1\",\"11\":\"1\",\"12\":\"1\",\"13\":\"1\",\"14\":\"1\",\"15\":\"1\",\"0\":\"2\",\"1\":\"2\",\"2\":\"2\",\"3\":\"2\",\"4\":\"2\",\"5\":\"2\",\"6\":\"2\",\"7\":\"2\"},\"mut\":{\"8\":\"M\",\"9\":\"M\",\"10\":\"M\",\"11\":\"M\",\"12\":\"R\",\"13\":\"R\",\"14\":\"R\",\"15\":\"R\",\"0\":\"M\",\"1\":\"M\",\"2\":\"M\",\"3\":\"M\",\"4\":\"R\",\"5\":\"R\",\"6\":\"R\",\"7\":\"R\"},\"base\":{\"8\":\"A\",\"9\":\"C\",\"10\":\"G\",\"11\":\"T\",\"12\":\"A\",\"13\":\"C\",\"14\":\"G\",\"15\":\"T\",\"0\":\"A\",\"1\":\"C\",\"2\":\"G\",\"3\":\"T\",\"4\":\"A\",\"5\":\"C\",\"6\":\"G\",\"7\":\"T\"},\"count\":{\"8\":62700,\"9\":31326,\"10\":32712,\"11\":64093,\"12\":66087,\"13\":33163,\"14\":36454,\"15\":55127,\"0\":1491,\"1\":1865,\"2\":1762,\"3\":1919,\"4\":2089,\"5\":1541,\"6\":1695,\"7\":1712},\"fitted\":{\"8\":62443.611224563,\"9\":31515.4717669941,\"10\":32822.3247319131,\"11\":64049.5922765302,\"12\":66343.3887754372,\"13\":32973.5282330059,\"14\":36343.675268087,\"15\":55170.4077234702,\"0\":1747.3887754372,\"1\":1675.5282330059,\"2\":1651.675268087,\"3\":1962.40772347,\"4\":1832.6112245629,\"5\":1730.4717669941,\"6\":1805.324731913,\"7\":1668.59227653},\"ret\":{\"8\":0.0006492066,\"9\":-0.0004773411,\"10\":-0.0002783146,\"11\":0.0001097257,\"12\":-0.0006466248,\"13\":0.0004801562,\"14\":0.0002792064,\"15\":-0.0001096454,\"0\":-0.0005978359,\"1\":0.0005048877,\"2\":0.0002878938,\"3\":-0.0001084664,\"4\":0.0006912216,\"5\":-0.0004515592,\"6\":-0.0002700863,\"7\":0.0001111031}}", "formula": "count ~ group * mut * base - group : mut : base", "rel_entropy": 0.00017352731932805123}, "pos2": {"df": 3, "deviance": 140.21127886596997, "prob": 3.4033305680560114e-30, "stats": "{\"group\":{\"8\":\"1\",\"9\":\"1\",\"10\":\"1\",\"11\":\"1\",\"12\":\"1\",\"13\":\"1\",\"14\":\"1\",\"15\":\"1\",\"0\":\"2\",\"1\":\"2\",\"2\":\"2\",\"3\":\"2\",\"4\":\"2\",\"5\":\"2\",\"6\":\"2\",\"7\":\"2\"},\"mut\":{\"8\":\"M\",\"9\":\"M\",\"10\":\"M\",\"11\":\"M\",\"12\":\"R\",\"13\":\"R\",\"14\":\"R\",\"15\":\"R\",\"0\":\"M\",\"1\":\"M\",\"2\":\"M\",\"3\":\"M\",\"4\":\"R\",\"5\":\"R\",\"6\":\"R\",\"7\":\"R\"},\"base\":{\"8\":\"A\",\"9\":\"C\",\"10\":\"G\",\"11\":\"T\",\"12\":\"A\",\"13\":\"C\",\"14\":\"G\",\"15\":\"T\",\"0\":\"A\",\"1\":\"C\",\"2\":\"G\",\"3\":\"T\",\"4\":\"A\",\"5\":\"C\",\"6\":\"G\",\"7\":\"T\"},\"count\":{\"8\":50831,\"9\":32869,\"10\":31916,\"11\":75215,\"12\":64156,\"13\":31364,\"14\":42786,\"15\":52525,\"0\":1158,\"1\":1696,\"2\":2025,\"3\":2158,\"4\":1968,\"5\":1427,\"6\":2089,\"7\":1553},\"fitted\":{\"8\":50589.8913461733,\"9\":32939.4456192102,\"10\":32139.834701695,\"11\":75161.828332921,\"12\":64397.1086538265,\"13\":31293.5543807896,\"14\":42562.1652983048,\"15\":52578.1716670788,\"0\":1399.1086538265,\"1\":1625.5543807897,\"2\":1801.1652983049,\"3\":2211.1716670788,\"4\":1726.8913461734,\"5\":1497.4456192103,\"6\":2312.8347016951,\"7\":1499.8283329212},\"ret\":{\"8\":0.000610716,\"9\":-0.0001778212,\"10\":-0.000563642,\"11\":0.000134409,\"12\":-0.0006081244,\"13\":0.0001782119,\"14\":0.0005671009,\"15\":-0.0001342935,\"0\":-0.000553463,\"1\":0.0001818143,\"2\":0.0005993898,\"3\":-0.0001327329,\"4\":0.0006499474,\"5\":-0.0001737572,\"6\":-0.0005373179,\"7\":0.0001367155}}", "formula": "count ~ group * mut * base - group : mut : base", "rel_entropy": 0.00017715254470906106}, "pos1": {"df": 3, "deviance": 71.70246792068673, "prob": 1.8435249948563866e-15, "stats": "{\"group\":{\"8\":\"1\",\"9\":\"1\",\"10\":\"1\",\"11\":\"1\",\"12\":\"1\",\"13\":\"1\",\"14\":\"1\",\"15\":\"1\",\"0\":\"2\",\"1\":\"2\",\"2\":\"2\",\"3\":\"2\",\"4\":\"2\",\"5\":\"2\",\"6\":\"2\",\"7\":\"2\"},\"mut\":{\"8\":\"M\",\"9\":\"M\",\"10\":\"M\",\"11\":\"M\",\"12\":\"R\",\"13\":\"R\",\"14\":\"R\",\"15\":\"R\",\"0\":\"M\",\"1\":\"M\",\"2\":\"M\",\"3\":\"M\",\"4\":\"R\",\"5\":\"R\",\"6\":\"R\",\"7\":\"R\"},\"base\":{\"8\":\"A\",\"9\":\"C\",\"10\":\"G\",\"11\":\"T\",\"12\":\"A\",\"13\":\"C\",\"14\":\"G\",\"15\":\"T\",\"0\":\"A\",\"1\":\"C\",\"2\":\"G\",\"3\":\"T\",\"4\":\"A\",\"5\":\"C\",\"6\":\"G\",\"7\":\"T\"},\"count\":{\"8\":52785,\"9\":49906,\"10\":40911,\"11\":47229,\"12\":63911,\"13\":44964,\"14\":36887,\"15\":45069,\"0\":1441,\"1\":2457,\"2\":2192,\"3\":947,\"4\":1983,\"5\":2093,\"6\":1754,\"7\":1207},\"fitted\":{\"8\":52700.9319619992,\"9\":49993.7445812128,\"10\":41045.7938145219,\"11\":47090.5296422669,\"12\":63995.0680380013,\"13\":44876.2554187877,\"14\":36752.2061854785,\"15\":45207.4703577336,\"0\":1525.0680380011,\"1\":2369.2554187874,\"2\":2057.2061854783,\"3\":1085.4703577333,\"4\":1898.931961999,\"5\":2180.7445812126,\"6\":1888.7938145217,\"7\":1068.5296422667},\"ret\":{\"8\":0.000212604,\"9\":-0.0002215304,\"10\":-0.0003400556,\"11\":0.0003504198,\"12\":-0.0002122951,\"13\":0.0002219417,\"14\":0.0003412394,\"15\":-0.0003493695,\"0\":-0.0002064689,\"1\":0.000225781,\"2\":0.0003515385,\"3\":-0.000326573,\"4\":0.0002170691,\"5\":-0.0002172033,\"6\":-0.0003281616,\"7\":0.0003716575}}", "formula": "count ~ group * mut * base - group : mut : base", "rel_entropy": 9.059381496842179e-05}}