{"pos2": {"df": 3, "prob": 2.596263294986165e-24, "rel_entropy": 0.0001427124933971799, "deviance": 112.90841627611286, "stats": "{\"group\":{\"8\":\"1\",\"9\":\"1\",\"10\":\"1\",\"11\":\"1\",\"12\":\"1\",\"13\":\"1\",\"14\":\"1\",\"15\":\"1\",\"0\":\"2\",\"1\":\"2\",\"2\":\"2\",\"3\":\"2\",\"4\":\"2\",\"5\":\"2\",\"6\":\"2\",\"7\":\"2\"},\"mut\":{\"8\":\"M\",\"9\":\"M\",\"10\":\"M\",\"11\":\"M\",\"12\":\"R\",\"13\":\"R\",\"14\":\"R\",\"15\":\"R\",\"0\":\"M\",\"1\":\"M\",\"2\":\"M\",\"3\":\"M\",\"4\":\"R\",\"5\":\"R\",\"6\":\"R\",\"7\":\"R\"},\"base\":{\"8\":\"A\",\"9\":\"C\",\"10\":\"G\",\"11\":\"T\",\"12\":\"A\",\"13\":\"C\",\"14\":\"G\",\"15\":\"T\",\"0\":\"A\",\"1\":\"C\",\"2\":\"G\",\"3\":\"T\",\"4\":\"A\",\"5\":\"C\",\"6\":\"G\",\"7\":\"T\"},\"count\":{\"8\":47572,\"9\":40457,\"10\":50085,\"11\":52758,\"12\":44906,\"13\":36721,\"14\":45484,\"15\":63761,\"0\":878,\"1\":2196,\"2\":2384,\"3\":1460,\"4\":1223,\"5\":1734,\"6\":1978,\"7\":1983},\"fitted\":{\"8\":47384.7734772404,\"9\":40606.3789169512,\"10\":50201.1293450888,\"11\":52679.7182607198,\"12\":45093.2265227598,\"13\":36571.6210830488,\"14\":45367.8706549112,\"15\":63839.2817392804,\"0\":1065.2265227597,\"1\":2046.6210830488,\"2\":2267.8706549113,\"3\":1538.2817392803,\"4\":1035.7734772403,\"5\":1883.3789169512,\"6\":2094.1293450887,\"7\":1904.7182607198},\"ret\":{\"8\":0.00047423,\"9\":-0.0003769246,\"10\":-0.0002932275,\"11\":0.000198038,\"12\":-0.0004723123,\"13\":0.0003783902,\"14\":0.0002939427,\"15\":-0.0001977697,\"0\":-0.0004290258,\"1\":0.0003910773,\"2\":0.0003009584,\"3\":-0.0001927681,\"4\":0.0005137057,\"5\":-0.0003622322,\"6\":-0.0002852727,\"7\":0.000201903}}", "formula": "count ~ group * mut * base - group : mut : base"}, "pos1": {"df": 3, "prob": 5.727823614355355e-34, "rel_entropy": 0.0001993362069097572, "deviance": 157.7068334587235, "stats": "{\"group\":{\"8\":\"1\",\"9\":\"1\",\"10\":\"1\",\"11\":\"1\",\"12\":\"1\",\"13\":\"1\",\"14\":\"1\",\"15\":\"1\",\"0\":\"2\",\"1\":\"2\",\"2\":\"2\",\"3\":\"2\",\"4\":\"2\",\"5\":\"2\",\"6\":\"2\",\"7\":\"2\"},\"mut\":{\"8\":\"M\",\"9\":\"M\",\"10\":\"M\",\"11\":\"M\",\"12\":\"R\",\"13\":\"R\",\"14\":\"R\",\"15\":\"R\",\"0\":\"M\",\"1\":\"M\",\"2\":\"M\",\"3\":\"M\",\"4\":\"R\",\"5\":\"R\",\"6\":\"R\",\"7\":\"R\"},\"base\":{\"8\":\"A\",\"9\":\"C\",\"10\":\"G\",\"11\":\"T\",\"12\":\"A\",\"13\":\"C\",\"14\":\"G\",\"15\":\"T\",\"0\":\"A\",\"1\":\"C\",\"2\":\"G\",\"3\":\"T\",\"4\":\"A\",\"5\":\"C\",\"6\":\"G\",\"7\":\"T\"},\"count\":{\"8\":75279,\"9\":31691,\"10\":33122,\"11\":50780,\"12\":52745,\"13\":42621,\"14\":31611,\"15\":63895,\"0\":2260,\"1\":1955,\"2\":1616,\"3\":1087,\"4\":1586,\"5\":2012,\"6\":1384,\"7\":1936},\"fitted\":{\"8\":75255.2933475255,\"9\":31918.0879021828,\"10\":33181.7294302003,\"11\":50516.8893200911,\"12\":52768.7066524743,\"13\":42393.912097817,\"14\":31551.2705697997,\"15\":64158.1106799088,\"0\":2283.7066524744,\"1\":1727.9120978171,\"2\":1556.2705697997,\"3\":1350.1106799089,\"4\":1562.2933475256,\"5\":2239.0879021829,\"6\":1443.7294302003,\"7\":1672.8893200911},\"ret\":{\"8\":0.0000599383,\"9\":-0.0005720161,\"10\":-0.0001508561,\"11\":0.0006668555,\"12\":-0.0000599154,\"13\":0.0005755979,\"14\":0.0001511349,\"15\":-0.0006637606,\"0\":-0.0000596167,\"1\":0.000610234,\"2\":0.0001538532,\"3\":-0.0005956406,\"4\":0.0000603813,\"5\":-0.0005439152,\"6\":-0.0001478247,\"7\":0.0007148866}}", "formula": "count ~ group * mut * base - group : mut : base"}, "pos0": {"df": 3, "prob": 2.5816913631409484e-37, "rel_entropy": 0.00021893014143393246, "deviance": 173.20877069687, "stats": "{\"group\":{\"8\":\"1\",\"9\":\"1\",\"10\":\"1\",\"11\":\"1\",\"12\":\"1\",\"13\":\"1\",\"14\":\"1\",\"15\":\"1\",\"0\":\"2\",\"1\":\"2\",\"2\":\"2\",\"3\":\"2\",\"4\":\"2\",\"5\":\"2\",\"6\":\"2\",\"7\":\"2\"},\"mut\":{\"8\":\"M\",\"9\":\"M\",\"10\":\"M\",\"11\":\"M\",\"12\":\"R\",\"13\":\"R\",\"14\":\"R\",\"15\":\"R\",\"0\":\"M\",\"1\":\"M\",\"2\":\"M\",\"3\":\"M\",\"4\":\"R\",\"5\":\"R\",\"6\":\"R\",\"7\":\"R\"},\"base\":{\"8\":\"A\",\"9\":\"C\",\"10\":\"G\",\"11\":\"T\",\"12\":\"A\",\"13\":\"C\",\"14\":\"G\",\"15\":\"T\",\"0\":\"A\",\"1\":\"C\",\"2\":\"G\",\"3\":\"T\",\"4\":\"A\",\"5\":\"C\",\"6\":\"G\",\"7\":\"T\"},\"count\":{\"8\":63933,\"9\":32524,\"10\":31881,\"11\":62534,\"12\":54789,\"13\":36218,\"14\":33440,\"15\":66425,\"0\":1795,\"1\":1907,\"2\":1815,\"3\":1401,\"4\":1695,\"5\":1705,\"6\":1492,\"7\":2026},\"fitted\":{\"8\":63839.994363948,\"9\":32700.9661748338,\"10\":32061.9913981226,\"11\":62269.0480630961,\"12\":54882.0056360521,\"13\":36041.0338251663,\"14\":33259.0086018775,\"15\":66689.9519369043,\"0\":1888.0056360521,\"1\":1730.0338251663,\"2\":1634.0086018775,\"3\":1665.9519369041,\"4\":1601.9943639479,\"5\":1881.9661748337,\"6\":1672.9913981225,\"7\":1761.0480630959},\"ret\":{\"8\":0.0002352833,\"9\":-0.0004461461,\"10\":-0.0004562404,\"11\":0.0006712038,\"12\":-0.0002349127,\"13\":0.0004484553,\"14\":0.0004587769,\"15\":-0.0006684487,\"0\":-0.0002292236,\"1\":0.0004694965,\"2\":0.0004819867,\"3\":-0.0006134481,\"4\":0.0002418086,\"5\":-0.0004256335,\"6\":-0.0004318411,\"7\":0.0007178133}}", "formula": "count ~ group * mut * base - group : mut : base"}, "pos3": {"df": 3, "prob": 1.1003778212498012e-22, "rel_entropy": 0.00013315490417030513, "deviance": 105.34683398337862, "stats": "{\"group\":{\"8\":\"1\",\"9\":\"1\",\"10\":\"1\",\"11\":\"1\",\"12\":\"1\",\"13\":\"1\",\"14\":\"1\",\"15\":\"1\",\"0\":\"2\",\"1\":\"2\",\"2\":\"2\",\"3\":\"2\",\"4\":\"2\",\"5\":\"2\",\"6\":\"2\",\"7\":\"2\"},\"mut\":{\"8\":\"M\",\"9\":\"M\",\"10\":\"M\",\"11\":\"M\",\"12\":\"R\",\"13\":\"R\",\"14\":\"R\",\"15\":\"R\",\"0\":\"M\",\"1\":\"M\",\"2\":\"M\",\"3\":\"M\",\"4\":\"R\",\"5\":\"R\",\"6\":\"R\",\"7\":\"R\"},\"base\":{\"8\":\"A\",\"9\":\"C\",\"10\":\"G\",\"11\":\"T\",\"12\":\"A\",\"13\":\"C\",\"14\":\"G\",\"15\":\"T\",\"0\":\"A\",\"1\":\"C\",\"2\":\"G\",\"3\":\"T\",\"4\":\"A\",\"5\":\"C\",\"6\":\"G\",\"7\":\"T\"},\"count\":{\"8\":60006,\"9\":34106,\"10\":27933,\"11\":68827,\"12\":53994,\"13\":37992,\"14\":32749,\"15\":66137,\"0\":1592,\"1\":1973,\"2\":1376,\"3\":1977,\"4\":1723,\"5\":1722,\"6\":1372,\"7\":2101},\"fitted\":{\"8\":59839.9838739361,\"9\":34301.0689665052,\"10\":28025.0430248978,\"11\":68705.9041346611,\"12\":54160.016126064,\"13\":37796.931033495,\"14\":32656.9569751022,\"15\":66258.095865339,\"0\":1758.0161260641,\"1\":1777.9310334949,\"2\":1283.9569751022,\"3\":2098.0958653389,\"4\":1556.983873936,\"5\":1917.0689665051,\"6\":1464.0430248978,\"7\":1979.9041346611},\"ret\":{\"8\":0.0004202594,\"9\":-0.0004917166,\"10\":-0.0002322961,\"11\":0.0003063919,\"12\":-0.0004190339,\"13\":0.0004943917,\"14\":0.0002330063,\"15\":-0.0003058424,\"0\":-0.0003992069,\"1\":0.0005192349,\"2\":0.0002408262,\"3\":-0.000297113,\"4\":0.0004412968,\"5\":-0.0004671359,\"6\":-0.0002252062,\"7\":0.0003152987}}", "formula": "count ~ group * mut * base - group : mut : base"}}