{"pos2": {"stats": "{\"group\":{\"0\":\"1\",\"1\":\"1\",\"2\":\"1\",\"3\":\"1\",\"4\":\"1\",\"5\":\"1\",\"6\":\"1\",\"7\":\"1\",\"8\":\"2\",\"9\":\"2\",\"10\":\"2\",\"11\":\"2\",\"12\":\"2\",\"13\":\"2\",\"14\":\"2\",\"15\":\"2\"},\"mut\":{\"0\":\"M\",\"1\":\"M\",\"2\":\"M\",\"3\":\"M\",\"4\":\"R\",\"5\":\"R\",\"6\":\"R\",\"7\":\"R\",\"8\":\"M\",\"9\":\"M\",\"10\":\"M\",\"11\":\"M\",\"12\":\"R\",\"13\":\"R\",\"14\":\"R\",\"15\":\"R\"},\"base\":{\"0\":\"A\",\"1\":\"C\",\"2\":\"G\",\"3\":\"T\",\"4\":\"A\",\"5\":\"C\",\"6\":\"G\",\"7\":\"T\",\"8\":\"A\",\"9\":\"C\",\"10\":\"G\",\"11\":\"T\",\"12\":\"A\",\"13\":\"C\",\"14\":\"G\",\"15\":\"T\"},\"count\":{\"0\":47572,\"1\":40457,\"2\":50085,\"3\":52758,\"4\":44906,\"5\":36721,\"6\":45484,\"7\":63761,\"8\":878,\"9\":2196,\"10\":2384,\"11\":1460,\"12\":1223,\"13\":1734,\"14\":1978,\"15\":1983},\"fitted\":{\"0\":47384.7734772409,\"1\":40606.3789169514,\"2\":50201.1293450889,\"3\":52679.71826072,\"4\":45093.2265227598,\"5\":36571.621083049,\"6\":45367.8706549114,\"7\":63839.2817392806,\"8\":1065.2265227597,\"9\":2046.6210830488,\"10\":2267.8706549113,\"11\":1538.2817392803,\"12\":1035.7734772403,\"13\":1883.3789169512,\"14\":2094.1293450887,\"15\":1904.7182607198},\"ret\":{\"0\":0.00047423,\"1\":-0.0003769246,\"2\":-0.0002932275,\"3\":0.000198038,\"4\":-0.0004723123,\"5\":0.0003783902,\"6\":0.0002939427,\"7\":-0.0001977697,\"8\":-0.0004290258,\"9\":0.0003910773,\"10\":0.0003009584,\"11\":-0.0001927681,\"12\":0.0005137057,\"13\":-0.0003622322,\"14\":-0.0002852727,\"15\":0.000201903}}", "deviance": 112.9084162761242, "df": 3, "rel_entropy": 0.00014271249339719425, "formula": "count ~ group * mut * base - group : mut : base", "prob": 2.596263294971587e-24}, "pos3": {"stats": "{\"group\":{\"0\":\"1\",\"1\":\"1\",\"2\":\"1\",\"3\":\"1\",\"4\":\"1\",\"5\":\"1\",\"6\":\"1\",\"7\":\"1\",\"8\":\"2\",\"9\":\"2\",\"10\":\"2\",\"11\":\"2\",\"12\":\"2\",\"13\":\"2\",\"14\":\"2\",\"15\":\"2\"},\"mut\":{\"0\":\"M\",\"1\":\"M\",\"2\":\"M\",\"3\":\"M\",\"4\":\"R\",\"5\":\"R\",\"6\":\"R\",\"7\":\"R\",\"8\":\"M\",\"9\":\"M\",\"10\":\"M\",\"11\":\"M\",\"12\":\"R\",\"13\":\"R\",\"14\":\"R\",\"15\":\"R\"},\"base\":{\"0\":\"A\",\"1\":\"C\",\"2\":\"G\",\"3\":\"T\",\"4\":\"A\",\"5\":\"C\",\"6\":\"G\",\"7\":\"T\",\"8\":\"A\",\"9\":\"C\",\"10\":\"G\",\"11\":\"T\",\"12\":\"A\",\"13\":\"C\",\"14\":\"G\",\"15\":\"T\"},\"count\":{\"0\":60006,\"1\":34106,\"2\":27933,\"3\":68827,\"4\":53994,\"5\":37992,\"6\":32749,\"7\":66137,\"8\":1592,\"9\":1973,\"10\":1376,\"11\":1977,\"12\":1723,\"13\":1722,\"14\":1372,\"15\":2101},\"fitted\":{\"0\":59839.9838739364,\"1\":34301.0689665051,\"2\":28025.0430248978,\"3\":68705.9041346611,\"4\":54160.016126064,\"5\":37796.931033495,\"6\":32656.9569751022,\"7\":66258.095865339,\"8\":1758.016126064,\"9\":1777.9310334949,\"10\":1283.9569751022,\"11\":2098.0958653389,\"12\":1556.983873936,\"13\":1917.0689665051,\"14\":1464.0430248978,\"15\":1979.9041346611},\"ret\":{\"0\":0.0004202594,\"1\":-0.0004917166,\"2\":-0.0002322961,\"3\":0.0003063919,\"4\":-0.0004190339,\"5\":0.0004943917,\"6\":0.0002330063,\"7\":-0.0003058424,\"8\":-0.0003992069,\"9\":0.0005192349,\"10\":0.0002408262,\"11\":-0.000297113,\"12\":0.0004412968,\"13\":-0.0004671359,\"14\":-0.0002252062,\"15\":0.0003152987}}", "deviance": 105.34683398338814, "df": 3, "rel_entropy": 0.00013315490417031717, "formula": "count ~ group * mut * base - group : mut : base", "prob": 1.1003778212446107e-22}, "pos0": {"stats": "{\"group\":{\"0\":\"1\",\"1\":\"1\",\"2\":\"1\",\"3\":\"1\",\"4\":\"1\",\"5\":\"1\",\"6\":\"1\",\"7\":\"1\",\"8\":\"2\",\"9\":\"2\",\"10\":\"2\",\"11\":\"2\",\"12\":\"2\",\"13\":\"2\",\"14\":\"2\",\"15\":\"2\"},\"mut\":{\"0\":\"M\",\"1\":\"M\",\"2\":\"M\",\"3\":\"M\",\"4\":\"R\",\"5\":\"R\",\"6\":\"R\",\"7\":\"R\",\"8\":\"M\",\"9\":\"M\",\"10\":\"M\",\"11\":\"M\",\"12\":\"R\",\"13\":\"R\",\"14\":\"R\",\"15\":\"R\"},\"base\":{\"0\":\"A\",\"1\":\"C\",\"2\":\"G\",\"3\":\"T\",\"4\":\"A\",\"5\":\"C\",\"6\":\"G\",\"7\":\"T\",\"8\":\"A\",\"9\":\"C\",\"10\":\"G\",\"11\":\"T\",\"12\":\"A\",\"13\":\"C\",\"14\":\"G\",\"15\":\"T\"},\"count\":{\"0\":63933,\"1\":32524,\"2\":31881,\"3\":62534,\"4\":54789,\"5\":36218,\"6\":33440,\"7\":66425,\"8\":1795,\"9\":1907,\"10\":1815,\"11\":1401,\"12\":1695,\"13\":1705,\"14\":1492,\"15\":2026},\"fitted\":{\"0\":63839.994363947,\"1\":32700.9661748336,\"2\":32061.9913981224,\"3\":62269.0480630958,\"4\":54882.0056360519,\"5\":36041.0338251662,\"6\":33259.0086018774,\"7\":66689.9519369039,\"8\":1888.0056360521,\"9\":1730.0338251663,\"10\":1634.0086018775,\"11\":1665.9519369041,\"12\":1601.9943639479,\"13\":1881.9661748337,\"14\":1672.9913981225,\"15\":1761.0480630959},\"ret\":{\"0\":0.0002352833,\"1\":-0.0004461461,\"2\":-0.0004562404,\"3\":0.0006712038,\"4\":-0.0002349127,\"5\":0.0004484553,\"6\":0.0004587769,\"7\":-0.0006684487,\"8\":-0.0002292236,\"9\":0.0004694965,\"10\":0.0004819867,\"11\":-0.0006134481,\"12\":0.0002418086,\"13\":-0.0004256335,\"14\":-0.0004318411,\"15\":0.0007178133}}", "deviance": 173.2087706968703, "df": 3, "rel_entropy": 0.0002189301414339328, "formula": "count ~ group * mut * base - group : mut : base", "prob": 2.5816913631405771e-37}, "pos1": {"stats": "{\"group\":{\"0\":\"1\",\"1\":\"1\",\"2\":\"1\",\"3\":\"1\",\"4\":\"1\",\"5\":\"1\",\"6\":\"1\",\"7\":\"1\",\"8\":\"2\",\"9\":\"2\",\"10\":\"2\",\"11\":\"2\",\"12\":\"2\",\"13\":\"2\",\"14\":\"2\",\"15\":\"2\"},\"mut\":{\"0\":\"M\",\"1\":\"M\",\"2\":\"M\",\"3\":\"M\",\"4\":\"R\",\"5\":\"R\",\"6\":\"R\",\"7\":\"R\",\"8\":\"M\",\"9\":\"M\",\"10\":\"M\",\"11\":\"M\",\"12\":\"R\",\"13\":\"R\",\"14\":\"R\",\"15\":\"R\"},\"base\":{\"0\":\"A\",\"1\":\"C\",\"2\":\"G\",\"3\":\"T\",\"4\":\"A\",\"5\":\"C\",\"6\":\"G\",\"7\":\"T\",\"8\":\"A\",\"9\":\"C\",\"10\":\"G\",\"11\":\"T\",\"12\":\"A\",\"13\":\"C\",\"14\":\"G\",\"15\":\"T\"},\"count\":{\"0\":75279,\"1\":31691,\"2\":33122,\"3\":50780,\"4\":52745,\"5\":42621,\"6\":31611,\"7\":63895,\"8\":2260,\"9\":1955,\"10\":1616,\"11\":1087,\"12\":1586,\"13\":2012,\"14\":1384,\"15\":1936},\"fitted\":{\"0\":75255.2933475273,\"1\":31918.0879021832,\"2\":33181.7294302007,\"3\":50516.8893200914,\"4\":52768.7066524748,\"5\":42393.9120978175,\"6\":31551.2705697999,\"7\":64158.1106799094,\"8\":2283.7066524744,\"9\":1727.9120978171,\"10\":1556.2705697997,\"11\":1350.1106799089,\"12\":1562.2933475256,\"13\":2239.087902183,\"14\":1443.7294302004,\"15\":1672.8893200911},\"ret\":{\"0\":0.0000599383,\"1\":-0.0005720161,\"2\":-0.0001508561,\"3\":0.0006668555,\"4\":-0.0000599154,\"5\":0.0005755979,\"6\":0.0001511349,\"7\":-0.0006637606,\"8\":-0.0000596167,\"9\":0.000610234,\"10\":0.0001538532,\"11\":-0.0005956406,\"12\":0.0000603813,\"13\":-0.0005439152,\"14\":-0.0001478247,\"15\":0.0007148866}}", "deviance": 157.70683345871925, "df": 3, "rel_entropy": 0.00019933620690975183, "formula": "count ~ group * mut * base - group : mut : base", "prob": 5.727823614367475e-34}}