{"pos0": {"rel_entropy": 0.008125250024205225, "stats": "{\"mut\":{\"0\":\"M\",\"1\":\"M\",\"2\":\"M\",\"3\":\"M\",\"4\":\"R\",\"5\":\"R\",\"6\":\"R\",\"7\":\"R\"},\"base\":{\"0\":\"A\",\"1\":\"C\",\"2\":\"G\",\"3\":\"T\",\"4\":\"A\",\"5\":\"C\",\"6\":\"G\",\"7\":\"T\"},\"count\":{\"0\":4648,\"1\":3621,\"2\":4492,\"3\":3192,\"4\":4104,\"5\":3701,\"6\":3362,\"7\":4786},\"fitted\":{\"0\":4376.0,\"1\":3661.0,\"2\":3927.0,\"3\":3989.0,\"4\":4376.0,\"5\":3661.0,\"6\":3927.0,\"7\":3989.0},\"ret\":{\"0\":0.0087846638,\"1\":-0.0012468088,\"2\":0.0189251175,\"3\":-0.0222990696,\"4\":-0.0082544292,\"5\":0.0012605067,\"6\":-0.0163684639,\"7\":0.0273237334}}", "deviance": 518.4884545445839, "formula": "count ~ mut * base - mut : base", "prob": 4.696858142841017e-112, "df": 3}, "pos2": {"rel_entropy": 0.04146413097126303, "stats": "{\"mut\":{\"0\":\"M\",\"1\":\"M\",\"2\":\"M\",\"3\":\"M\",\"4\":\"R\",\"5\":\"R\",\"6\":\"R\",\"7\":\"R\"},\"base\":{\"0\":\"A\",\"1\":\"C\",\"2\":\"G\",\"3\":\"T\",\"4\":\"A\",\"5\":\"C\",\"6\":\"G\",\"7\":\"T\"},\"count\":{\"0\":3739,\"1\":5240,\"2\":3353,\"3\":3621,\"4\":5642,\"5\":4014,\"6\":792,\"7\":5505},\"fitted\":{\"0\":4690.5,\"1\":4627.0,\"2\":2072.5,\"3\":4563.0,\"4\":4690.5,\"5\":4627.0,\"6\":2072.5,\"7\":4563.0},\"ret\":{\"0\":-0.0265689771,\"1\":0.0204326149,\"2\":0.050558761,\"3\":-0.0262422142,\"4\":0.0326607585,\"5\":-0.0178797569,\"6\":-0.0238783928,\"7\":0.0323813376}}", "deviance": 2645.9091255382364, "formula": "count ~ mut * base - mut : base", "prob": 0, "df": 3}, "pos3": {"rel_entropy": 0.0038623912295193165, "stats": "{\"mut\":{\"0\":\"M\",\"1\":\"M\",\"2\":\"M\",\"3\":\"M\",\"4\":\"R\",\"5\":\"R\",\"6\":\"R\",\"7\":\"R\"},\"base\":{\"0\":\"A\",\"1\":\"C\",\"2\":\"G\",\"3\":\"T\",\"4\":\"A\",\"5\":\"C\",\"6\":\"G\",\"7\":\"T\"},\"count\":{\"0\":3470,\"1\":4232,\"2\":4411,\"3\":3840,\"4\":4088,\"5\":3641,\"6\":3609,\"7\":4615},\"fitted\":{\"0\":3779.0000000573,\"1\":3936.5000000293,\"2\":4010.0000003129,\"3\":4227.5000001629,\"4\":3779.0000000607,\"5\":3936.5000000329,\"6\":4010.0000003165,\"7\":4227.5000001667},\"ret\":{\"0\":-0.0092774952,\"1\":0.0096008133,\"2\":0.0131766189,\"3\":-0.0115706009,\"4\":0.0100702752,\"5\":-0.0089049227,\"6\":-0.0119176989,\"7\":0.0126854015}}", "deviance": 246.46690913808663, "formula": "count ~ mut * base - mut : base", "prob": 3.8015573389477097e-53, "df": 3}, "pos1": {"rel_entropy": 0.01007573693202248, "stats": "{\"mut\":{\"0\":\"M\",\"1\":\"M\",\"2\":\"M\",\"3\":\"M\",\"4\":\"R\",\"5\":\"R\",\"6\":\"R\",\"7\":\"R\"},\"base\":{\"0\":\"A\",\"1\":\"C\",\"2\":\"G\",\"3\":\"T\",\"4\":\"A\",\"5\":\"C\",\"6\":\"G\",\"7\":\"T\"},\"count\":{\"0\":3775,\"1\":4064,\"2\":5012,\"3\":3102,\"4\":3912,\"5\":4070,\"6\":3341,\"7\":4630},\"fitted\":{\"0\":3843.5,\"1\":4067.0,\"2\":4176.5,\"3\":3866.0,\"4\":3843.5,\"5\":4067.0,\"6\":4176.5,\"7\":3866.0},\"ret\":{\"0\":-0.0021276853,\"1\":-0.0000939915,\"2\":0.0286465131,\"3\":-0.0214059307,\"4\":0.0021659506,\"5\":0.0000940609,\"6\":-0.0233724879,\"7\":0.0261693078}}", "deviance": 642.9529251062185, "formula": "count ~ mut * base - mut : base", "prob": 4.911903215604278e-139, "df": 3}}