{"pos0": {"deviance": 6239.484529167519, "rel_entropy": 0.004771999303389255, "df": 3, "stats": "{\"mut\":{\"0\":\"M\",\"1\":\"M\",\"2\":\"M\",\"3\":\"M\",\"4\":\"R\",\"5\":\"R\",\"6\":\"R\",\"7\":\"R\"},\"base\":{\"0\":\"A\",\"1\":\"C\",\"2\":\"G\",\"3\":\"T\",\"4\":\"A\",\"5\":\"C\",\"6\":\"G\",\"7\":\"T\"},\"count\":{\"0\":96393,\"1\":95440,\"2\":57761,\"3\":77286,\"4\":84050,\"5\":76476,\"6\":69235,\"7\":97119},\"fitted\":{\"0\":90221.5000000001,\"1\":85958.0,\"2\":63498.0,\"3\":87202.5,\"4\":90221.5000000001,\"5\":85958.0,\"6\":63498.0,\"7\":87202.5},\"ret\":{\"0\":0.0097557553,\"1\":0.0152758559,\"2\":-0.008366457,\"3\":-0.0142712606,\"4\":-0.0091095176,\"5\":-0.0136726865,\"6\":0.0091603897,\"7\":0.0159999201}}", "prob": 0, "formula": "count ~ mut * base - mut : base"}, "pos1": {"deviance": 3685.173966666651, "rel_entropy": 0.0028184455814569956, "df": 3, "stats": "{\"mut\":{\"0\":\"M\",\"1\":\"M\",\"2\":\"M\",\"3\":\"M\",\"4\":\"R\",\"5\":\"R\",\"6\":\"R\",\"7\":\"R\"},\"base\":{\"0\":\"A\",\"1\":\"C\",\"2\":\"G\",\"3\":\"T\",\"4\":\"A\",\"5\":\"C\",\"6\":\"G\",\"7\":\"T\"},\"count\":{\"0\":85027,\"1\":78661,\"2\":53271,\"3\":109921,\"4\":79299,\"5\":84267,\"6\":69173,\"7\":94141},\"fitted\":{\"0\":82163.0000000004,\"1\":81464.0000000002,\"2\":61222.0000000001,\"3\":102031.0000000001,\"4\":82163.0000000002,\"5\":81464.0,\"6\":61222.0,\"7\":102030.9999999999},\"ret\":{\"0\":0.0044562927,\"1\":-0.0042128834,\"2\":-0.0113356109,\"3\":0.0125236964,\"4\":-0.0043035574,\"5\":0.0043604363,\"6\":0.0129195741,\"7\":-0.0115895022}}", "prob": 0, "formula": "count ~ mut * base - mut : base"}, "pos3": {"deviance": 1897.5509806373143, "rel_entropy": 0.0014512596217551657, "df": 3, "stats": "{\"mut\":{\"0\":\"M\",\"1\":\"M\",\"2\":\"M\",\"3\":\"M\",\"4\":\"R\",\"5\":\"R\",\"6\":\"R\",\"7\":\"R\"},\"base\":{\"0\":\"A\",\"1\":\"C\",\"2\":\"G\",\"3\":\"T\",\"4\":\"A\",\"5\":\"C\",\"6\":\"G\",\"7\":\"T\"},\"count\":{\"0\":95373,\"1\":69697,\"2\":77033,\"3\":84777,\"4\":81468,\"5\":76644,\"6\":75056,\"7\":93712},\"fitted\":{\"0\":88420.5000010077,\"1\":73170.5000000066,\"2\":76044.4999999917,\"3\":89244.5000000176,\"4\":88420.5000010284,\"5\":73170.5000000238,\"6\":76044.5000000095,\"7\":89244.5000000385},\"ret\":{\"0\":0.0110421902,\"1\":-0.0051849573,\"2\":0.0015218078,\"3\":-0.0066595791,\"4\":-0.0102051254,\"5\":0.0054372726,\"6\":-0.0015021525,\"7\":0.0070018034}}", "prob": 0, "formula": "count ~ mut * base - mut : base"}, "pos2": {"deviance": 6432.060466673154, "rel_entropy": 0.004919282662347922, "df": 3, "stats": "{\"mut\":{\"0\":\"M\",\"1\":\"M\",\"2\":\"M\",\"3\":\"M\",\"4\":\"R\",\"5\":\"R\",\"6\":\"R\",\"7\":\"R\"},\"base\":{\"0\":\"A\",\"1\":\"C\",\"2\":\"G\",\"3\":\"T\",\"4\":\"A\",\"5\":\"C\",\"6\":\"G\",\"7\":\"T\"},\"count\":{\"0\":89202,\"1\":82226,\"2\":25497,\"3\":129955,\"4\":114245,\"5\":84311,\"6\":16463,\"7\":111861},\"fitted\":{\"0\":101723.5000000002,\"1\":83268.5000000004,\"2\":20980.0000000001,\"3\":120908.0000000003,\"4\":101723.5000000002,\"5\":83268.5000000004,\"6\":20980.0000000001,\"7\":120908.0000000003},\"ret\":{\"0\":-0.0179226607,\"1\":-0.0015845978,\"2\":0.007604764,\"3\":0.0143436938,\"4\":0.0202862669,\"5\":0.0016045626,\"6\":-0.0061054866,\"7\":-0.0133072595}}", "prob": 0, "formula": "count ~ mut * base - mut : base"}}