{"('pos0', 'pos3')": {"deviance": 515.6010935433629, "rel_entropy": 0.0003943351486350977, "df": 9, "stats": "{\"mut\":{\"0\":\"M\",\"1\":\"M\",\"2\":\"M\",\"3\":\"M\",\"4\":\"M\",\"5\":\"M\",\"6\":\"M\",\"7\":\"M\",\"8\":\"M\",\"9\":\"M\",\"10\":\"M\",\"11\":\"M\",\"12\":\"M\",\"13\":\"M\",\"14\":\"M\",\"15\":\"M\",\"16\":\"R\",\"17\":\"R\",\"18\":\"R\",\"19\":\"R\",\"20\":\"R\",\"21\":\"R\",\"22\":\"R\",\"23\":\"R\",\"24\":\"R\",\"25\":\"R\",\"26\":\"R\",\"27\":\"R\",\"28\":\"R\",\"29\":\"R\",\"30\":\"R\",\"31\":\"R\"},\"base1\":{\"0\":\"A\",\"1\":\"A\",\"2\":\"A\",\"3\":\"A\",\"4\":\"C\",\"5\":\"C\",\"6\":\"C\",\"7\":\"C\",\"8\":\"G\",\"9\":\"G\",\"10\":\"G\",\"11\":\"G\",\"12\":\"T\",\"13\":\"T\",\"14\":\"T\",\"15\":\"T\",\"16\":\"A\",\"17\":\"A\",\"18\":\"A\",\"19\":\"A\",\"20\":\"C\",\"21\":\"C\",\"22\":\"C\",\"23\":\"C\",\"24\":\"G\",\"25\":\"G\",\"26\":\"G\",\"27\":\"G\",\"28\":\"T\",\"29\":\"T\",\"30\":\"T\",\"31\":\"T\"},\"base2\":{\"0\":\"A\",\"1\":\"C\",\"2\":\"G\",\"3\":\"T\",\"4\":\"A\",\"5\":\"C\",\"6\":\"G\",\"7\":\"T\",\"8\":\"A\",\"9\":\"C\",\"10\":\"G\",\"11\":\"T\",\"12\":\"A\",\"13\":\"C\",\"14\":\"G\",\"15\":\"T\",\"16\":\"A\",\"17\":\"C\",\"18\":\"G\",\"19\":\"T\",\"20\":\"A\",\"21\":\"C\",\"22\":\"G\",\"23\":\"T\",\"24\":\"A\",\"25\":\"C\",\"26\":\"G\",\"27\":\"T\",\"28\":\"A\",\"29\":\"C\",\"30\":\"G\",\"31\":\"T\"},\"count\":{\"0\":29405,\"1\":17949,\"2\":22296,\"3\":26743,\"4\":26869,\"5\":23192,\"6\":22728,\"7\":22651,\"8\":15388,\"9\":12815,\"10\":16006,\"11\":13552,\"12\":23711,\"13\":15741,\"14\":16003,\"15\":21831,\"16\":22742,\"17\":19605,\"18\":17335,\"19\":24368,\"20\":17905,\"21\":19057,\"22\":18973,\"23\":20541,\"24\":16171,\"25\":16899,\"26\":17639,\"27\":18526,\"28\":24650,\"29\":21083,\"30\":21109,\"31\":30277},\"fitted\":{\"0\":29848.8091741794,\"1\":19089.1288234709,\"2\":21394.4643232862,\"3\":26060.5976790935,\"4\":26601.2791340587,\"5\":22418.3091471847,\"6\":23434.119657758,\"7\":22986.2920609997,\"8\":15601.5766961277,\"9\":12783.6371577951,\"10\":15525.6546576224,\"11\":13850.1314884551,\"12\":23321.3349956354,\"13\":15405.9248715761,\"14\":16678.761361337,\"15\":21879.9787714522,\"16\":22298.1908258217,\"17\":18464.8711765834,\"18\":18236.5356767201,\"19\":25050.402320907,\"20\":18172.7208659415,\"21\":19830.6908528167,\"22\":18266.8803422429,\"23\":20205.7079390004,\"24\":15957.4233038724,\"25\":16930.3628422051,\"26\":18119.3453423778,\"27\":18227.8685115451,\"28\":25039.6650043649,\"29\":21418.0751284241,\"30\":20433.2386386641,\"31\":30228.0212285481},\"ret\":{\"0\":-0.0006737844,\"1\":-0.001690807,\"2\":0.0014076559,\"3\":0.0010573601,\"4\":0.0004115632,\"5\":0.0012036382,\"6\":-0.0010636514,\"7\":-0.0005091084,\"8\":-0.0003244434,\"9\":0.0000480318,\"10\":0.0007459932,\"11\":-0.0004510822,\"12\":0.0006009887,\"13\":0.0005180692,\"14\":-0.001012425,\"15\":-0.0000748347,\"16\":0.0006855678,\"17\":0.0017967221,\"18\":-0.001344339,\"19\":-0.0010294635,\"20\":-0.000406478,\"21\":-0.0011600556,\"22\":0.001100702,\"23\":0.0005170991,\"24\":0.0003288663,\"25\":-0.0000479286,\"26\":-0.0007249164,\"27\":0.0004597351,\"28\":-0.0005913748,\"29\":-0.0005085051,\"30\":0.0010505605,\"31\":0.0000749792}}", "prob": 2.620640769999139e-105, "formula": "count ~ mut * base1 * base2 - mut : base1 : base2"}, "('pos2', 'pos3')": {"deviance": 2871.6686552601905, "rel_entropy": 0.0021962713038884227, "df": 9, "stats": "{\"mut\":{\"0\":\"M\",\"1\":\"M\",\"2\":\"M\",\"3\":\"M\",\"4\":\"M\",\"5\":\"M\",\"6\":\"M\",\"7\":\"M\",\"8\":\"M\",\"9\":\"M\",\"10\":\"M\",\"11\":\"M\",\"12\":\"M\",\"13\":\"M\",\"14\":\"M\",\"15\":\"M\",\"16\":\"R\",\"17\":\"R\",\"18\":\"R\",\"19\":\"R\",\"20\":\"R\",\"21\":\"R\",\"22\":\"R\",\"23\":\"R\",\"24\":\"R\",\"25\":\"R\",\"26\":\"R\",\"27\":\"R\",\"28\":\"R\",\"29\":\"R\",\"30\":\"R\",\"31\":\"R\"},\"base1\":{\"0\":\"A\",\"1\":\"A\",\"2\":\"A\",\"3\":\"A\",\"4\":\"C\",\"5\":\"C\",\"6\":\"C\",\"7\":\"C\",\"8\":\"G\",\"9\":\"G\",\"10\":\"G\",\"11\":\"G\",\"12\":\"T\",\"13\":\"T\",\"14\":\"T\",\"15\":\"T\",\"16\":\"A\",\"17\":\"A\",\"18\":\"A\",\"19\":\"A\",\"20\":\"C\",\"21\":\"C\",\"22\":\"C\",\"23\":\"C\",\"24\":\"G\",\"25\":\"G\",\"26\":\"G\",\"27\":\"G\",\"28\":\"T\",\"29\":\"T\",\"30\":\"T\",\"31\":\"T\"},\"base2\":{\"0\":\"A\",\"1\":\"C\",\"2\":\"G\",\"3\":\"T\",\"4\":\"A\",\"5\":\"C\",\"6\":\"G\",\"7\":\"T\",\"8\":\"A\",\"9\":\"C\",\"10\":\"G\",\"11\":\"T\",\"12\":\"A\",\"13\":\"C\",\"14\":\"G\",\"15\":\"T\",\"16\":\"A\",\"17\":\"C\",\"18\":\"G\",\"19\":\"T\",\"20\":\"A\",\"21\":\"C\",\"22\":\"G\",\"23\":\"T\",\"24\":\"A\",\"25\":\"C\",\"26\":\"G\",\"27\":\"T\",\"28\":\"A\",\"29\":\"C\",\"30\":\"G\",\"31\":\"T\"},\"count\":{\"0\":29472,\"1\":13550,\"2\":30910,\"3\":15270,\"4\":29423,\"5\":20152,\"6\":3535,\"7\":29116,\"8\":7376,\"9\":5348,\"10\":6334,\"11\":6439,\"12\":29102,\"13\":30647,\"14\":36254,\"15\":33952,\"16\":28622,\"17\":23919,\"18\":32799,\"19\":28905,\"20\":29084,\"21\":21730,\"22\":4583,\"23\":28914,\"24\":3545,\"25\":4028,\"26\":4647,\"27\":4243,\"28\":20217,\"29\":26967,\"30\":33027,\"31\":31650},\"fitted\":{\"0\":27838.3012216629,\"1\":15230.8329416088,\"2\":28181.2204145447,\"3\":17951.6454221838,\"4\":31581.0363029203,\"5\":19521.801674189,\"6\":4081.4834850004,\"7\":27041.6785378903,\"8\":7099.0512645696,\"9\":5440.8453602163,\"10\":6759.6427952879,\"11\":6197.4605799262,\"12\":28854.6112108472,\"13\":29503.5200239859,\"14\":38010.653305167,\"15\":33586.2154599996,\"16\":30255.6987783372,\"17\":22238.1670583913,\"18\":35527.7795854553,\"19\":26223.3545778161,\"20\":26925.9636970797,\"21\":22360.198325811,\"22\":4036.5165149996,\"23\":30988.3214621097,\"24\":3821.9487354304,\"25\":3935.1546397837,\"26\":4221.3572047121,\"27\":4484.5394200738,\"28\":20464.3887891527,\"29\":28110.479976014,\"30\":31270.3466948329,\"31\":32015.7845400002},\"ret\":{\"0\":0.0025708588,\"1\":-0.0024236317,\"2\":0.0043698361,\"3\":-0.0037789994,\"4\":-0.0031855178,\"5\":0.0009793541,\"6\":-0.0007772675,\"7\":0.0032916065,\"8\":0.0004317823,\"9\":-0.0001407988,\"10\":-0.0006301262,\"11\":0.0003765699,\"12\":0.0003800267,\"13\":0.0017825475,\"14\":-0.0026239315,\"15\":0.0005625447,\"16\":-0.0024302127,\"17\":0.0026658282,\"18\":-0.0040094132,\"19\":0.0043048086,\"20\":0.0034298434,\"21\":-0.0009502462,\"22\":0.0008900995,\"23\":-0.0030642621,\"24\":-0.0004078912,\"25\":0.0001436798,\"26\":0.000682842,\"27\":-0.0003593286,\"28\":-0.0003761127,\"29\":-0.0017130151,\"30\":0.0027610983,\"31\":-0.0005563004}}", "prob": 0, "formula": "count ~ mut * base1 * base2 - mut : base1 : base2"}, "('pos0', 'pos1')": {"deviance": 2166.624783233104, "rel_entropy": 0.0016570490571716718, "df": 9,