{"pos2": {"prob": 0.025068585490908103, "stats": "{\"group\":{\"0\":\"1\",\"1\":\"1\",\"2\":\"1\",\"3\":\"1\",\"4\":\"1\",\"5\":\"1\",\"6\":\"1\",\"7\":\"1\",\"8\":\"2\",\"9\":\"2\",\"10\":\"2\",\"11\":\"2\",\"12\":\"2\",\"13\":\"2\",\"14\":\"2\",\"15\":\"2\"},\"mut\":{\"0\":\"M\",\"1\":\"M\",\"2\":\"M\",\"3\":\"M\",\"4\":\"R\",\"5\":\"R\",\"6\":\"R\",\"7\":\"R\",\"8\":\"M\",\"9\":\"M\",\"10\":\"M\",\"11\":\"M\",\"12\":\"R\",\"13\":\"R\",\"14\":\"R\",\"15\":\"R\"},\"base\":{\"0\":\"A\",\"1\":\"C\",\"2\":\"G\",\"3\":\"T\",\"4\":\"A\",\"5\":\"C\",\"6\":\"G\",\"7\":\"T\",\"8\":\"A\",\"9\":\"C\",\"10\":\"G\",\"11\":\"T\",\"12\":\"A\",\"13\":\"C\",\"14\":\"G\",\"15\":\"T\"},\"count\":{\"0\":307058,\"1\":143102,\"2\":333827,\"3\":316687,\"4\":247679,\"5\":223398,\"6\":274289,\"7\":355308,\"8\":3185,\"9\":1547,\"10\":3391,\"11\":3120,\"12\":2593,\"13\":2246,\"14\":2731,\"15\":3673},\"fitted\":{\"0\":307044.4470776721,\"1\":143167.0403591619,\"2\":333856.5296717789,\"3\":316605.9828913925,\"4\":247692.5529223307,\"5\":223332.9596408396,\"6\":274259.4703282235,\"7\":355389.0171086098,\"8\":3198.5529223301,\"9\":1481.9596408387,\"10\":3361.4703282227,\"11\":3201.0171086085,\"12\":2579.4470776699,\"13\":2311.0403591614,\"14\":2760.5296717773,\"15\":3591.9828913915},\"ret\":{\"0\":0.0000060945,\"1\":-0.0000292403,\"2\":-0.0000132781,\"3\":0.0000364359,\"4\":-0.0000060942,\"5\":0.0000292512,\"6\":0.0000132794,\"7\":-0.0000364271,\"8\":-0.0000060815,\"9\":0.0000298796,\"10\":0.0000133369,\"11\":-0.0000359663,\"12\":0.0000061104,\"13\":-0.0000288315,\"14\":-0.0000132074,\"15\":0.0000368391}}", "rel_entropy": 2.1005135769783186e-06, "formula": "count ~ group * mut * base - group : mut : base", "df": 3, "deviance": 9.342387019892005}, "pos0": {"prob": 0.5235740088067533, "stats": "{\"group\":{\"0\":\"1\",\"1\":\"1\",\"2\":\"1\",\"3\":\"1\",\"4\":\"1\",\"5\":\"1\",\"6\":\"1\",\"7\":\"1\",\"8\":\"2\",\"9\":\"2\",\"10\":\"2\",\"11\":\"2\",\"12\":\"2\",\"13\":\"2\",\"14\":\"2\",\"15\":\"2\"},\"mut\":{\"0\":\"M\",\"1\":\"M\",\"2\":\"M\",\"3\":\"M\",\"4\":\"R\",\"5\":\"R\",\"6\":\"R\",\"7\":\"R\",\"8\":\"M\",\"9\":\"M\",\"10\":\"M\",\"11\":\"M\",\"12\":\"R\",\"13\":\"R\",\"14\":\"R\",\"15\":\"R\"},\"base\":{\"0\":\"A\",\"1\":\"C\",\"2\":\"G\",\"3\":\"T\",\"4\":\"A\",\"5\":\"C\",\"6\":\"G\",\"7\":\"T\",\"8\":\"A\",\"9\":\"C\",\"10\":\"G\",\"11\":\"T\",\"12\":\"A\",\"13\":\"C\",\"14\":\"G\",\"15\":\"T\"},\"count\":{\"0\":292880,\"1\":241004,\"2\":175799,\"3\":390991,\"4\":308551,\"5\":221627,\"6\":201592,\"7\":368904,\"8\":2959,\"9\":2452,\"10\":1795,\"11\":4037,\"12\":3197,\"13\":2186,\"14\":2034,\"15\":3826},\"fitted\":{\"0\":292841.6874380603,\"1\":241039.5844392194,\"2\":175810.2914583574,\"3\":390982.4366643672,\"4\":308589.3125619422,\"5\":221591.4155607806,\"6\":201580.7085416431,\"7\":368912.5633356348,\"8\":2997.3125619424,\"9\":2416.4155607807,\"10\":1783.7085416428,\"11\":4045.5633356341,\"12\":3158.6874380576,\"13\":2221.5844392193,\"14\":2045.2914583572,\"15\":3817.4366643659},\"ret\":{\"0\":0.0000172293,\"1\":-0.0000160002,\"2\":-0.0000050773,\"3\":0.0000038508,\"4\":-0.0000172271,\"5\":0.0000160027,\"6\":0.0000050776,\"7\":-0.0000038507,\"8\":-0.0000171176,\"9\":0.0000161186,\"10\":0.0000050935,\"11\":-0.0000038466,\"12\":0.0000173322,\"13\":-0.0000158726,\"14\":-0.0000050634,\"15\":0.000003855}}", "rel_entropy": 5.04256598730198e-07, "formula": "count ~ group * mut * base - group : mut : base", "df": 3, "deviance": 2.242765937961142}, "pos1": {"prob": 0.010123405517164914, "stats": "{\"group\":{\"0\":\"1\",\"1\":\"1\",\"2\":\"1\",\"3\":\"1\",\"4\":\"1\",\"5\":\"1\",\"6\":\"1\",\"7\":\"1\",\"8\":\"2\",\"9\":\"2\",\"10\":\"2\",\"11\":\"2\",\"12\":\"2\",\"13\":\"2\",\"14\":\"2\",\"15\":\"2\"},\"mut\":{\"0\":\"M\",\"1\":\"M\",\"2\":\"M\",\"3\":\"M\",\"4\":\"R\",\"5\":\"R\",\"6\":\"R\",\"7\":\"R\",\"8\":\"M\",\"9\":\"M\",\"10\":\"M\",\"11\":\"M\",\"12\":\"R\",\"13\":\"R\",\"14\":\"R\",\"15\":\"R\"},\"base\":{\"0\":\"A\",\"1\":\"C\",\"2\":\"G\",\"3\":\"T\",\"4\":\"A\",\"5\":\"C\",\"6\":\"G\",\"7\":\"T\",\"8\":\"A\",\"9\":\"C\",\"10\":\"G\",\"11\":\"T\",\"12\":\"A\",\"13\":\"C\",\"14\":\"G\",\"15\":\"T\"},\"count\":{\"0\":488115,\"1\":206852,\"2\":179968,\"3\":225739,\"4\":288500,\"5\":265635,\"6\":190304,\"7\":356235,\"8\":4852,\"9\":2061,\"10\":1975,\"11\":2355,\"12\":3034,\"13\":2604,\"14\":1946,\"15\":3659},\"fitted\":{\"0\":488009.6573703818,\"1\":206869.3132582316,\"2\":180035.4827923137,\"3\":225759.5465790757,\"4\":288605.3426296196,\"5\":265617.6867417694,\"6\":190236.5172076873,\"7\":356214.4534209252,\"8\":4957.3426296195,\"9\":2043.6867417689,\"10\":1907.5172076869,\"11\":2334.4534209247,\"12\":2928.6573703805,\"13\":2621.3132582311,\"14\":2013.4827923132,\"15\":3679.5465790753},\"ret\":{\"0\":0.0000473749,\"1\":-0.000007785,\"2\":-0.0000303396,\"3\":-0.0000092388,\"4\":-0.0000473612,\"5\":0.0000077856,\"6\":0.0000303506,\"7\":0.0000092395,\"8\":-0.0000468629,\"9\":0.0000078182,\"10\":0.0000308758,\"11\":0.0000092798,\"12\":0.0000482117,\"13\":-0.0000077596,\"14\":-0.000029831,\"15\":-0.0000092134}}", "rel_entropy": 2.544777781448529e-06, "formula": "count ~ group * mut * base - group : mut : base", "df": 3, "deviance": 11.318326705659615}, "pos3": {"prob": 0.22361613018536444, "stats": "{\"group\":{\"0\":\"1\",\"1\":\"1\",\"2\":\"1\",\"3\":\"1\",\"4\":\"1\",\"5\":\"1\",\"6\":\"1\",\"7\":\"1\",\"8\":\"2\",\"9\":\"2\",\"10\":\"2\",\"11\":\"2\",\"12\":\"2\",\"13\":\"2\",\"14\":\"2\",\"15\":\"2\"},\"mut\":{\"0\":\"M\",\"1\":\"M\",\"2\":\"M\",\"3\":\"M\",\"4\":\"R\",\"5\":\"R\",\"6\":\"R\",\"7\":\"R\",\"8\":\"M\",\"9\":\"M\",\"10\":\"M\",\"11\":\"M\",\"12\":\"R\",\"13\":\"R\",\"14\":\"R\",\"15\":\"R\"},\"base\":{\"0\":\"A\",\"1\":\"C\",\"2\":\"G\",\"3\":\"T\",\"4\":\"A\",\"5\":\"C\",\"6\":\"G\",\"7\":\"T\",\"8\":\"A\",\"9\":\"C\",\"10\":\"G\",\"11\":\"T\",\"12\":\"A\",\"13\":\"C\",\"14\":\"G\",\"15\":\"T\"},\"count\":{\"0\":228359,\"1\":204585,\"2\":324408,\"3\":343322,\"4\":306637,\"5\":229986,\"6\":195597,\"7\":368454,\"8\":2327,\"9\":2172,\"10\":3155,\"11\":3589,\"12\":3126,\"13\":2355,\"14\":1987,\"15\":3775},\"fitted\":{\"0\":228352.5948967533,\"1\":204620.4479275015,\"2\":324350.3735762694,\"3\":343350.5835994706,\"4\":306643.4051032432,\"5\":229950.5520724978,\"6\":195654.6264237299,\"7\":368425.4164005288,\"8\":2333.405103243,\"9\":2136.5520724981,\"10\":3212.6264237299,\"11\":3560.4164005289,\"12\":3119.594896757,\"13\":2390.4479275019,\"14\":1929.37357627,\"15\":3803.5835994711},\"ret\":{\"0\":0.0000028802,\"1\":-0.0000159386,\"2\":0.0000259154,\"3\":-0.0000128528,\"4\":-0.0000028802,\"5\":0.0000159412,\"6\":-0.0000259093,\"7\":0.0000128538,\"8\":-0.0000028763,\"9\":0.0000160715,\"10\":-0.0000256793,\"11\":0.0000129048,\"12\":0.0000028832,\"13\":-0.0000158212,\"14\":0.0000262963,\"15\":-0.0000128049}}", "rel_entropy": 9.838982997621936e-07, "formula": "count ~ group * mut * base - group : mut : base", "df": 3, "deviance": 4.376052983106716}}