{"pos2": {"stats": "{\"group\":{\"0\":\"1\",\"1\":\"1\",\"2\":\"1\",\"3\":\"1\",\"4\":\"1\",\"5\":\"1\",\"6\":\"1\",\"7\":\"1\",\"8\":\"2\",\"9\":\"2\",\"10\":\"2\",\"11\":\"2\",\"12\":\"2\",\"13\":\"2\",\"14\":\"2\",\"15\":\"2\"},\"mut\":{\"0\":\"M\",\"1\":\"M\",\"2\":\"M\",\"3\":\"M\",\"4\":\"R\",\"5\":\"R\",\"6\":\"R\",\"7\":\"R\",\"8\":\"M\",\"9\":\"M\",\"10\":\"M\",\"11\":\"M\",\"12\":\"R\",\"13\":\"R\",\"14\":\"R\",\"15\":\"R\"},\"base\":{\"0\":\"A\",\"1\":\"C\",\"2\":\"G\",\"3\":\"T\",\"4\":\"A\",\"5\":\"C\",\"6\":\"G\",\"7\":\"T\",\"8\":\"A\",\"9\":\"C\",\"10\":\"G\",\"11\":\"T\",\"12\":\"A\",\"13\":\"C\",\"14\":\"G\",\"15\":\"T\"},\"count\":{\"0\":15058,\"1\":18114,\"2\":82310,\"3\":17809,\"4\":40691,\"5\":40221,\"6\":12498,\"7\":39881,\"8\":16149,\"9\":38200,\"10\":15594,\"11\":16294,\"12\":26700,\"13\":25105,\"14\":7075,\"15\":27357},\"fitted\":{\"0\":15147.1086783299,\"1\":23445.8346390999,\"2\":77927.7677564868,\"3\":16770.288926571,\"4\":40601.8913217956,\"5\":34889.1653610982,\"6\":16880.2322563536,\"7\":40919.7110735569,\"8\":16059.8913218256,\"9\":32868.165361101,\"10\":19976.2322476283,\"11\":17332.7110735867,\"12\":26789.1086782765,\"13\":30436.8346390254,\"14\":2692.7677629202,\"15\":26318.2889265258},\"ret\":{\"0\":-0.000202357,\"1\":-0.0106445466,\"2\":0.0102565545,\"3\":0.0024375806,\"4\":0.0002031777,\"5\":0.013027827,\"6\":-0.008556042,\"7\":-0.0023354987,\"8\":0.0002035172,\"9\":0.0130795208,\"10\":-0.0087960592,\"11\":-0.0022934345,\"12\":-0.0002026172,\"13\":-0.0110119993,\"14\":0.0155662033,\"15\":0.0024118658}}", "deviance": 11541.634156599634, "df": 3, "rel_entropy": 0.013143692554707867, "formula": "count ~ group * mut * base - group : mut : base", "prob": 0}, "pos3": {"stats": "{\"group\":{\"0\":\"1\",\"1\":\"1\",\"2\":\"1\",\"3\":\"1\",\"4\":\"1\",\"5\":\"1\",\"6\":\"1\",\"7\":\"1\",\"8\":\"2\",\"9\":\"2\",\"10\":\"2\",\"11\":\"2\",\"12\":\"2\",\"13\":\"2\",\"14\":\"2\",\"15\":\"2\"},\"mut\":{\"0\":\"M\",\"1\":\"M\",\"2\":\"M\",\"3\":\"M\",\"4\":\"R\",\"5\":\"R\",\"6\":\"R\",\"7\":\"R\",\"8\":\"M\",\"9\":\"M\",\"10\":\"M\",\"11\":\"M\",\"12\":\"R\",\"13\":\"R\",\"14\":\"R\",\"15\":\"R\"},\"base\":{\"0\":\"A\",\"1\":\"C\",\"2\":\"G\",\"3\":\"T\",\"4\":\"A\",\"5\":\"C\",\"6\":\"G\",\"7\":\"T\",\"8\":\"A\",\"9\":\"C\",\"10\":\"G\",\"11\":\"T\",\"12\":\"A\",\"13\":\"C\",\"14\":\"G\",\"15\":\"T\"},\"count\":{\"0\":24474,\"1\":36254,\"2\":41438,\"3\":31125,\"4\":28207,\"5\":35071,\"6\":36167,\"7\":33846,\"8\":16799,\"9\":21892,\"10\":17433,\"11\":30113,\"12\":19147,\"13\":21031,\"14\":22371,\"15\":23688},\"fitted\":{\"0\":24542.6441762573,\"1\":36312.4453082349,\"2\":38924.2511833917,\"3\":33511.6593321159,\"4\":28138.3558237426,\"5\":35012.554691765,\"6\":38680.7488166081,\"7\":31459.340667884,\"8\":16730.3558237426,\"9\":21833.5546917651,\"10\":19946.7488166082,\"11\":27726.340667884,\"12\":19215.6441762574,\"13\":21089.4453082349,\"14\":19857.2511833918,\"15\":26074.6593321159},\"ret\":{\"0\":-0.0001561261,\"1\":-0.0001330087,\"2\":0.005906366,\"3\":-0.0052375533,\"4\":0.0001565355,\"5\":0.0001332269,\"6\":-0.0055351458,\"7\":0.0056370596,\"8\":0.0001566652,\"9\":0.0001332938,\"10\":-0.0053483976,\"11\":0.0056634083,\"12\":-0.0001560653,\"13\":-0.0001329312,\"14\":0.0060733461,\"15\":-0.0051791519}}", "deviance": 1739.9977474840325, "df": 3, "rel_entropy": 0.0019815214317581726, "formula": "count ~ group * mut * base - group : mut : base", "prob": 0}, "pos0": {"stats": "{\"group\":{\"0\":\"1\",\"1\":\"1\",\"2\":\"1\",\"3\":\"1\",\"4\":\"1\",\"5\":\"1\",\"6\":\"1\",\"7\":\"1\",\"8\":\"2\",\"9\":\"2\",\"10\":\"2\",\"11\":\"2\",\"12\":\"2\",\"13\":\"2\",\"14\":\"2\",\"15\":\"2\"},\"mut\":{\"0\":\"M\",\"1\":\"M\",\"2\":\"M\",\"3\":\"M\",\"4\":\"R\",\"5\":\"R\",\"6\":\"R\",\"7\":\"R\",\"8\":\"M\",\"9\":\"M\",\"10\":\"M\",\"11\":\"M\",\"12\":\"R\",\"13\":\"R\",\"14\":\"R\",\"15\":\"R\"},\"base\":{\"0\":\"A\",\"1\":\"C\",\"2\":\"G\",\"3\":\"T\",\"4\":\"A\",\"5\":\"C\",\"6\":\"G\",\"7\":\"T\",\"8\":\"A\",\"9\":\"C\",\"10\":\"G\",\"11\":\"T\",\"12\":\"A\",\"13\":\"C\",\"14\":\"G\",\"15\":\"T\"},\"count\":{\"0\":29647,\"1\":34842,\"2\":37109,\"3\":31693,\"4\":30002,\"5\":35097,\"6\":34531,\"7\":33661,\"8\":19356,\"9\":19273,\"10\":12223,\"11\":35385,\"12\":20917,\"13\":21230,\"14\":20361,\"15\":23729},\"fitted\":{\"0\":29402.0933762751,\"1\":34428.574833915,\"2\":34048.0043276236,\"3\":35412.3274621877,\"4\":30246.9066237259,\"5\":35510.4251660854,\"6\":37591.9956723768,\"7\":29941.6725378127,\"8\":19600.9066237258,\"9\":19686.4251660853,\"10\":15283.9956723767,\"11\":31665.6725378127,\"12\":20672.0933762744,\"13\":20816.5748339149,\"14\":17300.0043276235,\"15\":27448.3274621877},\"ret\":{\"0\":0.0005601194,\"1\":0.000947254,\"2\":0.0072761642,\"3\":-0.0080098826,\"4\":-0.0005555383,\"5\":-0.0009361201,\"6\":-0.0066798876,\"7\":0.0089768077,\"8\":-0.0005543033,\"9\":-0.0009316656,\"10\":-0.0062217108,\"11\":0.0089502793,\"12\":0.0005610939,\"13\":0.0009509121,\"14\":0.0075550801,\"15\":-0.0078694194}}", "deviance": 3529.2927658339554, "df": 3, "rel_entropy": 0.004019182935472873, "formula": "count ~ group * mut * base - group : mut : base", "prob": 0}, "pos1": {"stats": "{\"group\":{\"0\":\"1\",\"1\":\"1\",\"2\":\"1\",\"3\":\"1\",\"4\":\"1\",\"5\":\"1\",\"6\":\"1\",\"7\":\"1\",\"8\":\"2\",\"9\":\"2\",\"10\":\"2\",\"11\":\"2\",\"12\":\"2\",\"13\":\"2\",\"14\":\"2\",\"15\":\"2\"},\"mut\":{\"0\":\"M\",\"1\":\"M\",\"2\":\"M\",\"3\":\"M\",\"4\":\"R\",\"5\":\"R\",\"6\":\"R\",\"7\":\"R\",\"8\":\"M\",\"9\":\"M\",\"10\":\"M\",\"11\":\"M\",\"12\":\"R\",\"13\":\"R\",\"14\":\"R\",\"15\":\"R\"},\"base\":{\"0\":\"A\",\"1\":\"C\",\"2\":\"G\",\"3\":\"T\",\"4\":\"A\",\"5\":\"C\",\"6\":\"G\",\"7\":\"T\",\"8\":\"A\",\"9\":\"C\",\"10\":\"G\",\"11\":\"T\",\"12\":\"A\",\"13\":\"C\",\"14\":\"G\",\"15\":\"T\"},\"count\":{\"0\":34858,\"1\":40892,\"2\":31839,\"3\":25702,\"4\":27535,\"5\":39914,\"6\":32293,\"7\":33549,\"8\":4422,\"9\":29325,\"10\":5000,\"11\":47490,\"12\":18382,\"13\":24812,\"14\":19634,\"15\":23409},\"fitted\":{\"0\":29196.1991388765,\"1\":42887.4165909625,\"2\":27062.3640659415,\"3\":34145.0202042193,\"4\":33196.8008611234,\"5\":37918.5834090373,\"6\":37069.6359340584,\"7\":25105.9797957806,\"8\":10083.8008611234,\"9\":27329.5834090375,\"10\":9776.6359340584,\"11\":39046.9797957805,\"12\":12720.1991388765,\"13\":26807.4165909625,\"14\":14857.3640659415,\"15\":31852.0202042192},\"ret\":{\"0\":0.0140719543,\"1\":-0.004437382,\"2\":0.0117874823,\"3\":-0.0166279478,\"4\":-0.0117272593,\"5\":0.0046623261,\"6\":-0.0101461894,\"7\":0.0221518181,\"8\":-0.0083024111,\"9\":0.0047068061,\"10\":-0.0076363555,\"11\":0.0211734721,\"12\":0.0154146574,\"13\":-0.0043712818,\"14\":0.0124660945,\"15\":-0.0164204784}}", "deviance": 23502.93601577886, "df": 3, "rel_entropy": 0.026765305582635086, "formula": "count ~ group * mut * base - group : mut : base", "prob": 0}}