{"pos0": {"df": 3, "rel_entropy": 0.004019182935472879, "formula": "count ~ group * mut * base - group : mut : base", "stats": "{\"group\":{\"8\":\"1\",\"9\":\"1\",\"10\":\"1\",\"11\":\"1\",\"12\":\"1\",\"13\":\"1\",\"14\":\"1\",\"15\":\"1\",\"0\":\"2\",\"1\":\"2\",\"2\":\"2\",\"3\":\"2\",\"4\":\"2\",\"5\":\"2\",\"6\":\"2\",\"7\":\"2\"},\"mut\":{\"8\":\"M\",\"9\":\"M\",\"10\":\"M\",\"11\":\"M\",\"12\":\"R\",\"13\":\"R\",\"14\":\"R\",\"15\":\"R\",\"0\":\"M\",\"1\":\"M\",\"2\":\"M\",\"3\":\"M\",\"4\":\"R\",\"5\":\"R\",\"6\":\"R\",\"7\":\"R\"},\"base\":{\"8\":\"A\",\"9\":\"C\",\"10\":\"G\",\"11\":\"T\",\"12\":\"A\",\"13\":\"C\",\"14\":\"G\",\"15\":\"T\",\"0\":\"A\",\"1\":\"C\",\"2\":\"G\",\"3\":\"T\",\"4\":\"A\",\"5\":\"C\",\"6\":\"G\",\"7\":\"T\"},\"count\":{\"8\":29647,\"9\":34842,\"10\":37109,\"11\":31693,\"12\":30002,\"13\":35097,\"14\":34531,\"15\":33661,\"0\":19356,\"1\":19273,\"2\":12223,\"3\":35385,\"4\":20917,\"5\":21230,\"6\":20361,\"7\":23729},\"fitted\":{\"8\":29402.0933762745,\"9\":34428.574833915,\"10\":34048.0043276236,\"11\":35412.3274621876,\"12\":30246.9066237257,\"13\":35510.4251660853,\"14\":37591.9956723768,\"15\":29941.6725378127,\"0\":19600.9066237258,\"1\":19686.4251660853,\"2\":15283.9956723767,\"3\":31665.6725378127,\"4\":20672.0933762745,\"5\":20816.5748339149,\"6\":17300.0043276235,\"7\":27448.3274621876},\"ret\":{\"8\":0.0005601194,\"9\":0.000947254,\"10\":0.0072761642,\"11\":-0.0080098826,\"12\":-0.0005555383,\"13\":-0.0009361201,\"14\":-0.0066798876,\"15\":0.0089768077,\"0\":-0.0005543033,\"1\":-0.0009316656,\"2\":-0.0062217108,\"3\":0.0089502793,\"4\":0.0005610939,\"5\":0.0009509121,\"6\":0.0075550801,\"7\":-0.0078694194}}", "deviance": 3529.292765833961, "prob": 0}, "pos2": {"df": 3, "rel_entropy": 0.013143692554707882, "formula": "count ~ group * mut * base - group : mut : base", "stats": "{\"group\":{\"8\":\"1\",\"9\":\"1\",\"10\":\"1\",\"11\":\"1\",\"12\":\"1\",\"13\":\"1\",\"14\":\"1\",\"15\":\"1\",\"0\":\"2\",\"1\":\"2\",\"2\":\"2\",\"3\":\"2\",\"4\":\"2\",\"5\":\"2\",\"6\":\"2\",\"7\":\"2\"},\"mut\":{\"8\":\"M\",\"9\":\"M\",\"10\":\"M\",\"11\":\"M\",\"12\":\"R\",\"13\":\"R\",\"14\":\"R\",\"15\":\"R\",\"0\":\"M\",\"1\":\"M\",\"2\":\"M\",\"3\":\"M\",\"4\":\"R\",\"5\":\"R\",\"6\":\"R\",\"7\":\"R\"},\"base\":{\"8\":\"A\",\"9\":\"C\",\"10\":\"G\",\"11\":\"T\",\"12\":\"A\",\"13\":\"C\",\"14\":\"G\",\"15\":\"T\",\"0\":\"A\",\"1\":\"C\",\"2\":\"G\",\"3\":\"T\",\"4\":\"A\",\"5\":\"C\",\"6\":\"G\",\"7\":\"T\"},\"count\":{\"8\":15058,\"9\":18114,\"10\":82310,\"11\":17809,\"12\":40691,\"13\":40221,\"14\":12498,\"15\":39881,\"0\":16149,\"1\":38200,\"2\":15594,\"3\":16294,\"4\":26700,\"5\":25105,\"6\":7075,\"7\":27357},\"fitted\":{\"8\":15147.1086783297,\"9\":23445.8346390998,\"10\":77927.7677564866,\"11\":16770.2889265709,\"12\":40601.8913217954,\"13\":34889.165361098,\"14\":16880.2322563536,\"15\":40919.7110735568,\"0\":16059.8913218255,\"1\":32868.165361101,\"2\":19976.2322476282,\"3\":17332.7110735866,\"4\":26789.1086782764,\"5\":30436.8346390252,\"6\":2692.7677629202,\"7\":26318.2889265256},\"ret\":{\"8\":-0.000202357,\"9\":-0.0106445466,\"10\":0.0102565545,\"11\":0.0024375806,\"12\":0.0002031777,\"13\":0.013027827,\"14\":-0.008556042,\"15\":-0.0023354987,\"0\":0.0002035172,\"1\":0.0130795208,\"2\":-0.0087960592,\"3\":-0.0022934345,\"4\":-0.0002026172,\"5\":-0.0110119993,\"6\":0.0155662033,\"7\":0.0024118658}}", "deviance": 11541.634156599648, "prob": 0}, "pos3": {"df": 3, "rel_entropy": 0.0019815214317581873, "formula": "count ~ group * mut * base - group : mut : base", "stats": "{\"group\":{\"8\":\"1\",\"9\":\"1\",\"10\":\"1\",\"11\":\"1\",\"12\":\"1\",\"13\":\"1\",\"14\":\"1\",\"15\":\"1\",\"0\":\"2\",\"1\":\"2\",\"2\":\"2\",\"3\":\"2\",\"4\":\"2\",\"5\":\"2\",\"6\":\"2\",\"7\":\"2\"},\"mut\":{\"8\":\"M\",\"9\":\"M\",\"10\":\"M\",\"11\":\"M\",\"12\":\"R\",\"13\":\"R\",\"14\":\"R\",\"15\":\"R\",\"0\":\"M\",\"1\":\"M\",\"2\":\"M\",\"3\":\"M\",\"4\":\"R\",\"5\":\"R\",\"6\":\"R\",\"7\":\"R\"},\"base\":{\"8\":\"A\",\"9\":\"C\",\"10\":\"G\",\"11\":\"T\",\"12\":\"A\",\"13\":\"C\",\"14\":\"G\",\"15\":\"T\",\"0\":\"A\",\"1\":\"C\",\"2\":\"G\",\"3\":\"T\",\"4\":\"A\",\"5\":\"C\",\"6\":\"G\",\"7\":\"T\"},\"count\":{\"8\":24474,\"9\":36254,\"10\":41438,\"11\":31125,\"12\":28207,\"13\":35071,\"14\":36167,\"15\":33846,\"0\":16799,\"1\":21892,\"2\":17433,\"3\":30113,\"4\":19147,\"5\":21031,\"6\":22371,\"7\":23688},\"fitted\":{\"8\":24542.6441762572,\"9\":36312.4453082348,\"10\":38924.2511833917,\"11\":33511.6593321158,\"12\":28138.3558237425,\"13\":35012.5546917648,\"14\":38680.7488166079,\"15\":31459.3406678839,\"0\":16730.3558237423,\"1\":21833.554691765,\"2\":19946.7488166081,\"3\":27726.3406678839,\"4\":19215.6441762572,\"5\":21089.4453082348,\"6\":19857.2511833917,\"7\":26074.6593321159},\"ret\":{\"8\":-0.0001561261,\"9\":-0.0001330087,\"10\":0.005906366,\"11\":-0.0052375533,\"12\":0.0001565355,\"13\":0.0001332269,\"14\":-0.0055351458,\"15\":0.0056370596,\"0\":0.0001566652,\"1\":0.0001332938,\"2\":-0.0053483976,\"3\":0.0056634083,\"4\":-0.0001560653,\"5\":-0.0001329312,\"6\":0.0060733461,\"7\":-0.0051791519}}", "deviance": 1739.9977474840452, "prob": 0}, "pos1": {"df": 3, "rel_entropy": 0.026765305582635093, "formula": "count ~ group * mut * base - group : mut : base", "stats": "{\"group\":{\"8\":\"1\",\"9\":\"1\",\"10\":\"1\",\"11\":\"1\",\"12\":\"1\",\"13\":\"1\",\"14\":\"1\",\"15\":\"1\",\"0\":\"2\",\"1\":\"2\",\"2\":\"2\",\"3\":\"2\",\"4\":\"2\",\"5\":\"2\",\"6\":\"2\",\"7\":\"2\"},\"mut\":{\"8\":\"M\",\"9\":\"M\",\"10\":\"M\",\"11\":\"M\",\"12\":\"R\",\"13\":\"R\",\"14\":\"R\",\"15\":\"R\",\"0\":\"M\",\"1\":\"M\",\"2\":\"M\",\"3\":\"M\",\"4\":\"R\",\"5\":\"R\",\"6\":\"R\",\"7\":\"R\"},\"base\":{\"8\":\"A\",\"9\":\"C\",\"10\":\"G\",\"11\":\"T\",\"12\":\"A\",\"13\":\"C\",\"14\":\"G\",\"15\":\"T\",\"0\":\"A\",\"1\":\"C\",\"2\":\"G\",\"3\":\"T\",\"4\":\"A\",\"5\":\"C\",\"6\":\"G\",\"7\":\"T\"},\"count\":{\"8\":34858,\"9\":40892,\"10\":31839,\"11\":25702,\"12\":27535,\"13\":39914,\"14\":32293,\"15\":33549,\"0\":4422,\"1\":29325,\"2\":5000,\"3\":47490,\"4\":18382,\"5\":24812,\"6\":19634,\"7\":23409},\"fitted\":{\"8\":29196.1991388767,\"9\":42887.4165909626,\"10\":27062.3640659416,\"11\":34145.0202042195,\"12\":33196.8008611234,\"13\":37918.5834090376,\"14\":37069.6359340586,\"15\":25105.9797957808,\"0\":10083.8008611236,\"1\":27329.5834090375,\"2\":9776.6359340585,\"3\":39046.9797957808,\"4\":12720.1991388766,\"5\":26807.4165909626,\"6\":14857.3640659416,\"7\":31852.0202042195},\"ret\":{\"8\":0.0140719543,\"9\":-0.004437382,\"10\":0.0117874823,\"11\":-0.0166279478,\"12\":-0.0117272593,\"13\":0.0046623261,\"14\":-0.0101461894,\"15\":0.0221518181,\"0\":-0.0083024111,\"1\":0.0047068061,\"2\":-0.0076363555,\"3\":0.0211734721,\"4\":0.0154146574,\"5\":-0.0043712818,\"6\":0.0124660945,\"7\":-0.0164204784}}", "deviance": 23502.936015778865, "prob": 0}}