{"A": {"rel_entropy": 0.00020378107277703068, "stats": "{\"count\":{\"3\":7037,\"4\":9192,\"5\":42979,\"0\":247269,\"1\":276657,\"2\":1107772},\"direction\":{\"3\":\"AtoT\",\"4\":\"AtoC\",\"5\":\"AtoG\",\"0\":\"AtoT\",\"1\":\"AtoC\",\"2\":\"AtoG\"},\"group\":{\"3\":\"2\",\"4\":\"2\",\"5\":\"2\",\"0\":\"1\",\"1\":\"1\",\"2\":\"1\"},\"fitted\":{\"3\":8904.6639186329,\"4\":10009.159345345,\"5\":40294.1767360219,\"0\":245401.3360813654,\"1\":275839.840654654,\"2\":1110456.8232639728},\"ret\":{\"3\":-0.00097963,\"4\":-0.00046298,\"5\":0.0016395624,\"0\":0.0011087269,\"1\":0.0004839823,\"2\":-0.0015858806}}", "deviance": 689.1492772902357, "df": 2, "formula": "count ~ direction + group", "prob": 2.254944372168671e-150}, "C": {"rel_entropy": 0.0014312872863111743, "stats": "{\"count\":{\"4\":15953,\"3\":18611,\"5\":133291,\"1\":322438,\"0\":326880,\"2\":1541857},\"direction\":{\"4\":\"CtoA\",\"3\":\"CtoG\",\"5\":\"CtoT\",\"1\":\"CtoA\",\"0\":\"CtoG\",\"2\":\"CtoT\"},\"group\":{\"4\":\"2\",\"3\":\"2\",\"5\":\"2\",\"1\":\"1\",\"0\":\"1\",\"2\":\"1\"},\"fitted\":{\"4\":24077.9563231496,\"3\":24583.1514669159,\"5\":119193.8922099331,\"1\":314313.043676848,\"0\":320907.8485330758,\"2\":1555954.1077900589},\"ret\":{\"4\":-0.0027837925,\"3\":-0.002195648,\"5\":0.0063160256,\"1\":0.003488331,\"0\":0.0025550253,\"2\":-0.0059486541}}", "deviance": 6752.899294053299, "df": 2, "formula": "count ~ direction + group", "prob": 0}, "T": {"rel_entropy": 0.00023243874494622804, "stats": "{\"count\":{\"3\":6918,\"5\":9151,\"4\":43060,\"0\":245935,\"2\":277031,\"1\":1100674},\"direction\":{\"3\":\"TtoA\",\"5\":\"TtoG\",\"4\":\"TtoC\",\"0\":\"TtoA\",\"2\":\"TtoG\",\"1\":\"TtoC\"},\"group\":{\"3\":\"2\",\"5\":\"2\",\"4\":\"2\",\"0\":\"1\",\"2\":\"1\",\"1\":\"1\"},\"fitted\":{\"3\":8884.7281100376,\"5\":10055.8397961931,\"4\":40188.4320937693,\"0\":243968.2718899585,\"2\":276126.1602038068,\"1\":1103545.5679062288},\"ret\":{\"3\":-0.0010286219,\"5\":-0.0005127568,\"4\":0.001766017,\"0\":0.0011734434,\"2\":0.0005385889,\"1\":-0.0017042319}}", "deviance": 782.2814287888384, "df": 2, "formula": "count ~ direction + group", "prob": 1.3481744452882873e-170}, "G": {"rel_entropy": 0.0015436611606736682, "stats": "{\"count\":{\"5\":15926,\"4\":18529,\"3\":134750,\"2\":325078,\"1\":327012,\"0\":1541864},\"direction\":{\"5\":\"GtoT\",\"4\":\"GtoC\",\"3\":\"GtoA\",\"2\":\"GtoT\",\"1\":\"GtoC\",\"0\":\"GtoA\"},\"group\":{\"5\":\"2\",\"4\":\"2\",\"3\":\"2\",\"2\":\"1\",\"1\":\"1\",\"0\":\"1\"},\"fitted\":{\"5\":24416.2926912662,\"4\":24741.1472969022,\"3\":120047.5600118318,\"2\":316587.7073087341,\"1\":320799.8527030986,\"0\":1556566.4399881703},\"ret\":{\"5\":-0.0028796803,\"4\":-0.0022670088,\"3\":0.0065878345,\"2\":0.0036405233,\"1\":0.0026540366,\"0\":-0.0061920442}}", "deviance": 7295.83352959285, "df": 2, "formula": "count ~ direction + group", "prob": 0}}