{"A": {"stats": "{\"count\":{\"3\":7037,\"5\":9192,\"4\":42979,\"0\":247269,\"2\":276657,\"1\":1107772},\"direction\":{\"3\":\"AtoT\",\"5\":\"AtoC\",\"4\":\"AtoG\",\"0\":\"AtoT\",\"2\":\"AtoC\",\"1\":\"AtoG\"},\"group\":{\"3\":\"2\",\"5\":\"2\",\"4\":\"2\",\"0\":\"1\",\"2\":\"1\",\"1\":\"1\"},\"fitted\":{\"3\":8904.6639186329,\"5\":10009.159345345,\"4\":40294.176736022,\"0\":245401.3360813667,\"2\":275839.840654655,\"1\":1110456.8232639786},\"ret\":{\"3\":-0.00097963,\"5\":-0.00046298,\"4\":0.0016395624,\"0\":0.0011087269,\"2\":0.0004839823,\"1\":-0.0015858806}}", "prob": 2.254944372208394e-150, "df": 2, "formula": "count ~ direction + group", "rel_entropy": 0.00020378107277702024, "deviance": 689.1492772902004}, "T": {"stats": "{\"count\":{\"3\":6918,\"4\":9151,\"5\":43060,\"0\":245935,\"1\":277031,\"2\":1100674},\"direction\":{\"3\":\"TtoA\",\"4\":\"TtoG\",\"5\":\"TtoC\",\"0\":\"TtoA\",\"1\":\"TtoG\",\"2\":\"TtoC\"},\"group\":{\"3\":\"2\",\"4\":\"2\",\"5\":\"2\",\"0\":\"1\",\"1\":\"1\",\"2\":\"1\"},\"fitted\":{\"3\":8884.7281100377,\"4\":10055.8397961931,\"5\":40188.4320937694,\"0\":243968.2718899637,\"1\":276126.1602038087,\"2\":1103545.5679062346},\"ret\":{\"3\":-0.0010286219,\"4\":-0.0005127568,\"5\":0.001766017,\"0\":0.0011734434,\"1\":0.0005385889,\"2\":-0.0017042319}}", "prob": 1.348174445322477e-170, "df": 2, "formula": "count ~ direction + group", "rel_entropy": 0.00023243874494621296, "deviance": 782.2814287887877}, "C": {"stats": "{\"count\":{\"5\":15953,\"3\":18611,\"4\":133291,\"2\":322438,\"0\":326880,\"1\":1541857},\"direction\":{\"5\":\"CtoA\",\"3\":\"CtoG\",\"4\":\"CtoT\",\"2\":\"CtoA\",\"0\":\"CtoG\",\"1\":\"CtoT\"},\"group\":{\"5\":\"2\",\"3\":\"2\",\"4\":\"2\",\"2\":\"1\",\"0\":\"1\",\"1\":\"1\"},\"fitted\":{\"5\":24077.9563231498,\"3\":24583.1514669167,\"4\":119193.892209934,\"2\":314313.0436768503,\"0\":320907.848533086,\"1\":1555954.1077900701},\"ret\":{\"5\":-0.0027837925,\"3\":-0.002195648,\"4\":0.0063160256,\"2\":0.003488331,\"0\":0.0025550253,\"1\":-0.0059486541}}", "prob": 0, "df": 2, "formula": "count ~ direction + group", "rel_entropy": 0.0014312872863111786, "deviance": 6752.899294053319}, "G": {"stats": "{\"count\":{\"3\":15926,\"4\":18529,\"5\":134750,\"0\":325078,\"1\":327012,\"2\":1541864},\"direction\":{\"3\":\"GtoT\",\"4\":\"GtoC\",\"5\":\"GtoA\",\"0\":\"GtoT\",\"1\":\"GtoC\",\"2\":\"GtoA\"},\"group\":{\"3\":\"2\",\"4\":\"2\",\"5\":\"2\",\"0\":\"1\",\"1\":\"1\",\"2\":\"1\"},\"fitted\":{\"3\":24416.2926912664,\"4\":24741.1472969022,\"5\":120047.560011832,\"0\":316587.7073087358,\"1\":320799.8527030986,\"2\":1556566.4399881728},\"ret\":{\"3\":-0.0028796803,\"4\":-0.0022670088,\"5\":0.0065878345,\"0\":0.0036405233,\"1\":0.0026540366,\"2\":-0.0061920442}}", "prob": 0, "df": 2, "formula": "count ~ direction + group", "rel_entropy": 0.0015436611606737143, "deviance": 7295.833529593068}}