{"pos2": {"stats": "{\"group\":{\"0\":\"1\",\"1\":\"1\",\"2\":\"1\",\"3\":\"1\",\"4\":\"1\",\"5\":\"1\",\"6\":\"1\",\"7\":\"1\",\"8\":\"2\",\"9\":\"2\",\"10\":\"2\",\"11\":\"2\",\"12\":\"2\",\"13\":\"2\",\"14\":\"2\",\"15\":\"2\"},\"mut\":{\"0\":\"M\",\"1\":\"M\",\"2\":\"M\",\"3\":\"M\",\"4\":\"R\",\"5\":\"R\",\"6\":\"R\",\"7\":\"R\",\"8\":\"M\",\"9\":\"M\",\"10\":\"M\",\"11\":\"M\",\"12\":\"R\",\"13\":\"R\",\"14\":\"R\",\"15\":\"R\"},\"base\":{\"0\":\"A\",\"1\":\"C\",\"2\":\"G\",\"3\":\"T\",\"4\":\"A\",\"5\":\"C\",\"6\":\"G\",\"7\":\"T\",\"8\":\"A\",\"9\":\"C\",\"10\":\"G\",\"11\":\"T\",\"12\":\"A\",\"13\":\"C\",\"14\":\"G\",\"15\":\"T\"},\"count\":{\"0\":331162,\"1\":326069,\"2\":414960,\"3\":469673,\"4\":434912,\"5\":332597,\"6\":401432,\"7\":372923,\"8\":3190,\"9\":3037,\"10\":3779,\"11\":4062,\"12\":4002,\"13\":2924,\"14\":3615,\"15\":3527},\"fitted\":{\"0\":331237.3522791027,\"1\":326150.1278077774,\"2\":414975.4186594708,\"3\":469501.1012536528,\"4\":434836.6477209019,\"5\":332515.8721922243,\"6\":401416.5813405297,\"7\":373094.8987463478,\"8\":3114.6477209006,\"9\":2955.8721922237,\"10\":3763.5813405286,\"11\":4233.8987463478,\"12\":4077.3522790994,\"13\":3005.1278077763,\"14\":3630.4186594715,\"15\":3355.1012536534},\"ret\":{\"0\":-0.0000242118,\"1\":-0.0000260672,\"2\":-0.0000049547,\"3\":0.0000552499,\"4\":0.0000242166,\"5\":0.0000260737,\"6\":0.0000049549,\"7\":-0.0000552271,\"8\":0.0000245051,\"9\":0.000026425,\"10\":0.0000049649,\"11\":-0.0000541029,\"12\":-0.0000239894,\"13\":-0.0000257154,\"14\":-0.0000049443,\"15\":0.0000566313}}", "deviance": 23.704700493808648, "df": 3, "rel_entropy": 3.8087622874599672e-06, "formula": "count ~ group * mut * base - group : mut : base", "prob": 2.8789118196321808e-05}, "pos3": {"stats": "{\"group\":{\"0\":\"1\",\"1\":\"1\",\"2\":\"1\",\"3\":\"1\",\"4\":\"1\",\"5\":\"1\",\"6\":\"1\",\"7\":\"1\",\"8\":\"2\",\"9\":\"2\",\"10\":\"2\",\"11\":\"2\",\"12\":\"2\",\"13\":\"2\",\"14\":\"2\",\"15\":\"2\"},\"mut\":{\"0\":\"M\",\"1\":\"M\",\"2\":\"M\",\"3\":\"M\",\"4\":\"R\",\"5\":\"R\",\"6\":\"R\",\"7\":\"R\",\"8\":\"M\",\"9\":\"M\",\"10\":\"M\",\"11\":\"M\",\"12\":\"R\",\"13\":\"R\",\"14\":\"R\",\"15\":\"R\"},\"base\":{\"0\":\"A\",\"1\":\"C\",\"2\":\"G\",\"3\":\"T\",\"4\":\"A\",\"5\":\"C\",\"6\":\"G\",\"7\":\"T\",\"8\":\"A\",\"9\":\"C\",\"10\":\"G\",\"11\":\"T\",\"12\":\"A\",\"13\":\"C\",\"14\":\"G\",\"15\":\"T\"},\"count\":{\"0\":445786,\"1\":325243,\"2\":403041,\"3\":367794,\"4\":447169,\"5\":332562,\"6\":365422,\"7\":396711,\"8\":4209,\"9\":2995,\"10\":3631,\"11\":3233,\"12\":4068,\"13\":3005,\"14\":3236,\"15\":3759},\"fitted\":{\"0\":445861.0542247311,\"1\":325270.2896731576,\"2\":403069.2060404423,\"3\":367663.4500616674,\"4\":447093.9457752667,\"5\":332534.7103268429,\"6\":365393.7939595584,\"7\":396841.5499383338,\"8\":4133.9457752659,\"9\":2967.7103268427,\"10\":3602.7939595582,\"11\":3363.5499383333,\"12\":4143.0542247341,\"13\":3032.2896731573,\"14\":3264.2060404418,\"15\":3628.4500616669},\"ret\":{\"0\":-0.0000241167,\"1\":-0.0000087692,\"2\":-0.0000090637,\"3\":0.0000419598,\"4\":0.0000241208,\"5\":0.0000087699,\"6\":0.0000090644,\"7\":-0.0000419454,\"8\":0.0000243364,\"9\":0.0000088098,\"10\":0.0000090994,\"11\":-0.0000411274,\"12\":-0.0000238989,\"13\":-0.00000873,\"14\":-0.0000090248,\"15\":0.0000426981}}", "deviance": 13.582536351546665, "df": 3, "rel_entropy": 2.1823794920900567e-06, "formula": "count ~ group * mut * base - group : mut : base", "prob": 0.0035321486706514755}, "pos0": {"stats": "{\"group\":{\"0\":\"1\",\"1\":\"1\",\"2\":\"1\",\"3\":\"1\",\"4\":\"1\",\"5\":\"1\",\"6\":\"1\",\"7\":\"1\",\"8\":\"2\",\"9\":\"2\",\"10\":\"2\",\"11\":\"2\",\"12\":\"2\",\"13\":\"2\",\"14\":\"2\",\"15\":\"2\"},\"mut\":{\"0\":\"M\",\"1\":\"M\",\"2\":\"M\",\"3\":\"M\",\"4\":\"R\",\"5\":\"R\",\"6\":\"R\",\"7\":\"R\",\"8\":\"M\",\"9\":\"M\",\"10\":\"M\",\"11\":\"M\",\"12\":\"R\",\"13\":\"R\",\"14\":\"R\",\"15\":\"R\"},\"base\":{\"0\":\"A\",\"1\":\"C\",\"2\":\"G\",\"3\":\"T\",\"4\":\"A\",\"5\":\"C\",\"6\":\"G\",\"7\":\"T\",\"8\":\"A\",\"9\":\"C\",\"10\":\"G\",\"11\":\"T\",\"12\":\"A\",\"13\":\"C\",\"14\":\"G\",\"15\":\"T\"},\"count\":{\"0\":440271,\"1\":361098,\"2\":397027,\"3\":343468,\"4\":431934,\"5\":361454,\"6\":364853,\"7\":383623,\"8\":3879,\"9\":3189,\"10\":3655,\"11\":3345,\"12\":3917,\"13\":3190,\"14\":3290,\"15\":3671},\"fitted\":{\"0\":440212.1104669941,\"1\":361096.5014670934,\"2\":397059.7513569226,\"3\":343495.6367089827,\"4\":431992.8895329998,\"5\":361455.4985329055,\"6\":364820.2486430757,\"7\":383595.3632910181,\"8\":3937.8895329998,\"9\":3190.4985329059,\"10\":3622.2486430765,\"11\":3317.3632910179,\"12\":3858.1104670002,\"13\":3188.5014670941,\"14\":3322.7513569235,\"15\":3698.6367089821},\"ret\":{\"0\":0.0000189255,\"1\":0.0000004816,\"2\":-0.0000105242,\"3\":-0.0000088807,\"4\":-0.0000189229,\"5\":-0.0000004816,\"6\":0.0000105251,\"7\":0.0000088814,\"8\":-0.000018782,\"9\":-0.0000004814,\"10\":0.0000105721,\"11\":0.000008918,\"12\":0.0000190679,\"13\":0.0000004817,\"14\":-0.0000104726,\"15\":-0.0000088478}}", "deviance": 2.862366090606965, "df": 3, "rel_entropy": 4.5991182304351424e-07, "formula": "count ~ group * mut * base - group : mut : base", "prob": 0.41333598051447773}, "pos1": {"stats": "{\"group\":{\"0\":\"1\",\"1\":\"1\",\"2\":\"1\",\"3\":\"1\",\"4\":\"1\",\"5\":\"1\",\"6\":\"1\",\"7\":\"1\",\"8\":\"2\",\"9\":\"2\",\"10\":\"2\",\"11\":\"2\",\"12\":\"2\",\"13\":\"2\",\"14\":\"2\",\"15\":\"2\"},\"mut\":{\"0\":\"M\",\"1\":\"M\",\"2\":\"M\",\"3\":\"M\",\"4\":\"R\",\"5\":\"R\",\"6\":\"R\",\"7\":\"R\",\"8\":\"M\",\"9\":\"M\",\"10\":\"M\",\"11\":\"M\",\"12\":\"R\",\"13\":\"R\",\"14\":\"R\",\"15\":\"R\"},\"base\":{\"0\":\"A\",\"1\":\"C\",\"2\":\"G\",\"3\":\"T\",\"4\":\"A\",\"5\":\"C\",\"6\":\"G\",\"7\":\"T\",\"8\":\"A\",\"9\":\"C\",\"10\":\"G\",\"11\":\"T\",\"12\":\"A\",\"13\":\"C\",\"14\":\"G\",\"15\":\"T\"},\"count\":{\"0\":326227,\"1\":601720,\"2\":285404,\"3\":328513,\"4\":521613,\"5\":79769,\"6\":403041,\"7\":537441,\"8\":3381,\"9\":5126,\"10\":2667,\"11\":2894,\"12\":4806,\"13\":727,\"14\":3624,\"15\":4911},\"fitted\":{\"0\":326396.773242079,\"1\":601660.3302370086,\"2\":285416.0947584579,\"3\":328390.801762456,\"4\":521443.2267579217,\"5\":79828.6697629932,\"6\":403028.9052415428,\"7\":537563.1982375437,\"8\":3211.2267579208,\"9\":5185.6697629932,\"10\":2654.9052415424,\"11\":3016.1982375439,\"12\":4975.7732420798,\"13\":667.3302370069,\"14\":3636.0947584576,\"15\":4788.8017624562},\"ret\":{\"0\":-0.0000545426,\"1\":0.0000191759,\"2\":-0.0000038866,\"3\":0.0000392758,\"4\":0.0000545656,\"5\":-0.0000191678,\"6\":0.0000038867,\"7\":-0.000039264,\"8\":0.0000559742,\"9\":-0.0000190642,\"10\":0.0000038955,\"11\":-0.0000384621,\"12\":-0.0000536153,\"13\":0.0000200077,\"14\":-0.0000038802,\"15\":0.0000397653}}", "deviance": 29.028154417520206, "df": 3, "rel_entropy": 4.664110388101827e-06, "formula": "count ~ group * mut * base - group : mut : base", "prob": 2.2091293591055403e-06}}