{"pos1": {"prob": 2.2091293589630046e-06, "rel_entropy": 4.6641103881232525e-06, "deviance": 29.028154417653557, "formula": "count ~ group * mut * base - group : mut : base", "stats": "{\"group\":{\"8\":\"1\",\"9\":\"1\",\"10\":\"1\",\"11\":\"1\",\"12\":\"1\",\"13\":\"1\",\"14\":\"1\",\"15\":\"1\",\"0\":\"2\",\"1\":\"2\",\"2\":\"2\",\"3\":\"2\",\"4\":\"2\",\"5\":\"2\",\"6\":\"2\",\"7\":\"2\"},\"mut\":{\"8\":\"M\",\"9\":\"M\",\"10\":\"M\",\"11\":\"M\",\"12\":\"R\",\"13\":\"R\",\"14\":\"R\",\"15\":\"R\",\"0\":\"M\",\"1\":\"M\",\"2\":\"M\",\"3\":\"M\",\"4\":\"R\",\"5\":\"R\",\"6\":\"R\",\"7\":\"R\"},\"base\":{\"8\":\"A\",\"9\":\"C\",\"10\":\"G\",\"11\":\"T\",\"12\":\"A\",\"13\":\"C\",\"14\":\"G\",\"15\":\"T\",\"0\":\"A\",\"1\":\"C\",\"2\":\"G\",\"3\":\"T\",\"4\":\"A\",\"5\":\"C\",\"6\":\"G\",\"7\":\"T\"},\"count\":{\"8\":326227,\"9\":601720,\"10\":285404,\"11\":328513,\"12\":521613,\"13\":79769,\"14\":403041,\"15\":537441,\"0\":3381,\"1\":5126,\"2\":2667,\"3\":2894,\"4\":4806,\"5\":727,\"6\":3624,\"7\":4911},\"fitted\":{\"8\":326396.7732420784,\"9\":601660.3302370043,\"10\":285416.0947584563,\"11\":328390.8017624547,\"12\":521443.226757918,\"13\":79828.6697629928,\"14\":403028.9052415421,\"15\":537563.1982375418,\"0\":3211.2267579208,\"1\":5185.6697629931,\"2\":2654.9052415424,\"3\":3016.1982375439,\"4\":4975.7732420798,\"5\":667.3302370069,\"6\":3636.0947584576,\"7\":4788.8017624561},\"ret\":{\"8\":-0.0000545426,\"9\":0.0000191759,\"10\":-0.0000038866,\"11\":0.0000392758,\"12\":0.0000545656,\"13\":-0.0000191678,\"14\":0.0000038867,\"15\":-0.000039264,\"0\":0.0000559742,\"1\":-0.0000190642,\"2\":0.0000038955,\"3\":-0.0000384621,\"4\":-0.0000536153,\"5\":0.0000200077,\"6\":-0.0000038802,\"7\":0.0000397653}}", "df": 3}, "pos0": {"prob": 0.4133359805252358, "rel_entropy": 4.599118230327999e-07, "deviance": 2.8623660905402817, "formula": "count ~ group * mut * base - group : mut : base", "stats": "{\"group\":{\"8\":\"1\",\"9\":\"1\",\"10\":\"1\",\"11\":\"1\",\"12\":\"1\",\"13\":\"1\",\"14\":\"1\",\"15\":\"1\",\"0\":\"2\",\"1\":\"2\",\"2\":\"2\",\"3\":\"2\",\"4\":\"2\",\"5\":\"2\",\"6\":\"2\",\"7\":\"2\"},\"mut\":{\"8\":\"M\",\"9\":\"M\",\"10\":\"M\",\"11\":\"M\",\"12\":\"R\",\"13\":\"R\",\"14\":\"R\",\"15\":\"R\",\"0\":\"M\",\"1\":\"M\",\"2\":\"M\",\"3\":\"M\",\"4\":\"R\",\"5\":\"R\",\"6\":\"R\",\"7\":\"R\"},\"base\":{\"8\":\"A\",\"9\":\"C\",\"10\":\"G\",\"11\":\"T\",\"12\":\"A\",\"13\":\"C\",\"14\":\"G\",\"15\":\"T\",\"0\":\"A\",\"1\":\"C\",\"2\":\"G\",\"3\":\"T\",\"4\":\"A\",\"5\":\"C\",\"6\":\"G\",\"7\":\"T\"},\"count\":{\"8\":440271,\"9\":361098,\"10\":397027,\"11\":343468,\"12\":431934,\"13\":361454,\"14\":364853,\"15\":383623,\"0\":3879,\"1\":3189,\"2\":3655,\"3\":3345,\"4\":3917,\"5\":3190,\"6\":3290,\"7\":3671},\"fitted\":{\"8\":440212.1104670035,\"9\":361096.5014670972,\"10\":397059.7513569276,\"11\":343495.6367089851,\"12\":431992.8895330036,\"13\":361455.4985329087,\"14\":364820.2486430796,\"15\":383595.3632910208,\"0\":3937.8895330001,\"1\":3190.4985329059,\"2\":3622.2486430765,\"3\":3317.3632910179,\"4\":3858.1104670003,\"5\":3188.5014670941,\"6\":3322.7513569235,\"7\":3698.6367089821},\"ret\":{\"8\":0.0000189255,\"9\":0.0000004816,\"10\":-0.0000105242,\"11\":-0.0000088807,\"12\":-0.0000189229,\"13\":-0.0000004816,\"14\":0.0000105251,\"15\":0.0000088814,\"0\":-0.000018782,\"1\":-0.0000004814,\"2\":0.0000105721,\"3\":0.000008918,\"4\":0.0000190679,\"5\":0.0000004817,\"6\":-0.0000104726,\"7\":-0.0000088478}}", "df": 3}, "pos3": {"prob": 0.003532148671216748, "rel_entropy": 2.1823794920350754e-06, "deviance": 13.582536351204475, "formula": "count ~ group * mut * base - group : mut : base", "stats": "{\"group\":{\"8\":\"1\",\"9\":\"1\",\"10\":\"1\",\"11\":\"1\",\"12\":\"1\",\"13\":\"1\",\"14\":\"1\",\"15\":\"1\",\"0\":\"2\",\"1\":\"2\",\"2\":\"2\",\"3\":\"2\",\"4\":\"2\",\"5\":\"2\",\"6\":\"2\",\"7\":\"2\"},\"mut\":{\"8\":\"M\",\"9\":\"M\",\"10\":\"M\",\"11\":\"M\",\"12\":\"R\",\"13\":\"R\",\"14\":\"R\",\"15\":\"R\",\"0\":\"M\",\"1\":\"M\",\"2\":\"M\",\"3\":\"M\",\"4\":\"R\",\"5\":\"R\",\"6\":\"R\",\"7\":\"R\"},\"base\":{\"8\":\"A\",\"9\":\"C\",\"10\":\"G\",\"11\":\"T\",\"12\":\"A\",\"13\":\"C\",\"14\":\"G\",\"15\":\"T\",\"0\":\"A\",\"1\":\"C\",\"2\":\"G\",\"3\":\"T\",\"4\":\"A\",\"5\":\"C\",\"6\":\"G\",\"7\":\"T\"},\"count\":{\"8\":445786,\"9\":325243,\"10\":403041,\"11\":367794,\"12\":447169,\"13\":332562,\"14\":365422,\"15\":396711,\"0\":4209,\"1\":2995,\"2\":3631,\"3\":3233,\"4\":4068,\"5\":3005,\"6\":3236,\"7\":3759},\"fitted\":{\"8\":445861.0542247334,\"9\":325270.2896731576,\"10\":403069.2060404416,\"11\":367663.4500616661,\"12\":447093.945775266,\"13\":332534.7103268429,\"14\":365393.7939595571,\"15\":396841.5499383324,\"0\":4133.945775266,\"1\":2967.7103268428,\"2\":3602.7939595582,\"3\":3363.5499383333,\"4\":4143.0542247342,\"5\":3032.2896731573,\"6\":3264.2060404418,\"7\":3628.4500616669},\"ret\":{\"8\":-0.0000241167,\"9\":-0.0000087692,\"10\":-0.0000090637,\"11\":0.0000419598,\"12\":0.0000241208,\"13\":0.0000087699,\"14\":0.0000090644,\"15\":-0.0000419454,\"0\":0.0000243364,\"1\":0.0000088098,\"2\":0.0000090994,\"3\":-0.0000411274,\"4\":-0.0000238989,\"5\":-0.00000873,\"6\":-0.0000090248,\"7\":0.0000426981}}", "df": 3}, "pos2": {"prob": 2.878911819733289e-05, "rel_entropy": 3.808762287448223e-06, "deviance": 23.704700493735555, "formula": "count ~ group * mut * base - group : mut : base", "stats": "{\"group\":{\"8\":\"1\",\"9\":\"1\",\"10\":\"1\",\"11\":\"1\",\"12\":\"1\",\"13\":\"1\",\"14\":\"1\",\"15\":\"1\",\"0\":\"2\",\"1\":\"2\",\"2\":\"2\",\"3\":\"2\",\"4\":\"2\",\"5\":\"2\",\"6\":\"2\",\"7\":\"2\"},\"mut\":{\"8\":\"M\",\"9\":\"M\",\"10\":\"M\",\"11\":\"M\",\"12\":\"R\",\"13\":\"R\",\"14\":\"R\",\"15\":\"R\",\"0\":\"M\",\"1\":\"M\",\"2\":\"M\",\"3\":\"M\",\"4\":\"R\",\"5\":\"R\",\"6\":\"R\",\"7\":\"R\"},\"base\":{\"8\":\"A\",\"9\":\"C\",\"10\":\"G\",\"11\":\"T\",\"12\":\"A\",\"13\":\"C\",\"14\":\"G\",\"15\":\"T\",\"0\":\"A\",\"1\":\"C\",\"2\":\"G\",\"3\":\"T\",\"4\":\"A\",\"5\":\"C\",\"6\":\"G\",\"7\":\"T\"},\"count\":{\"8\":331162,\"9\":326069,\"10\":414960,\"11\":469673,\"12\":434912,\"13\":332597,\"14\":401432,\"15\":372923,\"0\":3190,\"1\":3037,\"2\":3779,\"3\":4062,\"4\":4002,\"5\":2924,\"6\":3615,\"7\":3527},\"fitted\":{\"8\":331237.3522790992,\"9\":326150.1278077756,\"10\":414975.4186594715,\"11\":469501.1012536511,\"12\":434836.6477208996,\"13\":332515.8721922231,\"14\":401416.5813405276,\"15\":373094.8987463471,\"0\":3114.6477209006,\"1\":2955.8721922237,\"2\":3763.5813405286,\"3\":4233.8987463478,\"4\":4077.3522790995,\"5\":3005.1278077763,\"6\":3630.4186594714,\"7\":3355.1012536533},\"ret\":{\"8\":-0.0000242118,\"9\":-0.0000260672,\"10\":-0.0000049547,\"11\":0.0000552499,\"12\":0.0000242166,\"13\":0.0000260737,\"14\":0.0000049549,\"15\":-0.0000552271,\"0\":0.0000245051,\"1\":0.000026425,\"2\":0.0000049649,\"3\":-0.0000541029,\"4\":-0.0000239894,\"5\":-0.0000257154,\"6\":-0.0000049443,\"7\":0.0000566313}}", "df": 3}}