{"pos2": {"stats": "{\"group\":{\"0\":\"1\",\"1\":\"1\",\"2\":\"1\",\"3\":\"1\",\"4\":\"1\",\"5\":\"1\",\"6\":\"1\",\"7\":\"1\",\"8\":\"2\",\"9\":\"2\",\"10\":\"2\",\"11\":\"2\",\"12\":\"2\",\"13\":\"2\",\"14\":\"2\",\"15\":\"2\"},\"mut\":{\"0\":\"M\",\"1\":\"M\",\"2\":\"M\",\"3\":\"M\",\"4\":\"R\",\"5\":\"R\",\"6\":\"R\",\"7\":\"R\",\"8\":\"M\",\"9\":\"M\",\"10\":\"M\",\"11\":\"M\",\"12\":\"R\",\"13\":\"R\",\"14\":\"R\",\"15\":\"R\"},\"base\":{\"0\":\"A\",\"1\":\"C\",\"2\":\"G\",\"3\":\"T\",\"4\":\"A\",\"5\":\"C\",\"6\":\"G\",\"7\":\"T\",\"8\":\"A\",\"9\":\"C\",\"10\":\"G\",\"11\":\"T\",\"12\":\"A\",\"13\":\"C\",\"14\":\"G\",\"15\":\"T\"},\"count\":{\"0\":100666,\"1\":103832,\"2\":31228,\"3\":86712,\"4\":115170,\"5\":81928,\"6\":15381,\"7\":109959,\"8\":1035,\"9\":976,\"10\":258,\"11\":891,\"12\":1197,\"13\":801,\"14\":142,\"15\":1020},\"fitted\":{\"0\":100654.6876398327,\"1\":103810.6624070653,\"2\":31217.2305602936,\"3\":86755.4193928057,\"4\":115181.3123601652,\"5\":81949.3375929338,\"6\":15391.769439706,\"7\":109915.5806071933,\"8\":1046.312360166,\"9\":997.3375929341,\"10\":268.7694397064,\"11\":847.5806071939,\"12\":1185.687639834,\"13\":779.6624070659,\"14\":131.230560294,\"15\":1063.4193928064},\"ret\":{\"0\":0.0000173726,\"1\":0.0000327701,\"2\":0.0000165408,\"3\":-0.0000666597,\"4\":-0.0000173708,\"5\":-0.0000327625,\"6\":-0.0000165322,\"7\":0.0000666895,\"8\":-0.0000172774,\"9\":-0.0000324137,\"10\":-0.0000162021,\"11\":0.0000683558,\"12\":0.0000174543,\"13\":0.0000332111,\"14\":0.0000171987,\"15\":-0.0000652963}}", "deviance": 6.61394485941069, "df": 3, "rel_entropy": 5.078305809165512e-06, "formula": "count ~ group * mut * base - group : mut : base", "prob": 0.085275505727899659}, "pos3": {"stats": "{\"group\":{\"0\":\"1\",\"1\":\"1\",\"2\":\"1\",\"3\":\"1\",\"4\":\"1\",\"5\":\"1\",\"6\":\"1\",\"7\":\"1\",\"8\":\"2\",\"9\":\"2\",\"10\":\"2\",\"11\":\"2\",\"12\":\"2\",\"13\":\"2\",\"14\":\"2\",\"15\":\"2\"},\"mut\":{\"0\":\"M\",\"1\":\"M\",\"2\":\"M\",\"3\":\"M\",\"4\":\"R\",\"5\":\"R\",\"6\":\"R\",\"7\":\"R\",\"8\":\"M\",\"9\":\"M\",\"10\":\"M\",\"11\":\"M\",\"12\":\"R\",\"13\":\"R\",\"14\":\"R\",\"15\":\"R\"},\"base\":{\"0\":\"A\",\"1\":\"C\",\"2\":\"G\",\"3\":\"T\",\"4\":\"A\",\"5\":\"C\",\"6\":\"G\",\"7\":\"T\",\"8\":\"A\",\"9\":\"C\",\"10\":\"G\",\"11\":\"T\",\"12\":\"A\",\"13\":\"C\",\"14\":\"G\",\"15\":\"T\"},\"count\":{\"0\":92347,\"1\":74251,\"2\":58173,\"3\":97667,\"4\":83012,\"5\":74520,\"6\":72737,\"7\":92169,\"8\":1016,\"9\":717,\"10\":556,\"11\":871,\"12\":850,\"13\":726,\"14\":665,\"15\":919},\"fitted\":{\"0\":92381.8542875151,\"1\":74249.2884680844,\"2\":58187.5099921624,\"3\":97619.3472522362,\"4\":82977.1457124835,\"5\":74521.7115319153,\"6\":72722.4900078372,\"7\":92216.652747763,\"8\":981.1457124837,\"9\":718.7115319154,\"10\":541.4900078374,\"11\":918.6527477639,\"12\":884.8542875163,\"13\":724.2884680846,\"14\":679.5099921626,\"15\":871.347252237},\"ret\":{\"0\":-0.0000535134,\"1\":0.0000026283,\"2\":-0.0000222793,\"3\":0.0000731951,\"4\":0.0000535347,\"5\":-0.0000026283,\"6\":0.0000222843,\"7\":-0.0000731584,\"8\":0.0000544631,\"9\":-0.0000026252,\"10\":0.000022578,\"11\":-0.0000712456,\"12\":-0.0000524552,\"13\":0.0000026314,\"14\":-0.0000220425,\"15\":0.0000751427}}", "deviance": 8.47846316052681, "df": 3, "rel_entropy": 6.509916492520538e-06, "formula": "count ~ group * mut * base - group : mut : base", "prob": 0.037092131315750267}, "pos0": {"stats": "{\"group\":{\"0\":\"1\",\"1\":\"1\",\"2\":\"1\",\"3\":\"1\",\"4\":\"1\",\"5\":\"1\",\"6\":\"1\",\"7\":\"1\",\"8\":\"2\",\"9\":\"2\",\"10\":\"2\",\"11\":\"2\",\"12\":\"2\",\"13\":\"2\",\"14\":\"2\",\"15\":\"2\"},\"mut\":{\"0\":\"M\",\"1\":\"M\",\"2\":\"M\",\"3\":\"M\",\"4\":\"R\",\"5\":\"R\",\"6\":\"R\",\"7\":\"R\",\"8\":\"M\",\"9\":\"M\",\"10\":\"M\",\"11\":\"M\",\"12\":\"R\",\"13\":\"R\",\"14\":\"R\",\"15\":\"R\"},\"base\":{\"0\":\"A\",\"1\":\"C\",\"2\":\"G\",\"3\":\"T\",\"4\":\"A\",\"5\":\"C\",\"6\":\"G\",\"7\":\"T\",\"8\":\"A\",\"9\":\"C\",\"10\":\"G\",\"11\":\"T\",\"12\":\"A\",\"13\":\"C\",\"14\":\"G\",\"15\":\"T\"},\"count\":{\"0\":107445,\"1\":64897,\"2\":63386,\"3\":86710,\"4\":84804,\"5\":74916,\"6\":67329,\"7\":95389,\"8\":1032,\"9\":661,\"10\":588,\"11\":879,\"12\":843,\"13\":724,\"14\":630,\"15\":963},\"fitted\":{\"0\":107428.8143743079,\"1\":64914.6258211291,\"2\":63383.1110808226,\"3\":86711.4487237434,\"4\":84820.1856256944,\"5\":74898.3741788718,\"6\":67331.8889191784,\"7\":95387.5512762577,\"8\":1048.1856256937,\"9\":643.3741788712,\"10\":590.8889191779,\"11\":877.5512762571,\"12\":826.8143743063,\"13\":741.6258211288,\"14\":627.1110808221,\"15\":964.4487237429},\"ret\":{\"0\":0.0000248571,\"1\":-0.0000270632,\"2\":0.0000044364,\"3\":-0.0000022247,\"4\":-0.0000248529,\"5\":0.00002707,\"6\":-0.0000044362,\"7\":0.0000022247,\"8\":-0.0000246623,\"9\":0.0000274343,\"10\":-0.0000044255,\"11\":0.0000022265,\"12\":0.0000250969,\"13\":-0.0000267426,\"14\":0.0000044465,\"15\":-0.000002223}}", "deviance": 1.513581386894721, "df": 3, "rel_entropy": 1.162155009317257e-06, "formula": "count ~ group * mut * base - group : mut : base", "prob": 0.67913931951107198}, "pos1": {"stats": "{\"group\":{\"0\":\"1\",\"1\":\"1\",\"2\":\"1\",\"3\":\"1\",\"4\":\"1\",\"5\":\"1\",\"6\":\"1\",\"7\":\"1\",\"8\":\"2\",\"9\":\"2\",\"10\":\"2\",\"11\":\"2\",\"12\":\"2\",\"13\":\"2\",\"14\":\"2\",\"15\":\"2\"},\"mut\":{\"0\":\"M\",\"1\":\"M\",\"2\":\"M\",\"3\":\"M\",\"4\":\"R\",\"5\":\"R\",\"6\":\"R\",\"7\":\"R\",\"8\":\"M\",\"9\":\"M\",\"10\":\"M\",\"11\":\"M\",\"12\":\"R\",\"13\":\"R\",\"14\":\"R\",\"15\":\"R\"},\"base\":{\"0\":\"A\",\"1\":\"C\",\"2\":\"G\",\"3\":\"T\",\"4\":\"A\",\"5\":\"C\",\"6\":\"G\",\"7\":\"T\",\"8\":\"A\",\"9\":\"C\",\"10\":\"G\",\"11\":\"T\",\"12\":\"A\",\"13\":\"C\",\"14\":\"G\",\"15\":\"T\"},\"count\":{\"0\":97649,\"1\":66054,\"2\":75657,\"3\":83078,\"4\":80060,\"5\":82110,\"6\":67088,\"7\":93180,\"8\":925,\"9\":640,\"10\":751,\"11\":844,\"12\":816,\"13\":756,\"14\":647,\"15\":941},\"fitted\":{\"0\":97618.0078690927,\"1\":66071.7630220781,\"2\":75667.2321812688,\"3\":83080.9969275593,\"4\":80090.9921309066,\"5\":82092.2369779213,\"6\":67077.7678187308,\"7\":93177.0030724405,\"8\":955.9921309067,\"9\":622.2369779216,\"10\":740.767818731,\"11\":841.0030724406,\"12\":785.0078690933,\"13\":773.7630220784,\"14\":657.232181269,\"15\":943.9969275594},\"ret\":{\"0\":0.0000476002,\"1\":-0.0000272739,\"2\":-0.0000157118,\"3\":-0.0000046021,\"4\":-0.0000475834,\"5\":0.0000272805,\"6\":0.0000157141,\"7\":0.0000046023,\"8\":-0.0000468127,\"9\":0.0000276632,\"10\":0.0000158209,\"11\":0.0000046104,\"12\":0.00004852,\"13\":-0.000026962,\"14\":-0.00001559,\"15\":-0.0000045949}}", "deviance": 3.491420571530048, "df": 3, "rel_entropy": 2.6807755050169595e-06, "formula": "count ~ group * mut * base - group : mut : base", "prob": 0.32187654982188668}}