{"pos2": {"stats": "{\"group\":{\"0\":\"1\",\"1\":\"1\",\"2\":\"1\",\"3\":\"1\",\"4\":\"1\",\"5\":\"1\",\"6\":\"1\",\"7\":\"1\",\"8\":\"2\",\"9\":\"2\",\"10\":\"2\",\"11\":\"2\",\"12\":\"2\",\"13\":\"2\",\"14\":\"2\",\"15\":\"2\"},\"mut\":{\"0\":\"M\",\"1\":\"M\",\"2\":\"M\",\"3\":\"M\",\"4\":\"R\",\"5\":\"R\",\"6\":\"R\",\"7\":\"R\",\"8\":\"M\",\"9\":\"M\",\"10\":\"M\",\"11\":\"M\",\"12\":\"R\",\"13\":\"R\",\"14\":\"R\",\"15\":\"R\"},\"base\":{\"0\":\"A\",\"1\":\"C\",\"2\":\"G\",\"3\":\"T\",\"4\":\"A\",\"5\":\"C\",\"6\":\"G\",\"7\":\"T\",\"8\":\"A\",\"9\":\"C\",\"10\":\"G\",\"11\":\"T\",\"12\":\"A\",\"13\":\"C\",\"14\":\"G\",\"15\":\"T\"},\"count\":{\"0\":70345,\"1\":33351,\"2\":46064,\"3\":57311,\"4\":62523,\"5\":41142,\"6\":50527,\"7\":52879,\"8\":5133,\"9\":3925,\"10\":5731,\"11\":3740,\"12\":4850,\"13\":4488,\"14\":5357,\"15\":3834},\"fitted\":{\"0\":70145.2775642104,\"1\":33446.386612083,\"2\":46399.2080370143,\"3\":57080.1277866904,\"4\":62722.7224357882,\"5\":41046.6133879167,\"6\":50191.7919629852,\"7\":53109.8722133091,\"8\":5332.7224357886,\"9\":3829.6133879168,\"10\":5395.7919629926,\"11\":3970.8722133149,\"12\":4650.2775642119,\"13\":4583.3866120831,\"14\":5692.2080370229,\"15\":3603.1277866963},\"ret\":{\"0\":0.0004432768,\"1\":-0.0002111048,\"2\":-0.0007402355,\"3\":0.0005127183,\"4\":-0.0004419418,\"5\":0.0002116519,\"6\":0.0007454009,\"7\":-0.0005105711,\"8\":-0.0004342527,\"9\":0.0002140177,\"10\":0.0007655388,\"11\":-0.0004965129,\"12\":0.0004520195,\"13\":-0.0002091912,\"14\":-0.0007206081,\"15\":0.0005277388}}", "deviance": 97.40940645625733, "df": 3, "rel_entropy": 0.00010794482098432772, "formula": "count ~ group * mut * base - group : mut : base", "prob": 5.6033582737832633e-21}, "pos3": {"stats": "{\"group\":{\"0\":\"1\",\"1\":\"1\",\"2\":\"1\",\"3\":\"1\",\"4\":\"1\",\"5\":\"1\",\"6\":\"1\",\"7\":\"1\",\"8\":\"2\",\"9\":\"2\",\"10\":\"2\",\"11\":\"2\",\"12\":\"2\",\"13\":\"2\",\"14\":\"2\",\"15\":\"2\"},\"mut\":{\"0\":\"M\",\"1\":\"M\",\"2\":\"M\",\"3\":\"M\",\"4\":\"R\",\"5\":\"R\",\"6\":\"R\",\"7\":\"R\",\"8\":\"M\",\"9\":\"M\",\"10\":\"M\",\"11\":\"M\",\"12\":\"R\",\"13\":\"R\",\"14\":\"R\",\"15\":\"R\"},\"base\":{\"0\":\"A\",\"1\":\"C\",\"2\":\"G\",\"3\":\"T\",\"4\":\"A\",\"5\":\"C\",\"6\":\"G\",\"7\":\"T\",\"8\":\"A\",\"9\":\"C\",\"10\":\"G\",\"11\":\"T\",\"12\":\"A\",\"13\":\"C\",\"14\":\"G\",\"15\":\"T\"},\"count\":{\"0\":49060,\"1\":35215,\"2\":58180,\"3\":64616,\"4\":63850,\"5\":41347,\"6\":46234,\"7\":55640,\"8\":3561,\"9\":4232,\"10\":5752,\"11\":4984,\"12\":4929,\"13\":4571,\"14\":4793,\"15\":4236},\"fitted\":{\"0\":48950.1083283613,\"1\":35388.3725580411,\"2\":58078.7364880143,\"3\":64653.7826255832,\"4\":63959.8916716386,\"5\":41173.6274419588,\"6\":46335.2635119856,\"7\":55602.2173744165,\"8\":3670.8916716387,\"9\":4058.6274419591,\"10\":5853.2635119857,\"11\":4946.2173744167,\"12\":4819.1083283613,\"13\":4744.3725580413,\"14\":4691.7364880143,\"15\":4273.7826255833},\"ret\":{\"0\":0.0002438274,\"1\":-0.0003833049,\"2\":0.0002246271,\"3\":-0.0000837136,\"4\":-0.0002433449,\"5\":0.0003850555,\"6\":-0.0002241861,\"7\":0.0000837665,\"8\":-0.0002398718,\"9\":0.0003923402,\"10\":-0.0002224789,\"11\":0.0000840571,\"12\":0.0002463103,\"13\":-0.0003771398,\"14\":0.0002268363,\"15\":-0.0000833668}}", "deviance": 26.542847427962073, "df": 3, "rel_entropy": 2.941361638736932e-05, "formula": "count ~ group * mut * base - group : mut : base", "prob": 7.340602151920449e-06}, "pos0": {"stats": "{\"group\":{\"0\":\"1\",\"1\":\"1\",\"2\":\"1\",\"3\":\"1\",\"4\":\"1\",\"5\":\"1\",\"6\":\"1\",\"7\":\"1\",\"8\":\"2\",\"9\":\"2\",\"10\":\"2\",\"11\":\"2\",\"12\":\"2\",\"13\":\"2\",\"14\":\"2\",\"15\":\"2\"},\"mut\":{\"0\":\"M\",\"1\":\"M\",\"2\":\"M\",\"3\":\"M\",\"4\":\"R\",\"5\":\"R\",\"6\":\"R\",\"7\":\"R\",\"8\":\"M\",\"9\":\"M\",\"10\":\"M\",\"11\":\"M\",\"12\":\"R\",\"13\":\"R\",\"14\":\"R\",\"15\":\"R\"},\"base\":{\"0\":\"A\",\"1\":\"C\",\"2\":\"G\",\"3\":\"T\",\"4\":\"A\",\"5\":\"C\",\"6\":\"G\",\"7\":\"T\",\"8\":\"A\",\"9\":\"C\",\"10\":\"G\",\"11\":\"T\",\"12\":\"A\",\"13\":\"C\",\"14\":\"G\",\"15\":\"T\"},\"count\":{\"0\":55876,\"1\":45885,\"2\":41941,\"3\":63369,\"4\":61624,\"5\":44687,\"6\":46375,\"7\":54385,\"8\":4105,\"9\":5609,\"10\":4370,\"11\":4445,\"12\":4733,\"13\":5042,\"14\":4812,\"15\":3942},\"fitted\":{\"0\":55774.2560504592,\"1\":46063.137562383,\"2\":41938.7125553994,\"3\":63294.8938317584,\"4\":61725.7439495408,\"5\":44508.8624376172,\"6\":46377.2874446007,\"7\":54459.1061682416,\"8\":4206.7439495407,\"9\":5430.8624376172,\"10\":4372.2874446006,\"11\":4519.1061682416,\"12\":4631.2560504593,\"13\":5220.137562383,\"14\":4809.7125553994,\"15\":3867.8938317584},\"ret\":{\"0\":0.0002257019,\"1\":-0.000394044,\"2\":0.0000050698,\"3\":0.0001643385,\"4\":-0.0002253104,\"5\":0.0003955974,\"6\":-0.0000050696,\"7\":-0.0001641306,\"8\":-0.0002227472,\"9\":0.0004012138,\"10\":-0.0000050684,\"11\":-0.0001628883,\"12\":0.0002279554,\"13\":-0.000387994,\"14\":0.0000050709,\"15\":0.0001658058}}", "deviance": 21.207399936872505, "df": 3, "rel_entropy": 2.3501108086073255e-05, "formula": "count ~ group * mut * base - group : mut : base", "prob": 9.5334417380891112e-05}, "pos1": {"stats": "{\"group\":{\"0\":\"1\",\"1\":\"1\",\"2\":\"1\",\"3\":\"1\",\"4\":\"1\",\"5\":\"1\",\"6\":\"1\",\"7\":\"1\",\"8\":\"2\",\"9\":\"2\",\"10\":\"2\",\"11\":\"2\",\"12\":\"2\",\"13\":\"2\",\"14\":\"2\",\"15\":\"2\"},\"mut\":{\"0\":\"M\",\"1\":\"M\",\"2\":\"M\",\"3\":\"M\",\"4\":\"R\",\"5\":\"R\",\"6\":\"R\",\"7\":\"R\",\"8\":\"M\",\"9\":\"M\",\"10\":\"M\",\"11\":\"M\",\"12\":\"R\",\"13\":\"R\",\"14\":\"R\",\"15\":\"R\"},\"base\":{\"0\":\"A\",\"1\":\"C\",\"2\":\"G\",\"3\":\"T\",\"4\":\"A\",\"5\":\"C\",\"6\":\"G\",\"7\":\"T\",\"8\":\"A\",\"9\":\"C\",\"10\":\"G\",\"11\":\"T\",\"12\":\"A\",\"13\":\"C\",\"14\":\"G\",\"15\":\"T\"},\"count\":{\"0\":83116,\"1\":14169,\"2\":50977,\"3\":58809,\"4\":72379,\"5\":8196,\"6\":50826,\"7\":75670,\"8\":6124,\"9\":2954,\"10\":5096,\"11\":4355,\"12\":5668,\"13\":1750,\"14\":5442,\"15\":5669},\"fitted\":{\"0\":83073.8583172881,\"1\":14188.6861256852,\"2\":50921.8300267201,\"3\":58886.6255303045,\"4\":72421.14168271,\"5\":8176.3138743147,\"6\":50881.1699732792,\"7\":75592.3744696948,\"8\":6166.1416827104,\"9\":2934.3138743148,\"10\":5151.1699732795,\"11\":4277.3744696952,\"12\":5625.8583172895,\"13\":1769.6861256852,\"14\":5386.8300267204,\"15\":5746.6255303047},\"ret\":{\"0\":0.0000934228,\"1\":-0.0000436003,\"2\":0.0001223401,\"3\":-0.000171929,\"4\":-0.0000933719,\"5\":0.0000436831,\"6\":-0.0001222076,\"7\":0.0001721307,\"8\":-0.0000930792,\"9\":0.0000437766,\"10\":-0.0001216167,\"11\":0.0001735941,\"12\":0.0000937481,\"13\":-0.000043387,\"14\":0.0001228979,\"15\":-0.0001708752}}", "deviance": 4.987112017449576, "df": 3, "rel_entropy": 5.526498246287207e-06, "formula": "count ~ group * mut * base - group : mut : base", "prob": 0.17274330188850645}}