{"pos2": {"stats": "{\"strand\":{\"0\":\"+\",\"1\":\"+\",\"2\":\"+\",\"3\":\"+\",\"4\":\"+\",\"5\":\"+\",\"6\":\"+\",\"7\":\"+\",\"8\":\"-\",\"9\":\"-\",\"10\":\"-\",\"11\":\"-\",\"12\":\"-\",\"13\":\"-\",\"14\":\"-\",\"15\":\"-\"},\"mut\":{\"0\":\"M\",\"1\":\"M\",\"2\":\"M\",\"3\":\"M\",\"4\":\"R\",\"5\":\"R\",\"6\":\"R\",\"7\":\"R\",\"8\":\"M\",\"9\":\"M\",\"10\":\"M\",\"11\":\"M\",\"12\":\"R\",\"13\":\"R\",\"14\":\"R\",\"15\":\"R\"},\"base\":{\"0\":\"A\",\"1\":\"C\",\"2\":\"G\",\"3\":\"T\",\"4\":\"A\",\"5\":\"C\",\"6\":\"G\",\"7\":\"T\",\"8\":\"A\",\"9\":\"C\",\"10\":\"G\",\"11\":\"T\",\"12\":\"A\",\"13\":\"C\",\"14\":\"G\",\"15\":\"T\"},\"count\":{\"0\":3678,\"1\":3135,\"2\":3133,\"3\":7577,\"4\":5840,\"5\":2861,\"6\":3901,\"7\":4921,\"8\":3578,\"9\":3133,\"10\":3092,\"11\":7524,\"12\":5856,\"13\":2774,\"14\":3829,\"15\":4868},\"fitted\":{\"0\":3644.380184364,\"1\":3157.6320290853,\"2\":3137.9343174257,\"3\":7583.053469125,\"4\":5873.619815636,\"5\":2838.3679709148,\"6\":3896.0656825743,\"7\":4914.946530875,\"8\":3611.619815636,\"9\":3110.3679709148,\"10\":3087.0656825743,\"11\":7517.946530875,\"12\":5822.3801843641,\"13\":2796.6320290853,\"14\":3833.9343174257,\"15\":4874.053469125},\"ret\":{\"0\":0.0004845684,\"1\":-0.0003235399,\"2\":-0.000070738,\"3\":-0.0000868157,\"4\":-0.0004809672,\"5\":0.0003259974,\"6\":0.0000708385,\"7\":0.0000869038,\"8\":-0.0004800982,\"9\":0.0003258848,\"10\":0.0000708502,\"11\":0.0000868853,\"12\":0.0004837402,\"13\":-0.0003233889,\"14\":-0.0000707481,\"15\":-0.0000867964}}", "deviance": 1.7531300122732585, "df": 3, "rel_entropy": 1.2576255468244322e-05, "formula": "count ~ strand * mut * base - strand : mut : base", "prob": 0.62518708382171262}, "pos3": {"stats": "{\"strand\":{\"0\":\"+\",\"1\":\"+\",\"2\":\"+\",\"3\":\"+\",\"4\":\"+\",\"5\":\"+\",\"6\":\"+\",\"7\":\"+\",\"8\":\"-\",\"9\":\"-\",\"10\":\"-\",\"11\":\"-\",\"12\":\"-\",\"13\":\"-\",\"14\":\"-\",\"15\":\"-\"},\"mut\":{\"0\":\"M\",\"1\":\"M\",\"2\":\"M\",\"3\":\"M\",\"4\":\"R\",\"5\":\"R\",\"6\":\"R\",\"7\":\"R\",\"8\":\"M\",\"9\":\"M\",\"10\":\"M\",\"11\":\"M\",\"12\":\"R\",\"13\":\"R\",\"14\":\"R\",\"15\":\"R\"},\"base\":{\"0\":\"A\",\"1\":\"C\",\"2\":\"G\",\"3\":\"T\",\"4\":\"A\",\"5\":\"C\",\"6\":\"G\",\"7\":\"T\",\"8\":\"A\",\"9\":\"C\",\"10\":\"G\",\"11\":\"T\",\"12\":\"A\",\"13\":\"C\",\"14\":\"G\",\"15\":\"T\"},\"count\":{\"0\":6478,\"1\":2831,\"2\":3646,\"3\":4568,\"4\":6102,\"5\":3044,\"6\":3269,\"7\":5108,\"8\":6295,\"9\":2788,\"10\":3500,\"11\":4744,\"12\":6109,\"13\":2893,\"14\":3323,\"15\":5002},\"fitted\":{\"0\":6431.0228862547,\"1\":2856.449530144,\"2\":3596.6710697062,\"3\":4638.8565138951,\"4\":6148.9771137453,\"5\":3018.550469856,\"6\":3318.3289302938,\"7\":5037.1434861049,\"8\":6341.9771137453,\"9\":2762.550469856,\"10\":3549.3289302938,\"11\":4673.1434861049,\"12\":6062.0228862547,\"13\":2918.449530144,\"14\":3273.6710697062,\"15\":5072.8565138951},\"ret\":{\"0\":0.0006764459,\"1\":-0.0003634981,\"2\":0.0007125634,\"3\":-0.0010087889,\"4\":-0.000671409,\"5\":0.0003666645,\"6\":-0.0007024455,\"7\":0.0010237096,\"8\":-0.0006714877,\"9\":0.0003668063,\"10\":-0.0007027911,\"11\":0.0010242611,\"12\":0.0006765949,\"13\":-0.0003635329,\"14\":0.0007130377,\"15\":-0.0010094597}}", "deviance": 9.293860480003218, "df": 3, "rel_entropy": 6.66704482066228e-05, "formula": "count ~ strand * mut * base - strand : mut : base", "prob": 0.025628545496306575}, "pos0": {"stats": "{\"strand\":{\"0\":\"+\",\"1\":\"+\",\"2\":\"+\",\"3\":\"+\",\"4\":\"+\",\"5\":\"+\",\"6\":\"+\",\"7\":\"+\",\"8\":\"-\",\"9\":\"-\",\"10\":\"-\",\"11\":\"-\",\"12\":\"-\",\"13\":\"-\",\"14\":\"-\",\"15\":\"-\"},\"mut\":{\"0\":\"M\",\"1\":\"M\",\"2\":\"M\",\"3\":\"M\",\"4\":\"R\",\"5\":\"R\",\"6\":\"R\",\"7\":\"R\",\"8\":\"M\",\"9\":\"M\",\"10\":\"M\",\"11\":\"M\",\"12\":\"R\",\"13\":\"R\",\"14\":\"R\",\"15\":\"R\"},\"base\":{\"0\":\"A\",\"1\":\"C\",\"2\":\"G\",\"3\":\"T\",\"4\":\"A\",\"5\":\"C\",\"6\":\"G\",\"7\":\"T\",\"8\":\"A\",\"9\":\"C\",\"10\":\"G\",\"11\":\"T\",\"12\":\"A\",\"13\":\"C\",\"14\":\"G\",\"15\":\"T\"},\"count\":{\"0\":5737,\"1\":4671,\"2\":3319,\"3\":3796,\"4\":6089,\"5\":3042,\"6\":3552,\"7\":4840,\"8\":5841,\"9\":4525,\"10\":3230,\"11\":3731,\"12\":6103,\"13\":2990,\"14\":3421,\"15\":4813},\"fitted\":{\"0\":5758.0242689391,\"1\":4656.4124578334,\"2\":3326.5031299151,\"3\":3782.0601433124,\"4\":6067.9757310609,\"5\":3056.5875421666,\"6\":3544.4968700848,\"7\":4853.9398566876,\"8\":5819.9757310609,\"9\":4539.5875421666,\"10\":3222.4968700848,\"11\":3744.9398566876,\"12\":6124.0242689391,\"13\":2975.4124578334,\"14\":3428.5031299151,\"15\":4799.0601433124},\"ret\":{\"0\":-0.0003010881,\"1\":0.0002096179,\"2\":-0.0001075274,\"3\":0.0002003661,\"4\":0.0003021614,\"5\":-0.0002087902,\"6\":0.0001077628,\"7\":-0.0001997105,\"8\":0.0003021836,\"9\":-0.0002089538,\"10\":0.0001077741,\"11\":-0.0001996253,\"12\":-0.0003011211,\"13\":0.0002098026,\"14\":-0.000107531,\"15\":0.0002002881}}", "deviance": 0.7819381589702772, "df": 3, "rel_entropy": 5.609312474679176e-06, "formula": "count ~ strand * mut * base - strand : mut : base", "prob": 0.85378212943360487}, "pos1": {"stats": "{\"strand\":{\"0\":\"+\",\"1\":\"+\",\"2\":\"+\",\"3\":\"+\",\"4\":\"+\",\"5\":\"+\",\"6\":\"+\",\"7\":\"+\",\"8\":\"-\",\"9\":\"-\",\"10\":\"-\",\"11\":\"-\",\"12\":\"-\",\"13\":\"-\",\"14\":\"-\",\"15\":\"-\"},\"mut\":{\"0\":\"M\",\"1\":\"M\",\"2\":\"M\",\"3\":\"M\",\"4\":\"R\",\"5\":\"R\",\"6\":\"R\",\"7\":\"R\",\"8\":\"M\",\"9\":\"M\",\"10\":\"M\",\"11\":\"M\",\"12\":\"R\",\"13\":\"R\",\"14\":\"R\",\"15\":\"R\"},\"base\":{\"0\":\"A\",\"1\":\"C\",\"2\":\"G\",\"3\":\"T\",\"4\":\"A\",\"5\":\"C\",\"6\":\"G\",\"7\":\"T\",\"8\":\"A\",\"9\":\"C\",\"10\":\"G\",\"11\":\"T\",\"12\":\"A\",\"13\":\"C\",\"14\":\"G\",\"15\":\"T\"},\"count\":{\"0\":4965,\"1\":5143,\"2\":2379,\"3\":5036,\"4\":5907,\"5\":4070,\"6\":3314,\"7\":4232,\"8\":5000,\"9\":5161,\"10\":2385,\"11\":4781,\"12\":5739,\"13\":4141,\"14\":3331,\"15\":4116},\"fitted\":{\"0\":5012.1201301263,\"1\":5126.3467824576,\"2\":2376.658786368,\"3\":5007.8743010481,\"4\":5859.8798698736,\"5\":4086.6532175424,\"6\":3316.341213632,\"7\":4260.1256989519,\"8\":4952.8798698736,\"9\":5177.6532175424,\"10\":2387.341213632,\"11\":4809.1256989519,\"12\":5786.1201301264,\"13\":4124.3467824576,\"14\":3328.658786368,\"15\":4087.8743010481},\"ret\":{\"0\":-0.0006728542,\"1\":0.0002393147,\"2\":0.0000336064,\"3\":0.0004046561,\"4\":0.0006787529,\"5\":-0.0002384396,\"6\":-0.000033578,\"7\":-0.0004021901,\"8\":0.0006792477,\"9\":-0.0002385424,\"10\":-0.0000335734,\"11\":-0.0004023428,\"12\":-0.0006732818,\"13\":0.0002394088,\"14\":0.0000336017,\"15\":0.0004049101}}", "deviance": 2.6062339206615324, "df": 3, "rel_entropy": 1.8696082644630792e-05, "formula": "count ~ strand * mut * base - strand : mut : base", "prob": 0.45639770807077984}}