{"pos0": {"formula": "count ~ group * mut * base - group : mut : base", "df": 3, "prob": 8.114862960560803e-10, "deviance": 45.26813015540722, "rel_entropy": 4.442450873453834e-06, "stats": "{\"group\":{\"8\":\"1\",\"9\":\"1\",\"10\":\"1\",\"11\":\"1\",\"12\":\"1\",\"13\":\"1\",\"14\":\"1\",\"15\":\"1\",\"0\":\"2\",\"1\":\"2\",\"2\":\"2\",\"3\":\"2\",\"4\":\"2\",\"5\":\"2\",\"6\":\"2\",\"7\":\"2\"},\"mut\":{\"8\":\"M\",\"9\":\"M\",\"10\":\"M\",\"11\":\"M\",\"12\":\"R\",\"13\":\"R\",\"14\":\"R\",\"15\":\"R\",\"0\":\"M\",\"1\":\"M\",\"2\":\"M\",\"3\":\"M\",\"4\":\"R\",\"5\":\"R\",\"6\":\"R\",\"7\":\"R\"},\"base\":{\"8\":\"A\",\"9\":\"C\",\"10\":\"G\",\"11\":\"T\",\"12\":\"A\",\"13\":\"C\",\"14\":\"G\",\"15\":\"T\",\"0\":\"A\",\"1\":\"C\",\"2\":\"G\",\"3\":\"T\",\"4\":\"A\",\"5\":\"C\",\"6\":\"G\",\"7\":\"T\"},\"count\":{\"8\":305247,\"9\":215528,\"10\":246479,\"11\":238357,\"12\":295737,\"13\":219667,\"14\":227042,\"15\":263165,\"0\":440271,\"1\":361098,\"2\":397027,\"3\":343468,\"4\":431934,\"5\":361454,\"6\":364853,\"7\":383623},\"fitted\":{\"8\":304299.956461683,\"9\":216880.6484805724,\"10\":246788.9376578895,\"11\":237641.4573998521,\"12\":296684.0435383153,\"13\":218314.3515194258,\"14\":226732.0623421096,\"15\":263880.5426001466,\"0\":441218.0435383086,\"1\":359745.3515194264,\"2\":396717.0623421095,\"3\":344183.5426001463,\"4\":430986.9564616839,\"5\":362806.6484805722,\"6\":365162.9376578898,\"7\":382907.4573998519},\"ret\":{\"8\":0.0001861678,\"9\":-0.0002646584,\"10\":-0.0000607941,\"11\":0.0001406528,\"12\":-0.0001855819,\"13\":0.0002663088,\"14\":0.0000608739,\"15\":-0.000140251,\"0\":-0.0001856792,\"1\":0.0002659866,\"2\":0.0000608561,\"3\":-0.0001402954,\"4\":0.0001860829,\"5\":-0.0002649926,\"6\":-0.0000608065,\"7\":0.0001405727}}"}, "pos1": {"formula": "count ~ group * mut * base - group : mut : base", "df": 3, "prob": 2.257098366377742e-64, "deviance": 298.3561068196617, "rel_entropy": 2.927959124423809e-05, "stats": "{\"group\":{\"8\":\"1\",\"9\":\"1\",\"10\":\"1\",\"11\":\"1\",\"12\":\"1\",\"13\":\"1\",\"14\":\"1\",\"15\":\"1\",\"0\":\"2\",\"1\":\"2\",\"2\":\"2\",\"3\":\"2\",\"4\":\"2\",\"5\":\"2\",\"6\":\"2\",\"7\":\"2\"},\"mut\":{\"8\":\"M\",\"9\":\"M\",\"10\":\"M\",\"11\":\"M\",\"12\":\"R\",\"13\":\"R\",\"14\":\"R\",\"15\":\"R\",\"0\":\"M\",\"1\":\"M\",\"2\":\"M\",\"3\":\"M\",\"4\":\"R\",\"5\":\"R\",\"6\":\"R\",\"7\":\"R\"},\"base\":{\"8\":\"A\",\"9\":\"C\",\"10\":\"G\",\"11\":\"T\",\"12\":\"A\",\"13\":\"C\",\"14\":\"G\",\"15\":\"T\",\"0\":\"A\",\"1\":\"C\",\"2\":\"G\",\"3\":\"T\",\"4\":\"A\",\"5\":\"C\",\"6\":\"G\",\"7\":\"T\"},\"count\":{\"8\":233503,\"9\":353739,\"10\":189646,\"11\":228723,\"12\":349853,\"13\":40679,\"14\":248953,\"15\":366126,\"0\":326227,\"1\":601720,\"2\":285404,\"3\":328513,\"4\":521613,\"5\":79769,\"6\":403041,\"7\":537441},\"fitted\":{\"8\":233114.0243218037,\"9\":351750.8523930886,\"10\":188812.7704895871,\"11\":231933.3527955209,\"12\":350241.9756781968,\"13\":42667.1476069119,\"14\":249786.2295104127,\"15\":362915.6472044794,\"0\":326615.9756781899,\"1\":603708.1476069116,\"2\":286237.2295104123,\"3\":325302.6472044795,\"4\":521224.0243218026,\"5\":77780.8523930903,\"6\":402207.7704895867,\"7\":540651.35279552},\"ret\":{\"8\":0.000076409,\"9\":0.00039132,\"10\":0.0001639006,\"11\":-0.0006257237,\"12\":-0.0000763029,\"13\":-0.0003809832,\"14\":-0.0001632672,\"15\":0.0006328836,\"0\":-0.0000762999,\"1\":-0.000389576,\"2\":-0.000163302,\"3\":0.0006332039,\"4\":0.0000763738,\"5\":0.0003951645,\"6\":0.0001637096,\"7\":-0.0006282304}}"}, "pos2": {"formula": "count ~ group * mut * base - group : mut : base", "df": 3, "prob": 5.991414960809052e-37, "deviance": 171.51529185617596, "rel_entropy": 1.6831891564802006e-05, "stats": "{\"group\":{\"8\":\"1\",\"9\":\"1\",\"10\":\"1\",\"11\":\"1\",\"12\":\"1\",\"13\":\"1\",\"14\":\"1\",\"15\":\"1\",\"0\":\"2\",\"1\":\"2\",\"2\":\"2\",\"3\":\"2\",\"4\":\"2\",\"5\":\"2\",\"6\":\"2\",\"7\":\"2\"},\"mut\":{\"8\":\"M\",\"9\":\"M\",\"10\":\"M\",\"11\":\"M\",\"12\":\"R\",\"13\":\"R\",\"14\":\"R\",\"15\":\"R\",\"0\":\"M\",\"1\":\"M\",\"2\":\"M\",\"3\":\"M\",\"4\":\"R\",\"5\":\"R\",\"6\":\"R\",\"7\":\"R\"},\"base\":{\"8\":\"A\",\"9\":\"C\",\"10\":\"G\",\"11\":\"T\",\"12\":\"A\",\"13\":\"C\",\"14\":\"G\",\"15\":\"T\",\"0\":\"A\",\"1\":\"C\",\"2\":\"G\",\"3\":\"T\",\"4\":\"A\",\"5\":\"C\",\"6\":\"G\",\"7\":\"T\"},\"count\":{\"8\":223477,\"9\":208857,\"10\":258859,\"11\":314418,\"12\":299957,\"13\":204208,\"14\":248255,\"15\":253191,\"0\":331162,\"1\":326069,\"2\":414960,\"3\":469673,\"4\":434912,\"5\":332597,\"6\":401432,\"7\":372923},\"fitted\":{\"8\":225270.4777568867,\"9\":206280.9233447244,\"10\":258316.345609573,\"11\":315743.2532888132,\"12\":298163.5222431123,\"13\":206784.0766552747,\"14\":248797.6543904258,\"15\":251865.7467111859,\"0\":329368.5222431112,\"1\":328645.0766552741,\"2\":415502.6543904239,\"3\":468347.7467111844,\"4\":436705.4777568865,\"5\":330020.9233447245,\"6\":400889.3456095735,\"7\":374248.2532888125},\"ret\":{\"8\":-0.0003506059,\"9\":0.0005087578,\"10\":0.0001066201,\"11\":-0.0002595645,\"12\":0.0003530674,\"13\":-0.0005024511,\"14\":-0.000106392,\"15\":0.0002607943,\"0\":0.0003529675,\"1\":-0.0005036269,\"2\":-0.0001064387,\"3\":0.0002604788,\"4\":-0.000351287,\"5\":0.000507582,\"6\":0.0001065803,\"7\":-0.0002596501}}"}, "pos3": {"formula": "count ~ group * mut * base - group : mut : base", "df": 3, "prob": 7.415663564210135e-06, "deviance": 26.52175950413701, "rel_entropy": 2.6027497329843286e-06, "stats": "{\"group\":{\"8\":\"1\",\"9\":\"1\",\"10\":\"1\",\"11\":\"1\",\"12\":\"1\",\"13\":\"1\",\"14\":\"1\",\"15\":\"1\",\"0\":\"2\",\"1\":\"2\",\"2\":\"2\",\"3\":\"2\",\"4\":\"2\",\"5\":\"2\",\"6\":\"2\",\"7\":\"2\"},\"mut\":{\"8\":\"M\",\"9\":\"M\",\"10\":\"M\",\"11\":\"M\",\"12\":\"R\",\"13\":\"R\",\"14\":\"R\",\"15\":\"R\",\"0\":\"M\",\"1\":\"M\",\"2\":\"M\",\"3\":\"M\",\"4\":\"R\",\"5\":\"R\",\"6\":\"R\",\"7\":\"R\"},\"base\":{\"8\":\"A\",\"9\":\"C\",\"10\":\"G\",\"11\":\"T\",\"12\":\"A\",\"13\":\"C\",\"14\":\"G\",\"15\":\"T\",\"0\":\"A\",\"1\":\"C\",\"2\":\"G\",\"3\":\"T\",\"4\":\"A\",\"5\":\"C\",\"6\":\"G\",\"7\":\"T\"},\"count\":{\"8\":308911,\"9\":199996,\"10\":246743,\"11\":249961,\"12\":306721,\"13\":204425,\"14\":226806,\"15\":267659,\"0\":445786,\"1\":325243,\"2\":403041,\"3\":367794,\"4\":447169,\"5\":332562,\"6\":365422,\"7\":396711},\"fitted\":{\"8\":308133.2995257399,\"9\":200078.9855292417,\"10\":247869.3150975801,\"11\":249529.3998474419,\"12\":307498.7004742625,\"13\":204342.0144707596,\"14\":225679.6849024213,\"15\":268090.6001525602,\"0\":446563.7004742692,\"1\":325160.0144707603,\"2\":401914.6849024215,\"3\":368225.6001525603,\"4\":446391.2995257404,\"5\":332644.9855292422,\"6\":366548.3150975804,\"7\":396279.3998474424},\"ret\":{\"8\":0.0001528339,\"9\":-0.0000162844,\"10\":-0.000220562,\"11\":0.0000847846,\"12\":-0.0001524482,\"13\":0.0000162911,\"14\":0.0002216157,\"15\":-0.0000846431,\"0\":-0.0001525084,\"1\":0.0000162899,\"2\":0.0002213745,\"3\":-0.0000846617,\"4\":0.0001527743,\"5\":-0.0000162858,\"6\":-0.000220725,\"7\":0.0000847575}}"}}