{"pos2": {"stats": "{\"strand\":{\"0\":\"+\",\"1\":\"+\",\"2\":\"+\",\"3\":\"+\",\"4\":\"+\",\"5\":\"+\",\"6\":\"+\",\"7\":\"+\",\"8\":\"-\",\"9\":\"-\",\"10\":\"-\",\"11\":\"-\",\"12\":\"-\",\"13\":\"-\",\"14\":\"-\",\"15\":\"-\"},\"mut\":{\"0\":\"M\",\"1\":\"M\",\"2\":\"M\",\"3\":\"M\",\"4\":\"R\",\"5\":\"R\",\"6\":\"R\",\"7\":\"R\",\"8\":\"M\",\"9\":\"M\",\"10\":\"M\",\"11\":\"M\",\"12\":\"R\",\"13\":\"R\",\"14\":\"R\",\"15\":\"R\"},\"base\":{\"0\":\"A\",\"1\":\"C\",\"2\":\"G\",\"3\":\"T\",\"4\":\"A\",\"5\":\"C\",\"6\":\"G\",\"7\":\"T\",\"8\":\"A\",\"9\":\"C\",\"10\":\"G\",\"11\":\"T\",\"12\":\"A\",\"13\":\"C\",\"14\":\"G\",\"15\":\"T\"},\"count\":{\"0\":1971,\"1\":1689,\"2\":458,\"3\":1747,\"4\":2289,\"5\":1306,\"6\":189,\"7\":2081,\"8\":1938,\"9\":1676,\"10\":431,\"11\":1794,\"12\":2239,\"13\":1336,\"14\":205,\"15\":2059},\"fitted\":{\"0\":1973.9044654268,\"1\":1677.8632354792,\"2\":448.3340027558,\"3\":1764.8982963382,\"4\":2286.0955345732,\"5\":1317.1367645208,\"6\":198.6659972443,\"7\":2063.1017036618,\"8\":1935.0955345732,\"9\":1687.1367645208,\"10\":440.6659972442,\"11\":1776.1017036618,\"12\":2241.9044654268,\"13\":1324.8632354792,\"14\":195.3340027558,\"15\":2076.8982963382},\"ret\":{\"0\":-0.0001239887,\"1\":0.0004773429,\"2\":0.0004173554,\"3\":-0.0007607328,\"4\":0.0001241588,\"5\":-0.0004737504,\"6\":-0.000402723,\"7\":0.0007679302,\"8\":0.0001241731,\"9\":-0.0004741937,\"10\":-0.0004083733,\"11\":0.0007684628,\"12\":-0.0001239996,\"13\":0.0004777615,\"14\":0.0004229881,\"15\":-0.0007613189}}", "deviance": 2.3919484854367408, "df": 3, "rel_entropy": 5.109254283656743e-05, "formula": "count ~ strand * mut * base - strand : mut : base", "prob": 0.49513516943320102}, "pos3": {"stats": "{\"strand\":{\"0\":\"+\",\"1\":\"+\",\"2\":\"+\",\"3\":\"+\",\"4\":\"+\",\"5\":\"+\",\"6\":\"+\",\"7\":\"+\",\"8\":\"-\",\"9\":\"-\",\"10\":\"-\",\"11\":\"-\",\"12\":\"-\",\"13\":\"-\",\"14\":\"-\",\"15\":\"-\"},\"mut\":{\"0\":\"M\",\"1\":\"M\",\"2\":\"M\",\"3\":\"M\",\"4\":\"R\",\"5\":\"R\",\"6\":\"R\",\"7\":\"R\",\"8\":\"M\",\"9\":\"M\",\"10\":\"M\",\"11\":\"M\",\"12\":\"R\",\"13\":\"R\",\"14\":\"R\",\"15\":\"R\"},\"base\":{\"0\":\"A\",\"1\":\"C\",\"2\":\"G\",\"3\":\"T\",\"4\":\"A\",\"5\":\"C\",\"6\":\"G\",\"7\":\"T\",\"8\":\"A\",\"9\":\"C\",\"10\":\"G\",\"11\":\"T\",\"12\":\"A\",\"13\":\"C\",\"14\":\"G\",\"15\":\"T\"},\"count\":{\"0\":1903,\"1\":1219,\"2\":978,\"3\":1765,\"4\":1706,\"5\":1246,\"6\":1183,\"7\":1730,\"8\":1903,\"9\":1229,\"10\":962,\"11\":1745,\"12\":1676,\"13\":1220,\"14\":1191,\"15\":1752},\"fitted\":{\"0\":1910.8734900212,\"1\":1227.9380714816,\"2\":971.7577097975,\"3\":1754.4307286996,\"4\":1698.1265099788,\"5\":1237.0619285183,\"6\":1189.2422902025,\"7\":1740.5692713004,\"8\":1895.1265099788,\"9\":1220.0619285183,\"10\":968.2422902025,\"11\":1755.5692713004,\"12\":1683.8734900212,\"13\":1228.9380714816,\"14\":1184.7577097975,\"15\":1741.4307286996},\"ret\":{\"0\":-0.000335665,\"1\":-0.0003804453,\"2\":0.0002675281,\"3\":0.0004528812,\"4\":0.0003371375,\"5\":0.0003832145,\"6\":-0.0002659723,\"7\":-0.0004501502,\"8\":0.0003370567,\"9\":0.0003832336,\"10\":-0.0002658119,\"11\":-0.000450162,\"12\":-0.0003355713,\"13\":-0.0003804464,\"14\":0.0002673747,\"15\":0.0004528913}}", "deviance": 0.8002352181171108, "df": 3, "rel_entropy": 1.7093199293342253e-05, "formula": "count ~ strand * mut * base - strand : mut : base", "prob": 0.84941077148887578}, "pos0": {"stats": "{\"strand\":{\"0\":\"+\",\"1\":\"+\",\"2\":\"+\",\"3\":\"+\",\"4\":\"+\",\"5\":\"+\",\"6\":\"+\",\"7\":\"+\",\"8\":\"-\",\"9\":\"-\",\"10\":\"-\",\"11\":\"-\",\"12\":\"-\",\"13\":\"-\",\"14\":\"-\",\"15\":\"-\"},\"mut\":{\"0\":\"M\",\"1\":\"M\",\"2\":\"M\",\"3\":\"M\",\"4\":\"R\",\"5\":\"R\",\"6\":\"R\",\"7\":\"R\",\"8\":\"M\",\"9\":\"M\",\"10\":\"M\",\"11\":\"M\",\"12\":\"R\",\"13\":\"R\",\"14\":\"R\",\"15\":\"R\"},\"base\":{\"0\":\"A\",\"1\":\"C\",\"2\":\"G\",\"3\":\"T\",\"4\":\"A\",\"5\":\"C\",\"6\":\"G\",\"7\":\"T\",\"8\":\"A\",\"9\":\"C\",\"10\":\"G\",\"11\":\"T\",\"12\":\"A\",\"13\":\"C\",\"14\":\"G\",\"15\":\"T\"},\"count\":{\"0\":2168,\"1\":1063,\"2\":1037,\"3\":1597,\"4\":1673,\"5\":1285,\"6\":1116,\"7\":1791,\"8\":2121,\"9\":1009,\"10\":1059,\"11\":1650,\"12\":1672,\"13\":1237,\"14\":1112,\"15\":1818},\"fitted\":{\"0\":2157.9257971329,\"1\":1058.9670325394,\"2\":1043.6039888841,\"3\":1604.5031814436,\"4\":1683.0742028671,\"5\":1289.0329674606,\"6\":1109.3960111159,\"7\":1783.4968185564,\"8\":2131.0742028671,\"9\":1013.0329674606,\"10\":1052.3960111159,\"11\":1642.4968185564,\"12\":1661.9257971329,\"13\":1232.9670325394,\"14\":1118.6039888841,\"15\":1825.5031814436},\"ret\":{\"0\":0.0004313774,\"1\":0.0001726178,\"2\":-0.0002812308,\"3\":-0.0003197885,\"4\":-0.0004290838,\"5\":-0.0001720203,\"6\":0.0002829633,\"7\":0.0003212125,\"8\":-0.0004293555,\"9\":-0.0001719467,\"10\":0.0002830086,\"11\":0.0003212702,\"12\":0.0004316761,\"13\":0.0001725716,\"14\":-0.0002812908,\"15\":-0.0003198795}}", "deviance": 0.5665499976768995, "df": 3, "rel_entropy": 1.2101631871088933e-05, "formula": "count ~ strand * mut * base - strand : mut : base", "prob": 0.90404543179480046}, "pos1": {"stats": "{\"strand\":{\"0\":\"+\",\"1\":\"+\",\"2\":\"+\",\"3\":\"+\",\"4\":\"+\",\"5\":\"+\",\"6\":\"+\",\"7\":\"+\",\"8\":\"-\",\"9\":\"-\",\"10\":\"-\",\"11\":\"-\",\"12\":\"-\",\"13\":\"-\",\"14\":\"-\",\"15\":\"-\"},\"mut\":{\"0\":\"M\",\"1\":\"M\",\"2\":\"M\",\"3\":\"M\",\"4\":\"R\",\"5\":\"R\",\"6\":\"R\",\"7\":\"R\",\"8\":\"M\",\"9\":\"M\",\"10\":\"M\",\"11\":\"M\",\"12\":\"R\",\"13\":\"R\",\"14\":\"R\",\"15\":\"R\"},\"base\":{\"0\":\"A\",\"1\":\"C\",\"2\":\"G\",\"3\":\"T\",\"4\":\"A\",\"5\":\"C\",\"6\":\"G\",\"7\":\"T\",\"8\":\"A\",\"9\":\"C\",\"10\":\"G\",\"11\":\"T\",\"12\":\"A\",\"13\":\"C\",\"14\":\"G\",\"15\":\"T\"},\"count\":{\"0\":1768,\"1\":1185,\"2\":1342,\"3\":1570,\"4\":1512,\"5\":1455,\"6\":1149,\"7\":1749,\"8\":1857,\"9\":1117,\"10\":1278,\"11\":1587,\"12\":1619,\"13\":1378,\"14\":1077,\"15\":1765},\"fitted\":{\"0\":1761.1083996029,\"1\":1184.4020894181,\"2\":1347.617805118,\"3\":1571.8717058611,\"4\":1518.8916003971,\"5\":1455.5979105819,\"6\":1143.3821948821,\"7\":1747.1282941389,\"8\":1863.8916003971,\"9\":1117.5979105819,\"10\":1272.3821948821,\"11\":1585.1282941389,\"12\":1612.1083996029,\"13\":1377.4020894181,\"14\":1082.617805118,\"15\":1766.8717058611},\"ret\":{\"0\":0.0002949875,\"1\":0.0000255494,\"2\":-0.0002394942,\"3\":-0.0000799125,\"4\":-0.0002937433,\"5\":-0.0000255378,\"6\":0.0002405837,\"7\":0.0000800029,\"8\":-0.0002938672,\"9\":-0.0000255362,\"10\":0.0002405241,\"11\":0.0000800073,\"12\":0.0002950406,\"13\":0.0000255485,\"14\":-0.0002393713,\"15\":-0.0000799177}}", "deviance": 0.22771245885983493, "df": 3, "rel_entropy": 4.863987928482462e-06, "formula": "count ~ strand * mut * base - strand : mut : base", "prob": 0.97299623137865809}}