{"pos3": {"formula": "count ~ mut * base - mut : base", "df": 3, "stats": "{\"mut\":{\"0\":\"M\",\"1\":\"M\",\"2\":\"M\",\"3\":\"M\",\"4\":\"R\",\"5\":\"R\",\"6\":\"R\",\"7\":\"R\"},\"base\":{\"0\":\"A\",\"1\":\"C\",\"2\":\"G\",\"3\":\"T\",\"4\":\"A\",\"5\":\"C\",\"6\":\"G\",\"7\":\"T\"},\"count\":{\"0\":3156,\"1\":4403,\"2\":3612,\"3\":4755,\"4\":4805,\"5\":3347,\"6\":3752,\"7\":4022},\"fitted\":{\"0\":3980.5,\"1\":3875.0,\"2\":3682.0,\"3\":4388.5,\"4\":3980.5,\"5\":3875.0,\"6\":3682.0,\"7\":4388.5},\"ret\":{\"0\":-0.0229974265,\"1\":0.0176579575,\"2\":-0.0021766402,\"3\":0.0119739673,\"4\":0.0283981961,\"5\":-0.0153922112,\"6\":0.0022184234,\"7\":-0.0110119097}}", "deviance": 552.3364085503174, "prob": 2.1652042227428443e-119, "rel_entropy": 0.00867035678372343}, "pos1": {"formula": "count ~ mut * base - mut : base", "df": 3, "stats": "{\"mut\":{\"0\":\"M\",\"1\":\"M\",\"2\":\"M\",\"3\":\"M\",\"4\":\"R\",\"5\":\"R\",\"6\":\"R\",\"7\":\"R\"},\"base\":{\"0\":\"A\",\"1\":\"C\",\"2\":\"G\",\"3\":\"T\",\"4\":\"A\",\"5\":\"C\",\"6\":\"G\",\"7\":\"T\"},\"count\":{\"0\":3550,\"1\":3352,\"2\":5230,\"3\":3794,\"4\":5389,\"5\":786,\"6\":4063,\"7\":5688},\"fitted\":{\"0\":4469.5,\"1\":2069.0,\"2\":4646.5,\"3\":4741.0,\"4\":4469.5,\"5\":2069.0,\"6\":4646.5,\"7\":4741.0},\"ret\":{\"0\":-0.0256708447,\"1\":0.0507758527,\"2\":0.0194240069,\"3\":-0.0265417068,\"4\":0.0316523882,\"5\":-0.0238836184,\"6\":-0.0171174388,\"7\":0.0325205683}}", "deviance": 2622.0061492976824, "prob": 0, "rel_entropy": 0.04115920741708028}, "pos0": {"formula": "count ~ mut * base - mut : base", "df": 3, "stats": "{\"mut\":{\"0\":\"M\",\"1\":\"M\",\"2\":\"M\",\"3\":\"M\",\"4\":\"R\",\"5\":\"R\",\"6\":\"R\",\"7\":\"R\"},\"base\":{\"0\":\"A\",\"1\":\"C\",\"2\":\"G\",\"3\":\"T\",\"4\":\"A\",\"5\":\"C\",\"6\":\"G\",\"7\":\"T\"},\"count\":{\"0\":3891,\"1\":4354,\"2\":4214,\"3\":3467,\"4\":4560,\"5\":3604,\"6\":3607,\"7\":4155},\"fitted\":{\"0\":4225.5000000498,\"1\":3979.0000001931,\"2\":3910.5000000392,\"3\":3811.0000001304,\"4\":4225.5000000521,\"5\":3979.0000001953,\"6\":3910.5000000414,\"7\":3811.0000001325},\"ret\":{\"0\":-0.0100746022,\"1\":0.0123113316,\"2\":0.0098889917,\"3\":-0.0102971549,\"4\":0.0109068103,\"5\":-0.0112001204,\"6\":-0.0091487301,\"7\":0.0112733408}}", "deviance": 233.14815193485708, "prob": 2.8848884591661042e-50, "rel_entropy": 0.003659866757736674}, "pos2": {"formula": "count ~ mut * base - mut : base", "df": 3, "stats": "{\"mut\":{\"0\":\"M\",\"1\":\"M\",\"2\":\"M\",\"3\":\"M\",\"4\":\"R\",\"5\":\"R\",\"6\":\"R\",\"7\":\"R\"},\"base\":{\"0\":\"A\",\"1\":\"C\",\"2\":\"G\",\"3\":\"T\",\"4\":\"A\",\"5\":\"C\",\"6\":\"G\",\"7\":\"T\"},\"count\":{\"0\":3163,\"1\":5073,\"2\":4089,\"3\":3601,\"4\":4580,\"5\":3326,\"6\":4077,\"7\":3943},\"fitted\":{\"0\":3871.5,\"1\":4199.5,\"2\":4083.0,\"3\":3772.0,\"4\":3871.5,\"5\":4199.5,\"6\":4083.0,\"7\":3772.0},\"ret\":{\"0\":-0.0200712354,\"1\":0.0300963526,\"2\":0.0001885096,\"3\":-0.0052450082,\"4\":0.0241649165,\"5\":-0.0243503349,\"6\":-0.0001882327,\"7\":0.0054884711}}", "deviance": 642.3553570674418, "prob": 6.6192496960432416e-139, "rel_entropy": 0.010083438356577951}}