{"pos2": {"formula": "count ~ mut * base - mut : base", "stats": "{\"mut\":{\"0\":\"M\",\"1\":\"M\",\"2\":\"M\",\"3\":\"M\",\"4\":\"R\",\"5\":\"R\",\"6\":\"R\",\"7\":\"R\"},\"base\":{\"0\":\"A\",\"1\":\"C\",\"2\":\"G\",\"3\":\"T\",\"4\":\"A\",\"5\":\"C\",\"6\":\"G\",\"7\":\"T\"},\"count\":{\"0\":5133,\"1\":3925,\"2\":5731,\"3\":3740,\"4\":5320,\"5\":3860,\"6\":4711,\"7\":4638},\"fitted\":{\"0\":5226.5,\"1\":3892.5,\"2\":5221.0,\"3\":4189.0,\"4\":5226.5,\"5\":3892.5,\"6\":5221.0,\"7\":4189.0},\"ret\":{\"0\":-0.0025003678,\"1\":0.0008806547,\"2\":0.0144134977,\"3\":-0.0114422756,\"4\":0.0025455069,\"5\":-0.0008733322,\"6\":-0.0130670253,\"7\":0.0127434484}}", "deviance": 200.12111739126652, "prob": 3.971843654897415e-43, "df": 3, "rel_entropy": 0.002700106824319533}, "pos1": {"formula": "count ~ mut * base - mut : base", "stats": "{\"mut\":{\"0\":\"M\",\"1\":\"M\",\"2\":\"M\",\"3\":\"M\",\"4\":\"R\",\"5\":\"R\",\"6\":\"R\",\"7\":\"R\"},\"base\":{\"0\":\"A\",\"1\":\"C\",\"2\":\"G\",\"3\":\"T\",\"4\":\"A\",\"5\":\"C\",\"6\":\"G\",\"7\":\"T\"},\"count\":{\"0\":6124,\"1\":2954,\"2\":5096,\"3\":4355,\"4\":6272,\"5\":925,\"6\":4728,\"7\":6604},\"fitted\":{\"0\":6197.9999999911,\"1\":1939.5000030073,\"2\":4911.999999993,\"3\":5479.4999999922,\"4\":6198.0000000092,\"5\":1939.500003013,\"6\":4912.0000000073,\"7\":5479.5000000082},\"ret\":{\"0\":-0.0019849014,\"1\":0.033537599,\"2\":0.005057046,\"3\":-0.0269927321,\"4\":0.0020087433,\"5\":-0.0184808238,\"6\":-0.00487101,\"7\":0.0332644414}}", "deviance": 1596.337278519048, "prob": 0, "df": 3, "rel_entropy": 0.021538362546805655}, "pos0": {"formula": "count ~ mut * base - mut : base", "stats": "{\"mut\":{\"0\":\"M\",\"1\":\"M\",\"2\":\"M\",\"3\":\"M\",\"4\":\"R\",\"5\":\"R\",\"6\":\"R\",\"7\":\"R\"},\"base\":{\"0\":\"A\",\"1\":\"C\",\"2\":\"G\",\"3\":\"T\",\"4\":\"A\",\"5\":\"C\",\"6\":\"G\",\"7\":\"T\"},\"count\":{\"0\":4105,\"1\":5609,\"2\":4370,\"3\":4445,\"4\":5303,\"5\":4193,\"6\":4198,\"7\":4835},\"fitted\":{\"0\":4704.0,\"1\":4901.0,\"2\":4284.0,\"3\":4640.0,\"4\":4704.0,\"5\":4901.0,\"6\":4284.0,\"7\":4640.0},\"ret\":{\"0\":-0.0150880149,\"1\":0.0204231268,\"2\":0.0023438257,\"3\":-0.0051498689,\"4\":0.0171518933,\"5\":-0.0176535051,\"6\":-0.0022972355,\"7\":0.005371075}}", "deviance": 378.0876922839807, "prob": 1.23361957568884e-81, "df": 3, "rel_entropy": 0.005101296512007943}, "pos3": {"formula": "count ~ mut * base - mut : base", "stats": "{\"mut\":{\"0\":\"M\",\"1\":\"M\",\"2\":\"M\",\"3\":\"M\",\"4\":\"R\",\"5\":\"R\",\"6\":\"R\",\"7\":\"R\"},\"base\":{\"0\":\"A\",\"1\":\"C\",\"2\":\"G\",\"3\":\"T\",\"4\":\"A\",\"5\":\"C\",\"6\":\"G\",\"7\":\"T\"},\"count\":{\"0\":3561,\"1\":4232,\"2\":5752,\"3\":4984,\"4\":5559,\"5\":3886,\"6\":4369,\"7\":4715},\"fitted\":{\"0\":4560.0,\"1\":4059.0,\"2\":5060.5,\"3\":4849.5,\"4\":4560.0,\"5\":4059.0,\"6\":5060.5,\"7\":4849.5},\"ret\":{\"0\":-0.0237618982,\"1\":0.0047664595,\"2\":0.0198804455,\"3\":0.0036793178,\"4\":0.0297159455,\"5\":-0.0045674276,\"6\":-0.0173226338,\"7\":-0.0035786429}}", "deviance": 653.0780227039634, "prob": 3.133251926892599e-141, "df": 3, "rel_entropy": 0.00881156596017005}}