{"('pos0', 'pos3')": {"formula": "count ~ mut * base1 * base2 - mut : base1 : base2", "stats": "{\"mut\":{\"0\":\"M\",\"1\":\"M\",\"2\":\"M\",\"3\":\"M\",\"4\":\"M\",\"5\":\"M\",\"6\":\"M\",\"7\":\"M\",\"8\":\"M\",\"9\":\"M\",\"10\":\"M\",\"11\":\"M\",\"12\":\"M\",\"13\":\"M\",\"14\":\"M\",\"15\":\"M\",\"16\":\"R\",\"17\":\"R\",\"18\":\"R\",\"19\":\"R\",\"20\":\"R\",\"21\":\"R\",\"22\":\"R\",\"23\":\"R\",\"24\":\"R\",\"25\":\"R\",\"26\":\"R\",\"27\":\"R\",\"28\":\"R\",\"29\":\"R\",\"30\":\"R\",\"31\":\"R\"},\"base1\":{\"0\":\"A\",\"1\":\"A\",\"2\":\"A\",\"3\":\"A\",\"4\":\"C\",\"5\":\"C\",\"6\":\"C\",\"7\":\"C\",\"8\":\"G\",\"9\":\"G\",\"10\":\"G\",\"11\":\"G\",\"12\":\"T\",\"13\":\"T\",\"14\":\"T\",\"15\":\"T\",\"16\":\"A\",\"17\":\"A\",\"18\":\"A\",\"19\":\"A\",\"20\":\"C\",\"21\":\"C\",\"22\":\"C\",\"23\":\"C\",\"24\":\"G\",\"25\":\"G\",\"26\":\"G\",\"27\":\"G\",\"28\":\"T\",\"29\":\"T\",\"30\":\"T\",\"31\":\"T\"},\"base2\":{\"0\":\"A\",\"1\":\"C\",\"2\":\"G\",\"3\":\"T\",\"4\":\"A\",\"5\":\"C\",\"6\":\"G\",\"7\":\"T\",\"8\":\"A\",\"9\":\"C\",\"10\":\"G\",\"11\":\"T\",\"12\":\"A\",\"13\":\"C\",\"14\":\"G\",\"15\":\"T\",\"16\":\"A\",\"17\":\"C\",\"18\":\"G\",\"19\":\"T\",\"20\":\"A\",\"21\":\"C\",\"22\":\"G\",\"23\":\"T\",\"24\":\"A\",\"25\":\"C\",\"26\":\"G\",\"27\":\"T\",\"28\":\"A\",\"29\":\"C\",\"30\":\"G\",\"31\":\"T\"},\"count\":{\"0\":789,\"1\":869,\"2\":1228,\"3\":1219,\"4\":1058,\"5\":1254,\"6\":1699,\"7\":1598,\"8\":888,\"9\":1064,\"10\":1378,\"11\":1040,\"12\":826,\"13\":1045,\"14\":1447,\"15\":1127,\"16\":1720,\"17\":1051,\"18\":1201,\"19\":1331,\"20\":1166,\"21\":939,\"22\":1089,\"23\":999,\"24\":1153,\"25\":929,\"26\":1044,\"27\":1072,\"28\":1520,\"29\":967,\"30\":1035,\"31\":1313},\"fitted\":{\"0\":841.2424659317,\"1\":879.9116806429,\"2\":1228.8600242153,\"3\":1154.9858292131,\"4\":1026.6300374663,\"5\":1293.5011356718,\"6\":1770.658199402,\"7\":1518.2106274614,\"8\":817.6097815447,\"9\":1053.2986331488,\"10\":1394.2638204233,\"11\":1104.8277648949,\"12\":875.5177150704,\"13\":1005.2885505366,\"14\":1358.217955965,\"15\":1205.9757784364,\"16\":1667.7575340708,\"17\":1040.0883193571,\"18\":1200.1399757848,\"19\":1395.0141707878,\"20\":1197.3699625338,\"21\":899.4988643289,\"22\":1017.3418006022,\"23\":1078.7893725457,\"24\":1223.3902184673,\"25\":939.7013668513,\"26\":1027.7361795767,\"27\":1007.1722351085,\"28\":1470.4822849307,\"29\":1006.7114494636,\"30\":1123.7820440508,\"31\":1234.0242215697},\"ret\":{\"0\":-0.0013650395,\"1\":-0.0002926154,\"2\":-0.0000231994,\"3\":0.0017744143,\"4\":0.0008593132,\"5\":-0.0010494834,\"6\":-0.0018940104,\"7\":0.0022087063,\"8\":0.0019789753,\"9\":0.0002902355,\"10\":-0.000436305,\"11\":-0.0016970017,\"12\":-0.0012977016,\"13\":0.0010924948,\"14\":0.002472408,\"15\":-0.0020597836,\"16\":0.0014316018,\"17\":0.0002959879,\"18\":0.0000232158,\"19\":-0.0016871509,\"20\":-0.0008353229,\"21\":0.001088997,\"22\":0.0020002329,\"23\":-0.0020714318,\"24\":-0.0018437369,\"25\":-0.0002871229,\"26\":0.0004423291,\"27\":0.0018044888,\"28\":0.0013584719,\"29\":-0.0010501835,\"30\":-0.0022985277,\"31\":0.0021979248}}", "deviance": 83.83859294769029, "prob": 2.7821159006696244e-14, "df": 9, "rel_entropy": 0.001131180756485648}, "('pos0', 'pos2')": {"formula": "count ~ mut * base1 * base2 - mut : base1 : base2", "stats": "{\"mut\":{\"0\":\"M\",\"1\":\"M\",\"2\":\"M\",\"3\":\"M\",\"4\":\"M\",\"5\":\"M\",\"6\":\"M\",\"7\":\"M\",\"8\":\"M\",\"9\":\"M\",\"10\":\"M\",\"11\":\"M\",\"12\":\"M\",\"13\":\"M\",\"14\":\"M\",\"15\":\"M\",\"16\":\"R\",\"17\":\"R\",\"18\":\"R\",\"19\":\"R\",\"20\":\"R\",\"21\":\"R\",\"22\":\"R\",\"23\":\"R\",\"24\":\"R\",\"25\":\"R\",\"26\":\"R\",\"27\":\"R\",\"28\":\"R\",\"29\":\"R\",\"30\":\"R\",\"31\":\"R\"},\"base1\":{\"0\":\"A\",\"1\":\"A\",\"2\":\"A\",\"3\":\"A\",\"4\":\"C\",\"5\":\"C\",\"6\":\"C\",\"7\":\"C\",\"8\":\"G\",\"9\":\"G\",\"10\":\"G\",\"11\":\"G\",\"12\":\"T\",\"13\":\"T\",\"14\":\"T\",\"15\":\"T\",\"16\":\"A\",\"17\":\"A\",\"18\":\"A\",\"19\":\"A\",\"20\":\"C\",\"21\":\"C\",\"22\":\"C\",\"23\":\"C\",\"24\":\"G\",\"25\":\"G\",\"26\":\"G\",\"27\":\"G\",\"28\":\"T\",\"29\":\"T\",\"30\":\"T\",\"31\":\"T\"},\"base2\":{\"0\":\"A\",\"1\":\"C\",\"2\":\"G\",\"3\":\"T\",\"4\":\"A\",\"5\":\"C\",\"6\":\"G\",\"7\":\"T\",\"8\":\"A\",\"9\":\"C\",\"10\":\"G\",\"11\":\"T\",\"12\":\"A\",\"13\":\"C\",\"14\":\"G\",\"15\":\"T\",\"16\":\"A\",\"17\":\"C\",\"18\":\"G\",\"19\":\"T\",\"20\":\"A\",\"21\":\"C\",\"22\":\"G\",\"23\":\"T\",\"24\":\"A\",\"25\":\"C\",\"26\":\"G\",\"27\":\"T\",\"28\":\"A\",\"29\":\"C\",\"30\":\"G\",\"31\":\"T\"},\"count\":{\"0\":1249,\"1\":839,\"2\":1303,\"3\":714,\"4\":1340,\"5\":1330,\"6\":1658,\"7\":1281,\"8\":1224,\"9\":936,\"10\":1464,\"11\":746,\"12\":1320,\"13\":820,\"14\":1306,\"15\":999,\"16\":1537,\"17\":1102,\"18\":1249,\"19\":1415,\"20\":1044,\"21\":986,\"22\":1148,\"23\":1015,\"24\":1343,\"25\":789,\"26\":1131,\"27\":935,\"28\":1396,\"29\":983,\"30\":1183,\"31\":1273},\"fitted\":{\"0\":1201.3659333395,\"1\":849.7487400024,\"2\":1236.3510549032,\"3\":817.5342719091,\"4\":1352.2747944182,\"5\":1328.885927525,\"6\":1736.8998235809,\"7\":1190.9394544998,\"8\":1288.8251284285,\"9\":877.6149017258,\"10\":1441.5916650521,\"11\":761.9683047974,\"12\":1290.534143817,\"13\":868.7504307506,\"14\":1316.1574564684,\"15\":969.5579689667,\"16\":1584.6340666641,\"17\":1091.2512599997,\"18\":1315.6489451005,\"19\":1311.4657283258,\"20\":1031.7252055822,\"21\":987.1140724756,\"22\":1069.1001764231,\"23\":1105.0605455286,\"24\":1278.1748715726,\"25\":847.3850982805,\"26\":1153.4083349484,\"27\":919.0316952049,\"28\":1425.4658561832,\"29\":934.2495692506,\"30\":1172.842543532,\"31\":1302.4420310366},\"ret\":{\"0\":0.0013105448,\"1\":-0.0002882095,\"2\":0.0018461319,\"3\":-0.0026089547,\"4\":-0.0003297241,\"5\":0.0000300755,\"6\":-0.0020799832,\"7\":0.0025199166,\"8\":-0.0017045389,\"9\":0.0016267878,\"10\":0.0006093583,\"11\":-0.0004263534,\"12\":0.0008041371,\"13\":-0.0012778961,\"14\":-0.0002730358,\"15\":0.0008064277,\"16\":-0.0012658763,\"17\":0.0002914756,\"18\":-0.0017521594,\"19\":0.002901332,\"20\":0.0003331946,\"21\":-0.000030046,\"22\":0.0022057895,\"23\":-0.0023284226,\"24\":0.0017929162,\"25\":-0.0015199381,\"26\":-0.0005987705,\"27\":0.0004346223,\"28\":-0.0007868528,\"29\":0.0013492579,\"30\":0.0002752797,\"31\":-0.000785437}}", "deviance": 80.12304302237744, "prob": 1.5276851343032504e-13, "df": 9, "rel_entropy": 0.0010810492069509613}, "('pos0', 'pos1')": {"formula": "count ~ mut * base1 * base2 - mut : base1 : base2",