{"pos2": {"stats": "{\"group\":{\"0\":\"1\",\"1\":\"1\",\"2\":\"1\",\"3\":\"1\",\"4\":\"1\",\"5\":\"1\",\"6\":\"1\",\"7\":\"1\",\"8\":\"2\",\"9\":\"2\",\"10\":\"2\",\"11\":\"2\",\"12\":\"2\",\"13\":\"2\",\"14\":\"2\",\"15\":\"2\"},\"mut\":{\"0\":\"M\",\"1\":\"M\",\"2\":\"M\",\"3\":\"M\",\"4\":\"R\",\"5\":\"R\",\"6\":\"R\",\"7\":\"R\",\"8\":\"M\",\"9\":\"M\",\"10\":\"M\",\"11\":\"M\",\"12\":\"R\",\"13\":\"R\",\"14\":\"R\",\"15\":\"R\"},\"base\":{\"0\":\"A\",\"1\":\"C\",\"2\":\"G\",\"3\":\"T\",\"4\":\"A\",\"5\":\"C\",\"6\":\"G\",\"7\":\"T\",\"8\":\"A\",\"9\":\"C\",\"10\":\"G\",\"11\":\"T\",\"12\":\"A\",\"13\":\"C\",\"14\":\"G\",\"15\":\"T\"},\"count\":{\"0\":53073,\"1\":44132,\"2\":84026,\"3\":95800,\"4\":60867,\"5\":55762,\"6\":68770,\"7\":91632,\"8\":993,\"9\":2230,\"10\":3721,\"11\":2207,\"12\":1583,\"13\":2270,\"14\":2704,\"15\":2594},\"fitted\":{\"0\":52875.1562606092,\"1\":44371.1191458003,\"2\":84217.0770516246,\"3\":95567.6475419649,\"4\":61064.8437393901,\"5\":55522.8808541994,\"6\":68578.922948375,\"7\":91864.3524580344,\"8\":1190.8437393905,\"9\":1990.8808541995,\"10\":3529.9229483752,\"11\":2439.3524580348,\"12\":1385.1562606095,\"13\":2509.1191458005,\"14\":2895.0770516248,\"15\":2361.6475419652},\"ret\":{\"0\":0.0003463066,\"1\":-0.0004166469,\"2\":-0.0003334593,\"3\":0.0004064454,\"4\":-0.0003451001,\"5\":0.0004186729,\"6\":0.000334303,\"7\":-0.0004054384,\"8\":-0.0003152101,\"9\":0.0004419153,\"10\":0.000342715,\"11\":-0.0003859736,\"12\":0.0003692484,\"13\":-0.0003972033,\"14\":-0.0003225709,\"15\":0.0004252977}}", "deviance": 186.9360652890271, "df": 3, "rel_entropy": 0.00016330173219229993, "formula": "count ~ group * mut * base - group : mut : base", "prob": 2.8018227825413829e-40}, "pos3": {"stats": "{\"group\":{\"0\":\"1\",\"1\":\"1\",\"2\":\"1\",\"3\":\"1\",\"4\":\"1\",\"5\":\"1\",\"6\":\"1\",\"7\":\"1\",\"8\":\"2\",\"9\":\"2\",\"10\":\"2\",\"11\":\"2\",\"12\":\"2\",\"13\":\"2\",\"14\":\"2\",\"15\":\"2\"},\"mut\":{\"0\":\"M\",\"1\":\"M\",\"2\":\"M\",\"3\":\"M\",\"4\":\"R\",\"5\":\"R\",\"6\":\"R\",\"7\":\"R\",\"8\":\"M\",\"9\":\"M\",\"10\":\"M\",\"11\":\"M\",\"12\":\"R\",\"13\":\"R\",\"14\":\"R\",\"15\":\"R\"},\"base\":{\"0\":\"A\",\"1\":\"C\",\"2\":\"G\",\"3\":\"T\",\"4\":\"A\",\"5\":\"C\",\"6\":\"G\",\"7\":\"T\",\"8\":\"A\",\"9\":\"C\",\"10\":\"G\",\"11\":\"T\",\"12\":\"A\",\"13\":\"C\",\"14\":\"G\",\"15\":\"T\"},\"count\":{\"0\":78871,\"1\":52667,\"2\":53416,\"3\":92077,\"4\":75307,\"5\":57442,\"6\":49477,\"7\":94805,\"8\":2007,\"9\":2548,\"10\":2195,\"11\":2401,\"12\":2332,\"13\":2318,\"14\":1749,\"15\":2752},\"fitted\":{\"0\":78661.2542359925,\"1\":52874.9607636635,\"2\":53555.4403600612,\"3\":91939.3446402834,\"4\":75516.745764008,\"5\":57234.0392363367,\"6\":49337.5596399388,\"7\":94942.6553597169,\"8\":2216.7457641403,\"9\":2340.0392363887,\"10\":2055.559639949,\"11\":2538.6553597182,\"12\":2122.2542361185,\"13\":2525.9607637195,\"14\":1888.4403600706,\"15\":2614.3446402845},\"ret\":{\"0\":0.0003669433,\"1\":-0.0003626211,\"2\":-0.0002433044,\"3\":0.0002406831,\"4\":-0.0003659458,\"5\":0.0003639959,\"6\":0.0002439658,\"7\":-0.0002403287,\"8\":-0.0003485442,\"9\":0.0003790234,\"10\":0.0002517042,\"11\":-0.0002338615,\"12\":0.0003839951,\"13\":-0.0003479517,\"14\":-0.0002343975,\"15\":0.0002467266}}", "deviance": 114.567227506228, "df": 3, "rel_entropy": 0.00010008248903340182, "formula": "count ~ group * mut * base - group : mut : base", "prob": 1.1409200678430807e-24}, "pos0": {"stats": "{\"group\":{\"0\":\"1\",\"1\":\"1\",\"2\":\"1\",\"3\":\"1\",\"4\":\"1\",\"5\":\"1\",\"6\":\"1\",\"7\":\"1\",\"8\":\"2\",\"9\":\"2\",\"10\":\"2\",\"11\":\"2\",\"12\":\"2\",\"13\":\"2\",\"14\":\"2\",\"15\":\"2\"},\"mut\":{\"0\":\"M\",\"1\":\"M\",\"2\":\"M\",\"3\":\"M\",\"4\":\"R\",\"5\":\"R\",\"6\":\"R\",\"7\":\"R\",\"8\":\"M\",\"9\":\"M\",\"10\":\"M\",\"11\":\"M\",\"12\":\"R\",\"13\":\"R\",\"14\":\"R\",\"15\":\"R\"},\"base\":{\"0\":\"A\",\"1\":\"C\",\"2\":\"G\",\"3\":\"T\",\"4\":\"A\",\"5\":\"C\",\"6\":\"G\",\"7\":\"T\",\"8\":\"A\",\"9\":\"C\",\"10\":\"G\",\"11\":\"T\",\"12\":\"A\",\"13\":\"C\",\"14\":\"G\",\"15\":\"T\"},\"count\":{\"0\":85957,\"1\":52020,\"2\":46257,\"3\":92797,\"4\":76105,\"5\":55483,\"6\":50607,\"7\":94836,\"8\":2326,\"9\":2309,\"10\":2288,\"11\":2228,\"12\":2253,\"13\":2239,\"14\":1993,\"15\":2666},\"fitted\":{\"0\":85844.6308479381,\"1\":52111.5642124889,\"2\":46478.7703708297,\"3\":92596.0345687436,\"4\":76217.3691520618,\"5\":55391.4357875116,\"6\":50385.2296291706,\"7\":95036.9654312573,\"8\":2438.3691520616,\"9\":2217.4357875113,\"10\":2066.2296291704,\"11\":2428.9654312567,\"12\":2140.6308479384,\"13\":2330.5642124887,\"14\":2214.7703708296,\"15\":2465.0345687433},\"ret\":{\"0\":0.0001964531,\"1\":-0.0001598349,\"2\":-0.000386538,\"3\":0.0003514955,\"4\":-0.0001961798,\"5\":0.0001601076,\"6\":0.0003883153,\"7\":-0.0003507432,\"8\":-0.0001917298,\"9\":0.0001632339,\"10\":0.0004075509,\"11\":-0.0003361716,\"12\":0.0002013896,\"13\":-0.0001567909,\"14\":-0.000367383,\"15\":0.0003650535}}", "deviance": 100.99715228630268, "df": 3, "rel_entropy": 8.822807888537948e-05, "formula": "count ~ group * mut * base - group : mut : base", "prob": 9.485923424659436e-22}, "pos1": {"stats": "{\"group\":{\"0\":\"1\",\"1\":\"1\",\"2\":\"1\",\"3\":\"1\",\"4\":\"1\",\"5\":\"1\",\"6\":\"1\",\"7\":\"1\",\"8\":\"2\",\"9\":\"2\",\"10\":\"2\",\"11\":\"2\",\"12\":\"2\",\"13\":\"2\",\"14\":\"2\",\"15\":\"2\"},\"mut\":{\"0\":\"M\",\"1\":\"M\",\"2\":\"M\",\"3\":\"M\",\"4\":\"R\",\"5\":\"R\",\"6\":\"R\",\"7\":\"R\",\"8\":\"M\",\"9\":\"M\",\"10\":\"M\",\"11\":\"M\",\"12\":\"R\",\"13\":\"R\",\"14\":\"R\",\"15\":\"R\"},\"base\":{\"0\":\"A\",\"1\":\"C\",\"2\":\"G\",\"3\":\"T\",\"4\":\"A\",\"5\":\"C\",\"6\":\"G\",\"7\":\"T\",\"8\":\"A\",\"9\":\"C\",\"10\":\"G\",\"11\":\"T\",\"12\":\"A\",\"13\":\"C\",\"14\":\"G\",\"15\":\"T\"},\"count\":{\"0\":69047,\"1\":59298,\"2\":46513,\"3\":102173,\"4\":71066,\"5\":66318,\"6\":48315,\"7\":91332,\"8\":1761,\"9\":2873,\"10\":2068,\"11\":2449,\"12\":2050,\"13\":2672,\"14\":1749,\"15\":2680},\"fitted\":{\"0\":68919.105459119,\"1\":59522.7148158051,\"2\":46687.3932935881,\"3\":101901.7864314865,\"4\":71193.89454088,\"5\":66093.2851841946,\"6\":48140.6067064116,\"7\":91603.2135685128,\"8\":1888.8945408802,\"9\":2648.2851841948,\"10\":1893.6067064118,\"11\":2720.2135685131,\"12\":1922.1054591198,\"13\":2896.7148158052,\"14\":1923.3932935882,\"15\":2408.7864314868},\"ret\":{\"0\":0.0002236569,\"1\":-0.0003918662,\"2\":-0.0003041197,\"3\":0.0004744781,\"4\":-0.0002232488,\"5\":0.0003932749,\"6\":0.0003052407,\"7\":-0.0004731459,\"8\":-0.0002157082,\"9\":0.0004088131,\"10\":0.0003183079,\"11\":-0.0004493993,\"12\":0.0002307241,\"13\":-0.00037697,\"14\":-0.000290439,\"15\":0.0004995758}}", "deviance": 147.8695268519105, "df": 3, "rel_entropy": 0.00012917437753938972, "formula": "count ~ group * mut * base - group : mut : base", "prob": 7.5914967310677499e-32}}