{"pos2": {"stats": "{\"mut\":{\"0\":\"M\",\"1\":\"M\",\"2\":\"M\",\"3\":\"M\",\"4\":\"R\",\"5\":\"R\",\"6\":\"R\",\"7\":\"R\"},\"base\":{\"0\":\"A\",\"1\":\"C\",\"2\":\"G\",\"3\":\"T\",\"4\":\"A\",\"5\":\"C\",\"6\":\"G\",\"7\":\"T\"},\"count\":{\"0\":1587,\"1\":1278,\"2\":1117,\"3\":1857,\"4\":1765,\"5\":1077,\"6\":1378,\"7\":1619},\"fitted\":{\"0\":1676.0000000021,\"1\":1177.5000000268,\"2\":1247.5000001416,\"3\":1738.0000000079,\"4\":1675.9999999996,\"5\":1177.500000025,\"6\":1247.5000001397,\"7\":1738.0000000052},\"ret\":{\"0\":-0.0074151359,\"1\":0.0089631606,\"2\":-0.0105688429,\"3\":0.0105312565,\"4\":0.0078200304,\"5\":-0.0082277477,\"6\":0.0117399775,\"7\":-0.0098329992}}", "deviance": 70.29453884215962, "df": 3, "rel_entropy": 0.0030096993852611587, "formula": "count ~ mut * base - mut : base", "prob": 3.691366461857327e-15}, "pos3": {"stats": "{\"mut\":{\"0\":\"M\",\"1\":\"M\",\"2\":\"M\",\"3\":\"M\",\"4\":\"R\",\"5\":\"R\",\"6\":\"R\",\"7\":\"R\"},\"base\":{\"0\":\"A\",\"1\":\"C\",\"2\":\"G\",\"3\":\"T\",\"4\":\"A\",\"5\":\"C\",\"6\":\"G\",\"7\":\"T\"},\"count\":{\"0\":1650,\"1\":1059,\"2\":1009,\"3\":2121,\"4\":1818,\"5\":1112,\"6\":1237,\"7\":1672},\"fitted\":{\"0\":1734.0,\"1\":1085.5,\"2\":1123.0,\"3\":1896.5,\"4\":1734.0,\"5\":1085.5,\"6\":1123.0,\"7\":1896.5},\"ret\":{\"0\":-0.0070159038,\"1\":-0.002241297,\"2\":-0.0092487866,\"3\":0.0203196074,\"4\":0.0073644906,\"5\":0.0022967005,\"6\":0.0102414679,\"7\":-0.0180385817}}", "deviance": 85.8962981004052, "df": 3, "rel_entropy": 0.0036776972983561056, "formula": "count ~ mut * base - mut : base", "prob": 1.6663019669166278e-18}, "pos0": {"stats": "{\"mut\":{\"0\":\"M\",\"1\":\"M\",\"2\":\"M\",\"3\":\"M\",\"4\":\"R\",\"5\":\"R\",\"6\":\"R\",\"7\":\"R\"},\"base\":{\"0\":\"A\",\"1\":\"C\",\"2\":\"G\",\"3\":\"T\",\"4\":\"A\",\"5\":\"C\",\"6\":\"G\",\"7\":\"T\"},\"count\":{\"0\":1745,\"1\":962,\"2\":1229,\"3\":1903,\"4\":1752,\"5\":1191,\"6\":1220,\"7\":1676},\"fitted\":{\"0\":1748.5,\"1\":1076.5,\"2\":1224.5,\"3\":1789.5,\"4\":1748.5,\"5\":1076.5,\"6\":1224.5,\"7\":1789.5},\"ret\":{\"0\":-0.0002994087,\"1\":-0.0092637903,\"2\":0.0003860471,\"3\":0.0100210333,\"4\":0.0003000086,\"5\":0.0103086315,\"6\":-0.000384631,\"7\":-0.0094041782}}", "deviance": 38.85766371069912, "df": 3, "rel_entropy": 0.0016637122671133379, "formula": "count ~ mut * base - mut : base", "prob": 1.8604494598085965e-08}, "pos1": {"stats": "{\"mut\":{\"0\":\"M\",\"1\":\"M\",\"2\":\"M\",\"3\":\"M\",\"4\":\"R\",\"5\":\"R\",\"6\":\"R\",\"7\":\"R\"},\"base\":{\"0\":\"A\",\"1\":\"C\",\"2\":\"G\",\"3\":\"T\",\"4\":\"A\",\"5\":\"C\",\"6\":\"G\",\"7\":\"T\"},\"count\":{\"0\":1794,\"1\":431,\"2\":1676,\"3\":1938,\"4\":2059,\"5\":205,\"6\":1336,\"7\":2239},\"fitted\":{\"0\":1926.5,\"1\":318.0000000007,\"2\":1506.0,\"3\":2088.5,\"4\":1926.5,\"5\":318.0000000007,\"6\":1506.0,\"7\":2088.5},\"ret\":{\"0\":-0.0109466754,\"1\":0.0112218223,\"2\":0.015349633,\"3\":-0.0124115626,\"4\":0.0117276505,\"5\":-0.0077070978,\"6\":-0.0137028725,\"7\":0.0133410565}}", "deviance": 160.50135987790517, "df": 3, "rel_entropy": 0.006871954096502191, "formula": "count ~ mut * base - mut : base", "prob": 1.4286734349185964e-34}}