{"('pos1', 'pos2')": {"stats": "{\"mut\":{\"0\":\"M\",\"1\":\"M\",\"2\":\"M\",\"3\":\"M\",\"4\":\"M\",\"5\":\"M\",\"6\":\"M\",\"7\":\"M\",\"8\":\"M\",\"9\":\"M\",\"10\":\"M\",\"11\":\"M\",\"12\":\"M\",\"13\":\"M\",\"14\":\"M\",\"15\":\"M\",\"16\":\"R\",\"17\":\"R\",\"18\":\"R\",\"19\":\"R\",\"20\":\"R\",\"21\":\"R\",\"22\":\"R\",\"23\":\"R\",\"24\":\"R\",\"25\":\"R\",\"26\":\"R\",\"27\":\"R\",\"28\":\"R\",\"29\":\"R\",\"30\":\"R\",\"31\":\"R\"},\"base1\":{\"0\":\"A\",\"1\":\"A\",\"2\":\"A\",\"3\":\"A\",\"4\":\"C\",\"5\":\"C\",\"6\":\"C\",\"7\":\"C\",\"8\":\"G\",\"9\":\"G\",\"10\":\"G\",\"11\":\"G\",\"12\":\"T\",\"13\":\"T\",\"14\":\"T\",\"15\":\"T\",\"16\":\"A\",\"17\":\"A\",\"18\":\"A\",\"19\":\"A\",\"20\":\"C\",\"21\":\"C\",\"22\":\"C\",\"23\":\"C\",\"24\":\"G\",\"25\":\"G\",\"26\":\"G\",\"27\":\"G\",\"28\":\"T\",\"29\":\"T\",\"30\":\"T\",\"31\":\"T\"},\"base2\":{\"0\":\"A\",\"1\":\"C\",\"2\":\"G\",\"3\":\"T\",\"4\":\"A\",\"5\":\"C\",\"6\":\"G\",\"7\":\"T\",\"8\":\"A\",\"9\":\"C\",\"10\":\"G\",\"11\":\"T\",\"12\":\"A\",\"13\":\"C\",\"14\":\"G\",\"15\":\"T\",\"16\":\"A\",\"17\":\"C\",\"18\":\"G\",\"19\":\"T\",\"20\":\"A\",\"21\":\"C\",\"22\":\"G\",\"23\":\"T\",\"24\":\"A\",\"25\":\"C\",\"26\":\"G\",\"27\":\"T\",\"28\":\"A\",\"29\":\"C\",\"30\":\"G\",\"31\":\"T\"},\"count\":{\"0\":759,\"1\":298,\"2\":349,\"3\":388,\"4\":86,\"5\":110,\"6\":100,\"7\":135,\"8\":361,\"9\":351,\"10\":308,\"11\":656,\"12\":381,\"13\":519,\"14\":360,\"15\":678,\"16\":716,\"17\":381,\"18\":459,\"19\":503,\"20\":41,\"21\":43,\"22\":44,\"23\":77,\"24\":419,\"25\":244,\"26\":316,\"27\":357,\"28\":589,\"29\":409,\"30\":559,\"31\":682},\"fitted\":{\"0\":661.739707596,\"1\":347.906000599,\"2\":337.7413363899,\"3\":446.6129554151,\"4\":83.2547009043,\"5\":108.7510404528,\"6\":90.2653898604,\"7\":148.7288687825,\"8\":415.7425173128,\"9\":354.4893704576,\"10\":313.1515087559,\"11\":592.6166034737,\"12\":426.2630741869,\"13\":466.8535884906,\"14\":375.8417649938,\"15\":669.0415723288,\"16\":813.260292404,\"17\":331.093999401,\"18\":470.2586636101,\"19\":444.3870445849,\"20\":43.7452990957,\"21\":44.2489595472,\"22\":53.7346101396,\"23\":63.2711312175,\"24\":364.2574826872,\"25\":240.5106295424,\"26\":310.8484912441,\"27\":420.3833965263,\"28\":543.7369258131,\"29\":461.1464115094,\"30\":543.1582350062,\"31\":690.9584276712},\"ret\":{\"0\":0.0089125949,\"1\":-0.0039511882,\"2\":0.0009799852,\"3\":-0.0046743072,\"4\":0.000238917,\"5\":0.0001075616,\"6\":0.0008770002,\"7\":-0.0011196075,\"8\":-0.0043645253,\"9\":-0.0002973232,\"10\":-0.0004374809,\"11\":0.0057080166,\"12\":-0.0036624457,\"13\":0.0047059403,\"14\":-0.0013275481,\"15\":0.0007722331,\"16\":-0.0078093573,\"17\":0.004580517,\"18\":-0.0009524577,\"19\":0.0053364288,\"20\":-0.0002275472,\"21\":-0.000105426,\"22\":-0.0007530551,\"23\":0.0012948255,\"24\":0.0050234768,\"25\":0.0003009557,\"26\":0.0004447646,\"27\":-0.0049961463,\"28\":0.0040329526,\"29\":-0.0042027896,\"30\":0.0013761408,\"31\":-0.0007621255}}", "deviance": 117.92397287433234, "df": 9, "rel_entropy": 0.005048979828495133, "formula": "count ~ mut * base1 * base2 - mut : base1 : base2", "prob": 3.5529856863357713e-21}, "('pos1', 'pos3')": {"stats": "{\"mut\":{\"0\":\"M\",\"1\":\"M\",\"2\":\"M\",\"3\":\"M\",\"4\":\"M\",\"5\":\"M\",\"6\":\"M\",\"7\":\"M\",\"8\":\"M\",\"9\":\"M\",\"10\":\"M\",\"11\":\"M\",\"12\":\"M\",\"13\":\"M\",\"14\":\"M\",\"15\":\"M\",\"16\":\"R\",\"17\":\"R\",\"18\":\"R\",\"19\":\"R\",\"20\":\"R\",\"21\":\"R\",\"22\":\"R\",\"23\":\"R\",\"24\":\"R\",\"25\":\"R\",\"26\":\"R\",\"27\":\"R\",\"28\":\"R\",\"29\":\"R\",\"30\":\"R\",\"31\":\"R\"},\"base1\":{\"0\":\"A\",\"1\":\"A\",\"2\":\"A\",\"3\":\"A\",\"4\":\"C\",\"5\":\"C\",\"6\":\"C\",\"7\":\"C\",\"8\":\"G\",\"9\":\"G\",\"10\":\"G\",\"11\":\"G\",\"12\":\"T\",\"13\":\"T\",\"14\":\"T\",\"15\":\"T\",\"16\":\"A\",\"17\":\"A\",\"18\":\"A\",\"19\":\"A\",\"20\":\"C\",\"21\":\"C\",\"22\":\"C\",\"23\":\"C\",\"24\":\"G\",\"25\":\"G\",\"26\":\"G\",\"27\":\"G\",\"28\":\"T\",\"29\":\"T\",\"30\":\"T\",\"31\":\"T\"},\"base2\":{\"0\":\"A\",\"1\":\"C\",\"2\":\"G\",\"3\":\"T\",\"4\":\"A\",\"5\":\"C\",\"6\":\"G\",\"7\":\"T\",\"8\":\"A\",\"9\":\"C\",\"10\":\"G\",\"11\":\"T\",\"12\":\"A\",\"13\":\"C\",\"14\":\"G\",\"15\":\"T\",\"16\":\"A\",\"17\":\"C\",\"18\":\"G\",\"19\":\"T\",\"20\":\"A\",\"21\":\"C\",\"22\":\"G\",\"23\":\"T\",\"24\":\"A\",\"25\":\"C\",\"26\":\"G\",\"27\":\"T\",\"28\":\"A\",\"29\":\"C\",\"30\":\"G\",\"31\":\"T\"},\"count\":{\"0\":638,\"1\":301,\"2\":271,\"3\":584,\"4\":101,\"5\":86,\"6\":111,\"7\":133,\"8\":406,\"9\":292,\"10\":329,\"11\":649,\"12\":505,\"13\":380,\"14\":298,\"15\":755,\"16\":681,\"17\":377,\"18\":403,\"19\":598,\"20\":51,\"21\":46,\"22\":54,\"23\":54,\"24\":411,\"25\":247,\"26\":304,\"27\":374,\"28\":675,\"29\":442,\"30\":476,\"31\":646},\"fitted\":{\"0\":588.5014310242,\"1\":307.4783745189,\"2\":275.6516034504,\"3\":622.3685910141,\"4\":101.1450538999,\"5\":88.7032553389,\"6\":104.0776427082,\"7\":137.0740480551,\"8\":438.2485871213,\"9\":293.0944072459,\"10\":315.5291231498,\"11\":629.1278824885,\"12\":522.1049279663,\"13\":369.7239628962,\"14\":313.7416306937,\"15\":732.4294784438,\"16\":730.4985689865,\"17\":370.5216254811,\"18\":398.3483965496,\"19\":559.6314089888,\"20\":50.8549461004,\"21\":43.2967446615,\"22\":60.922357298,\"23\":49.9259519456,\"24\":378.7514128884,\"25\":245.9055927541,\"26\":317.4708768503,\"27\":393.8721175117,\"28\":657.8950720337,\"29\":452.2760371038,\"30\":460.2583693064,\"31\":668.5705215562},\"ret\":{\"0\":0.0044120735,\"1\":-0.0005488647,\"2\":-0.000394942,\"3\":-0.0031821211,\"4\":-0.0000124122,\"5\":-0.0002279191,\"6\":0.000612059,\"7\":-0.0003436287,\"8\":-0.0026572919,\"9\":-0.0000935401,\"10\":0.0011778066,\"11\":0.0017282679,\"12\":-0.0014404543,\"13\":0.0008920652,\"14\":-0.0013135765,\"15\":0.001962217,\"16\":-0.0040916546,\"17\":0.0005595721,\"18\":0.0004006386,\"19\":0.0033956847,\"20\":0.0000124388,\"21\":0.0002385632,\"22\":-0.0005577388,\"23\":0.0003627271,\"24\":0.0028758431,\"25\":0.0000939235,\"26\":-0.0011286992,\"27\":-0.0016580032,\"28\":0.0014835918,\"29\":-0.0008698753,\"30\":0.0013707663,\"31\":-0.0018997411}}", "deviance": 27.041005453100592, "df": 9, "rel_entropy": 0.0011577755374679137, "formula": "count ~ mut * base1 * base2 - mut : base1 : base2", "prob": 0.0013770873550480803},