{"pos1": {"stats": "{\"strand\":{\"0\":\"+\",\"1\":\"+\",\"2\":\"+\",\"3\":\"+\",\"4\":\"+\",\"5\":\"+\",\"6\":\"+\",\"7\":\"+\",\"8\":\"-\",\"9\":\"-\",\"10\":\"-\",\"11\":\"-\",\"12\":\"-\",\"13\":\"-\",\"14\":\"-\",\"15\":\"-\"},\"mut\":{\"0\":\"M\",\"1\":\"M\",\"2\":\"M\",\"3\":\"M\",\"4\":\"R\",\"5\":\"R\",\"6\":\"R\",\"7\":\"R\",\"8\":\"M\",\"9\":\"M\",\"10\":\"M\",\"11\":\"M\",\"12\":\"R\",\"13\":\"R\",\"14\":\"R\",\"15\":\"R\"},\"base\":{\"0\":\"A\",\"1\":\"C\",\"2\":\"G\",\"3\":\"T\",\"4\":\"A\",\"5\":\"C\",\"6\":\"G\",\"7\":\"T\",\"8\":\"A\",\"9\":\"C\",\"10\":\"G\",\"11\":\"T\",\"12\":\"A\",\"13\":\"C\",\"14\":\"G\",\"15\":\"T\"},\"count\":{\"0\":12584,\"1\":16592,\"2\":6370,\"3\":7433,\"4\":12443,\"5\":12386,\"6\":10351,\"7\":7799,\"8\":12775,\"9\":16393,\"10\":6454,\"11\":7438,\"12\":12326,\"13\":12481,\"14\":10405,\"15\":7848},\"fitted\":{\"0\":12657.2469195443,\"1\":16518.1481212418,\"2\":6383.4129095561,\"3\":7420.192049658,\"4\":12369.7530804558,\"5\":12459.8518787583,\"6\":10337.587090444,\"7\":7811.807950342,\"8\":12701.7530804558,\"9\":16466.8518787583,\"10\":6440.587090444,\"11\":7450.807950342,\"12\":12399.2469195442,\"13\":12407.1481212418,\"14\":10418.4129095561,\"15\":7835.192049658},\"ret\":{\"0\":-0.0004244271,\"1\":0.0004301347,\"2\":-0.0000778647,\"3\":0.0000744953,\"4\":0.0004269189,\"5\":-0.0004279023,\"6\":0.0000779972,\"7\":-0.00007437,\"8\":0.0004268861,\"9\":-0.0004282129,\"10\":0.0000780278,\"11\":-0.0000743671,\"12\":-0.0004244014,\"13\":0.0004304515,\"14\":-0.0000778965,\"15\":0.0000744919}}", "prob": 0.3301826192379165, "df": 3, "rel_entropy": 9.961438257600512e-06, "deviance": 3.428288744982762, "formula": "count ~ strand * mut * base - strand : mut : base"}, "pos2": {"stats": "{\"strand\":{\"0\":\"+\",\"1\":\"+\",\"2\":\"+\",\"3\":\"+\",\"4\":\"+\",\"5\":\"+\",\"6\":\"+\",\"7\":\"+\",\"8\":\"-\",\"9\":\"-\",\"10\":\"-\",\"11\":\"-\",\"12\":\"-\",\"13\":\"-\",\"14\":\"-\",\"15\":\"-\"},\"mut\":{\"0\":\"M\",\"1\":\"M\",\"2\":\"M\",\"3\":\"M\",\"4\":\"R\",\"5\":\"R\",\"6\":\"R\",\"7\":\"R\",\"8\":\"M\",\"9\":\"M\",\"10\":\"M\",\"11\":\"M\",\"12\":\"R\",\"13\":\"R\",\"14\":\"R\",\"15\":\"R\"},\"base\":{\"0\":\"A\",\"1\":\"C\",\"2\":\"G\",\"3\":\"T\",\"4\":\"A\",\"5\":\"C\",\"6\":\"G\",\"7\":\"T\",\"8\":\"A\",\"9\":\"C\",\"10\":\"G\",\"11\":\"T\",\"12\":\"A\",\"13\":\"C\",\"14\":\"G\",\"15\":\"T\"},\"count\":{\"0\":6881,\"1\":8377,\"2\":10349,\"3\":17372,\"4\":12440,\"5\":8452,\"6\":11982,\"7\":10105,\"8\":6718,\"9\":8297,\"10\":10351,\"11\":17694,\"12\":12487,\"13\":8262,\"14\":12278,\"15\":10033},\"fitted\":{\"0\":6824.1704722464,\"1\":8408.4008699476,\"2\":10286.7273033093,\"3\":17459.7013544965,\"4\":12496.8295277535,\"5\":8420.5991300524,\"6\":12044.2726966907,\"7\":10017.2986455034,\"8\":6774.8295277535,\"9\":8265.5991300524,\"10\":10413.2726966907,\"11\":17606.2986455034,\"12\":12430.1704722465,\"13\":8293.4008699476,\"14\":12215.7273033093,\"15\":10120.7013544966},\"ret\":{\"0\":0.0003316258,\"1\":-0.0001821393,\"2\":0.0003629796,\"3\":-0.0005083783,\"4\":-0.0003295024,\"5\":0.0001828203,\"6\":-0.0003609493,\"7\":0.000511885,\"8\":-0.0003288654,\"9\":0.0001828266,\"10\":-0.0003608022,\"11\":0.0005109277,\"12\":0.0003310083,\"13\":-0.0001821345,\"14\":0.0003628073,\"15\":-0.0005074458}}", "prob": 0.1252515557458588, "df": 3, "rel_entropy": 1.666330705794946e-05, "deviance": 5.734777103835654, "formula": "count ~ strand * mut * base - strand : mut : base"}, "pos3": {"stats": "{\"strand\":{\"0\":\"+\",\"1\":\"+\",\"2\":\"+\",\"3\":\"+\",\"4\":\"+\",\"5\":\"+\",\"6\":\"+\",\"7\":\"+\",\"8\":\"-\",\"9\":\"-\",\"10\":\"-\",\"11\":\"-\",\"12\":\"-\",\"13\":\"-\",\"14\":\"-\",\"15\":\"-\"},\"mut\":{\"0\":\"M\",\"1\":\"M\",\"2\":\"M\",\"3\":\"M\",\"4\":\"R\",\"5\":\"R\",\"6\":\"R\",\"7\":\"R\",\"8\":\"M\",\"9\":\"M\",\"10\":\"M\",\"11\":\"M\",\"12\":\"R\",\"13\":\"R\",\"14\":\"R\",\"15\":\"R\"},\"base\":{\"0\":\"A\",\"1\":\"C\",\"2\":\"G\",\"3\":\"T\",\"4\":\"A\",\"5\":\"C\",\"6\":\"G\",\"7\":\"T\",\"8\":\"A\",\"9\":\"C\",\"10\":\"G\",\"11\":\"T\",\"12\":\"A\",\"13\":\"C\",\"14\":\"G\",\"15\":\"T\"},\"count\":{\"0\":11990,\"1\":9429,\"2\":11584,\"3\":9976,\"4\":12954,\"5\":9346,\"6\":10030,\"7\":10649,\"8\":11854,\"9\":9445,\"10\":11808,\"11\":9953,\"12\":12870,\"13\":9336,\"14\":10300,\"15\":10554},\"fitted\":{\"0\":11978.2039551682,\"1\":9438.064645348,\"2\":11566.8305247121,\"3\":9995.9008747717,\"4\":12965.7960448318,\"5\":9336.935354652,\"6\":10047.1694752878,\"7\":10629.0991252283,\"8\":11865.7960448318,\"9\":9435.935354652,\"10\":11825.1694752878,\"11\":9933.0991252283,\"12\":12858.2039551681,\"13\":9345.064645348,\"14\":10282.8305247121,\"15\":10573.9008747717},\"ret\":{\"0\":0.0000685843,\"1\":-0.0000526522,\"2\":0.0000998513,\"3\":-0.0001155351,\"4\":-0.0000685194,\"5\":0.0000527031,\"6\":-0.000099692,\"7\":0.0001157585,\"8\":-0.0000685165,\"9\":0.0000527028,\"10\":-0.0000997048,\"11\":0.0001157661,\"12\":0.000068582,\"13\":-0.000052652,\"14\":0.0000998605,\"15\":-0.0001155414}}", "prob": 0.9518399101948667, "df": 3, "rel_entropy": 9.952906767969732e-07, "deviance": 0.3425352581637391, "formula": "count ~ strand * mut * base - strand : mut : base"}, "pos0": {"stats": "{\"strand\":{\"0\":\"+\",\"1\":\"+\",\"2\":\"+\",\"3\":\"+\",\"4\":\"+\",\"5\":\"+\",\"6\":\"+\",\"7\":\"+\",\"8\":\"-\",\"9\":\"-\",\"10\":\"-\",\"11\":\"-\",\"12\":\"-\",\"13\":\"-\",\"14\":\"-\",\"15\":\"-\"},\"mut\":{\"0\":\"M\",\"1\":\"M\",\"2\":\"M\",\"3\":\"M\",\"4\":\"R\",\"5\":\"R\",\"6\":\"R\",\"7\":\"R\",\"8\":\"M\",\"9\":\"M\",\"10\":\"M\",\"11\":\"M\",\"12\":\"R\",\"13\":\"R\",\"14\":\"R\",\"15\":\"R\"},\"base\":{\"0\":\"A\",\"1\":\"C\",\"2\":\"G\",\"3\":\"T\",\"4\":\"A\",\"5\":\"C\",\"6\":\"G\",\"7\":\"T\",\"8\":\"A\",\"9\":\"C\",\"10\":\"G\",\"11\":\"T\",\"12\":\"A\",\"13\":\"C\",\"14\":\"G\",\"15\":\"T\"},\"count\":{\"0\":10635,\"1\":16031,\"2\":9140,\"3\":7173,\"4\":12911,\"5\":8442,\"6\":10662,\"7\":10964,\"8\":10726,\"9\":15994,\"10\":9255,\"11\":7085,\"12\":12834,\"13\":8493,\"14\":10780,\"15\":10953},\"fitted\":{\"0\":10677.7605140095,\"1\":16008.3338010499,\"2\":9144.0740683003,\"3\":7148.8316166403,\"4\":12868.2394859906,\"5\":8464.6661989501,\"6\":10657.9259316996,\"7\":10988.1683833597,\"8\":10683.2394859906,\"9\":16016.6661989501,\"10\":9250.9259316996,\"11\":7109.1683833597,\"12\":12876.7605140094,\"13\":8470.3338010499,\"14\":10784.0740683003,\"15\":10928.8316166403},\"ret\":{\"0\":-0.0002479967,\"1\":0.0001318137,\"2\":-0.0000236704,\"3\":0.0001406873,\"4\":0.0002489074,\"5\":-0.000131544,\"6\":0.0000236802,\"7\":-0.0001402956,\"8\":0.0002489916,\"9\":-0.0001316272,\"10\":0.0000236809,\"11\":-0.0001402112,\"12\":-0.0002480819,\"13\":0.0001318966,\"14\":-0.0000236712,\"15\":0.0001406053}}", "prob": 0.7796863198696573, "df": 3, "rel_entropy": 3.1647902622166352e-06, "deviance": 1.0891815574834283, "formula": "count ~ strand * mut * base - strand : mut : base"}}