{"A": {"rel_entropy": 8.636735609864693e-05, "stats": "{\"count\":{\"2\":1960,\"3\":2062,\"5\":3870,\"4\":3953,\"1\":4491,\"0\":4528},\"direction\":{\"2\":\"AtoC\",\"3\":\"AtoC\",\"5\":\"AtoG\",\"4\":\"AtoG\",\"1\":\"AtoT\",\"0\":\"AtoT\"},\"strand\":{\"2\":\"+\",\"3\":\"-\",\"5\":\"-\",\"4\":\"+\",\"1\":\"-\",\"0\":\"+\"},\"fitted\":{\"2\":2012.7349501534,\"3\":2009.2650498466,\"5\":3908.125431365,\"4\":3914.874568635,\"1\":4505.6095187883,\"0\":4513.3904812116},\"ret\":{\"2\":-0.0024941522,\"3\":0.0025604396,\"5\":-0.0018183886,\"4\":0.0018362,\"1\":-0.0006990897,\"0\":0.0007013582}}", "deviance": 3.603937035284339, "df": 2, "formula": "count ~ direction + strand", "prob": 0.16497381450553722}, "C": {"rel_entropy": 0.0007044325073181516, "stats": "{\"count\":{\"3\":2432,\"2\":2447,\"1\":3163,\"0\":3267,\"5\":62943,\"4\":86237},\"direction\":{\"3\":\"CtoA\",\"2\":\"CtoA\",\"1\":\"CtoG\",\"0\":\"CtoG\",\"5\":\"CtoT\",\"4\":\"CtoT\"},\"strand\":{\"3\":\"-\",\"2\":\"+\",\"1\":\"-\",\"0\":\"+\",\"5\":\"-\",\"4\":\"+\"},\"fitted\":{\"3\":2083.6125965019,\"2\":2795.387403498,\"1\":2745.9784782757,\"0\":3684.0215217242,\"5\":63708.4089252221,\"4\":85471.5910747774},\"ret\":{\"3\":0.0023429229,\"2\":-0.0020295165,\"1\":0.0027864584,\"0\":-0.0024454882,\"5\":-0.004740465,\"4\":0.0047905209}}", "deviance": 226.1073373339657, "df": 2, "formula": "count ~ direction + strand", "prob": 7.9692149133110806e-50}}