{"C": {"rel_entropy": 0.000704432507318175, "df": 2, "stats": "{\"count\":{\"0\":2432,\"1\":2447,\"2\":3163,\"3\":3267,\"4\":62943,\"5\":86237},\"direction\":{\"0\":\"CtoA\",\"1\":\"CtoA\",\"2\":\"CtoG\",\"3\":\"CtoG\",\"4\":\"CtoT\",\"5\":\"CtoT\"},\"strand\":{\"0\":\"-\",\"1\":\"+\",\"2\":\"-\",\"3\":\"+\",\"4\":\"-\",\"5\":\"+\"},\"fitted\":{\"0\":2083.6125965019,\"1\":2795.387403498,\"2\":2745.9784782758,\"3\":3684.0215217242,\"4\":63708.408925222,\"5\":85471.5910747774},\"ret\":{\"0\":0.0023429229,\"1\":-0.0020295165,\"2\":0.0027864584,\"3\":-0.0024454882,\"4\":-0.004740465,\"5\":0.0047905209}}", "formula": "count ~ direction + strand", "deviance": 226.1073373339732, "prob": 7.969214913281256e-50}, "A": {"rel_entropy": 8.636735609867077e-05, "df": 2, "stats": "{\"count\":{\"3\":1960,\"2\":2062,\"0\":3870,\"1\":3953,\"4\":4491,\"5\":4528},\"direction\":{\"3\":\"AtoC\",\"2\":\"AtoC\",\"0\":\"AtoG\",\"1\":\"AtoG\",\"4\":\"AtoT\",\"5\":\"AtoT\"},\"strand\":{\"3\":\"+\",\"2\":\"-\",\"0\":\"-\",\"1\":\"+\",\"4\":\"-\",\"5\":\"+\"},\"fitted\":{\"3\":2012.7349501534,\"2\":2009.2650498466,\"0\":3908.125431365,\"1\":3914.874568635,\"4\":4505.6095187884,\"5\":4513.3904812117},\"ret\":{\"3\":-0.0024941522,\"2\":0.0025604396,\"0\":-0.0018183886,\"1\":0.0018362,\"4\":-0.0006990897,\"5\":0.0007013582}}", "formula": "count ~ direction + strand", "deviance": 3.603937035285334, "prob": 0.16497381450545517}}