{"pos2": {"deviance": 423.15169095732733, "formula": "count ~ group * mut * base - group : mut : base", "df": 3, "stats": "{\"group\":{\"0\":\"1\",\"1\":\"1\",\"2\":\"1\",\"3\":\"1\",\"4\":\"1\",\"5\":\"1\",\"6\":\"1\",\"7\":\"1\",\"8\":\"2\",\"9\":\"2\",\"10\":\"2\",\"11\":\"2\",\"12\":\"2\",\"13\":\"2\",\"14\":\"2\",\"15\":\"2\"},\"mut\":{\"0\":\"M\",\"1\":\"M\",\"2\":\"M\",\"3\":\"M\",\"4\":\"R\",\"5\":\"R\",\"6\":\"R\",\"7\":\"R\",\"8\":\"M\",\"9\":\"M\",\"10\":\"M\",\"11\":\"M\",\"12\":\"R\",\"13\":\"R\",\"14\":\"R\",\"15\":\"R\"},\"base\":{\"0\":\"A\",\"1\":\"C\",\"2\":\"G\",\"3\":\"T\",\"4\":\"A\",\"5\":\"C\",\"6\":\"G\",\"7\":\"T\",\"8\":\"A\",\"9\":\"C\",\"10\":\"G\",\"11\":\"T\",\"12\":\"A\",\"13\":\"C\",\"14\":\"G\",\"15\":\"T\"},\"count\":{\"0\":6881,\"1\":8377,\"2\":10349,\"3\":17372,\"4\":12440,\"5\":8452,\"6\":11982,\"7\":10105,\"8\":912,\"9\":1258,\"10\":1078,\"11\":705,\"12\":1135,\"13\":795,\"14\":1084,\"15\":939},\"fitted\":{\"0\":7014.2880350138,\"1\":8553.4124969015,\"2\":10381.7691524432,\"3\":17029.5303156415,\"4\":12306.7119649862,\"5\":8275.5875030985,\"6\":11949.2308475568,\"7\":10447.4696843584,\"8\":778.7119649862,\"9\":1081.5875030985,\"10\":1045.2308475568,\"11\":1047.4696843871,\"12\":1268.2880350138,\"13\":971.4124969015,\"14\":1116.7691524432,\"15\":596.530315658},\"ret\":{\"0\":-0.0014064342,\"1\":-0.0018599316,\"2\":-0.0003485616,\"3\":0.0036850168,\"4\":0.0014276744,\"5\":0.0018993393,\"6\":0.0003495914,\"7\":-0.0035881086,\"8\":0.0015351452,\"9\":0.002025008,\"10\":0.0003545293,\"11\":-0.0029738143,\"12\":-0.0013426352,\"13\":-0.001697405,\"14\":-0.0003439403,\"15\":0.0045385942}}", "prob": 2.1379060963278765e-91, "rel_entropy": 0.0022540680716639358}, "pos3": {"deviance": 38.55568223313805, "formula": "count ~ group * mut * base - group : mut : base", "df": 3, "stats": "{\"group\":{\"0\":\"1\",\"1\":\"1\",\"2\":\"1\",\"3\":\"1\",\"4\":\"1\",\"5\":\"1\",\"6\":\"1\",\"7\":\"1\",\"8\":\"2\",\"9\":\"2\",\"10\":\"2\",\"11\":\"2\",\"12\":\"2\",\"13\":\"2\",\"14\":\"2\",\"15\":\"2\"},\"mut\":{\"0\":\"M\",\"1\":\"M\",\"2\":\"M\",\"3\":\"M\",\"4\":\"R\",\"5\":\"R\",\"6\":\"R\",\"7\":\"R\",\"8\":\"M\",\"9\":\"M\",\"10\":\"M\",\"11\":\"M\",\"12\":\"R\",\"13\":\"R\",\"14\":\"R\",\"15\":\"R\"},\"base\":{\"0\":\"A\",\"1\":\"C\",\"2\":\"G\",\"3\":\"T\",\"4\":\"A\",\"5\":\"C\",\"6\":\"G\",\"7\":\"T\",\"8\":\"A\",\"9\":\"C\",\"10\":\"G\",\"11\":\"T\",\"12\":\"A\",\"13\":\"C\",\"14\":\"G\",\"15\":\"T\"},\"count\":{\"0\":11990,\"1\":9429,\"2\":11584,\"3\":9976,\"4\":12954,\"5\":9346,\"6\":10030,\"7\":10649,\"8\":1140,\"9\":1071,\"10\":875,\"11\":867,\"12\":1167,\"13\":864,\"14\":922,\"15\":1000},\"fitted\":{\"0\":12017.2760003387,\"1\":9517.9777486025,\"2\":11501.7443380743,\"3\":9942.0019129844,\"4\":12926.7239996613,\"5\":9257.0222513975,\"6\":10112.2556619257,\"7\":10682.9980870156,\"8\":1112.7239996613,\"9\":982.0222514343,\"10\":957.2556619595,\"11\":900.9980870156,\"12\":1194.2760003388,\"13\":952.9777486453,\"14\":839.7443381095,\"15\":966.0019129845},\"ret\":{\"0\":-0.0002902606,\"1\":-0.0009434985,\"2\":0.0008794542,\"3\":0.0003628244,\"4\":0.000290897,\"5\":0.0009524845,\"6\":-0.0008727543,\"7\":-0.0003616289,\"8\":0.0002941235,\"9\":0.000989647,\"10\":-0.00083755,\"11\":-0.0003552845,\"12\":-0.0002872467,\"13\":-0.000902244,\"14\":0.0009179112,\"15\":0.0003685062}}", "prob": 2.1556566527235995e-08, "rel_entropy": 0.00020538056247942796}, "pos1": {"deviance": 290.9070405355055, "formula": "count ~ group * mut * base - group : mut : base", "df": 3, "stats": "{\"group\":{\"0\":\"1\",\"1\":\"1\",\"2\":\"1\",\"3\":\"1\",\"4\":\"1\",\"5\":\"1\",\"6\":\"1\",\"7\":\"1\",\"8\":\"2\",\"9\":\"2\",\"10\":\"2\",\"11\":\"2\",\"12\":\"2\",\"13\":\"2\",\"14\":\"2\",\"15\":\"2\"},\"mut\":{\"0\":\"M\",\"1\":\"M\",\"2\":\"M\",\"3\":\"M\",\"4\":\"R\",\"5\":\"R\",\"6\":\"R\",\"7\":\"R\",\"8\":\"M\",\"9\":\"M\",\"10\":\"M\",\"11\":\"M\",\"12\":\"R\",\"13\":\"R\",\"14\":\"R\",\"15\":\"R\"},\"base\":{\"0\":\"A\",\"1\":\"C\",\"2\":\"G\",\"3\":\"T\",\"4\":\"A\",\"5\":\"C\",\"6\":\"G\",\"7\":\"T\",\"8\":\"A\",\"9\":\"C\",\"10\":\"G\",\"11\":\"T\",\"12\":\"A\",\"13\":\"C\",\"14\":\"G\",\"15\":\"T\"},\"count\":{\"0\":12584,\"1\":16592,\"2\":6370,\"3\":7433,\"4\":12443,\"5\":12386,\"6\":10351,\"7\":7799,\"8\":1726,\"9\":824,\"10\":831,\"11\":572,\"12\":1105,\"13\":1067,\"14\":1036,\"15\":745},\"fitted\":{\"0\":12830.1536382605,\"1\":16331.5418725836,\"2\":6461.5802980262,\"3\":7355.7241911298,\"4\":12196.8463617395,\"5\":12646.4581274165,\"6\":10259.4197019739,\"7\":7876.2758088703,\"8\":1479.8463617395,\"9\":1084.4581274165,\"10\":739.4197019739,\"11\":649.2758088703,\"12\":1351.1536382605,\"13\":806.5418725836,\"14\":1127.5802980261,\"15\":667.7241911297},\"ret\":{\"0\":-0.0025971309,\"1\":0.002796856,\"2\":-0.0009687231,\"3\":0.0008275836,\"4\":0.0026487365,\"5\":-0.0027460732,\"6\":0.0009800118,\"7\":-0.0008192223,\"8\":0.0028293778,\"9\":-0.0024111919,\"10\":0.00103374,\"11\":-0.0007722135,\"12\":-0.0023675781,\"13\":0.0031812028,\"14\":-0.0009349304,\"15\":0.0008691747}}", "prob": 9.23934591585042e-63, "rel_entropy": 0.0015496198784172072}, "pos0": {"deviance": 51.85350708846271, "formula": "count ~ group * mut * base - group : mut : base", "df": 3, "stats": "{\"group\":{\"0\":\"1\",\"1\":\"1\",\"2\":\"1\",\"3\":\"1\",\"4\":\"1\",\"5\":\"1\",\"6\":\"1\",\"7\":\"1\",\"8\":\"2\",\"9\":\"2\",\"10\":\"2\",\"11\":\"2\",\"12\":\"2\",\"13\":\"2\",\"14\":\"2\",\"15\":\"2\"},\"mut\":{\"0\":\"M\",\"1\":\"M\",\"2\":\"M\",\"3\":\"M\",\"4\":\"R\",\"5\":\"R\",\"6\":\"R\",\"7\":\"R\",\"8\":\"M\",\"9\":\"M\",\"10\":\"M\",\"11\":\"M\",\"12\":\"R\",\"13\":\"R\",\"14\":\"R\",\"15\":\"R\"},\"base\":{\"0\":\"A\",\"1\":\"C\",\"2\":\"G\",\"3\":\"T\",\"4\":\"A\",\"5\":\"C\",\"6\":\"G\",\"7\":\"T\",\"8\":\"A\",\"9\":\"C\",\"10\":\"G\",\"11\":\"T\",\"12\":\"A\",\"13\":\"C\",\"14\":\"G\",\"15\":\"T\"},\"count\":{\"0\":10635,\"1\":16031,\"2\":9140,\"3\":7173,\"4\":12911,\"5\":8442,\"6\":10662,\"7\":10964,\"8\":903,\"9\":1165,\"10\":1120,\"11\":765,\"12\":1095,\"13\":774,\"14\":1035,\"15\":1049},\"fitted\":{\"0\":10619.9666389782,\"1\":15919.7413357854,\"2\":9236.5286352225,\"3\":7202.7633900141,\"4\":12926.0333610219,\"5\":8553.2586642147,\"6\":10565.4713647776,\"7\":10934.2366099859,\"8\":918.0333610219,\"9\":1276.2586642147,\"10\":1023.4713647776,\"11\":735.2366099859,\"12\":1079.9666389782,\"13\":662.7413357853,\"14\":1131.5286352224,\"15\":1078.7633900141},\"ret\":{\"0\":0.0001602744,\"1\":0.0011894501,\"2\":-0.0010229957,\"3\":-0.0003164345,\"4\":-0.0001600679,\"5\":-0.0011775749,\"6\":0.0010330718,\"7\":0.0003175218,\"8\":-0.0001588425,\"9\":-0.0011320819,\"10\":0.0010754279,\"11\":0.0003234238,\"12\":0.0001612707,\"13\":0.0012796686,\"14\":-0.0009832199,\"15\":-0.0003126755}}", "prob": 3.218316129065243e-11, "rel_entropy": 0.0002762161589558442}}