{"pos1": {"df": 3, "stats": "{\"strand\":{\"8\":\"+\",\"9\":\"+\",\"10\":\"+\",\"11\":\"+\",\"12\":\"+\",\"13\":\"+\",\"14\":\"+\",\"15\":\"+\",\"0\":\"-\",\"1\":\"-\",\"2\":\"-\",\"3\":\"-\",\"4\":\"-\",\"5\":\"-\",\"6\":\"-\",\"7\":\"-\"},\"mut\":{\"8\":\"M\",\"9\":\"M\",\"10\":\"M\",\"11\":\"M\",\"12\":\"R\",\"13\":\"R\",\"14\":\"R\",\"15\":\"R\",\"0\":\"M\",\"1\":\"M\",\"2\":\"M\",\"3\":\"M\",\"4\":\"R\",\"5\":\"R\",\"6\":\"R\",\"7\":\"R\"},\"base\":{\"8\":\"A\",\"9\":\"C\",\"10\":\"G\",\"11\":\"T\",\"12\":\"A\",\"13\":\"C\",\"14\":\"G\",\"15\":\"T\",\"0\":\"A\",\"1\":\"C\",\"2\":\"G\",\"3\":\"T\",\"4\":\"A\",\"5\":\"C\",\"6\":\"G\",\"7\":\"T\"},\"count\":{\"8\":57020,\"9\":46011,\"10\":33125,\"11\":69710,\"12\":52219,\"13\":50277,\"14\":40886,\"15\":62484,\"0\":57311,\"1\":46064,\"2\":33351,\"3\":70345,\"4\":52879,\"5\":50527,\"6\":41142,\"7\":62523},\"fitted\":{\"8\":56918.684035633,\"9\":45966.0024020677,\"10\":33130.7482245476,\"11\":69850.5653377512,\"12\":52320.3159643668,\"13\":50321.9975979323,\"14\":40880.2517754523,\"15\":62343.4346622486,\"0\":57412.3159643663,\"1\":46108.9975979323,\"2\":33345.2517754523,\"3\":70204.4346622483,\"4\":52777.6840356331,\"5\":50482.0024020678,\"6\":41147.7482245476,\"7\":62663.5653377512},\"ret\":{\"8\":0.0001227864,\"9\":0.0000545115,\"10\":-0.0000069596,\"11\":-0.0001700305,\"12\":-0.0001225584,\"13\":-0.0000544605,\"14\":0.0000069607,\"15\":0.0001703936,\"0\":-0.000122569,\"1\":-0.0000544582,\"2\":0.0000069608,\"3\":0.0001703722,\"4\":0.0001227949,\"5\":0.0000545091,\"6\":-0.0000069597,\"7\":-0.0001700109}}", "prob": 0.5482211898379561, "deviance": 2.1182912584630014, "formula": "count ~ strand * mut * base - strand : mut : base", "rel_entropy": 1.2824542596467507e-06}, "pos0": {"df": 3, "stats": "{\"strand\":{\"8\":\"+\",\"9\":\"+\",\"10\":\"+\",\"11\":\"+\",\"12\":\"+\",\"13\":\"+\",\"14\":\"+\",\"15\":\"+\",\"0\":\"-\",\"1\":\"-\",\"2\":\"-\",\"3\":\"-\",\"4\":\"-\",\"5\":\"-\",\"6\":\"-\",\"7\":\"-\"},\"mut\":{\"8\":\"M\",\"9\":\"M\",\"10\":\"M\",\"11\":\"M\",\"12\":\"R\",\"13\":\"R\",\"14\":\"R\",\"15\":\"R\",\"0\":\"M\",\"1\":\"M\",\"2\":\"M\",\"3\":\"M\",\"4\":\"R\",\"5\":\"R\",\"6\":\"R\",\"7\":\"R\"},\"base\":{\"8\":\"A\",\"9\":\"C\",\"10\":\"G\",\"11\":\"T\",\"12\":\"A\",\"13\":\"C\",\"14\":\"G\",\"15\":\"T\",\"0\":\"A\",\"1\":\"C\",\"2\":\"G\",\"3\":\"T\",\"4\":\"A\",\"5\":\"C\",\"6\":\"G\",\"7\":\"T\"},\"count\":{\"8\":64301,\"9\":57973,\"10\":34765,\"11\":48827,\"12\":55551,\"13\":45956,\"14\":41073,\"15\":63286,\"0\":64616,\"1\":58180,\"2\":35215,\"3\":49060,\"4\":55640,\"5\":46234,\"6\":41347,\"7\":63850},\"fitted\":{\"8\":64344.4107817578,\"9\":57936.4547401735,\"10\":34820.203700454,\"11\":48764.9307776151,\"12\":55507.5892182424,\"13\":45992.5452598265,\"14\":41017.7962995461,\"15\":63348.0692223852,\"0\":64572.5892182432,\"1\":58216.5452598266,\"2\":35159.7962995462,\"3\":49122.0692223852,\"4\":55683.4107817578,\"5\":46197.4547401735,\"6\":41402.203700454,\"7\":63787.9307776152},\"ret\":{\"8\":-0.0000525457,\"9\":0.0000442644,\"10\":-0.0000667897,\"11\":0.0000752036,\"12\":0.000052584,\"13\":-0.0000442328,\"14\":0.0000668877,\"15\":-0.000075119,\"0\":0.0000525811,\"1\":-0.0000442365,\"2\":0.0000668952,\"3\":-0.0000751083,\"4\":-0.0000525429,\"5\":0.0000442679,\"6\":-0.0000667982,\"7\":0.0000751924}}", "prob": 0.8420513689161023, "deviance": 0.8309475089990173, "formula": "count ~ strand * mut * base - strand : mut : base", "rel_entropy": 5.030715999044753e-07}, "pos3": {"df": 3, "stats": "{\"strand\":{\"8\":\"+\",\"9\":\"+\",\"10\":\"+\",\"11\":\"+\",\"12\":\"+\",\"13\":\"+\",\"14\":\"+\",\"15\":\"+\",\"0\":\"-\",\"1\":\"-\",\"2\":\"-\",\"3\":\"-\",\"4\":\"-\",\"5\":\"-\",\"6\":\"-\",\"7\":\"-\"},\"mut\":{\"8\":\"M\",\"9\":\"M\",\"10\":\"M\",\"11\":\"M\",\"12\":\"R\",\"13\":\"R\",\"14\":\"R\",\"15\":\"R\",\"0\":\"M\",\"1\":\"M\",\"2\":\"M\",\"3\":\"M\",\"4\":\"R\",\"5\":\"R\",\"6\":\"R\",\"7\":\"R\"},\"base\":{\"8\":\"A\",\"9\":\"C\",\"10\":\"G\",\"11\":\"T\",\"12\":\"A\",\"13\":\"C\",\"14\":\"G\",\"15\":\"T\",\"0\":\"A\",\"1\":\"C\",\"2\":\"G\",\"3\":\"T\",\"4\":\"A\",\"5\":\"C\",\"6\":\"G\",\"7\":\"T\"},\"count\":{\"8\":62724,\"9\":41845,\"10\":45726,\"11\":55571,\"12\":54461,\"13\":46195,\"14\":44416,\"15\":60794,\"0\":63369,\"1\":41941,\"2\":45885,\"3\":55876,\"4\":54385,\"5\":46375,\"6\":44687,\"7\":61624},\"fitted\":{\"8\":62892.4417147725,\"9\":41826.4086662048,\"10\":45695.4521558578,\"11\":55451.6974631651,\"12\":54292.5582852276,\"13\":46213.5913337951,\"14\":44446.5478441424,\"15\":60913.3025368352,\"0\":63200.5582852277,\"1\":41959.5913337951,\"2\":45915.5478441423,\"3\":55995.3025368351,\"4\":54553.4417147726,\"5\":46356.4086662049,\"6\":44656.4521558577,\"7\":61504.6974631651},\"ret\":{\"8\":-0.0002036823,\"9\":0.0000225161,\"10\":0.0000370009,\"11\":0.0001446114,\"12\":0.0002042718,\"13\":-0.0000225066,\"14\":-0.0000369758,\"15\":-0.0001443145,\"0\":0.0002042273,\"1\":-0.0000225061,\"2\":-0.0000369762,\"3\":-0.0001443021,\"4\":-0.0002036405,\"5\":0.0000225156,\"6\":0.0000370012,\"7\":0.0001445961}}", "prob": 0.3866040001305637, "deviance": 3.032745286142138, "formula": "count ~ strand * mut * base - strand : mut : base", "rel_entropy": 1.8360823116735347e-06}, "pos2": {"df": 3, "stats": "{\"strand\":{\"8\":\"+\",\"9\":\"+\",\"10\":\"+\",\"11\":\"+\",\"12\":\"+\",\"13\":\"+\",\"14\":\"+\",\"15\":\"+\",\"0\":\"-\",\"1\":\"-\",\"2\":\"-\",\"3\":\"-\",\"4\":\"-\",\"5\":\"-\",\"6\":\"-\",\"7\":\"-\"},\"mut\":{\"8\":\"M\",\"9\":\"M\",\"10\":\"M\",\"11\":\"M\",\"12\":\"R\",\"13\":\"R\",\"14\":\"R\",\"15\":\"R\",\"0\":\"M\",\"1\":\"M\",\"2\":\"M\",\"3\":\"M\",\"4\":\"R\",\"5\":\"R\",\"6\":\"R\",\"7\":\"R\"},\"base\":{\"8\":\"A\",\"9\":\"C\",\"10\":\"G\",\"11\":\"T\",\"12\":\"A\",\"13\":\"C\",\"14\":\"G\",\"15\":\"T\",\"0\":\"A\",\"1\":\"C\",\"2\":\"G\",\"3\":\"T\",\"4\":\"A\",\"5\":\"C\",\"6\":\"G\",\"7\":\"T\"},\"count\":{\"8\":58582,\"9\":50520,\"10\":13984,\"11\":82780,\"12\":75080,\"13\":50208,\"14\":8301,\"15\":72277,\"0\":58809,\"1\":50977,\"2\":14169,\"3\":83116,\"4\":75670,\"5\":50826,\"6\":8196,\"7\":72379},\"fitted\":{\"8\":58512.7563083116,\"9\":50476.1404966519,\"10\":14050.6636226796,\"11\":82826.4395723566,\"12\":75149.2436916881,\"13\":50251.8595033479,\"14\":8234.3363773204,\"15\":72230.5604276433,\"0\":58878.2436916885,\"1\":51020.859503348,\"2\":14102.3363773204,\"3\":83069.5604276432,\"4\":75600.7563083118,\"5\":50782.1404966517,\"6\":8262.6636226795,\"7\":72425.4395723567},\"ret\":{\"8\":0.0000838925,\"9\":0.0000531298,\"10\":-0.0000805271,\"11\":-0.0000562151,\"12\":-0.0000838043,\"13\":-0.0000530836,\"14\":0.0000810447,\"15\":0.0000562489,\"0\":-0.0000837936,\"1\":-0.0000530839,\"2\":0.0000809094,\"3\":0.0000562465,\"4\":0.0000838813,\"5\":0.0000531297,\"6\":-0.0000803924,\"7\":-0.0000562128}}", "prob": 0.519612648210177, "deviance": 2.2631731148537995, "formula": "count ~ strand * mut * base - strand : mut : base", "rel_entropy": 1.370168521380864e-06}}