{"pos2": {"stats": "{\"strand\":{\"0\":\"+\",\"1\":\"+\",\"2\":\"+\",\"3\":\"+\",\"4\":\"+\",\"5\":\"+\",\"6\":\"+\",\"7\":\"+\",\"8\":\"-\",\"9\":\"-\",\"10\":\"-\",\"11\":\"-\",\"12\":\"-\",\"13\":\"-\",\"14\":\"-\",\"15\":\"-\"},\"mut\":{\"0\":\"M\",\"1\":\"M\",\"2\":\"M\",\"3\":\"M\",\"4\":\"R\",\"5\":\"R\",\"6\":\"R\",\"7\":\"R\",\"8\":\"M\",\"9\":\"M\",\"10\":\"M\",\"11\":\"M\",\"12\":\"R\",\"13\":\"R\",\"14\":\"R\",\"15\":\"R\"},\"base\":{\"0\":\"A\",\"1\":\"C\",\"2\":\"G\",\"3\":\"T\",\"4\":\"A\",\"5\":\"C\",\"6\":\"G\",\"7\":\"T\",\"8\":\"A\",\"9\":\"C\",\"10\":\"G\",\"11\":\"T\",\"12\":\"A\",\"13\":\"C\",\"14\":\"G\",\"15\":\"T\"},\"count\":{\"0\":58582,\"1\":50520,\"2\":13984,\"3\":82780,\"4\":75080,\"5\":50208,\"6\":8301,\"7\":72277,\"8\":58809,\"9\":50977,\"10\":14169,\"11\":83116,\"12\":75670,\"13\":50826,\"14\":8196,\"15\":72379},\"fitted\":{\"0\":58512.7563083123,\"1\":50476.1404966522,\"2\":14050.6636226796,\"3\":82826.4395723568,\"4\":75149.2436916885,\"5\":50251.8595033481,\"6\":8234.3363773205,\"7\":72230.5604276431,\"8\":58878.2436916884,\"9\":51020.859503348,\"10\":14102.3363773204,\"11\":83069.5604276432,\"12\":75600.7563083117,\"13\":50782.1404966519,\"14\":8262.6636226796,\"15\":72425.4395723568},\"ret\":{\"0\":0.0000838925,\"1\":0.0000531298,\"2\":-0.0000805271,\"3\":-0.0000562151,\"4\":-0.0000838043,\"5\":-0.0000530836,\"6\":0.0000810447,\"7\":0.0000562489,\"8\":-0.0000837936,\"9\":-0.0000530839,\"10\":0.0000809094,\"11\":0.0000562465,\"12\":0.0000838813,\"13\":0.0000531297,\"14\":-0.0000803924,\"15\":-0.0000562128}}", "deviance": 2.2631731148286747, "df": 3, "rel_entropy": 1.370168521365653e-06, "formula": "count ~ strand * mut * base - strand : mut : base", "prob": 0.51961264821504027}, "pos3": {"stats": "{\"strand\":{\"0\":\"+\",\"1\":\"+\",\"2\":\"+\",\"3\":\"+\",\"4\":\"+\",\"5\":\"+\",\"6\":\"+\",\"7\":\"+\",\"8\":\"-\",\"9\":\"-\",\"10\":\"-\",\"11\":\"-\",\"12\":\"-\",\"13\":\"-\",\"14\":\"-\",\"15\":\"-\"},\"mut\":{\"0\":\"M\",\"1\":\"M\",\"2\":\"M\",\"3\":\"M\",\"4\":\"R\",\"5\":\"R\",\"6\":\"R\",\"7\":\"R\",\"8\":\"M\",\"9\":\"M\",\"10\":\"M\",\"11\":\"M\",\"12\":\"R\",\"13\":\"R\",\"14\":\"R\",\"15\":\"R\"},\"base\":{\"0\":\"A\",\"1\":\"C\",\"2\":\"G\",\"3\":\"T\",\"4\":\"A\",\"5\":\"C\",\"6\":\"G\",\"7\":\"T\",\"8\":\"A\",\"9\":\"C\",\"10\":\"G\",\"11\":\"T\",\"12\":\"A\",\"13\":\"C\",\"14\":\"G\",\"15\":\"T\"},\"count\":{\"0\":62724,\"1\":41845,\"2\":45726,\"3\":55571,\"4\":54461,\"5\":46195,\"6\":44416,\"7\":60794,\"8\":63369,\"9\":41941,\"10\":45885,\"11\":55876,\"12\":54385,\"13\":46375,\"14\":44687,\"15\":61624},\"fitted\":{\"0\":62892.4417147732,\"1\":41826.4086662051,\"2\":45695.4521558579,\"3\":55451.6974631653,\"4\":54292.5582852278,\"5\":46213.5913337954,\"6\":44446.5478441425,\"7\":60913.3025368352,\"8\":63200.5582852278,\"9\":41959.5913337953,\"10\":45915.5478441424,\"11\":55995.3025368352,\"12\":54553.4417147726,\"13\":46356.4086662051,\"14\":44656.4521558579,\"15\":61504.6974631652},\"ret\":{\"0\":-0.0002036823,\"1\":0.0000225161,\"2\":0.0000370009,\"3\":0.0001446114,\"4\":0.0002042718,\"5\":-0.0000225066,\"6\":-0.0000369758,\"7\":-0.0001443145,\"8\":0.0002042273,\"9\":-0.0000225061,\"10\":-0.0000369762,\"11\":-0.0001443021,\"12\":-0.0002036405,\"13\":0.0000225156,\"14\":0.0000370012,\"15\":0.0001445961}}", "deviance": 3.0327452861415907, "df": 3, "rel_entropy": 1.8360823116732036e-06, "formula": "count ~ strand * mut * base - strand : mut : base", "prob": 0.38660400013064561}, "pos0": {"stats": "{\"strand\":{\"0\":\"+\",\"1\":\"+\",\"2\":\"+\",\"3\":\"+\",\"4\":\"+\",\"5\":\"+\",\"6\":\"+\",\"7\":\"+\",\"8\":\"-\",\"9\":\"-\",\"10\":\"-\",\"11\":\"-\",\"12\":\"-\",\"13\":\"-\",\"14\":\"-\",\"15\":\"-\"},\"mut\":{\"0\":\"M\",\"1\":\"M\",\"2\":\"M\",\"3\":\"M\",\"4\":\"R\",\"5\":\"R\",\"6\":\"R\",\"7\":\"R\",\"8\":\"M\",\"9\":\"M\",\"10\":\"M\",\"11\":\"M\",\"12\":\"R\",\"13\":\"R\",\"14\":\"R\",\"15\":\"R\"},\"base\":{\"0\":\"A\",\"1\":\"C\",\"2\":\"G\",\"3\":\"T\",\"4\":\"A\",\"5\":\"C\",\"6\":\"G\",\"7\":\"T\",\"8\":\"A\",\"9\":\"C\",\"10\":\"G\",\"11\":\"T\",\"12\":\"A\",\"13\":\"C\",\"14\":\"G\",\"15\":\"T\"},\"count\":{\"0\":64301,\"1\":57973,\"2\":34765,\"3\":48827,\"4\":55551,\"5\":45956,\"6\":41073,\"7\":63286,\"8\":64616,\"9\":58180,\"10\":35215,\"11\":49060,\"12\":55640,\"13\":46234,\"14\":41347,\"15\":63850},\"fitted\":{\"0\":64344.4107817577,\"1\":57936.4547401736,\"2\":34820.203700454,\"3\":48764.9307776151,\"4\":55507.5892182425,\"5\":45992.5452598265,\"6\":41017.7962995461,\"7\":63348.0692223852,\"8\":64572.5892182426,\"9\":58216.5452598266,\"10\":35159.7962995462,\"11\":49122.0692223852,\"12\":55683.4107817576,\"13\":46197.4547401736,\"14\":41402.203700454,\"15\":63787.9307776152},\"ret\":{\"0\":-0.0000525457,\"1\":0.0000442644,\"2\":-0.0000667897,\"3\":0.0000752036,\"4\":0.000052584,\"5\":-0.0000442328,\"6\":0.0000668877,\"7\":-0.000075119,\"8\":0.0000525811,\"9\":-0.0000442365,\"10\":0.0000668952,\"11\":-0.0000751083,\"12\":-0.0000525429,\"13\":0.0000442679,\"14\":-0.0000667982,\"15\":0.0000751924}}", "deviance": 0.8309475089858296, "df": 3, "rel_entropy": 5.030715998964912e-07, "formula": "count ~ strand * mut * base - strand : mut : base", "prob": 0.84205136891926768}, "pos1": {"stats": "{\"strand\":{\"0\":\"+\",\"1\":\"+\",\"2\":\"+\",\"3\":\"+\",\"4\":\"+\",\"5\":\"+\",\"6\":\"+\",\"7\":\"+\",\"8\":\"-\",\"9\":\"-\",\"10\":\"-\",\"11\":\"-\",\"12\":\"-\",\"13\":\"-\",\"14\":\"-\",\"15\":\"-\"},\"mut\":{\"0\":\"M\",\"1\":\"M\",\"2\":\"M\",\"3\":\"M\",\"4\":\"R\",\"5\":\"R\",\"6\":\"R\",\"7\":\"R\",\"8\":\"M\",\"9\":\"M\",\"10\":\"M\",\"11\":\"M\",\"12\":\"R\",\"13\":\"R\",\"14\":\"R\",\"15\":\"R\"},\"base\":{\"0\":\"A\",\"1\":\"C\",\"2\":\"G\",\"3\":\"T\",\"4\":\"A\",\"5\":\"C\",\"6\":\"G\",\"7\":\"T\",\"8\":\"A\",\"9\":\"C\",\"10\":\"G\",\"11\":\"T\",\"12\":\"A\",\"13\":\"C\",\"14\":\"G\",\"15\":\"T\"},\"count\":{\"0\":57020,\"1\":46011,\"2\":33125,\"3\":69710,\"4\":52219,\"5\":50277,\"6\":40886,\"7\":62484,\"8\":57311,\"9\":46064,\"10\":33351,\"11\":70345,\"12\":52879,\"13\":50527,\"14\":41142,\"15\":62523},\"fitted\":{\"0\":56918.6840356335,\"1\":45966.0024020678,\"2\":33130.7482245477,\"3\":69850.5653377516,\"4\":52320.315964367,\"5\":50321.9975979323,\"6\":40880.2517754525,\"7\":62343.4346622488,\"8\":57412.3159643668,\"9\":46108.9975979324,\"10\":33345.2517754524,\"11\":70204.4346622487,\"12\":52777.6840356333,\"13\":50482.0024020678,\"14\":41147.7482245477,\"15\":62663.5653377515},\"ret\":{\"0\":0.0001227864,\"1\":0.0000545115,\"2\":-0.0000069596,\"3\":-0.0001700305,\"4\":-0.0001225584,\"5\":-0.0000544605,\"6\":0.0000069607,\"7\":0.0001703936,\"8\":-0.000122569,\"9\":-0.0000544582,\"10\":0.0000069608,\"11\":0.0001703722,\"12\":0.0001227949,\"13\":0.0000545091,\"14\":-0.0000069597,\"15\":-0.0001700109}}", "deviance": 2.1182912584561606, "df": 3, "rel_entropy": 1.2824542596426094e-06, "formula": "count ~ strand * mut * base - strand : mut : base", "prob": 0.54822118983933343}}