{"pos1": {"prob": 0, "formula": "count ~ mut * base - mut : base", "stats": "{\"mut\":{\"0\":\"M\",\"1\":\"M\",\"2\":\"M\",\"3\":\"M\",\"4\":\"R\",\"5\":\"R\",\"6\":\"R\",\"7\":\"R\"},\"base\":{\"0\":\"A\",\"1\":\"C\",\"2\":\"G\",\"3\":\"T\",\"4\":\"A\",\"5\":\"C\",\"6\":\"G\",\"7\":\"T\"},\"count\":{\"0\":12584,\"1\":16592,\"2\":6370,\"3\":7433,\"4\":12443,\"5\":12386,\"6\":10351,\"7\":7799},\"fitted\":{\"0\":12513.5,\"1\":14489.0,\"2\":8360.5,\"3\":7616.0,\"4\":12513.5,\"5\":14489.0,\"6\":8360.5,\"7\":7616.0},\"ret\":{\"0\":0.000822474,\"1\":0.0261607863,\"2\":-0.0201508007,\"3\":-0.0021031618,\"4\":-0.0008178533,\"5\":-0.022597186,\"6\":0.0257173303,\"7\":0.0021543218}}", "deviance": 1579.2050152158586, "rel_entropy": 0.009185910649479156, "df": 3}, "pos3": {"prob": 6.278011598401456e-37, "formula": "count ~ mut * base - mut : base", "stats": "{\"mut\":{\"0\":\"M\",\"1\":\"M\",\"2\":\"M\",\"3\":\"M\",\"4\":\"R\",\"5\":\"R\",\"6\":\"R\",\"7\":\"R\"},\"base\":{\"0\":\"A\",\"1\":\"C\",\"2\":\"G\",\"3\":\"T\",\"4\":\"A\",\"5\":\"C\",\"6\":\"G\",\"7\":\"T\"},\"count\":{\"0\":11990,\"1\":9429,\"2\":11584,\"3\":9976,\"4\":12954,\"5\":9346,\"6\":10030,\"7\":10649},\"fitted\":{\"0\":12471.9999999999,\"1\":9387.4999999996,\"2\":10807.0000000603,\"3\":10312.4999999997,\"4\":12472.000000001,\"5\":9387.5000000004,\"6\":10807.0000000612,\"7\":10312.5000000006},\"ret\":{\"0\":-0.005497613,\"1\":0.0004838595,\"2\":0.0093567319,\"3\":-0.0038501273,\"4\":0.0057143734,\"5\":-0.0004817252,\"6\":-0.0087062648,\"7\":0.0039778879}}", "deviance": 171.4212985713881, "rel_entropy": 0.0009971224235753979, "df": 3}, "pos2": {"prob": 0, "formula": "count ~ mut * base - mut : base", "stats": "{\"mut\":{\"0\":\"M\",\"1\":\"M\",\"2\":\"M\",\"3\":\"M\",\"4\":\"R\",\"5\":\"R\",\"6\":\"R\",\"7\":\"R\"},\"base\":{\"0\":\"A\",\"1\":\"C\",\"2\":\"G\",\"3\":\"T\",\"4\":\"A\",\"5\":\"C\",\"6\":\"G\",\"7\":\"T\"},\"count\":{\"0\":6881,\"1\":8377,\"2\":10349,\"3\":17372,\"4\":12440,\"5\":8452,\"6\":11982,\"7\":10105},\"fitted\":{\"0\":9660.5000000007,\"1\":8414.5,\"2\":11165.5,\"3\":13738.5000000003,\"4\":9660.5000000007,\"5\":8414.5,\"6\":11165.5,\"7\":13738.5000000003},\"ret\":{\"0\":-0.0271597225,\"1\":-0.000435286,\"2\":-0.0091427248,\"3\":0.0474239966,\"4\":0.0365960551,\"5\":0.0004372302,\"6\":0.0098379662,\"7\":-0.036110317}}", "deviance": 3687.116461131357, "rel_entropy": 0.02144719782411967, "df": 3}, "pos0": {"prob": 0, "formula": "count ~ mut * base - mut : base", "stats": "{\"mut\":{\"0\":\"M\",\"1\":\"M\",\"2\":\"M\",\"3\":\"M\",\"4\":\"R\",\"5\":\"R\",\"6\":\"R\",\"7\":\"R\"},\"base\":{\"0\":\"A\",\"1\":\"C\",\"2\":\"G\",\"3\":\"T\",\"4\":\"A\",\"5\":\"C\",\"6\":\"G\",\"7\":\"T\"},\"count\":{\"0\":10635,\"1\":16031,\"2\":9140,\"3\":7173,\"4\":12911,\"5\":8442,\"6\":10662,\"7\":10964},\"fitted\":{\"0\":11772.9999999999,\"1\":12236.5000000037,\"2\":9900.9999999999,\"3\":9068.5,\"4\":11773.0000000001,\"5\":12236.5000000039,\"6\":9901.0000000001,\"7\":9068.5000000001},\"ret\":{\"0\":-0.0125774947,\"1\":0.0503733228,\"2\":-0.0085038617,\"3\":-0.0195670652,\"4\":0.0138592036,\"5\":-0.0364562288,\"6\":0.0091849954,\"7\":0.0242104309}}", "deviance": 3528.284033787977, "rel_entropy": 0.020523302274296617, "df": 3}}