{"('pos0', 'pos1')": {"prob": 0, "formula": "count ~ mut * base1 * base2 - mut : base1 : base2", "stats": "{\"mut\":{\"0\":\"M\",\"1\":\"M\",\"2\":\"M\",\"3\":\"M\",\"4\":\"M\",\"5\":\"M\",\"6\":\"M\",\"7\":\"M\",\"8\":\"M\",\"9\":\"M\",\"10\":\"M\",\"11\":\"M\",\"12\":\"M\",\"13\":\"M\",\"14\":\"M\",\"15\":\"M\",\"16\":\"R\",\"17\":\"R\",\"18\":\"R\",\"19\":\"R\",\"20\":\"R\",\"21\":\"R\",\"22\":\"R\",\"23\":\"R\",\"24\":\"R\",\"25\":\"R\",\"26\":\"R\",\"27\":\"R\",\"28\":\"R\",\"29\":\"R\",\"30\":\"R\",\"31\":\"R\"},\"base1\":{\"0\":\"A\",\"1\":\"A\",\"2\":\"A\",\"3\":\"A\",\"4\":\"C\",\"5\":\"C\",\"6\":\"C\",\"7\":\"C\",\"8\":\"G\",\"9\":\"G\",\"10\":\"G\",\"11\":\"G\",\"12\":\"T\",\"13\":\"T\",\"14\":\"T\",\"15\":\"T\",\"16\":\"A\",\"17\":\"A\",\"18\":\"A\",\"19\":\"A\",\"20\":\"C\",\"21\":\"C\",\"22\":\"C\",\"23\":\"C\",\"24\":\"G\",\"25\":\"G\",\"26\":\"G\",\"27\":\"G\",\"28\":\"T\",\"29\":\"T\",\"30\":\"T\",\"31\":\"T\"},\"base2\":{\"0\":\"A\",\"1\":\"C\",\"2\":\"G\",\"3\":\"T\",\"4\":\"A\",\"5\":\"C\",\"6\":\"G\",\"7\":\"T\",\"8\":\"A\",\"9\":\"C\",\"10\":\"G\",\"11\":\"T\",\"12\":\"A\",\"13\":\"C\",\"14\":\"G\",\"15\":\"T\",\"16\":\"A\",\"17\":\"C\",\"18\":\"G\",\"19\":\"T\",\"20\":\"A\",\"21\":\"C\",\"22\":\"G\",\"23\":\"T\",\"24\":\"A\",\"25\":\"C\",\"26\":\"G\",\"27\":\"T\",\"28\":\"A\",\"29\":\"C\",\"30\":\"G\",\"31\":\"T\"},\"count\":{\"0\":2212,\"1\":4384,\"2\":2427,\"3\":1612,\"4\":7156,\"5\":5241,\"6\":524,\"7\":3110,\"8\":2416,\"9\":3312,\"10\":1876,\"11\":1536,\"12\":800,\"13\":3655,\"14\":1543,\"15\":1175,\"16\":4327,\"17\":2939,\"18\":3481,\"19\":2164,\"20\":2572,\"21\":3540,\"22\":685,\"23\":1645,\"24\":3196,\"25\":2760,\"26\":3122,\"27\":1584,\"28\":2348,\"29\":3147,\"30\":3063,\"31\":2406},\"fitted\":{\"0\":2836.4770714311,\"1\":3887.0488801831,\"2\":2246.9219427963,\"3\":1664.5521055896,\"4\":6085.0153721404,\"5\":6247.9585594845,\"6\":691.922503032,\"7\":3006.1035653433,\"8\":2493.224311708,\"9\":3287.3270506581,\"10\":1951.2461464669,\"11\":1408.2024911671,\"12\":1169.2832447206,\"13\":3169.6655096744,\"14\":1479.9094077049,\"15\":1354.1418379002,\"16\":3702.5229285689,\"17\":3435.9511198169,\"18\":3661.0780572038,\"19\":2111.4478944104,\"20\":3642.9846278604,\"21\":2533.0414405162,\"22\":517.0774969682,\"23\":1748.8964346569,\"24\":3118.775688292,\"25\":2784.672949342,\"26\":3046.7538535331,\"27\":1711.7975088329,\"28\":1978.7167552795,\"29\":3632.3344903256,\"30\":3126.0905922951,\"31\":2226.8581620999},\"ret\":{\"0\":-0.006399039,\"1\":0.0061360762,\"2\":0.0021767464,\"3\":-0.0006016155,\"4\":0.0134966427,\"5\":-0.0107153055,\"6\":-0.0016945801,\"7\":0.001229339,\"8\":-0.0008843366,\"9\":0.0002881094,\"10\":-0.0008582827,\"11\":0.0015522533,\"12\":-0.0035322786,\"13\":0.0060579347,\"14\":0.0007493974,\"15\":-0.0019396942,\"16\":0.0078457645,\"17\":-0.0053414864,\"18\":-0.0020425654,\"19\":0.0006189155,\"20\":-0.0104162886,\"21\":0.0137841647,\"22\":0.0022410929,\"23\":-0.0011720533,\"24\":0.0009094278,\"25\":-0.0002857596,\"26\":0.0008861045,\"27\":-0.0014298107,\"28\":0.0046741303,\"29\":-0.0052509529,\"30\":-0.0007265132,\"31\":0.0021657281}}", "deviance": 1980.6898036815107, "rel_entropy": 0.011521265057827723, "df": 9}, "('pos0', 'pos2')": {"prob": 3.2851878397942664e-65, "formula": "count ~ mut * base1 * base2 - mut : base1 : base2", "stats": "{\"mut\":{\"0\":\"M\",\"1\":\"M\",\"2\":\"M\",\"3\":\"M\",\"4\":\"M\",\"5\":\"M\",\"6\":\"M\",\"7\":\"M\",\"8\":\"M\",\"9\":\"M\",\"10\":\"M\",\"11\":\"M\",\"12\":\"M\",\"13\":\"M\",\"14\":\"M\",\"15\":\"M\",\"16\":\"R\",\"17\":\"R\",\"18\":\"R\",\"19\":\"R\",\"20\":\"R\",\"21\":\"R\",\"22\":\"R\",\"23\":\"R\",\"24\":\"R\",\"25\":\"R\",\"26\":\"R\",\"27\":\"R\",\"28\":\"R\",\"29\":\"R\",\"30\":\"R\",\"31\":\"R\"},\"base1\":{\"0\":\"A\",\"1\":\"A\",\"2\":\"A\",\"3\":\"A\",\"4\":\"C\",\"5\":\"C\",\"6\":\"C\",\"7\":\"C\",\"8\":\"G\",\"9\":\"G\",\"10\":\"G\",\"11\":\"G\",\"12\":\"T\",\"13\":\"T\",\"14\":\"T\",\"15\":\"T\",\"16\":\"A\",\"17\":\"A\",\"18\":\"A\",\"19\":\"A\",\"20\":\"C\",\"21\":\"C\",\"22\":\"C\",\"23\":\"C\",\"24\":\"G\",\"25\":\"G\",\"26\":\"G\",\"27\":\"G\",\"28\":\"T\",\"29\":\"T\",\"30\":\"T\",\"31\":\"T\"},\"base2\":{\"0\":\"A\",\"1\":\"C\",\"2\":\"G\",\"3\":\"T\",\"4\":\"A\",\"5\":\"C\",\"6\":\"G\",\"7\":\"T\",\"8\":\"A\",\"9\":\"C\",\"10\":\"G\",\"11\":\"T\",\"12\":\"A\",\"13\":\"C\",\"14\":\"G\",\"15\":\"T\",\"16\":\"A\",\"17\":\"C\",\"18\":\"G\",\"19\":\"T\",\"20\":\"A\",\"21\":\"C\",\"22\":\"G\",\"23\":\"T\",\"24\":\"A\",\"25\":\"C\",\"26\":\"G\",\"27\":\"T\",\"28\":\"A\",\"29\":\"C\",\"30\":\"G\",\"31\":\"T\"},\"count\":{\"0\":2009,\"1\":1922,\"2\":2744,\"3\":3960,\"4\":2127,\"5\":3446,\"6\":2979,\"7\":7479,\"8\":1578,\"9\":1697,\"10\":2965,\"11\":2900,\"12\":1167,\"13\":1312,\"14\":1661,\"15\":3033,\"16\":4034,\"17\":2365,\"18\":3316,\"19\":3196,\"20\":2153,\"21\":1993,\"22\":2467,\"23\":1829,\"24\":3029,\"25\":2003,\"26\":3457,\"27\":2173,\"28\":3224,\"29\":2091,\"30\":2742,\"31\":2907},\"fitted\":{\"0\":1957.2851186707,\"1\":1910.0551069477,\"2\":2572.7944638905,\"3\":4194.8653104911,\"4\":2184.9661510034,\"5\":3460.7655419035,\"6\":3356.3544098683,\"7\":7028.9138972248,\"8\":1556.5642693283,\"9\":1706.406576902,\"10\":2825.9789129459,\"11\":3051.0502408237,\"12\":1182.1844609976,\"13\":1299.7727742468,\"14\":1593.8722132952,\"15\":3097.1705514604,\"16\":4085.7148813293,\"17\":2376.9448930523,\"18\":3487.2055361095,\"19\":2961.1346895089,\"20\":2095.0338489966,\"21\":1978.2344580965,\"22\":2089.6455901317,\"23\":2279.0861027753,\"24\":3050.4357306717,\"25\":1993.593423098,\"26\":3596.0210870541,\"27\":2021.9497591763,\"28\":3208.8155390024,\"29\":2103.2272257532,\"30\":2809.1277867048,\"31\":2842.8294485396},\"ret\":{\"0\":0.0006095086,\"1\":0.0001393956,\"2\":0.0020565814,\"3\":-0.0026543677,\"4\":-0.000665329,\"5\":-0.0001714093,\"6\":-0.0041333968,\"7\":0.0054002921,\"8\":0.0002510837,\"9\":-0.0001091301,\"10\":0.0016564584,\"11\":-0.0017130214,\"12\":-0.0001755104,\"13\":0.0001429135,\"14\":0.000797156,\"15\":-0.0007387461,\"16\":-0.0005978059,\"17\":-0.0001386122,\"18\":-0.0019420219,\"19\":0.0028379286,\"20\":0.0006835986,\"21\":0.0001724157,\"22\":0.0047644504,\"23\":-0.0046812332,\"24\":-0.0002484962,\"25\":0.00010969,\"26\":-0.0015856408,\"27\":0.0018213184,\"28\":0.0001770671,\"29\":-0.0001418322,\"30\":-0.0007715311,\"31\":0.0007548968}}", "deviance": 327.7871672544452, "rel_entropy": 0.0019066705091698574, "df": 9}, "('pos2', 'pos3')": {"prob": 8.08340010746484e-60, "formula": "count ~ mut * base1 * base2 - mut : base1 : base2",