{"pos2": {"stats": "{\"mut\":{\"0\":\"M\",\"1\":\"M\",\"2\":\"M\",\"3\":\"M\",\"4\":\"R\",\"5\":\"R\",\"6\":\"R\",\"7\":\"R\"},\"base\":{\"0\":\"A\",\"1\":\"C\",\"2\":\"G\",\"3\":\"T\",\"4\":\"A\",\"5\":\"C\",\"6\":\"G\",\"7\":\"T\"},\"count\":{\"0\":90,\"1\":125,\"2\":76,\"3\":103,\"4\":107,\"5\":111,\"6\":30,\"7\":146},\"fitted\":{\"0\":98.5,\"1\":118.0,\"2\":53.0000000036,\"3\":124.5,\"4\":98.5,\"5\":118.0,\"6\":53.0000000037,\"7\":124.5},\"ret\":{\"0\":-0.0103073845,\"1\":0.009141674,\"2\":0.0347633863,\"3\":-0.0247796992,\"4\":0.0112393841,\"5\":-0.0086143921,\"6\":-0.0216660355,\"7\":0.0295151424}}", "deviance": 30.40431106503567, "df": 3, "rel_entropy": 0.019292075548880502, "formula": "count ~ mut * base - mut : base", "prob": 1.1345751603054301e-06}, "pos3": {"stats": "{\"mut\":{\"0\":\"M\",\"1\":\"M\",\"2\":\"M\",\"3\":\"M\",\"4\":\"R\",\"5\":\"R\",\"6\":\"R\",\"7\":\"R\"},\"base\":{\"0\":\"A\",\"1\":\"C\",\"2\":\"G\",\"3\":\"T\",\"4\":\"A\",\"5\":\"C\",\"6\":\"G\",\"7\":\"T\"},\"count\":{\"0\":96,\"1\":91,\"2\":107,\"3\":100,\"4\":91,\"5\":116,\"6\":95,\"7\":92},\"fitted\":{\"0\":93.5,\"1\":103.5,\"2\":101.0,\"3\":96.0,\"4\":93.5,\"5\":103.5,\"6\":101.0,\"7\":96.0},\"ret\":{\"0\":0.0032146301,\"1\":-0.0148639615,\"2\":0.0078360279,\"3\":0.0051804562,\"4\":-0.0031297914,\"5\":0.0167844608,\"6\":-0.007383432,\"7\":-0.004968889}}", "deviance": 4.20713366246771, "df": 3, "rel_entropy": 0.002669501054865298, "formula": "count ~ mut * base - mut : base", "prob": 0.23994864015542605}, "pos0": {"stats": "{\"mut\":{\"0\":\"M\",\"1\":\"M\",\"2\":\"M\",\"3\":\"M\",\"4\":\"R\",\"5\":\"R\",\"6\":\"R\",\"7\":\"R\"},\"base\":{\"0\":\"A\",\"1\":\"C\",\"2\":\"G\",\"3\":\"T\",\"4\":\"A\",\"5\":\"C\",\"6\":\"G\",\"7\":\"T\"},\"count\":{\"0\":116,\"1\":91,\"2\":99,\"3\":88,\"4\":97,\"5\":103,\"6\":88,\"7\":106},\"fitted\":{\"0\":106.5000000033,\"1\":97.0000000002,\"2\":93.5000000001,\"3\":97.0000000042,\"4\":106.5000000033,\"5\":97.0000000001,\"6\":93.5000000001,\"7\":97.0000000041},\"ret\":{\"0\":0.0125782283,\"1\":-0.0073737106,\"2\":0.0071810698,\"3\":-0.0108742721,\"4\":-0.0115013942,\"5\":0.0078449937,\"6\":-0.0067702623,\"7\":0.0119355079}}", "deviance": 4.75977273594099, "df": 3, "rel_entropy": 0.0030201603654447903, "formula": "count ~ mut * base - mut : base", "prob": 0.1902569204419661}, "pos1": {"stats": "{\"mut\":{\"0\":\"M\",\"1\":\"M\",\"2\":\"M\",\"3\":\"M\",\"4\":\"R\",\"5\":\"R\",\"6\":\"R\",\"7\":\"R\"},\"base\":{\"0\":\"A\",\"1\":\"C\",\"2\":\"G\",\"3\":\"T\",\"4\":\"A\",\"5\":\"C\",\"6\":\"G\",\"7\":\"T\"},\"count\":{\"0\":87,\"1\":104,\"2\":117,\"3\":86,\"4\":93,\"5\":110,\"6\":95,\"7\":96},\"fitted\":{\"0\":90.0,\"1\":107.0,\"2\":106.0,\"3\":91.0,\"4\":90.0,\"5\":107.0,\"6\":106.0,\"7\":91.0},\"ret\":{\"0\":-0.0037429378,\"1\":-0.00375323,\"2\":0.0146598685,\"3\":-0.0061675762,\"4\":0.0038698649,\"5\":0.0038599853,\"6\":-0.0132086412,\"7\":0.006516388}}", "deviance": 3.2051449881046725, "df": 3, "rel_entropy": 0.0020337214391527108, "formula": "count ~ mut * base - mut : base", "prob": 0.3610643755353507}}