{"('pos0', 'pos1')": {"stats": "{\"mut\":{\"0\":\"M\",\"1\":\"M\",\"2\":\"M\",\"3\":\"M\",\"4\":\"M\",\"5\":\"M\",\"6\":\"M\",\"7\":\"M\",\"8\":\"M\",\"9\":\"M\",\"10\":\"M\",\"11\":\"M\",\"12\":\"M\",\"13\":\"M\",\"14\":\"M\",\"15\":\"M\",\"16\":\"R\",\"17\":\"R\",\"18\":\"R\",\"19\":\"R\",\"20\":\"R\",\"21\":\"R\",\"22\":\"R\",\"23\":\"R\",\"24\":\"R\",\"25\":\"R\",\"26\":\"R\",\"27\":\"R\",\"28\":\"R\",\"29\":\"R\",\"30\":\"R\",\"31\":\"R\"},\"base1\":{\"0\":\"A\",\"1\":\"A\",\"2\":\"A\",\"3\":\"A\",\"4\":\"C\",\"5\":\"C\",\"6\":\"C\",\"7\":\"C\",\"8\":\"G\",\"9\":\"G\",\"10\":\"G\",\"11\":\"G\",\"12\":\"T\",\"13\":\"T\",\"14\":\"T\",\"15\":\"T\",\"16\":\"A\",\"17\":\"A\",\"18\":\"A\",\"19\":\"A\",\"20\":\"C\",\"21\":\"C\",\"22\":\"C\",\"23\":\"C\",\"24\":\"G\",\"25\":\"G\",\"26\":\"G\",\"27\":\"G\",\"28\":\"T\",\"29\":\"T\",\"30\":\"T\",\"31\":\"T\"},\"base2\":{\"0\":\"A\",\"1\":\"C\",\"2\":\"G\",\"3\":\"T\",\"4\":\"A\",\"5\":\"C\",\"6\":\"G\",\"7\":\"T\",\"8\":\"A\",\"9\":\"C\",\"10\":\"G\",\"11\":\"T\",\"12\":\"A\",\"13\":\"C\",\"14\":\"G\",\"15\":\"T\",\"16\":\"A\",\"17\":\"C\",\"18\":\"G\",\"19\":\"T\",\"20\":\"A\",\"21\":\"C\",\"22\":\"G\",\"23\":\"T\",\"24\":\"A\",\"25\":\"C\",\"26\":\"G\",\"27\":\"T\",\"28\":\"A\",\"29\":\"C\",\"30\":\"G\",\"31\":\"T\"},\"count\":{\"0\":31,\"1\":27,\"2\":28,\"3\":30,\"4\":31,\"5\":30,\"6\":11,\"7\":19,\"8\":17,\"9\":24,\"10\":41,\"11\":17,\"12\":8,\"13\":23,\"14\":37,\"15\":20,\"16\":29,\"17\":17,\"18\":32,\"19\":19,\"20\":30,\"21\":34,\"22\":5,\"23\":34,\"24\":23,\"25\":22,\"26\":22,\"27\":21,\"28\":11,\"29\":37,\"30\":36,\"31\":22},\"fitted\":{\"0\":31.1745393695,\"1\":23.6366648834,\"2\":35.8037664112,\"3\":25.3850293359,\"4\":27.8908758462,\"5\":30.3887422192,\"6\":8.567063997,\"7\":24.1533179376,\"8\":19.9669701406,\"9\":23.7750072611,\"10\":36.3470076453,\"11\":18.911014953,\"12\":7.9676146436,\"13\":26.1995856364,\"14\":36.2821619465,\"15\":17.5506377735,\"16\":28.8254606305,\"17\":20.3633351166,\"18\":24.1962335888,\"19\":23.6149706641,\"20\":33.1091241538,\"21\":33.6112577808,\"22\":7.432936003,\"23\":28.8466820624,\"24\":20.0330298594,\"25\":22.2249927389,\"26\":26.6529923547,\"27\":19.088985047,\"28\":11.0323853564,\"29\":33.8004143636,\"30\":36.7178380535,\"31\":24.4493622265},\"ret\":{\"0\":-0.0002208754,\"1\":0.0045584005,\"2\":-0.0087357365,\"3\":0.0063593063,\"4\":0.0041577609,\"5\":-0.0004901587,\"6\":0.0034894316,\"7\":-0.0057863868,\"8\":-0.0034704609,\"9\":0.0002868706,\"10\":0.0062675985,\"11\":-0.0022982621,\"12\":0.0000411816,\"13\":-0.0038016951,\"14\":0.0009199148,\"15\":0.0033157864,\"16\":0.0002221659,\"17\":-0.003894524,\"18\":0.0113518343,\"19\":-0.005242888,\"20\":-0.0037542456,\"21\":0.0004961696,\"22\":-0.0025157552,\"23\":0.0070919144,\"24\":0.0040311823,\"25\":-0.0002840736,\"26\":-0.0053564688,\"27\":0.0025426781,\"28\":-0.0000410378,\"29\":0.004246776,\"30\":-0.0009019987,\"31\":-0.0029471534}}", "rel_entropy": 0.009637250780668407, "df": 9, "deviance": 15.18830723033341, "formula": "count ~ mut * base1 * base2 - mut : base1 : base2", "prob": 0.08589167667932025}, "('pos0', 'pos3')": {"stats": "{\"mut\":{\"0\":\"M\",\"1\":\"M\",\"2\":\"M\",\"3\":\"M\",\"4\":\"M\",\"5\":\"M\",\"6\":\"M\",\"7\":\"M\",\"8\":\"M\",\"9\":\"M\",\"10\":\"M\",\"11\":\"M\",\"12\":\"M\",\"13\":\"M\",\"14\":\"M\",\"15\":\"M\",\"16\":\"R\",\"17\":\"R\",\"18\":\"R\",\"19\":\"R\",\"20\":\"R\",\"21\":\"R\",\"22\":\"R\",\"23\":\"R\",\"24\":\"R\",\"25\":\"R\",\"26\":\"R\",\"27\":\"R\",\"28\":\"R\",\"29\":\"R\",\"30\":\"R\",\"31\":\"R\"},\"base1\":{\"0\":\"A\",\"1\":\"A\",\"2\":\"A\",\"3\":\"A\",\"4\":\"C\",\"5\":\"C\",\"6\":\"C\",\"7\":\"C\",\"8\":\"G\",\"9\":\"G\",\"10\":\"G\",\"11\":\"G\",\"12\":\"T\",\"13\":\"T\",\"14\":\"T\",\"15\":\"T\",\"16\":\"A\",\"17\":\"A\",\"18\":\"A\",\"19\":\"A\",\"20\":\"C\",\"21\":\"C\",\"22\":\"C\",\"23\":\"C\",\"24\":\"G\",\"25\":\"G\",\"26\":\"G\",\"27\":\"G\",\"28\":\"T\",\"29\":\"T\",\"30\":\"T\",\"31\":\"T\"},\"base2\":{\"0\":\"A\",\"1\":\"C\",\"2\":\"G\",\"3\":\"T\",\"4\":\"A\",\"5\":\"C\",\"6\":\"G\",\"7\":\"T\",\"8\":\"A\",\"9\":\"C\",\"10\":\"G\",\"11\":\"T\",\"12\":\"A\",\"13\":\"C\",\"14\":\"G\",\"15\":\"T\",\"16\":\"A\",\"17\":\"C\",\"18\":\"G\",\"19\":\"T\",\"20\":\"A\",\"21\":\"C\",\"22\":\"G\",\"23\":\"T\",\"24\":\"A\",\"25\":\"C\",\"26\":\"G\",\"27\":\"T\",\"28\":\"A\",\"29\":\"C\",\"30\":\"G\",\"31\":\"T\"},\"count\":{\"0\":24,\"1\":25,\"2\":31,\"3\":36,\"4\":23,\"5\":15,\"6\":26,\"7\":27,\"8\":28,\"9\":27,\"10\":26,\"11\":18,\"12\":21,\"13\":24,\"14\":24,\"15\":19,\"16\":26,\"17\":29,\"18\":18,\"19\":24,\"20\":21,\"21\":28,\"22\":31,\"23\":23,\"24\":20,\"25\":32,\"26\":20,\"27\":16,\"28\":24,\"29\":27,\"30\":26,\"31\":29},\"fitted\":{\"0\":27.8239861916,\"1\":25.9629370437,\"2\":28.2570520271,\"3\":33.9560247376,\"4\":20.9932239643,\"5\":17.3046626138,\"6\":28.3669122713,\"7\":24.3352011505,\"8\":26.2367071765,\"9\":27.779012249,\"10\":26.0770608043,\"11\":18.9072197703,\"12\":20.9460826676,\"13\":19.9533880934,\"14\":24.2989748973,\"15\":22.8015543416,\"16\":22.1760138084,\"17\":28.0370629563,\"18\":20.7429479729,\"19\":26.0439752624,\"20\":23.0067760357,\"21\":25.6953373862,\"22\":28.6330877287,\"23\":25.6647988495,\"24\":21.7632928235,\"25\":31.220987751,\"26\":19.9229391957,\"27\":15.0927802297,\"28\":24.0539173324,\"29\":31.0466119066,\"30\":25.7010251027,\"31\":25.1984456584},\"ret\":{\"0\":-0.0045028822,\"1\":-0.0011990545,\"2\":0.0036446302,\"3\":0.0026704252,\"4\":0.0026646871,\"5\":-0.0027206684,\"6\":-0.0028747443,\"7\":0.0035604693,\"8\":0.0023112452,\"9\":-0.0009746011,\"10\":-0.0000976483,\"11\":-0.0011232203,\"12\":0.000068511,\"13\":0.0056240063,\"14\":-0.000377066,\"15\":-0.0043977219,\"16\":0.0052490071,\"17\":0.00124275,\"18\":-0.0032398761,\"19\":-0.0024893188,\"20\":-0.0024322249,\"21\":0.0030521052,\"22\":0.0031245577,\"23\":-0.0031997478,\"24\":-0.0021444787,\"25\":0.0010008264,\"26\":0.0000979818,\"27\":0.0011852228,\"28\":-0.0000683463,\"29\":-0.0047850585,\"30\":0.0003816081,\"31\":0.0051711828}}", "rel_entropy": 0.004422558049933226, "df": 9, "deviance": 6.969951486694764, "formula": "count ~ mut * base1 * base2 - mut : base1 : base2", "prob": 0.6402480179063277},