{"pos1": {"stats": "{\"mut\":{\"0\":\"M\",\"1\":\"M\",\"2\":\"M\",\"3\":\"M\",\"4\":\"R\",\"5\":\"R\",\"6\":\"R\",\"7\":\"R\"},\"base\":{\"0\":\"A\",\"1\":\"C\",\"2\":\"G\",\"3\":\"T\",\"4\":\"A\",\"5\":\"C\",\"6\":\"G\",\"7\":\"T\"},\"count\":{\"0\":1592,\"1\":1311,\"2\":744,\"3\":375,\"4\":1137,\"5\":1226,\"6\":938,\"7\":721},\"fitted\":{\"0\":1364.5,\"1\":1268.5,\"2\":841.0,\"3\":548.0000000002,\"4\":1364.5,\"5\":1268.5,\"6\":841.0,\"7\":548.0000000002},\"ret\":{\"0\":0.0305185502,\"1\":0.0053709774,\"2\":-0.0113348664,\"3\":-0.0176847306,\"4\":-0.0257810717,\"5\":-0.0051939271,\"6\":0.012728801,\"7\":0.0245917872}}", "deviance": 212.61128619254984, "df": 3, "rel_entropy": 0.01321552002688649, "prob": 7.939761855176237e-46, "formula": "count ~ mut * base - mut : base"}, "pos3": {"stats": "{\"mut\":{\"0\":\"M\",\"1\":\"M\",\"2\":\"M\",\"3\":\"M\",\"4\":\"R\",\"5\":\"R\",\"6\":\"R\",\"7\":\"R\"},\"base\":{\"0\":\"A\",\"1\":\"C\",\"2\":\"G\",\"3\":\"T\",\"4\":\"A\",\"5\":\"C\",\"6\":\"G\",\"7\":\"T\"},\"count\":{\"0\":997,\"1\":1072,\"2\":924,\"3\":1029,\"4\":1226,\"5\":925,\"6\":894,\"7\":977},\"fitted\":{\"0\":1111.5,\"1\":998.5,\"2\":909.0,\"3\":1003.0,\"4\":1111.5,\"5\":998.5,\"6\":909.0,\"7\":1003.0},\"ret\":{\"0\":-0.0134744926,\"1\":0.0094655826,\"2\":0.0018800456,\"3\":0.0032737586,\"4\":0.0149434194,\"5\":-0.0087923774,\"6\":-0.0018492729,\"7\":-0.0031899628}}", "deviance": 36.30579769469442, "df": 3, "rel_entropy": 0.0022567005031510702, "prob": 6.452488862745147e-08, "formula": "count ~ mut * base - mut : base"}, "pos0": {"stats": "{\"mut\":{\"0\":\"M\",\"1\":\"M\",\"2\":\"M\",\"3\":\"M\",\"4\":\"R\",\"5\":\"R\",\"6\":\"R\",\"7\":\"R\"},\"base\":{\"0\":\"A\",\"1\":\"C\",\"2\":\"G\",\"3\":\"T\",\"4\":\"A\",\"5\":\"C\",\"6\":\"G\",\"7\":\"T\"},\"count\":{\"0\":959,\"1\":882,\"2\":1119,\"3\":1062,\"4\":1180,\"5\":865,\"6\":959,\"7\":1018},\"fitted\":{\"0\":1069.5,\"1\":873.5,\"2\":1039.0,\"3\":1040.0,\"4\":1069.5,\"5\":873.5,\"6\":1039.0,\"7\":1040.0},\"ret\":{\"0\":-0.0130015142,\"1\":0.0010618129,\"2\":0.0103187154,\"3\":0.0027636833,\"4\":0.014423342,\"5\":-0.0010515302,\"6\":-0.0095521975,\"7\":-0.0027058241}}", "deviance": 36.302373349360835, "df": 3, "rel_entropy": 0.00225648765224769, "prob": 6.463256822300606e-08, "formula": "count ~ mut * base - mut : base"}, "pos2": {"stats": "{\"mut\":{\"0\":\"M\",\"1\":\"M\",\"2\":\"M\",\"3\":\"M\",\"4\":\"R\",\"5\":\"R\",\"6\":\"R\",\"7\":\"R\"},\"base\":{\"0\":\"A\",\"1\":\"C\",\"2\":\"G\",\"3\":\"T\",\"4\":\"A\",\"5\":\"C\",\"6\":\"G\",\"7\":\"T\"},\"count\":{\"0\":1017,\"1\":1041,\"2\":1234,\"3\":730,\"4\":1141,\"5\":766,\"6\":1161,\"7\":954},\"fitted\":{\"0\":1079.0,\"1\":903.5,\"2\":1197.5,\"3\":842.0,\"4\":1079.0,\"5\":903.5,\"6\":1197.5,\"7\":842.0},\"ret\":{\"0\":-0.0074817986,\"1\":0.0183328018,\"2\":0.004606004,\"3\":-0.012953369,\"4\":0.0079249265,\"5\":-0.0157212778,\"6\":-0.0044676775,\"7\":0.0148109161}}", "deviance": 81.25285498678954, "df": 3, "rel_entropy": 0.005050525546170409, "prob": 1.653010926524419e-17, "formula": "count ~ mut * base - mut : base"}}