{"('pos0', 'pos3')": {"stats": "{\"mut\":{\"0\":\"M\",\"1\":\"M\",\"2\":\"M\",\"3\":\"M\",\"4\":\"M\",\"5\":\"M\",\"6\":\"M\",\"7\":\"M\",\"8\":\"M\",\"9\":\"M\",\"10\":\"M\",\"11\":\"M\",\"12\":\"M\",\"13\":\"M\",\"14\":\"M\",\"15\":\"M\",\"16\":\"R\",\"17\":\"R\",\"18\":\"R\",\"19\":\"R\",\"20\":\"R\",\"21\":\"R\",\"22\":\"R\",\"23\":\"R\",\"24\":\"R\",\"25\":\"R\",\"26\":\"R\",\"27\":\"R\",\"28\":\"R\",\"29\":\"R\",\"30\":\"R\",\"31\":\"R\"},\"base1\":{\"0\":\"A\",\"1\":\"A\",\"2\":\"A\",\"3\":\"A\",\"4\":\"C\",\"5\":\"C\",\"6\":\"C\",\"7\":\"C\",\"8\":\"G\",\"9\":\"G\",\"10\":\"G\",\"11\":\"G\",\"12\":\"T\",\"13\":\"T\",\"14\":\"T\",\"15\":\"T\",\"16\":\"A\",\"17\":\"A\",\"18\":\"A\",\"19\":\"A\",\"20\":\"C\",\"21\":\"C\",\"22\":\"C\",\"23\":\"C\",\"24\":\"G\",\"25\":\"G\",\"26\":\"G\",\"27\":\"G\",\"28\":\"T\",\"29\":\"T\",\"30\":\"T\",\"31\":\"T\"},\"base2\":{\"0\":\"A\",\"1\":\"C\",\"2\":\"G\",\"3\":\"T\",\"4\":\"A\",\"5\":\"C\",\"6\":\"G\",\"7\":\"T\",\"8\":\"A\",\"9\":\"C\",\"10\":\"G\",\"11\":\"T\",\"12\":\"A\",\"13\":\"C\",\"14\":\"G\",\"15\":\"T\",\"16\":\"A\",\"17\":\"C\",\"18\":\"G\",\"19\":\"T\",\"20\":\"A\",\"21\":\"C\",\"22\":\"G\",\"23\":\"T\",\"24\":\"A\",\"25\":\"C\",\"26\":\"G\",\"27\":\"T\",\"28\":\"A\",\"29\":\"C\",\"30\":\"G\",\"31\":\"T\"},\"count\":{\"0\":254,\"1\":228,\"2\":226,\"3\":251,\"4\":218,\"5\":246,\"6\":214,\"7\":204,\"8\":276,\"9\":288,\"10\":279,\"11\":276,\"12\":249,\"13\":310,\"14\":205,\"15\":298,\"16\":392,\"17\":235,\"18\":264,\"19\":289,\"20\":233,\"21\":230,\"22\":199,\"23\":203,\"24\":262,\"25\":240,\"26\":226,\"27\":231,\"28\":339,\"29\":220,\"30\":205,\"31\":254},\"fitted\":{\"0\":259.3644016636,\"1\":224.6609857615,\"2\":224.6304876753,\"3\":250.3441248997,\"4\":204.4450231867,\"5\":256.1551406242,\"6\":211.1760387565,\"7\":210.2237974331,\"8\":262.2795607941,\"9\":302.0360063489,\"10\":275.490116366,\"11\":279.1943164912,\"12\":270.9110143588,\"13\":289.1478672684,\"14\":212.7033572021,\"15\":289.237761176,\"16\":386.6355983365,\"17\":238.3390142385,\"18\":265.3695123247,\"19\":289.6558751003,\"20\":246.5549768139,\"21\":219.8448593759,\"22\":201.8239612435,\"23\":196.7762025669,\"24\":275.7204392062,\"25\":225.9639936515,\"26\":229.509883634,\"27\":227.8056835088,\"28\":317.0889856459,\"29\":240.8521327385,\"30\":197.2966427979,\"31\":262.762238824},\"ret\":{\"0\":-0.0006599378,\"1\":0.0004181633,\"2\":0.0001707706,\"3\":0.0000816427,\"4\":0.0017397711,\"5\":-0.0012370871,\"6\":0.0003534012,\"7\":-0.0007621513,\"8\":0.0017495293,\"9\":-0.0017037168,\"10\":0.0004391034,\"11\":-0.0003948251,\"12\":-0.0026106464,\"13\":0.0026835614,\"14\":-0.000940098,\"15\":0.0011056242,\"16\":0.0006714875,\"17\":-0.0004121725,\"18\":-0.0001698126,\"19\":-0.0000814436,\"20\":-0.0016379096,\"21\":0.001291168,\"22\":-0.0003485967,\"23\":0.0007858281,\"24\":-0.0016625127,\"25\":0.0017980087,\"26\":-0.000432982,\"27\":0.0003998767,\"28\":0.0028159109,\"29\":-0.0024766585,\"30\":0.0009761094,\"31\":-0.0010709214}}", "deviance": 14.133056495506416, "df": 9, "rel_entropy": 0.0008784843669509209, "prob": 0.11767024799732734, "formula": "count ~ mut * base1 * base2 - mut : base1 : base2"}, "('pos0', 'pos2')": {"stats": "{\"mut\":{\"0\":\"M\",\"1\":\"M\",\"2\":\"M\",\"3\":\"M\",\"4\":\"M\",\"5\":\"M\",\"6\":\"M\",\"7\":\"M\",\"8\":\"M\",\"9\":\"M\",\"10\":\"M\",\"11\":\"M\",\"12\":\"M\",\"13\":\"M\",\"14\":\"M\",\"15\":\"M\",\"16\":\"R\",\"17\":\"R\",\"18\":\"R\",\"19\":\"R\",\"20\":\"R\",\"21\":\"R\",\"22\":\"R\",\"23\":\"R\",\"24\":\"R\",\"25\":\"R\",\"26\":\"R\",\"27\":\"R\",\"28\":\"R\",\"29\":\"R\",\"30\":\"R\",\"31\":\"R\"},\"base1\":{\"0\":\"A\",\"1\":\"A\",\"2\":\"A\",\"3\":\"A\",\"4\":\"C\",\"5\":\"C\",\"6\":\"C\",\"7\":\"C\",\"8\":\"G\",\"9\":\"G\",\"10\":\"G\",\"11\":\"G\",\"12\":\"T\",\"13\":\"T\",\"14\":\"T\",\"15\":\"T\",\"16\":\"A\",\"17\":\"A\",\"18\":\"A\",\"19\":\"A\",\"20\":\"C\",\"21\":\"C\",\"22\":\"C\",\"23\":\"C\",\"24\":\"G\",\"25\":\"G\",\"26\":\"G\",\"27\":\"G\",\"28\":\"T\",\"29\":\"T\",\"30\":\"T\",\"31\":\"T\"},\"base2\":{\"0\":\"A\",\"1\":\"C\",\"2\":\"G\",\"3\":\"T\",\"4\":\"A\",\"5\":\"C\",\"6\":\"G\",\"7\":\"T\",\"8\":\"A\",\"9\":\"C\",\"10\":\"G\",\"11\":\"T\",\"12\":\"A\",\"13\":\"C\",\"14\":\"G\",\"15\":\"T\",\"16\":\"A\",\"17\":\"C\",\"18\":\"G\",\"19\":\"T\",\"20\":\"A\",\"21\":\"C\",\"22\":\"G\",\"23\":\"T\",\"24\":\"A\",\"25\":\"C\",\"26\":\"G\",\"27\":\"T\",\"28\":\"A\",\"29\":\"C\",\"30\":\"G\",\"31\":\"T\"},\"count\":{\"0\":323,\"1\":157,\"2\":302,\"3\":177,\"4\":165,\"5\":295,\"6\":263,\"7\":159,\"8\":299,\"9\":222,\"10\":450,\"11\":148,\"12\":230,\"13\":367,\"14\":219,\"15\":246,\"16\":353,\"17\":213,\"18\":297,\"19\":317,\"20\":215,\"21\":190,\"22\":261,\"23\":199,\"24\":265,\"25\":170,\"26\":331,\"27\":193,\"28\":308,\"29\":193,\"30\":272,\"31\":245},\"fitted\":{\"0\":289.4882594657,\"1\":196.0017503849,\"2\":279.7945990793,\"3\":193.71539107,\"4\":179.5481790819,\"5\":278.3669281854,\"6\":268.1739521151,\"7\":155.9109406176,\"8\":288.2114569772,\"9\":239.5742563322,\"10\":429.6771456251,\"11\":161.5371410655,\"12\":259.7521044751,\"13\":327.0570650975,\"14\":256.3543031805,\"15\":218.8365272469,\"16\":386.5117405343,\"17\":173.9982496151,\"18\":319.2054009207,\"19\":300.28460893,\"20\":200.4518209181,\"21\":206.6330718146,\"22\":255.8260478849,\"23\":202.0890593824,\"24\":275.7885430228,\"25\":152.4257436678,\"26\":351.3228543749,\"27\":179.4628589345,\"28\":278.2478955249,\"29\":232.9429349025,\"30\":234.6456968195,\"31\":272.1634727531},\"ret\":{\"0\":0.0043983887,\"1\":-0.0043305336,\"2\":0.0028672451,\"3\":-0.0019856454,\"4\":-0.0017332406,\"5\":0.0021283431,\"6\":-0.0006369613,\"7\":0.0003877997,\"8\":0.0013659861,\"9\":-0.0021025982,\"10\":0.0025852892,\"11\":-0.0016103154,\"12\":-0.0034782617,\"13\":0.0052571327,\"14\":-0.0042876725,\"15\":0.0035782705,\"16\":-0.0039799911,\"17\":0.0053553699,\"18\":-0.0026621688,\"19\":0.0021347866,\"20\":0.0018726731,\"21\":-0.0019822109,\"22\":0.0006496672,\"23\":-0.0003810702,\"24\":-0.0013146094,\"25\":0.0023061351,\"26\":-0.0024519363,\"27\":0.0017448197,\"28\":0.0038897198,\"29\":-0.0045131702,\"30\":0.0049951888,\"31\":-0.0032024423}}", "deviance": 78.25183009998501, "df": 9, "rel_entropy": 0.004863987450272564, "prob": 3.5923800998007666e-13, "formula": "count ~ mut * base1 * base2 - mut : base1 : base2"},