{"pos2": {"stats": "{\"strand\":{\"0\":\"+\",\"1\":\"+\",\"2\":\"+\",\"3\":\"+\",\"4\":\"+\",\"5\":\"+\",\"6\":\"+\",\"7\":\"+\",\"8\":\"-\",\"9\":\"-\",\"10\":\"-\",\"11\":\"-\",\"12\":\"-\",\"13\":\"-\",\"14\":\"-\",\"15\":\"-\"},\"mut\":{\"0\":\"M\",\"1\":\"M\",\"2\":\"M\",\"3\":\"M\",\"4\":\"R\",\"5\":\"R\",\"6\":\"R\",\"7\":\"R\",\"8\":\"M\",\"9\":\"M\",\"10\":\"M\",\"11\":\"M\",\"12\":\"R\",\"13\":\"R\",\"14\":\"R\",\"15\":\"R\"},\"base\":{\"0\":\"A\",\"1\":\"C\",\"2\":\"G\",\"3\":\"T\",\"4\":\"A\",\"5\":\"C\",\"6\":\"G\",\"7\":\"T\",\"8\":\"A\",\"9\":\"C\",\"10\":\"G\",\"11\":\"T\",\"12\":\"A\",\"13\":\"C\",\"14\":\"G\",\"15\":\"T\"},\"count\":{\"0\":100666,\"1\":103832,\"2\":31228,\"3\":86712,\"4\":115170,\"5\":81928,\"6\":15381,\"7\":109959,\"8\":102074,\"9\":104753,\"10\":31679,\"11\":86572,\"12\":116223,\"13\":82845,\"14\":15634,\"15\":110376},\"fitted\":{\"0\":100817.3836729901,\"1\":103797.8439075757,\"2\":31221.9719954423,\"3\":86600.8004239922,\"4\":115018.6163270099,\"5\":81962.1560924249,\"6\":15387.0280045578,\"7\":110070.1995760086,\"8\":101922.6163270097,\"9\":104787.1560924247,\"10\":31685.0280045577,\"11\":86683.1995760083,\"12\":116374.3836729905,\"13\":82810.8439075755,\"14\":15627.9719954423,\"15\":110264.8004239921},\"ret\":{\"0\":-0.0001168079,\"1\":0.000026379,\"2\":0.0000046552,\"3\":0.0000859214,\"4\":0.0001169726,\"5\":-0.0000263692,\"6\":-0.0000046538,\"7\":-0.0000858229,\"8\":0.0001169825,\"9\":-0.0000263704,\"10\":-0.0000046543,\"11\":-0.0000858112,\"12\":-0.0001168196,\"13\":0.0000263801,\"14\":0.0000046556,\"15\":0.0000859096}}", "deviance": 1.415941640511436, "df": 3, "rel_entropy": 5.466821053500748e-07, "formula": "count ~ strand * mut * base - strand : mut : base", "prob": 0.70180221362285189}, "pos3": {"stats": "{\"strand\":{\"0\":\"+\",\"1\":\"+\",\"2\":\"+\",\"3\":\"+\",\"4\":\"+\",\"5\":\"+\",\"6\":\"+\",\"7\":\"+\",\"8\":\"-\",\"9\":\"-\",\"10\":\"-\",\"11\":\"-\",\"12\":\"-\",\"13\":\"-\",\"14\":\"-\",\"15\":\"-\"},\"mut\":{\"0\":\"M\",\"1\":\"M\",\"2\":\"M\",\"3\":\"M\",\"4\":\"R\",\"5\":\"R\",\"6\":\"R\",\"7\":\"R\",\"8\":\"M\",\"9\":\"M\",\"10\":\"M\",\"11\":\"M\",\"12\":\"R\",\"13\":\"R\",\"14\":\"R\",\"15\":\"R\"},\"base\":{\"0\":\"A\",\"1\":\"C\",\"2\":\"G\",\"3\":\"T\",\"4\":\"A\",\"5\":\"C\",\"6\":\"G\",\"7\":\"T\",\"8\":\"A\",\"9\":\"C\",\"10\":\"G\",\"11\":\"T\",\"12\":\"A\",\"13\":\"C\",\"14\":\"G\",\"15\":\"T\"},\"count\":{\"0\":92347,\"1\":74251,\"2\":58173,\"3\":97667,\"4\":83012,\"5\":74520,\"6\":72737,\"7\":92169,\"8\":93501,\"9\":75604,\"10\":58737,\"11\":97236,\"12\":83751,\"13\":75638,\"14\":73248,\"15\":92441},\"fitted\":{\"0\":92423.5526067932,\"1\":74309.0232728816,\"2\":58214.80342559,\"3\":97490.6206947359,\"4\":82935.4473932076,\"5\":74461.9767271185,\"6\":72695.1965744101,\"7\":92345.379305264,\"8\":93424.4473932076,\"9\":75545.9767271184,\"10\":58695.19657441,\"11\":97412.3793052641,\"12\":83827.5526067925,\"13\":75696.0232728818,\"14\":73289.8034255901,\"15\":92264.6206947359},\"ret\":{\"0\":-0.000059088,\"1\":-0.000044787,\"2\":-0.0000322682,\"3\":0.00013632,\"4\":0.0000591398,\"5\":0.000044822,\"6\":0.0000322891,\"7\":-0.0001360667,\"8\":0.0000591367,\"9\":0.0000448217,\"10\":0.0000322913,\"11\":-0.0001360735,\"12\":-0.0000590855,\"13\":-0.0000447873,\"14\":-0.0000322706,\"15\":0.000136327}}", "deviance": 1.8664689845758602, "df": 3, "rel_entropy": 7.206265886000733e-07, "formula": "count ~ strand * mut * base - strand : mut : base", "prob": 0.60057843692291146}, "pos0": {"stats": "{\"strand\":{\"0\":\"+\",\"1\":\"+\",\"2\":\"+\",\"3\":\"+\",\"4\":\"+\",\"5\":\"+\",\"6\":\"+\",\"7\":\"+\",\"8\":\"-\",\"9\":\"-\",\"10\":\"-\",\"11\":\"-\",\"12\":\"-\",\"13\":\"-\",\"14\":\"-\",\"15\":\"-\"},\"mut\":{\"0\":\"M\",\"1\":\"M\",\"2\":\"M\",\"3\":\"M\",\"4\":\"R\",\"5\":\"R\",\"6\":\"R\",\"7\":\"R\",\"8\":\"M\",\"9\":\"M\",\"10\":\"M\",\"11\":\"M\",\"12\":\"R\",\"13\":\"R\",\"14\":\"R\",\"15\":\"R\"},\"base\":{\"0\":\"A\",\"1\":\"C\",\"2\":\"G\",\"3\":\"T\",\"4\":\"A\",\"5\":\"C\",\"6\":\"G\",\"7\":\"T\",\"8\":\"A\",\"9\":\"C\",\"10\":\"G\",\"11\":\"T\",\"12\":\"A\",\"13\":\"C\",\"14\":\"G\",\"15\":\"T\"},\"count\":{\"0\":107445,\"1\":64897,\"2\":63386,\"3\":86710,\"4\":84804,\"5\":74916,\"6\":67329,\"7\":95389,\"8\":108194,\"9\":66056,\"10\":63626,\"11\":87202,\"12\":86119,\"13\":75096,\"14\":67489,\"15\":96374},\"fitted\":{\"0\":107248.5432717125,\"1\":65167.9275599812,\"2\":63412.2272255935,\"3\":86609.3019427124,\"4\":85000.4567282874,\"5\":74645.0724400187,\"6\":67302.7727744065,\"7\":95489.6980572872,\"8\":108390.4567282875,\"9\":65785.0724400186,\"10\":63599.7727744064,\"11\":87302.698057287,\"12\":85922.5432717125,\"13\":75366.9275599812,\"14\":67515.2272255935,\"15\":96273.3019427124},\"ret\":{\"0\":0.0001518391,\"1\":-0.0002087698,\"2\":-0.000020248,\"3\":0.0000778024,\"4\":-0.0001515248,\"5\":0.0002095845,\"6\":0.0000202561,\"7\":-0.0000777162,\"8\":-0.0001515627,\"9\":0.0002096355,\"10\":0.0000202564,\"11\":-0.0000777123,\"12\":0.0001518736,\"13\":-0.0002088288,\"14\":-0.0000202482,\"15\":0.0000777978}}", "deviance": 6.305423640727838, "df": 3, "rel_entropy": 2.4344663455141794e-06, "formula": "count ~ strand * mut * base - strand : mut : base", "prob": 0.097660192669301302}, "pos1": {"stats": "{\"strand\":{\"0\":\"+\",\"1\":\"+\",\"2\":\"+\",\"3\":\"+\",\"4\":\"+\",\"5\":\"+\",\"6\":\"+\",\"7\":\"+\",\"8\":\"-\",\"9\":\"-\",\"10\":\"-\",\"11\":\"-\",\"12\":\"-\",\"13\":\"-\",\"14\":\"-\",\"15\":\"-\"},\"mut\":{\"0\":\"M\",\"1\":\"M\",\"2\":\"M\",\"3\":\"M\",\"4\":\"R\",\"5\":\"R\",\"6\":\"R\",\"7\":\"R\",\"8\":\"M\",\"9\":\"M\",\"10\":\"M\",\"11\":\"M\",\"12\":\"R\",\"13\":\"R\",\"14\":\"R\",\"15\":\"R\"},\"base\":{\"0\":\"A\",\"1\":\"C\",\"2\":\"G\",\"3\":\"T\",\"4\":\"A\",\"5\":\"C\",\"6\":\"G\",\"7\":\"T\",\"8\":\"A\",\"9\":\"C\",\"10\":\"G\",\"11\":\"T\",\"12\":\"A\",\"13\":\"C\",\"14\":\"G\",\"15\":\"T\"},\"count\":{\"0\":97649,\"1\":66054,\"2\":75657,\"3\":83078,\"4\":80060,\"5\":82110,\"6\":67088,\"7\":93180,\"8\":99683,\"9\":66542,\"10\":76348,\"11\":82505,\"12\":81528,\"13\":82845,\"14\":67715,\"15\":92990},\"fitted\":{\"0\":97726.7654986628,\"1\":66044.9088752988,\"2\":75672.100650031,\"3\":82994.2249760064,\"4\":79982.2345013365,\"5\":82119.0911247008,\"6\":67072.8993499688,\"7\":93263.7750239936,\"8\":99605.2345013365,\"9\":66551.0911247007,\"10\":76332.8993499686,\"11\":82588.7750239933,\"12\":81605.7654986633,\"13\":82835.9088752989,\"14\":67730.100650031,\"15\":92906.2249760064},\"ret\":{\"0\":-0.0000600252,\"1\":0.0000070205,\"2\":-0.0000116593,\"3\":0.0000647222,\"4\":0.0000600783,\"5\":-0.0000070196,\"6\":0.0000116618,\"7\":-0.0000646605,\"8\":0.0000600725,\"9\":-0.0000070195,\"10\":0.0000116616,\"11\":-0.0000646567,\"12\":-0.0000600205,\"13\":0.0000070204,\"14\":-0.0000116591,\"15\":0.0000647187}}", "deviance": 0.6099108863238243, "df": 3, "rel_entropy": 2.3548100986069236e-07, "formula": "count ~ strand * mut * base - strand : mut : base", "prob": 0.89415980155529495}}