{"pos1": {"prob": 1.4933013172323143e-10, "formula": "count ~ mut * base - mut : base", "deviance": 48.72416812944064, "stats": "{\"mut\":{\"0\":\"M\",\"1\":\"M\",\"2\":\"M\",\"3\":\"M\",\"4\":\"R\",\"5\":\"R\",\"6\":\"R\",\"7\":\"R\"},\"base\":{\"0\":\"A\",\"1\":\"C\",\"2\":\"G\",\"3\":\"T\",\"4\":\"A\",\"5\":\"C\",\"6\":\"G\",\"7\":\"T\"},\"count\":{\"0\":835,\"1\":931,\"2\":702,\"3\":622,\"4\":668,\"5\":858,\"6\":751,\"7\":813},\"fitted\":{\"0\":751.5,\"1\":894.5,\"2\":726.5,\"3\":717.5,\"4\":751.5,\"5\":894.5,\"6\":726.5,\"7\":717.5},\"ret\":{\"0\":0.0142356037,\"1\":0.0060250425,\"2\":-0.0038967905,\"3\":-0.0143757339,\"4\":-0.0127312407,\"5\":-0.0057839756,\"6\":0.0040305087,\"7\":0.0164386708}}", "df": 3, "rel_entropy": 0.0039420848001165566}, "pos0": {"prob": 0.3723652879459651, "formula": "count ~ mut * base - mut : base", "deviance": 3.1276122542347142, "stats": "{\"mut\":{\"0\":\"M\",\"1\":\"M\",\"2\":\"M\",\"3\":\"M\",\"4\":\"R\",\"5\":\"R\",\"6\":\"R\",\"7\":\"R\"},\"base\":{\"0\":\"A\",\"1\":\"C\",\"2\":\"G\",\"3\":\"T\",\"4\":\"A\",\"5\":\"C\",\"6\":\"G\",\"7\":\"T\"},\"count\":{\"0\":731,\"1\":786,\"2\":782,\"3\":791,\"4\":699,\"5\":754,\"6\":794,\"7\":843},\"fitted\":{\"0\":715.0,\"1\":770.0,\"2\":788.0,\"3\":817.0,\"4\":715.0,\"5\":770.0,\"6\":788.0,\"7\":817.0},\"ret\":{\"0\":0.0026177509,\"1\":0.002615711,\"2\":-0.0009671681,\"3\":-0.0041394549,\"4\":-0.0025598104,\"5\":-0.0025619098,\"6\":0.0009745607,\"7\":0.0042733639}}", "df": 3, "rel_entropy": 0.00025304306264034907}, "pos2": {"prob": 0, "formula": "count ~ mut * base - mut : base", "deviance": 1802.196260350243, "stats": "{\"mut\":{\"0\":\"M\",\"1\":\"M\",\"2\":\"M\",\"3\":\"M\",\"4\":\"R\",\"5\":\"R\",\"6\":\"R\",\"7\":\"R\"},\"base\":{\"0\":\"A\",\"1\":\"C\",\"2\":\"G\",\"3\":\"T\",\"4\":\"A\",\"5\":\"C\",\"6\":\"G\",\"7\":\"T\"},\"count\":{\"0\":381,\"1\":455,\"2\":1761,\"3\":493,\"4\":994,\"5\":943,\"6\":267,\"7\":886},\"fitted\":{\"0\":687.4999999998,\"1\":698.9999999998,\"2\":1014.0000000047,\"3\":689.4999999998,\"4\":687.5000000003,\"5\":699.0000000003,\"6\":1014.0000000055,\"7\":689.5000000003},\"ret\":{\"0\":-0.0363899668,\"1\":-0.0316109647,\"2\":0.1572871983,\"3\":-0.0267606082,\"4\":0.0592982726,\"5\":0.0456875169,\"6\":-0.0576516737,\"7\":0.0359489845}}", "df": 3, "rel_entropy": 0.14580875892801318}, "pos3": {"prob": 4.4648649007879934e-06, "formula": "count ~ mut * base - mut : base", "deviance": 27.572734832469692, "stats": "{\"mut\":{\"0\":\"M\",\"1\":\"M\",\"2\":\"M\",\"3\":\"M\",\"4\":\"R\",\"5\":\"R\",\"6\":\"R\",\"7\":\"R\"},\"base\":{\"0\":\"A\",\"1\":\"C\",\"2\":\"G\",\"3\":\"T\",\"4\":\"A\",\"5\":\"C\",\"6\":\"G\",\"7\":\"T\"},\"count\":{\"0\":616,\"1\":878,\"2\":858,\"3\":738,\"4\":722,\"5\":734,\"6\":809,\"7\":825},\"fitted\":{\"0\":669.0000000079,\"1\":806.0000000255,\"2\":833.4999999998,\"3\":781.5000000004,\"4\":669.0000000082,\"5\":806.0000000258,\"6\":833.5000000002,\"7\":781.5000000007},\"ret\":{\"0\":-0.0082269986,\"1\":0.0121560167,\"2\":0.0040221037,\"3\":-0.0068391971,\"4\":0.0089071293,\"5\":-0.01111389,\"6\":-0.0039055568,\"7\":0.0072311966}}", "df": 3, "rel_entropy": 0.0022308037890347646}}