{"('pos1', 'pos3')": {"prob": 0.3852142772911615, "formula": "count ~ mut * base1 * base2 - mut : base1 : base2", "deviance": 9.583827288477112, "stats": "{\"mut\":{\"0\":\"M\",\"1\":\"M\",\"2\":\"M\",\"3\":\"M\",\"4\":\"M\",\"5\":\"M\",\"6\":\"M\",\"7\":\"M\",\"8\":\"M\",\"9\":\"M\",\"10\":\"M\",\"11\":\"M\",\"12\":\"M\",\"13\":\"M\",\"14\":\"M\",\"15\":\"M\",\"16\":\"R\",\"17\":\"R\",\"18\":\"R\",\"19\":\"R\",\"20\":\"R\",\"21\":\"R\",\"22\":\"R\",\"23\":\"R\",\"24\":\"R\",\"25\":\"R\",\"26\":\"R\",\"27\":\"R\",\"28\":\"R\",\"29\":\"R\",\"30\":\"R\",\"31\":\"R\"},\"base1\":{\"0\":\"A\",\"1\":\"A\",\"2\":\"A\",\"3\":\"A\",\"4\":\"C\",\"5\":\"C\",\"6\":\"C\",\"7\":\"C\",\"8\":\"G\",\"9\":\"G\",\"10\":\"G\",\"11\":\"G\",\"12\":\"T\",\"13\":\"T\",\"14\":\"T\",\"15\":\"T\",\"16\":\"A\",\"17\":\"A\",\"18\":\"A\",\"19\":\"A\",\"20\":\"C\",\"21\":\"C\",\"22\":\"C\",\"23\":\"C\",\"24\":\"G\",\"25\":\"G\",\"26\":\"G\",\"27\":\"G\",\"28\":\"T\",\"29\":\"T\",\"30\":\"T\",\"31\":\"T\"},\"base2\":{\"0\":\"A\",\"1\":\"C\",\"2\":\"G\",\"3\":\"T\",\"4\":\"A\",\"5\":\"C\",\"6\":\"G\",\"7\":\"T\",\"8\":\"A\",\"9\":\"C\",\"10\":\"G\",\"11\":\"T\",\"12\":\"A\",\"13\":\"C\",\"14\":\"G\",\"15\":\"T\",\"16\":\"A\",\"17\":\"C\",\"18\":\"G\",\"19\":\"T\",\"20\":\"A\",\"21\":\"C\",\"22\":\"G\",\"23\":\"T\",\"24\":\"A\",\"25\":\"C\",\"26\":\"G\",\"27\":\"T\",\"28\":\"A\",\"29\":\"C\",\"30\":\"G\",\"31\":\"T\"},\"count\":{\"0\":188,\"1\":207,\"2\":245,\"3\":195,\"4\":174,\"5\":291,\"6\":250,\"7\":216,\"8\":134,\"9\":205,\"10\":209,\"11\":154,\"12\":120,\"13\":175,\"14\":154,\"15\":173,\"16\":166,\"17\":145,\"18\":158,\"19\":199,\"20\":213,\"21\":215,\"22\":231,\"23\":199,\"24\":158,\"25\":177,\"26\":232,\"27\":184,\"28\":185,\"29\":197,\"30\":188,\"31\":243},\"fitted\":{\"0\":182.8304254837,\"1\":212.2245002589,\"2\":230.3275080124,\"3\":209.6175662471,\"4\":184.6411586901,\"5\":285.7152245461,\"6\":256.1791200098,\"7\":204.4644967544,\"8\":128.4067890418,\"9\":201.4490128808,\"10\":218.2974474349,\"11\":153.8467506425,\"12\":120.1216267847,\"13\":178.6112623142,\"14\":153.195924544,\"15\":170.0711863571,\"16\":171.1695745163,\"17\":139.7754997412,\"18\":172.672491991,\"19\":184.3824337558,\"20\":202.3588413102,\"21\":220.2847754539,\"22\":224.8208799902,\"23\":210.5355032459,\"24\":163.5932109582,\"25\":180.5509871192,\"26\":222.7025525652,\"27\":184.1532493575,\"28\":184.8783732153,\"29\":193.3887376858,\"30\":188.804075456,\"31\":245.9288136429},\"ret\":{\"0\":0.0008482169,\"1\":-0.0008348961,\"2\":0.0024482543,\"3\":-0.0022808437,\"4\":-0.0016712717,\"5\":0.000863002,\"6\":-0.000987701,\"7\":0.0019182777,\"8\":0.0009244815,\"9\":0.0005796281,\"10\":-0.0014719389,\"11\":0.00002481,\"12\":-0.0000196707,\"13\":-0.0005783991,\"14\":0.0001304502,\"15\":0.0004779755,\"16\":-0.0008237398,\"17\":0.0008609945,\"18\":-0.0022703336,\"19\":0.0024566769,\"20\":0.0017663698,\"21\":-0.0008448009,\"22\":0.0010134738,\"23\":-0.0018144896,\"24\":-0.0008893992,\"25\":-0.0005689056,\"26\":0.0015354171,\"27\":-0.0000247873,\"28\":0.0000196872,\"29\":0.0005897689,\"30\":-0.0001298318,\"31\":-0.0004710848}}", "df": 9, "rel_entropy": 0.0007753905573201547}, "('pos2', 'pos3')": {"prob": 0.15511937207931678, "formula": "count ~ mut * base1 * base2 - mut : base1 : base2", "deviance": 13.168718331253766, "stats": "{\"mut\":{\"0\":\"M\",\"1\":\"M\",\"2\":\"M\",\"3\":\"M\",\"4\":\"M\",\"5\":\"M\",\"6\":\"M\",\"7\":\"M\",\"8\":\"M\",\"9\":\"M\",\"10\":\"M\",\"11\":\"M\",\"12\":\"M\",\"13\":\"M\",\"14\":\"M\",\"15\":\"M\",\"16\":\"R\",\"17\":\"R\",\"18\":\"R\",\"19\":\"R\",\"20\":\"R\",\"21\":\"R\",\"22\":\"R\",\"23\":\"R\",\"24\":\"R\",\"25\":\"R\",\"26\":\"R\",\"27\":\"R\",\"28\":\"R\",\"29\":\"R\",\"30\":\"R\",\"31\":\"R\"},\"base1\":{\"0\":\"A\",\"1\":\"A\",\"2\":\"A\",\"3\":\"A\",\"4\":\"C\",\"5\":\"C\",\"6\":\"C\",\"7\":\"C\",\"8\":\"G\",\"9\":\"G\",\"10\":\"G\",\"11\":\"G\",\"12\":\"T\",\"13\":\"T\",\"14\":\"T\",\"15\":\"T\",\"16\":\"A\",\"17\":\"A\",\"18\":\"A\",\"19\":\"A\",\"20\":\"C\",\"21\":\"C\",\"22\":\"C\",\"23\":\"C\",\"24\":\"G\",\"25\":\"G\",\"26\":\"G\",\"27\":\"G\",\"28\":\"T\",\"29\":\"T\",\"30\":\"T\",\"31\":\"T\"},\"base2\":{\"0\":\"A\",\"1\":\"C\",\"2\":\"G\",\"3\":\"T\",\"4\":\"A\",\"5\":\"C\",\"6\":\"G\",\"7\":\"T\",\"8\":\"A\",\"9\":\"C\",\"10\":\"G\",\"11\":\"T\",\"12\":\"A\",\"13\":\"C\",\"14\":\"G\",\"15\":\"T\",\"16\":\"A\",\"17\":\"C\",\"18\":\"G\",\"19\":\"T\",\"20\":\"A\",\"21\":\"C\",\"22\":\"G\",\"23\":\"T\",\"24\":\"A\",\"25\":\"C\",\"26\":\"G\",\"27\":\"T\",\"28\":\"A\",\"29\":\"C\",\"30\":\"G\",\"31\":\"T\"},\"count\":{\"0\":67,\"1\":103,\"2\":95,\"3\":116,\"4\":116,\"5\":151,\"6\":44,\"7\":144,\"8\":387,\"9\":454,\"10\":569,\"11\":351,\"12\":46,\"13\":170,\"14\":150,\"15\":127,\"16\":226,\"17\":204,\"18\":334,\"19\":230,\"20\":308,\"21\":241,\"22\":100,\"23\":294,\"24\":64,\"25\":54,\"26\":85,\"27\":64,\"28\":124,\"29\":235,\"30\":290,\"31\":237},\"fitted\":{\"0\":68.6716923584,\"1\":103.1057808018,\"2\":110.2185334822,\"3\":99.0039933576,\"4\":116.2831654984,\"5\":150.6560204368,\"6\":43.0754834879,\"7\":144.985330577,\"8\":380.0712625641,\"9\":456.4353541052,\"10\":561.2625101873,\"11\":363.2308731434,\"12\":50.9738795791,\"13\":167.8028446562,\"14\":143.4434728426,\"15\":130.779802922,\"16\":224.3283076416,\"17\":203.8942191982,\"18\":318.7814665178,\"19\":246.9960066424,\"20\":307.7168345016,\"21\":241.3439795632,\"22\":100.9245165121,\"23\":293.014669423,\"24\":70.9287374359,\"25\":51.5646458948,\"26\":92.7374898127,\"27\":51.7691268566,\"28\":119.0261204209,\"29\":237.1971553438,\"30\":296.5565271574,\"31\":233.220197078},\"ret\":{\"0\":-0.0002671809,\"1\":-0.0000171079,\"2\":-0.0022841224,\"3\":0.0029737671,\"4\":-0.0000457638,\"5\":0.0000557236,\"6\":0.0001511922,\"7\":-0.0001588956,\"8\":0.0011313128,\"9\":-0.0003930171,\"10\":0.0012606117,\"11\":-0.0019454046,\"12\":-0.0007642248,\"13\":0.0003578442,\"14\":0.001084812,\"15\":-0.0006026937,\"16\":0.0002715058,\"17\":0.0000171211,\"18\":0.0025204128,\"19\":-0.0026532941,\"20\":0.0000458407,\"21\":-0.0000556204,\"22\":-0.0001489108,\"23\":0.0001597064,\"24\":-0.0010645187,\"25\":0.0004032329,\"26\":-0.0011982738,\"27\":0.0021963922,\"28\":0.0008214217,\"29\":-0.000353875,\"30\":-0.0010491114,\"31\":0.0006165483}}", "df": 9, "rel_entropy": 0.0010654302857001428}, "('pos0', 'pos3')": {"prob": 0.11983337917297164, "formula": "count ~ mut * base1 * base2 - mut : base1 : base2", "deviance": 14.07067267604364,