{"pos2": {"stats": "{\"strand\":{\"0\":\"+\",\"1\":\"+\",\"2\":\"+\",\"3\":\"+\",\"4\":\"+\",\"5\":\"+\",\"6\":\"+\",\"7\":\"+\",\"8\":\"-\",\"9\":\"-\",\"10\":\"-\",\"11\":\"-\",\"12\":\"-\",\"13\":\"-\",\"14\":\"-\",\"15\":\"-\"},\"mut\":{\"0\":\"M\",\"1\":\"M\",\"2\":\"M\",\"3\":\"M\",\"4\":\"R\",\"5\":\"R\",\"6\":\"R\",\"7\":\"R\",\"8\":\"M\",\"9\":\"M\",\"10\":\"M\",\"11\":\"M\",\"12\":\"R\",\"13\":\"R\",\"14\":\"R\",\"15\":\"R\"},\"base\":{\"0\":\"A\",\"1\":\"C\",\"2\":\"G\",\"3\":\"T\",\"4\":\"A\",\"5\":\"C\",\"6\":\"G\",\"7\":\"T\",\"8\":\"A\",\"9\":\"C\",\"10\":\"G\",\"11\":\"T\",\"12\":\"A\",\"13\":\"C\",\"14\":\"G\",\"15\":\"T\"},\"count\":{\"0\":50831,\"1\":32869,\"2\":31916,\"3\":75215,\"4\":64156,\"5\":31364,\"6\":42786,\"7\":52525,\"8\":50780,\"9\":33122,\"10\":31691,\"11\":75279,\"12\":63895,\"13\":31611,\"14\":42621,\"15\":52745},\"fitted\":{\"0\":50886.2340292268,\"1\":32874.2392372436,\"2\":31894.2738486837,\"3\":75176.2528848446,\"4\":64100.7659707721,\"5\":31358.7607627563,\"6\":42807.7261513161,\"7\":52563.7471151549,\"8\":50724.7659707722,\"9\":33116.7607627563,\"10\":31712.7261513162,\"11\":75317.747115155,\"12\":63950.2340292275,\"13\":31616.2392372436,\"14\":42599.2738486836,\"15\":52706.2528848448},\"ret\":{\"0\":-0.0000723128,\"1\":-0.0000068624,\"2\":0.0000284692,\"3\":0.0000507687,\"4\":0.0000723833,\"5\":0.0000068635,\"6\":-0.0000284523,\"7\":-0.0000507369,\"8\":0.0000723915,\"9\":0.0000068635,\"10\":-0.0000284497,\"11\":-0.0000507425,\"12\":-0.0000723208,\"13\":-0.0000068624,\"14\":0.0000284668,\"15\":0.0000507742}}", "deviance": 0.36754745736682537, "df": 3, "rel_entropy": 2.4072869309831557e-07, "formula": "count ~ strand * mut * base - strand : mut : base", "prob": 0.94686174168989645}, "pos3": {"stats": "{\"strand\":{\"0\":\"+\",\"1\":\"+\",\"2\":\"+\",\"3\":\"+\",\"4\":\"+\",\"5\":\"+\",\"6\":\"+\",\"7\":\"+\",\"8\":\"-\",\"9\":\"-\",\"10\":\"-\",\"11\":\"-\",\"12\":\"-\",\"13\":\"-\",\"14\":\"-\",\"15\":\"-\"},\"mut\":{\"0\":\"M\",\"1\":\"M\",\"2\":\"M\",\"3\":\"M\",\"4\":\"R\",\"5\":\"R\",\"6\":\"R\",\"7\":\"R\",\"8\":\"M\",\"9\":\"M\",\"10\":\"M\",\"11\":\"M\",\"12\":\"R\",\"13\":\"R\",\"14\":\"R\",\"15\":\"R\"},\"base\":{\"0\":\"A\",\"1\":\"C\",\"2\":\"G\",\"3\":\"T\",\"4\":\"A\",\"5\":\"C\",\"6\":\"G\",\"7\":\"T\",\"8\":\"A\",\"9\":\"C\",\"10\":\"G\",\"11\":\"T\",\"12\":\"A\",\"13\":\"C\",\"14\":\"G\",\"15\":\"T\"},\"count\":{\"0\":62700,\"1\":31326,\"2\":32712,\"3\":64093,\"4\":66087,\"5\":33163,\"6\":36454,\"7\":55127,\"8\":62534,\"9\":31881,\"10\":32524,\"11\":63933,\"12\":66425,\"13\":33440,\"14\":36218,\"15\":54789},\"fitted\":{\"0\":62571.6906622025,\"1\":31399.1668487387,\"2\":32716.4031974642,\"3\":64143.7392915943,\"4\":66215.3093377972,\"5\":33089.8331512612,\"6\":36449.5968025358,\"7\":55076.2607084058,\"8\":62662.3093377973,\"9\":31807.8331512612,\"10\":32519.5968025359,\"11\":63882.2607084058,\"12\":66296.6906622029,\"13\":33513.1668487387,\"14\":36222.4031974642,\"15\":54839.7392915944},\"ret\":{\"0\":0.000168247,\"1\":-0.0000957309,\"2\":-0.0000057674,\"3\":-0.0000664381,\"4\":-0.0001679119,\"5\":0.0000959485,\"6\":0.0000057682,\"7\":0.000066495,\"8\":-0.0001679026,\"9\":0.0000959528,\"10\":0.0000057682,\"11\":0.0000664907,\"12\":0.0001682374,\"13\":-0.0000957379,\"14\":-0.0000057675,\"15\":-0.0000664336}}", "deviance": 1.8595062312297834, "df": 3, "rel_entropy": 1.2179012420846729e-06, "formula": "count ~ strand * mut * base - strand : mut : base", "prob": 0.60207210246161935}, "pos0": {"stats": "{\"strand\":{\"0\":\"+\",\"1\":\"+\",\"2\":\"+\",\"3\":\"+\",\"4\":\"+\",\"5\":\"+\",\"6\":\"+\",\"7\":\"+\",\"8\":\"-\",\"9\":\"-\",\"10\":\"-\",\"11\":\"-\",\"12\":\"-\",\"13\":\"-\",\"14\":\"-\",\"15\":\"-\"},\"mut\":{\"0\":\"M\",\"1\":\"M\",\"2\":\"M\",\"3\":\"M\",\"4\":\"R\",\"5\":\"R\",\"6\":\"R\",\"7\":\"R\",\"8\":\"M\",\"9\":\"M\",\"10\":\"M\",\"11\":\"M\",\"12\":\"R\",\"13\":\"R\",\"14\":\"R\",\"15\":\"R\"},\"base\":{\"0\":\"A\",\"1\":\"C\",\"2\":\"G\",\"3\":\"T\",\"4\":\"A\",\"5\":\"C\",\"6\":\"G\",\"7\":\"T\",\"8\":\"A\",\"9\":\"C\",\"10\":\"G\",\"11\":\"T\",\"12\":\"A\",\"13\":\"C\",\"14\":\"G\",\"15\":\"T\"},\"count\":{\"0\":68896,\"1\":27669,\"2\":34309,\"3\":59957,\"4\":66412,\"5\":32486,\"6\":38166,\"7\":53767,\"8\":68827,\"9\":27933,\"10\":34106,\"11\":60006,\"12\":66137,\"13\":32749,\"14\":37992,\"15\":53994},\"fitted\":{\"0\":68947.9384817807,\"1\":27679.2161841268,\"2\":34296.0576933183,\"3\":59907.7876407742,\"4\":66360.0615182195,\"5\":32475.783815873,\"6\":38178.9423066817,\"7\":53816.2123592255,\"8\":68775.0615182195,\"9\":27922.783815873,\"10\":34118.9423066817,\"11\":60055.2123592256,\"12\":66188.9384817804,\"13\":32759.2161841269,\"14\":37979.0576933183,\"15\":53944.7876407742},\"ret\":{\"0\":-0.0000680096,\"1\":-0.0000133799,\"2\":0.0000169566,\"3\":0.0000644907,\"4\":0.0000680618,\"5\":0.0000133845,\"6\":-0.0000169505,\"7\":-0.0000644347,\"8\":0.0000680609,\"9\":0.0000133848,\"10\":-0.0000169502,\"11\":-0.0000644378,\"12\":-0.0000680085,\"13\":-0.0000133803,\"14\":0.0000169563,\"15\":0.0000644936}}", "deviance": 0.3629066066472326, "df": 3, "rel_entropy": 2.3768912390473262e-07, "formula": "count ~ strand * mut * base - strand : mut : base", "prob": 0.94779387904561241}, "pos1": {"stats": "{\"strand\":{\"0\":\"+\",\"1\":\"+\",\"2\":\"+\",\"3\":\"+\",\"4\":\"+\",\"5\":\"+\",\"6\":\"+\",\"7\":\"+\",\"8\":\"-\",\"9\":\"-\",\"10\":\"-\",\"11\":\"-\",\"12\":\"-\",\"13\":\"-\",\"14\":\"-\",\"15\":\"-\"},\"mut\":{\"0\":\"M\",\"1\":\"M\",\"2\":\"M\",\"3\":\"M\",\"4\":\"R\",\"5\":\"R\",\"6\":\"R\",\"7\":\"R\",\"8\":\"M\",\"9\":\"M\",\"10\":\"M\",\"11\":\"M\",\"12\":\"R\",\"13\":\"R\",\"14\":\"R\",\"15\":\"R\"},\"base\":{\"0\":\"A\",\"1\":\"C\",\"2\":\"G\",\"3\":\"T\",\"4\":\"A\",\"5\":\"C\",\"6\":\"G\",\"7\":\"T\",\"8\":\"A\",\"9\":\"C\",\"10\":\"G\",\"11\":\"T\",\"12\":\"A\",\"13\":\"C\",\"14\":\"G\",\"15\":\"T\"},\"count\":{\"0\":52785,\"1\":49906,\"2\":40911,\"3\":47229,\"4\":63911,\"5\":44964,\"6\":36887,\"7\":45069,\"8\":52758,\"9\":50085,\"10\":40457,\"11\":47572,\"12\":63761,\"13\":45484,\"14\":36721,\"15\":44906},\"fitted\":{\"0\":52813.4874867292,\"1\":49813.5846052757,\"2\":40848.056274734,\"3\":47355.8716332619,\"4\":63882.5125132712,\"5\":45056.4153947247,\"6\":36949.9437252664,\"7\":44942.1283667386,\"8\":52729.5125132712,\"9\":50177.4153947246,\"10\":40519.9437252663,\"11\":47445.1283667385,\"12\":63789.4874867292,\"13\":45391.5846052756,\"14\":36658.0562747339,\"15\":45032.8716332618},\"ret\":{\"0\":-0.0000373062,\"1\":0.0001211689,\"2\":0.0000825147,\"3\":-0.0001659687,\"4\":0.0000373246,\"5\":-0.0001209324,\"6\":-0.0000823809,\"7\":0.0001664259,\"8\":0.0000373264,\"9\":-0.0001209451,\"10\":-0.0000823871,\"11\":0.0001664136,\"12\":-0.000037308,\"13\":0.0001211798,\"14\":0.0000825219,\"15\":-0.0001659572}}", "deviance": 2.580383848155556, "df": 3, "rel_entropy": 1.6900468742422486e-06, "formula": "count ~ strand * mut * base - strand : mut : base", "prob": 0.46093889446761982}}