{"A": {"rel_entropy": 4.774219434670772e-06, "stats": "{\"count\":{\"1\":6918,\"0\":7037,\"3\":9151,\"2\":9192,\"4\":42979,\"5\":43060},\"direction\":{\"1\":\"AtoT\",\"0\":\"AtoT\",\"3\":\"AtoC\",\"2\":\"AtoC\",\"4\":\"AtoG\",\"5\":\"AtoG\"},\"strand\":{\"1\":\"-\",\"0\":\"+\",\"3\":\"-\",\"2\":\"+\",\"4\":\"+\",\"5\":\"-\"},\"fitted\":{\"1\":6972.8419260249,\"0\":6982.1580739752,\"3\":9165.3772446488,\"2\":9177.6227553513,\"4\":43048.2191706737,\"5\":42990.7808293265},\"ret\":{\"1\":-0.0004616112,\"0\":0.0004652538,\"3\":-0.0001213987,\"2\":0.0001215892,\"4\":-0.0005844621,\"5\":0.0005854033}}", "deviance": 1.1299336104812703, "df": 2, "formula": "count ~ direction + strand", "prob": 0.56837901364898402}, "C": {"rel_entropy": 4.062352009246231e-06, "stats": "{\"count\":{\"3\":15926,\"2\":15953,\"1\":18529,\"0\":18611,\"4\":133291,\"5\":134750},\"direction\":{\"3\":\"CtoA\",\"2\":\"CtoA\",\"1\":\"CtoG\",\"0\":\"CtoG\",\"4\":\"CtoT\",\"5\":\"CtoT\"},\"strand\":{\"3\":\"-\",\"2\":\"+\",\"1\":\"-\",\"0\":\"+\",\"4\":\"+\",\"5\":\"-\"},\"fitted\":{\"3\":16003.341230048,\"2\":15875.6587699518,\"1\":18644.3769655252,\"0\":18495.6230344743,\"4\":133483.7181955727,\"5\":134557.2818044261},\"ret\":{\"3\":-0.000228903,\"2\":0.0002300164,\"1\":-0.0003412426,\"0\":0.0003433694,\"4\":-0.0005713493,\"5\":0.0005721715}}", "deviance": 2.7385127364730693, "df": 2, "formula": "count ~ direction + strand", "prob": 0.25429599183573531}}