{"C": {"df": 2, "rel_entropy": 4.062352009200191e-06, "deviance": 2.7385127364420327, "formula": "count ~ direction + strand", "stats": "{\"count\":{\"3\":15926,\"2\":15953,\"5\":18529,\"4\":18611,\"0\":133291,\"1\":134750},\"direction\":{\"3\":\"CtoA\",\"2\":\"CtoA\",\"5\":\"CtoG\",\"4\":\"CtoG\",\"0\":\"CtoT\",\"1\":\"CtoT\"},\"strand\":{\"3\":\"-\",\"2\":\"+\",\"5\":\"-\",\"4\":\"+\",\"0\":\"+\",\"1\":\"-\"},\"fitted\":{\"3\":16003.3412300481,\"2\":15875.6587699519,\"5\":18644.3769655254,\"4\":18495.6230344746,\"0\":133483.7181955736,\"1\":134557.2818044266},\"ret\":{\"3\":-0.000228903,\"2\":0.0002300164,\"5\":-0.0003412426,\"4\":0.0003433694,\"0\":-0.0005713493,\"1\":0.0005721715}}", "prob": 0.25429599183968155}, "A": {"df": 2, "rel_entropy": 4.77421943466118e-06, "deviance": 1.129933610479, "formula": "count ~ direction + strand", "stats": "{\"count\":{\"3\":6918,\"2\":7037,\"1\":9151,\"0\":9192,\"4\":42979,\"5\":43060},\"direction\":{\"3\":\"AtoT\",\"2\":\"AtoT\",\"1\":\"AtoC\",\"0\":\"AtoC\",\"4\":\"AtoG\",\"5\":\"AtoG\"},\"strand\":{\"3\":\"-\",\"2\":\"+\",\"1\":\"-\",\"0\":\"+\",\"4\":\"+\",\"5\":\"-\"},\"fitted\":{\"3\":6972.8419260248,\"2\":6982.1580739752,\"1\":9165.3772446488,\"0\":9177.6227553513,\"4\":43048.2191706737,\"5\":42990.7808293265},\"ret\":{\"3\":-0.0004616112,\"2\":0.0004652538,\"1\":-0.0001213987,\"0\":0.0001215892,\"4\":-0.0005844621,\"5\":0.0005854033}}", "prob": 0.5683790136496292}}