{"pos2": {"stats": "{\"strand\":{\"0\":\"+\",\"1\":\"+\",\"2\":\"+\",\"3\":\"+\",\"4\":\"+\",\"5\":\"+\",\"6\":\"+\",\"7\":\"+\",\"8\":\"-\",\"9\":\"-\",\"10\":\"-\",\"11\":\"-\",\"12\":\"-\",\"13\":\"-\",\"14\":\"-\",\"15\":\"-\"},\"mut\":{\"0\":\"M\",\"1\":\"M\",\"2\":\"M\",\"3\":\"M\",\"4\":\"R\",\"5\":\"R\",\"6\":\"R\",\"7\":\"R\",\"8\":\"M\",\"9\":\"M\",\"10\":\"M\",\"11\":\"M\",\"12\":\"R\",\"13\":\"R\",\"14\":\"R\",\"15\":\"R\"},\"base\":{\"0\":\"A\",\"1\":\"C\",\"2\":\"G\",\"3\":\"T\",\"4\":\"A\",\"5\":\"C\",\"6\":\"G\",\"7\":\"T\",\"8\":\"A\",\"9\":\"C\",\"10\":\"G\",\"11\":\"T\",\"12\":\"A\",\"13\":\"C\",\"14\":\"G\",\"15\":\"T\"},\"count\":{\"0\":2895,\"1\":2569,\"2\":5080,\"3\":3327,\"4\":4873,\"5\":3569,\"6\":743,\"7\":4686,\"8\":2894,\"9\":2667,\"10\":5126,\"11\":3381,\"12\":4911,\"13\":3624,\"14\":727,\"15\":4806},\"fitted\":{\"0\":2884.4824250242,\"1\":2583.1564828413,\"2\":5088.7789749229,\"3\":3314.5821172115,\"4\":4883.5175749758,\"5\":3554.8435171587,\"6\":734.2210250771,\"7\":4698.4178827885,\"8\":2904.5175749758,\"9\":2652.8435171587,\"10\":5117.2210250771,\"11\":3393.4178827885,\"12\":4900.4824250242,\"13\":3638.1564828413,\"14\":735.7789749229,\"15\":4793.5821172115},\"ret\":{\"0\":0.0001885666,\"1\":-0.0002526508,\"2\":-0.0001569741,\"3\":0.0002226478,\"4\":-0.0001880211,\"5\":0.0002538501,\"6\":0.0001580452,\"7\":-0.0002219381,\"8\":-0.0001878827,\"9\":0.000254021,\"10\":0.0001572444,\"11\":-0.0002218249,\"12\":0.0001884257,\"13\":-0.0002528527,\"14\":-0.0001561687,\"15\":0.0002225197}}", "deviance": 0.7831280750635976, "df": 3, "rel_entropy": 7.0074812543720035e-06, "formula": "count ~ strand * mut * base - strand : mut : base", "prob": 0.85349817226348212}, "pos3": {"stats": "{\"strand\":{\"0\":\"+\",\"1\":\"+\",\"2\":\"+\",\"3\":\"+\",\"4\":\"+\",\"5\":\"+\",\"6\":\"+\",\"7\":\"+\",\"8\":\"-\",\"9\":\"-\",\"10\":\"-\",\"11\":\"-\",\"12\":\"-\",\"13\":\"-\",\"14\":\"-\",\"15\":\"-\"},\"mut\":{\"0\":\"M\",\"1\":\"M\",\"2\":\"M\",\"3\":\"M\",\"4\":\"R\",\"5\":\"R\",\"6\":\"R\",\"7\":\"R\",\"8\":\"M\",\"9\":\"M\",\"10\":\"M\",\"11\":\"M\",\"12\":\"R\",\"13\":\"R\",\"14\":\"R\",\"15\":\"R\"},\"base\":{\"0\":\"A\",\"1\":\"C\",\"2\":\"G\",\"3\":\"T\",\"4\":\"A\",\"5\":\"C\",\"6\":\"G\",\"7\":\"T\",\"8\":\"A\",\"9\":\"C\",\"10\":\"G\",\"11\":\"T\",\"12\":\"A\",\"13\":\"C\",\"14\":\"G\",\"15\":\"T\"},\"count\":{\"0\":3315,\"1\":3557,\"2\":3072,\"3\":3927,\"4\":3550,\"5\":3254,\"6\":3111,\"7\":3956,\"8\":3345,\"9\":3655,\"10\":3189,\"11\":3879,\"12\":3671,\"13\":3290,\"14\":3190,\"15\":3917},\"fitted\":{\"0\":3293.7851065554,\"1\":3570.8825693373,\"2\":3081.664583715,\"3\":3924.6677403922,\"4\":3571.2148934446,\"5\":3240.1174306626,\"6\":3101.335416285,\"7\":3958.3322596078,\"8\":3366.2148934446,\"9\":3641.1174306626,\"10\":3179.335416285,\"11\":3881.3322596078,\"12\":3649.7851065554,\"13\":3303.8825693373,\"14\":3199.664583715,\"15\":3914.6677403922},\"ret\":{\"0\":0.0003808846,\"1\":-0.0002479607,\"2\":-0.0001726872,\"3\":0.0000417508,\"4\":-0.0003785346,\"5\":0.0002489758,\"6\":0.0001732279,\"7\":-0.0000417261,\"8\":-0.0003784656,\"9\":0.0002489173,\"10\":0.0001732213,\"11\":-0.0000417259,\"12\":0.0003807658,\"13\":-0.0002479216,\"14\":-0.0001726972,\"15\":0.0000417509}}", "deviance": 0.8689537169402932, "df": 3, "rel_entropy": 7.775454713306607e-06, "formula": "count ~ strand * mut * base - strand : mut : base", "prob": 0.83291278021474324}, "pos0": {"stats": "{\"strand\":{\"0\":\"+\",\"1\":\"+\",\"2\":\"+\",\"3\":\"+\",\"4\":\"+\",\"5\":\"+\",\"6\":\"+\",\"7\":\"+\",\"8\":\"-\",\"9\":\"-\",\"10\":\"-\",\"11\":\"-\",\"12\":\"-\",\"13\":\"-\",\"14\":\"-\",\"15\":\"-\"},\"mut\":{\"0\":\"M\",\"1\":\"M\",\"2\":\"M\",\"3\":\"M\",\"4\":\"R\",\"5\":\"R\",\"6\":\"R\",\"7\":\"R\",\"8\":\"M\",\"9\":\"M\",\"10\":\"M\",\"11\":\"M\",\"12\":\"R\",\"13\":\"R\",\"14\":\"R\",\"15\":\"R\"},\"base\":{\"0\":\"A\",\"1\":\"C\",\"2\":\"G\",\"3\":\"T\",\"4\":\"A\",\"5\":\"C\",\"6\":\"G\",\"7\":\"T\",\"8\":\"A\",\"9\":\"C\",\"10\":\"G\",\"11\":\"T\",\"12\":\"A\",\"13\":\"C\",\"14\":\"G\",\"15\":\"T\"},\"count\":{\"0\":3433,\"1\":3530,\"2\":2786,\"3\":4122,\"4\":3713,\"5\":3245,\"6\":2862,\"7\":4051,\"8\":3233,\"9\":3631,\"10\":2995,\"11\":4209,\"12\":3759,\"13\":3236,\"14\":3005,\"15\":4068},\"fitted\":{\"0\":3370.0696756114,\"1\":3557.0918795088,\"2\":2803.7811315614,\"3\":4140.0573133183,\"4\":3775.9303243886,\"5\":3217.9081204912,\"6\":2844.2188684386,\"7\":4032.9426866817,\"8\":3295.9303243886,\"9\":3603.9081204912,\"10\":2977.2188684386,\"11\":4190.9426866817,\"12\":3696.0696756114,\"13\":3263.0918795088,\"14\":3022.7811315614,\"15\":4086.0573133183},\"ret\":{\"0\":0.0011366595,\"1\":-0.0004829888,\"2\":-0.0003172023,\"3\":-0.0003224503,\"4\":-0.0011167719,\"5\":0.0004868751,\"6\":0.0003192061,\"7\":0.0003238784,\"8\":-0.0011153887,\"9\":0.0004866576,\"10\":0.0003191618,\"11\":0.0003238512,\"12\":0.0011357429,\"13\":-0.0004828215,\"14\":-0.0003172757,\"15\":-0.0003224409}}", "deviance": 6.112223002330495, "df": 3, "rel_entropy": 5.4692571336934886e-05, "formula": "count ~ strand * mut * base - strand : mut : base", "prob": 0.10627616897081268}, "pos1": {"stats": "{\"strand\":{\"0\":\"+\",\"1\":\"+\",\"2\":\"+\",\"3\":\"+\",\"4\":\"+\",\"5\":\"+\",\"6\":\"+\",\"7\":\"+\",\"8\":\"-\",\"9\":\"-\",\"10\":\"-\",\"11\":\"-\",\"12\":\"-\",\"13\":\"-\",\"14\":\"-\",\"15\":\"-\"},\"mut\":{\"0\":\"M\",\"1\":\"M\",\"2\":\"M\",\"3\":\"M\",\"4\":\"R\",\"5\":\"R\",\"6\":\"R\",\"7\":\"R\",\"8\":\"M\",\"9\":\"M\",\"10\":\"M\",\"11\":\"M\",\"12\":\"R\",\"13\":\"R\",\"14\":\"R\",\"15\":\"R\"},\"base\":{\"0\":\"A\",\"1\":\"C\",\"2\":\"G\",\"3\":\"T\",\"4\":\"A\",\"5\":\"C\",\"6\":\"G\",\"7\":\"T\",\"8\":\"A\",\"9\":\"C\",\"10\":\"G\",\"11\":\"T\",\"12\":\"A\",\"13\":\"C\",\"14\":\"G\",\"15\":\"T\"},\"count\":{\"0\":4098,\"1\":3750,\"2\":2895,\"3\":3128,\"4\":3502,\"5\":3535,\"6\":2883,\"7\":3951,\"8\":4062,\"9\":3779,\"10\":3037,\"11\":3190,\"12\":3527,\"13\":3615,\"14\":2924,\"15\":4002},\"fitted\":{\"0\":4082.3432553853,\"1\":3735.9525786841,\"2\":2919.2877595433,\"3\":3133.4164063873,\"4\":3517.6567446147,\"5\":3549.0474213159,\"6\":2858.7122404567,\"7\":3945.5835936127,\"8\":4077.6567446147,\"9\":3793.0474213159,\"10\":3012.7122404567,\"11\":3184.5835936127,\"12\":3511.3432553853,\"13\":3600.9525786841,\"14\":2948.2877595433,\"15\":4007.4164063873},\"ret\":{\"0\":0.0002807318,\"1\":0.0002518665,\"2\":-0.0004328438,\"3\":-0.0000968489,\"4\":-0.0002795707,\"5\":-0.0002508963,\"6\":0.0004364981,\"7\":0.0000969992,\"8\":-0.0002796565,\"9\":-0.0002509284,\"10\":0.0004364043,\"11\":0.0000970151,\"12\":0.0002808189,\"13\":0.0002518842,\"14\":-0.0004328617,\"15\":-0.0000968672}}", "deviance": 1.3125478062972213, "df": 3, "rel_entropy": 1.1744763648459334e-05, "formula": "count ~ strand * mut * base - strand : mut : base", "prob": 0.72615565403694737}}