{"pos0": {"stats": "{\"mut\":{\"0\":\"M\",\"1\":\"M\",\"2\":\"M\",\"3\":\"M\",\"4\":\"R\",\"5\":\"R\",\"6\":\"R\",\"7\":\"R\"},\"base\":{\"0\":\"A\",\"1\":\"C\",\"2\":\"G\",\"3\":\"T\",\"4\":\"A\",\"5\":\"C\",\"6\":\"G\",\"7\":\"T\"},\"count\":{\"0\":705,\"1\":914,\"2\":858,\"3\":573,\"4\":739,\"5\":889,\"6\":770,\"7\":652},\"fitted\":{\"0\":722.0,\"1\":901.5,\"2\":814.0000000005,\"3\":612.5000000014,\"4\":722.0,\"5\":901.5,\"6\":814.0000000005,\"7\":612.5000000014},\"ret\":{\"0\":-0.0027538151,\"1\":0.0020633219,\"2\":0.0074046432,\"3\":-0.0062619719,\"4\":0.0028194403,\"5\":-0.0020349075,\"6\":-0.007014555,\"7\":0.0066798597}}", "df": 3, "rel_entropy": 0.0009020156276991631, "deviance": 11.00459065792979, "prob": 0.011701078035528228, "formula": "count ~ mut * base - mut : base"}, "pos3": {"stats": "{\"mut\":{\"0\":\"M\",\"1\":\"M\",\"2\":\"M\",\"3\":\"M\",\"4\":\"R\",\"5\":\"R\",\"6\":\"R\",\"7\":\"R\"},\"base\":{\"0\":\"A\",\"1\":\"C\",\"2\":\"G\",\"3\":\"T\",\"4\":\"A\",\"5\":\"C\",\"6\":\"G\",\"7\":\"T\"},\"count\":{\"0\":754,\"1\":824,\"2\":781,\"3\":691,\"4\":756,\"5\":805,\"6\":784,\"7\":705},\"fitted\":{\"0\":755.0,\"1\":814.5,\"2\":782.5,\"3\":698.0,\"4\":755.0,\"5\":814.5,\"6\":782.5,\"7\":698.0},\"ret\":{\"0\":-0.0001638258,\"1\":0.0015664243,\"2\":-0.0002456658,\"3\":-0.0011417675,\"4\":0.0001640429,\"5\":-0.0015482592,\"6\":0.0002461372,\"7\":0.001153276}}", "df": 3, "rel_entropy": 3.0362023184531987e-05, "deviance": 0.37041668285129026, "prob": 0.9462835744230609, "formula": "count ~ mut * base - mut : base"}, "pos2": {"stats": "{\"mut\":{\"0\":\"M\",\"1\":\"M\",\"2\":\"M\",\"3\":\"M\",\"4\":\"R\",\"5\":\"R\",\"6\":\"R\",\"7\":\"R\"},\"base\":{\"0\":\"A\",\"1\":\"C\",\"2\":\"G\",\"3\":\"T\",\"4\":\"A\",\"5\":\"C\",\"6\":\"G\",\"7\":\"T\"},\"count\":{\"0\":608,\"1\":755,\"2\":892,\"3\":795,\"4\":772,\"5\":734,\"6\":890,\"7\":654},\"fitted\":{\"0\":690.0,\"1\":744.5,\"2\":891.0,\"3\":724.5,\"4\":690.0,\"5\":744.5,\"6\":891.0,\"7\":724.5},\"ret\":{\"0\":-0.0126101907,\"1\":0.001733393,\"2\":0.0001640264,\"3\":0.0121022919,\"4\":0.0142115015,\"5\":-0.0017091158,\"6\":-0.0001638424,\"7\":-0.0109758794}}", "df": 3, "rel_entropy": 0.0027521845243406416, "deviance": 33.57665119695583, "prob": 2.433784878383241e-07, "formula": "count ~ mut * base - mut : base"}, "pos1": {"stats": "{\"mut\":{\"0\":\"M\",\"1\":\"M\",\"2\":\"M\",\"3\":\"M\",\"4\":\"R\",\"5\":\"R\",\"6\":\"R\",\"7\":\"R\"},\"base\":{\"0\":\"A\",\"1\":\"C\",\"2\":\"G\",\"3\":\"T\",\"4\":\"A\",\"5\":\"C\",\"6\":\"G\",\"7\":\"T\"},\"count\":{\"0\":482,\"1\":1791,\"2\":438,\"3\":339,\"4\":984,\"5\":307,\"6\":827,\"7\":932},\"fitted\":{\"0\":732.9999999999,\"1\":1049.0000000009,\"2\":632.5,\"3\":635.5,\"4\":733.0000000001,\"5\":1049.0000000011,\"6\":632.5000000001,\"7\":635.5000000001},\"ret\":{\"0\":-0.0331237976,\"1\":0.1570609504,\"2\":-0.0263849269,\"3\":-0.0349232233,\"4\":0.0475030348,\"5\":-0.0618401102,\"6\":0.036350646,\"7\":0.0585052647}}", "df": 3, "rel_entropy": 0.1431478378455317, "deviance": 1746.4036217154867, "prob": 0, "formula": "count ~ mut * base - mut : base"}}