{"('pos0', 'pos2')": {"stats": "{\"mut\":{\"0\":\"M\",\"1\":\"M\",\"2\":\"M\",\"3\":\"M\",\"4\":\"M\",\"5\":\"M\",\"6\":\"M\",\"7\":\"M\",\"8\":\"M\",\"9\":\"M\",\"10\":\"M\",\"11\":\"M\",\"12\":\"M\",\"13\":\"M\",\"14\":\"M\",\"15\":\"M\",\"16\":\"R\",\"17\":\"R\",\"18\":\"R\",\"19\":\"R\",\"20\":\"R\",\"21\":\"R\",\"22\":\"R\",\"23\":\"R\",\"24\":\"R\",\"25\":\"R\",\"26\":\"R\",\"27\":\"R\",\"28\":\"R\",\"29\":\"R\",\"30\":\"R\",\"31\":\"R\"},\"base1\":{\"0\":\"A\",\"1\":\"A\",\"2\":\"A\",\"3\":\"A\",\"4\":\"C\",\"5\":\"C\",\"6\":\"C\",\"7\":\"C\",\"8\":\"G\",\"9\":\"G\",\"10\":\"G\",\"11\":\"G\",\"12\":\"T\",\"13\":\"T\",\"14\":\"T\",\"15\":\"T\",\"16\":\"A\",\"17\":\"A\",\"18\":\"A\",\"19\":\"A\",\"20\":\"C\",\"21\":\"C\",\"22\":\"C\",\"23\":\"C\",\"24\":\"G\",\"25\":\"G\",\"26\":\"G\",\"27\":\"G\",\"28\":\"T\",\"29\":\"T\",\"30\":\"T\",\"31\":\"T\"},\"base2\":{\"0\":\"A\",\"1\":\"C\",\"2\":\"G\",\"3\":\"T\",\"4\":\"A\",\"5\":\"C\",\"6\":\"G\",\"7\":\"T\",\"8\":\"A\",\"9\":\"C\",\"10\":\"G\",\"11\":\"T\",\"12\":\"A\",\"13\":\"C\",\"14\":\"G\",\"15\":\"T\",\"16\":\"A\",\"17\":\"C\",\"18\":\"G\",\"19\":\"T\",\"20\":\"A\",\"21\":\"C\",\"22\":\"G\",\"23\":\"T\",\"24\":\"A\",\"25\":\"C\",\"26\":\"G\",\"27\":\"T\",\"28\":\"A\",\"29\":\"C\",\"30\":\"G\",\"31\":\"T\"},\"count\":{\"0\":174,\"1\":146,\"2\":196,\"3\":189,\"4\":167,\"5\":250,\"6\":266,\"7\":231,\"8\":157,\"9\":227,\"10\":273,\"11\":201,\"12\":110,\"13\":132,\"14\":157,\"15\":174,\"16\":213,\"17\":179,\"18\":180,\"19\":167,\"20\":213,\"21\":228,\"22\":271,\"23\":177,\"24\":189,\"25\":167,\"26\":247,\"27\":167,\"28\":157,\"29\":160,\"30\":192,\"31\":143},\"fitted\":{\"0\":167.0486975941,\"1\":161.4941361394,\"2\":184.133624483,\"3\":192.3235417931,\"4\":170.0938296633,\"5\":245.2639951447,\"6\":271.677944198,\"7\":226.9642309939,\"8\":161.9194597158,\"9\":210.2250237231,\"10\":273.7293889613,\"11\":212.1261276039,\"12\":108.9380130268,\"13\":138.0168450059,\"14\":162.4590423582,\"15\":163.5860996095,\"16\":219.951302406,\"17\":163.5058638782,\"18\":191.8663755178,\"19\":163.6764582069,\"20\":209.9061703367,\"21\":232.7360048553,\"22\":265.322055802,\"23\":181.0357690061,\"24\":184.0805402842,\"25\":183.7749762861,\"26\":246.2706110387,\"27\":155.8738723968,\"28\":158.0619869732,\"29\":153.9831549942,\"30\":186.5409576418,\"31\":153.4139003914},\"ret\":{\"0\":0.0011629455,\"1\":-0.0024140792,\"2\":0.0020066848,\"3\":-0.0005401078,\"4\":-0.0005025444,\"5\":0.0007838425,\"6\":-0.0009210153,\"7\":0.0006674491,\"8\":-0.0007940917,\"9\":0.0028569073,\"10\":-0.0001194125,\"11\":-0.0017752627,\"12\":0.0001749421,\"13\":-0.0009645482,\"14\":-0.0008797178,\"15\":0.0017604192,\"16\":-0.0011213578,\"17\":0.0026567401,\"18\":-0.0018838717,\"19\":0.0005503375,\"20\":0.0005109047,\"21\":-0.0007684406,\"22\":0.0009407,\"23\":-0.0006541716,\"24\":0.0008171503,\"25\":-0.002620483,\"26\":0.0001197489,\"27\":0.0018875556,\"28\":-0.0001735101,\"29\":0.0010053928,\"30\":0.0009078939,\"31\":-0.0016478961}}", "df": 9, "rel_entropy": 0.0010291036189503315, "deviance": 12.555064151194044, "prob": 0.18379392224902932, "formula": "count ~ mut * base1 * base2 - mut : base1 : base2"}, "('pos0', 'pos3')": {"stats": "{\"mut\":{\"0\":\"M\",\"1\":\"M\",\"2\":\"M\",\"3\":\"M\",\"4\":\"M\",\"5\":\"M\",\"6\":\"M\",\"7\":\"M\",\"8\":\"M\",\"9\":\"M\",\"10\":\"M\",\"11\":\"M\",\"12\":\"M\",\"13\":\"M\",\"14\":\"M\",\"15\":\"M\",\"16\":\"R\",\"17\":\"R\",\"18\":\"R\",\"19\":\"R\",\"20\":\"R\",\"21\":\"R\",\"22\":\"R\",\"23\":\"R\",\"24\":\"R\",\"25\":\"R\",\"26\":\"R\",\"27\":\"R\",\"28\":\"R\",\"29\":\"R\",\"30\":\"R\",\"31\":\"R\"},\"base1\":{\"0\":\"A\",\"1\":\"A\",\"2\":\"A\",\"3\":\"A\",\"4\":\"C\",\"5\":\"C\",\"6\":\"C\",\"7\":\"C\",\"8\":\"G\",\"9\":\"G\",\"10\":\"G\",\"11\":\"G\",\"12\":\"T\",\"13\":\"T\",\"14\":\"T\",\"15\":\"T\",\"16\":\"A\",\"17\":\"A\",\"18\":\"A\",\"19\":\"A\",\"20\":\"C\",\"21\":\"C\",\"22\":\"C\",\"23\":\"C\",\"24\":\"G\",\"25\":\"G\",\"26\":\"G\",\"27\":\"G\",\"28\":\"T\",\"29\":\"T\",\"30\":\"T\",\"31\":\"T\"},\"base2\":{\"0\":\"A\",\"1\":\"C\",\"2\":\"G\",\"3\":\"T\",\"4\":\"A\",\"5\":\"C\",\"6\":\"G\",\"7\":\"T\",\"8\":\"A\",\"9\":\"C\",\"10\":\"G\",\"11\":\"T\",\"12\":\"A\",\"13\":\"C\",\"14\":\"G\",\"15\":\"T\",\"16\":\"A\",\"17\":\"C\",\"18\":\"G\",\"19\":\"T\",\"20\":\"A\",\"21\":\"C\",\"22\":\"G\",\"23\":\"T\",\"24\":\"A\",\"25\":\"C\",\"26\":\"G\",\"27\":\"T\",\"28\":\"A\",\"29\":\"C\",\"30\":\"G\",\"31\":\"T\"},\"count\":{\"0\":184,\"1\":193,\"2\":168,\"3\":160,\"4\":229,\"5\":233,\"6\":250,\"7\":202,\"8\":202,\"9\":252,\"10\":212,\"11\":192,\"12\":139,\"13\":146,\"14\":151,\"15\":137,\"16\":191,\"17\":205,\"18\":176,\"19\":167,\"20\":212,\"21\":233,\"22\":244,\"23\":200,\"24\":186,\"25\":211,\"26\":207,\"27\":166,\"28\":167,\"29\":156,\"30\":157,\"31\":172},\"fitted\":{\"0\":182.9906121095,\"1\":196.2871535987,\"2\":167.4238196028,\"3\":158.2984146891,\"4\":223.5001320612,\"5\":238.5975282062,\"6\":249.7291420239,\"7\":202.1731977086,\"8\":204.3714798414,\"9\":246.2805242779,\"10\":220.1658396292,\"11\":187.1821562515,\"12\":143.1377759879,\"13\":142.8347939173,\"14\":143.6811987441,\"15\":143.3462313508,\"16\":192.0093878905,\"17\":201.7128464013,\"18\":176.5761803972,\"19\":168.7015853109,\"20\":217.4998679388,\"21\":227.4024717938,\"22\":244.2708579761,\"23\":199.8268022914,\"24\":183.6285201586,\"25\":216.7194757221,\"26\":198.8341603708,\"27\":170.8178437485,\"28\":162.8622240121,\"29\":159.1652060827,\"30\":164.3188012559,\"31\":165.6537686493},\"ret\":{\"0\":0.000165929,\"1\":-0.00053434,\"2\":0.0000946181,\"3\":0.0002804423,\"4\":0.0009126213,\"5\":-0.0009067786,\"6\":0.000044427,\"7\":-0.0000283809,\"8\":-0.0003865028,\"9\":0.000948423,\"10\":-0.0013135243,\"11\":0.0007998887,\"12\":-0.0006684237,\"13\":0.0005245935,\"14\":0.0012298551,\"15\":-0.0010169886,\"16\":-0.0001650377,\"17\":0.0005432448,\"18\":-0.0000943015,\"19\":-0.0002775369,\"20\":-0.0008901209,\"21\":0.0009288298,\"22\":-0.0000443783,\"23\":0.0000284054,\"24\":0.0003912668,\"25\":-0.0009251363,\"26\":0.001365782,\"27\":-0.0007785661,\"28\":0.0006868688,\"29\":-0.0005136923,\"30\":-0.0011726779,\"31\":0.0010600444}}", "df": 9, "rel_entropy": 0.0002888530492281321, "deviance": 3.5240072005832115, "prob": 0.9398653752973457, "formula": "count ~ mut * base1 * base2 - mut : base1 : base2"},