{"pos2": {"stats": "{\"mut\":{\"0\":\"M\",\"1\":\"M\",\"2\":\"M\",\"3\":\"M\",\"4\":\"R\",\"5\":\"R\",\"6\":\"R\",\"7\":\"R\"},\"base\":{\"0\":\"A\",\"1\":\"C\",\"2\":\"G\",\"3\":\"T\",\"4\":\"A\",\"5\":\"C\",\"6\":\"G\",\"7\":\"T\"},\"count\":{\"0\":80,\"1\":124,\"2\":106,\"3\":87,\"4\":114,\"5\":104,\"6\":112,\"7\":67},\"fitted\":{\"0\":97.0,\"1\":114.0,\"2\":109.0,\"3\":77.0,\"4\":97.0,\"5\":114.0,\"6\":109.0,\"7\":77.0},\"ret\":{\"0\":-0.0194140397,\"1\":0.0131313684,\"2\":-0.0037258584,\"3\":0.0133790109,\"4\":0.0231858584,\"5\":-0.0120251702,\"6\":0.0038298624,\"7\":-0.0117387377}}", "deviance": 10.516203129323344, "df": 3, "rel_entropy": 0.006622294162042408, "formula": "count ~ mut * base - mut : base", "prob": 0.014651383864774907}, "pos3": {"stats": "{\"mut\":{\"0\":\"M\",\"1\":\"M\",\"2\":\"M\",\"3\":\"M\",\"4\":\"R\",\"5\":\"R\",\"6\":\"R\",\"7\":\"R\"},\"base\":{\"0\":\"A\",\"1\":\"C\",\"2\":\"G\",\"3\":\"T\",\"4\":\"A\",\"5\":\"C\",\"6\":\"G\",\"7\":\"T\"},\"count\":{\"0\":71,\"1\":94,\"2\":104,\"3\":128,\"4\":113,\"5\":102,\"6\":91,\"7\":91},\"fitted\":{\"0\":92.0,\"1\":98.0,\"2\":97.5,\"3\":109.5,\"4\":92.0,\"5\":98.0,\"6\":97.5,\"7\":109.5},\"ret\":{\"0\":-0.0231696696,\"1\":-0.0049335434,\"2\":0.0084534083,\"3\":0.0251656568,\"4\":0.0292603455,\"5\":0.0051392243,\"6\":-0.0079072435,\"7\":-0.0212102253}}", "deviance": 17.147149513803747, "df": 3, "rel_entropy": 0.010797953094334853, "formula": "count ~ mut * base - mut : base", "prob": 0.00065916094836413635}, "pos0": {"stats": "{\"mut\":{\"0\":\"M\",\"1\":\"M\",\"2\":\"M\",\"3\":\"M\",\"4\":\"R\",\"5\":\"R\",\"6\":\"R\",\"7\":\"R\"},\"base\":{\"0\":\"A\",\"1\":\"C\",\"2\":\"G\",\"3\":\"T\",\"4\":\"A\",\"5\":\"C\",\"6\":\"G\",\"7\":\"T\"},\"count\":{\"0\":100,\"1\":98,\"2\":98,\"3\":101,\"4\":115,\"5\":114,\"6\":83,\"7\":85},\"fitted\":{\"0\":107.5000000004,\"1\":106.0000000008,\"2\":90.5000000015,\"3\":93.0000000021,\"4\":107.5000000005,\"5\":106.0000000009,\"6\":90.5000000016,\"7\":93.0000000022},\"ret\":{\"0\":-0.0091083957,\"1\":-0.0096854135,\"2\":0.0098268609,\"3\":0.0104970068,\"4\":0.0097679437,\"5\":0.0104465572,\"6\":-0.0090431576,\"7\":-0.0096292193}}", "deviance": 4.878625727323534, "df": 3, "rel_entropy": 0.0030721824479367343, "formula": "count ~ mut * base - mut : base", "prob": 0.18090358657678987}, "pos1": {"stats": "{\"mut\":{\"0\":\"M\",\"1\":\"M\",\"2\":\"M\",\"3\":\"M\",\"4\":\"R\",\"5\":\"R\",\"6\":\"R\",\"7\":\"R\"},\"base\":{\"0\":\"A\",\"1\":\"C\",\"2\":\"G\",\"3\":\"T\",\"4\":\"A\",\"5\":\"C\",\"6\":\"G\",\"7\":\"T\"},\"count\":{\"0\":86,\"1\":77,\"2\":132,\"3\":102,\"4\":128,\"5\":28,\"6\":111,\"7\":130},\"fitted\":{\"0\":106.9999999999,\"1\":52.5000000122,\"2\":121.4999999999,\"3\":115.9999999999,\"4\":107.0000000001,\"5\":52.5000000122,\"6\":121.5000000001,\"7\":116.0000000001},\"ret\":{\"0\":-0.0236642472,\"1\":0.037141566,\"2\":0.0137798125,\"3\":-0.0165226354,\"4\":0.0288888954,\"5\":-0.0221675598,\"6\":-0.0126355552,\"7\":0.0186558611}}", "deviance": 37.2801061869733, "df": 3, "rel_entropy": 0.02347613739733835, "formula": "count ~ mut * base - mut : base", "prob": 4.0143914149377024e-08}}