{"('pos1', 'pos2')": {"stats": "{\"mut\":{\"0\":\"M\",\"1\":\"M\",\"2\":\"M\",\"3\":\"M\",\"4\":\"M\",\"5\":\"M\",\"6\":\"M\",\"7\":\"M\",\"8\":\"M\",\"9\":\"M\",\"10\":\"M\",\"11\":\"M\",\"12\":\"M\",\"13\":\"M\",\"14\":\"M\",\"15\":\"M\",\"16\":\"R\",\"17\":\"R\",\"18\":\"R\",\"19\":\"R\",\"20\":\"R\",\"21\":\"R\",\"22\":\"R\",\"23\":\"R\",\"24\":\"R\",\"25\":\"R\",\"26\":\"R\",\"27\":\"R\",\"28\":\"R\",\"29\":\"R\",\"30\":\"R\",\"31\":\"R\"},\"base1\":{\"0\":\"A\",\"1\":\"A\",\"2\":\"A\",\"3\":\"A\",\"4\":\"C\",\"5\":\"C\",\"6\":\"C\",\"7\":\"C\",\"8\":\"G\",\"9\":\"G\",\"10\":\"G\",\"11\":\"G\",\"12\":\"T\",\"13\":\"T\",\"14\":\"T\",\"15\":\"T\",\"16\":\"A\",\"17\":\"A\",\"18\":\"A\",\"19\":\"A\",\"20\":\"C\",\"21\":\"C\",\"22\":\"C\",\"23\":\"C\",\"24\":\"G\",\"25\":\"G\",\"26\":\"G\",\"27\":\"G\",\"28\":\"T\",\"29\":\"T\",\"30\":\"T\",\"31\":\"T\"},\"base2\":{\"0\":\"A\",\"1\":\"C\",\"2\":\"G\",\"3\":\"T\",\"4\":\"A\",\"5\":\"C\",\"6\":\"G\",\"7\":\"T\",\"8\":\"A\",\"9\":\"C\",\"10\":\"G\",\"11\":\"T\",\"12\":\"A\",\"13\":\"C\",\"14\":\"G\",\"15\":\"T\",\"16\":\"A\",\"17\":\"C\",\"18\":\"G\",\"19\":\"T\",\"20\":\"A\",\"21\":\"C\",\"22\":\"G\",\"23\":\"T\",\"24\":\"A\",\"25\":\"C\",\"26\":\"G\",\"27\":\"T\",\"28\":\"A\",\"29\":\"C\",\"30\":\"G\",\"31\":\"T\"},\"count\":{\"0\":22,\"1\":28,\"2\":18,\"3\":18,\"4\":18,\"5\":25,\"6\":28,\"7\":6,\"8\":24,\"9\":44,\"10\":28,\"11\":36,\"12\":16,\"13\":27,\"14\":32,\"15\":27,\"16\":42,\"17\":35,\"18\":30,\"19\":21,\"20\":4,\"21\":9,\"22\":13,\"23\":2,\"24\":35,\"25\":25,\"26\":31,\"27\":20,\"28\":33,\"29\":35,\"30\":38,\"31\":24},\"fitted\":{\"0\":20.8793828406,\"1\":28.0315657407,\"2\":18.0175420693,\"3\":19.0715093494,\"4\":14.8113898337,\"5\":26.2921021454,\"6\":29.4737336262,\"7\":6.4227743947,\"8\":26.9014728716,\"9\":40.0993388439,\"10\":30.0802387599,\"11\":34.9189495245,\"12\":17.4077544541,\"13\":29.5769932701,\"14\":28.4284855445,\"15\":26.5867667313,\"16\":43.1206171594,\"17\":34.9684342593,\"18\":29.9824579307,\"19\":19.9284906506,\"20\":7.1886101663,\"21\":7.7078978546,\"22\":11.5262663738,\"23\":1.5772256053,\"24\":32.0985271284,\"25\":28.9006611561,\"26\":28.9197612401,\"27\":21.0810504755,\"28\":31.5922455459,\"29\":32.4230067299,\"30\":41.5715144555,\"31\":24.4132332687},\"ret\":{\"0\":0.0014485711,\"1\":-0.0000397329,\"2\":-0.0000220825,\"3\":-0.0013108671,\"4\":0.0044200947,\"5\":-0.0015866741,\"6\":-0.0018088907,\"7\":-0.0005145393,\"8\":-0.0034496889,\"9\":0.00514422,\"10\":-0.0025271914,\"11\":0.001382386,\"12\":-0.0016992855,\"13\":-0.0030998972,\"14\":0.0047695415,\"15\":0.0005244687,\"16\":-0.0013928565,\"17\":0.0000397733,\"18\":0.0000220997,\"19\":0.0013851547,\"20\":-0.0029531662,\"21\":0.0017566898,\"22\":0.0019699894,\"23\":0.000598186,\"24\":0.0038146437,\"25\":-0.0045651337,\"26\":0.0027119949,\"27\":-0.0013260021,\"28\":0.0018119188,\"29\":0.0033712761,\"30\":-0.0042991221,\"31\":-0.0005160152}}", "deviance": 6.447062349989637, "df": 9, "rel_entropy": 0.00405986294079952, "formula": "count ~ mut * base1 * base2 - mut : base1 : base2", "prob": 0.69447366234559371}, "('pos1', 'pos3')": {"stats": "{\"mut\":{\"0\":\"M\",\"1\":\"M\",\"2\":\"M\",\"3\":\"M\",\"4\":\"M\",\"5\":\"M\",\"6\":\"M\",\"7\":\"M\",\"8\":\"M\",\"9\":\"M\",\"10\":\"M\",\"11\":\"M\",\"12\":\"M\",\"13\":\"M\",\"14\":\"M\",\"15\":\"M\",\"16\":\"R\",\"17\":\"R\",\"18\":\"R\",\"19\":\"R\",\"20\":\"R\",\"21\":\"R\",\"22\":\"R\",\"23\":\"R\",\"24\":\"R\",\"25\":\"R\",\"26\":\"R\",\"27\":\"R\",\"28\":\"R\",\"29\":\"R\",\"30\":\"R\",\"31\":\"R\"},\"base1\":{\"0\":\"A\",\"1\":\"A\",\"2\":\"A\",\"3\":\"A\",\"4\":\"C\",\"5\":\"C\",\"6\":\"C\",\"7\":\"C\",\"8\":\"G\",\"9\":\"G\",\"10\":\"G\",\"11\":\"G\",\"12\":\"T\",\"13\":\"T\",\"14\":\"T\",\"15\":\"T\",\"16\":\"A\",\"17\":\"A\",\"18\":\"A\",\"19\":\"A\",\"20\":\"C\",\"21\":\"C\",\"22\":\"C\",\"23\":\"C\",\"24\":\"G\",\"25\":\"G\",\"26\":\"G\",\"27\":\"G\",\"28\":\"T\",\"29\":\"T\",\"30\":\"T\",\"31\":\"T\"},\"base2\":{\"0\":\"A\",\"1\":\"C\",\"2\":\"G\",\"3\":\"T\",\"4\":\"A\",\"5\":\"C\",\"6\":\"G\",\"7\":\"T\",\"8\":\"A\",\"9\":\"C\",\"10\":\"G\",\"11\":\"T\",\"12\":\"A\",\"13\":\"C\",\"14\":\"G\",\"15\":\"T\",\"16\":\"A\",\"17\":\"C\",\"18\":\"G\",\"19\":\"T\",\"20\":\"A\",\"21\":\"C\",\"22\":\"G\",\"23\":\"T\",\"24\":\"A\",\"25\":\"C\",\"26\":\"G\",\"27\":\"T\",\"28\":\"A\",\"29\":\"C\",\"30\":\"G\",\"31\":\"T\"},\"count\":{\"0\":14,\"1\":23,\"2\":17,\"3\":32,\"4\":15,\"5\":18,\"6\":20,\"7\":24,\"8\":24,\"9\":29,\"10\":43,\"11\":36,\"12\":18,\"13\":24,\"14\":24,\"15\":36,\"16\":32,\"17\":31,\"18\":29,\"19\":36,\"20\":9,\"21\":8,\"22\":5,\"23\":6,\"24\":37,\"25\":28,\"26\":24,\"27\":22,\"28\":35,\"29\":35,\"30\":33,\"31\":27},\"fitted\":{\"0\":13.0121280523,\"1\":20.3086893476,\"2\":19.5033496147,\"3\":33.1758329854,\"4\":15.1063685883,\"5\":18.7690978321,\"6\":19.0042283158,\"7\":24.1203052639,\"8\":25.8810552673,\"9\":30.191444701,\"10\":38.791806273,\"11\":37.1356937587,\"12\":17.0004480921,\"13\":24.7307681193,\"14\":26.7006157966,\"15\":33.568167992,\"16\":32.9878719477,\"17\":33.6913106524,\"18\":26.4966503853,\"19\":34.8241670146,\"20\":8.8936314117,\"21\":7.2309021679,\"22\":5.9957716842,\"23\":5.8796947361,\"24\":35.1189447327,\"25\":26.808555299,\"26\":28.208193727,\"27\":20.8643062413,\"28\":35.9995519079,\"29\":34.2692318807,\"30\":30.2993842034,\"31\":29.431832008},\"ret\":{\"0\":0.0012902478,\"1\":0.0036048408,\"2\":-0.002941233,\"3\":-0.001454339,\"4\":-0.0001334927,\"5\":-0.0009485145,\"6\":0.0012864175,\"7\":-0.0001511395,\"8\":-0.0022808286,\"9\":-0.0014705544,\"10\":0.005577602,\"11\":-0.0014082468,\"12\":0.0012951851,\"13\":-0.000906629,\"14\":-0.0032231576,\"15\":0.0031711149,\"16\":-0.0012253531,\"17\":-0.0032504224,\"18\":0.0032972892,\"19\":0.0015056224,\"20\":0.0001347634,\"21\":0.0010184154,\"22\":-0.0011436813,\"23\":0.0001530576,\"24\":0.0024314309,\"25\":0.0015334213,\"26\":-0.0048833853,\"27\":0.0014685856,\"28\":-0.0012412406,\"29\":0.0009301069,\"30\":0.0035485462,\"31\":-0.0029325926}}", "deviance": 4.2111167774538565, "df": 9, "rel_entropy": 0.0026518367616208166, "formula": "count ~ mut * base1 * base2 - mut : base1 : base2", "prob": 0.8969758105910719},