{"pos1": {"formula": "count ~ mut * base - mut : base", "prob": 0, "deviance": 7298.5777501718285, "rel_entropy": 0.028988838116120255, "df": 3, "stats": "{\"mut\":{\"0\":\"M\",\"1\":\"M\",\"2\":\"M\",\"3\":\"M\",\"4\":\"R\",\"5\":\"R\",\"6\":\"R\",\"7\":\"R\"},\"base\":{\"0\":\"A\",\"1\":\"C\",\"2\":\"G\",\"3\":\"T\",\"4\":\"A\",\"5\":\"C\",\"6\":\"G\",\"7\":\"T\"},\"count\":{\"0\":13908,\"1\":11008,\"2\":25685,\"3\":12342,\"4\":19468,\"5\":4982,\"6\":17267,\"7\":21226},\"fitted\":{\"0\":16687.9999999996,\"1\":7995.0000000492,\"2\":21475.9999999996,\"3\":16783.9999999999,\"4\":16688.0000000003,\"5\":7995.0000000496,\"6\":21476.0000000005,\"7\":16784.0000000006},\"ret\":{\"0\":-0.0201324596,\"1\":0.0279651727,\"2\":0.0365161615,\"3\":-0.0301395914,\"4\":0.0238284809,\"5\":-0.0187186098,\"6\":-0.0299207523,\"7\":0.0395904362}}"}, "pos2": {"formula": "count ~ mut * base - mut : base", "prob": 0, "deviance": 23108.103080974688, "rel_entropy": 0.09178186248262193, "df": 3, "stats": "{\"mut\":{\"0\":\"M\",\"1\":\"M\",\"2\":\"M\",\"3\":\"M\",\"4\":\"R\",\"5\":\"R\",\"6\":\"R\",\"7\":\"R\"},\"base\":{\"0\":\"A\",\"1\":\"C\",\"2\":\"G\",\"3\":\"T\",\"4\":\"A\",\"5\":\"C\",\"6\":\"G\",\"7\":\"T\"},\"count\":{\"0\":38767,\"1\":3568,\"2\":18083,\"3\":2525,\"4\":18176,\"5\":13906,\"6\":16742,\"7\":14119},\"fitted\":{\"0\":28471.5,\"1\":8737.0,\"2\":17412.5,\"3\":8322.0000000007,\"4\":28471.5,\"5\":8737.0,\"6\":17412.5,\"7\":8322.0000000007},\"ret\":{\"0\":0.0950546239,\"1\":-0.0253829975,\"2\":0.0054275045,\"3\":-0.0239222027,\"4\":-0.0648000323,\"5\":0.0513390087,\"6\":-0.0052223569,\"7\":0.0592883148}}"}, "pos0": {"formula": "count ~ mut * base - mut : base", "prob": 0, "deviance": 1955.3748270410222, "rel_entropy": 0.007766450705563058, "df": 3, "stats": "{\"mut\":{\"0\":\"M\",\"1\":\"M\",\"2\":\"M\",\"3\":\"M\",\"4\":\"R\",\"5\":\"R\",\"6\":\"R\",\"7\":\"R\"},\"base\":{\"0\":\"A\",\"1\":\"C\",\"2\":\"G\",\"3\":\"T\",\"4\":\"A\",\"5\":\"C\",\"6\":\"G\",\"7\":\"T\"},\"count\":{\"0\":24422,\"1\":12358,\"2\":14933,\"3\":11230,\"4\":17437,\"5\":15872,\"6\":15489,\"7\":14145},\"fitted\":{\"0\":20929.5,\"1\":14115.0,\"2\":15211.0,\"3\":12687.5,\"4\":20929.5,\"5\":14115.0,\"6\":15211.0,\"7\":12687.5},\"ret\":{\"0\":0.0299391376,\"1\":-0.0130499321,\"2\":-0.002188043,\"3\":-0.0108858802,\"4\":-0.0252878832,\"5\":0.0147917882,\"6\":0.0022284056,\"7\":0.0122188579}}"}, "pos3": {"formula": "count ~ mut * base - mut : base", "prob": 0, "deviance": 4861.5086316822635, "rel_entropy": 0.01930917112181761, "df": 3, "stats": "{\"mut\":{\"0\":\"M\",\"1\":\"M\",\"2\":\"M\",\"3\":\"M\",\"4\":\"R\",\"5\":\"R\",\"6\":\"R\",\"7\":\"R\"},\"base\":{\"0\":\"A\",\"1\":\"C\",\"2\":\"G\",\"3\":\"T\",\"4\":\"A\",\"5\":\"C\",\"6\":\"G\",\"7\":\"T\"},\"count\":{\"0\":28413,\"1\":8814,\"2\":14207,\"3\":11509,\"4\":17198,\"5\":14671,\"6\":15907,\"7\":15167},\"fitted\":{\"0\":22805.5000000003,\"1\":11742.5000000001,\"2\":15057.0000000001,\"3\":13338.0,\"4\":22805.5000000003,\"5\":11742.5000000001,\"6\":15057.0,\"7\":13338.0},\"ret\":{\"0\":0.0496199535,\"1\":-0.0200856482,\"2\":-0.0065578633,\"3\":-0.0134839196,\"4\":-0.0385541215,\"5\":0.0259489997,\"6\":0.0069392388,\"7\":0.0154825317}}"}}