{"('pos0', 'pos3')": {"formula": "count ~ mut * base1 * base2 - mut : base1 : base2", "prob": 6.906925780367549e-32, "deviance": 169.76498327497103, "rel_entropy": 0.000674280631980407, "df": 9, "stats": "{\"mut\":{\"0\":\"M\",\"1\":\"M\",\"2\":\"M\",\"3\":\"M\",\"4\":\"M\",\"5\":\"M\",\"6\":\"M\",\"7\":\"M\",\"8\":\"M\",\"9\":\"M\",\"10\":\"M\",\"11\":\"M\",\"12\":\"M\",\"13\":\"M\",\"14\":\"M\",\"15\":\"M\",\"16\":\"R\",\"17\":\"R\",\"18\":\"R\",\"19\":\"R\",\"20\":\"R\",\"21\":\"R\",\"22\":\"R\",\"23\":\"R\",\"24\":\"R\",\"25\":\"R\",\"26\":\"R\",\"27\":\"R\",\"28\":\"R\",\"29\":\"R\",\"30\":\"R\",\"31\":\"R\"},\"base1\":{\"0\":\"A\",\"1\":\"A\",\"2\":\"A\",\"3\":\"A\",\"4\":\"C\",\"5\":\"C\",\"6\":\"C\",\"7\":\"C\",\"8\":\"G\",\"9\":\"G\",\"10\":\"G\",\"11\":\"G\",\"12\":\"T\",\"13\":\"T\",\"14\":\"T\",\"15\":\"T\",\"16\":\"A\",\"17\":\"A\",\"18\":\"A\",\"19\":\"A\",\"20\":\"C\",\"21\":\"C\",\"22\":\"C\",\"23\":\"C\",\"24\":\"G\",\"25\":\"G\",\"26\":\"G\",\"27\":\"G\",\"28\":\"T\",\"29\":\"T\",\"30\":\"T\",\"31\":\"T\"},\"base2\":{\"0\":\"A\",\"1\":\"C\",\"2\":\"G\",\"3\":\"T\",\"4\":\"A\",\"5\":\"C\",\"6\":\"G\",\"7\":\"T\",\"8\":\"A\",\"9\":\"C\",\"10\":\"G\",\"11\":\"T\",\"12\":\"A\",\"13\":\"C\",\"14\":\"G\",\"15\":\"T\",\"16\":\"A\",\"17\":\"C\",\"18\":\"G\",\"19\":\"T\",\"20\":\"A\",\"21\":\"C\",\"22\":\"G\",\"23\":\"T\",\"24\":\"A\",\"25\":\"C\",\"26\":\"G\",\"27\":\"T\",\"28\":\"A\",\"29\":\"C\",\"30\":\"G\",\"31\":\"T\"},\"count\":{\"0\":11955,\"1\":2817,\"2\":5202,\"3\":4448,\"4\":4782,\"5\":2130,\"6\":3232,\"7\":2214,\"8\":6782,\"9\":2234,\"10\":3142,\"11\":2775,\"12\":4894,\"13\":1633,\"14\":2631,\"15\":2072,\"16\":5172,\"17\":3969,\"18\":4074,\"19\":4222,\"20\":4148,\"21\":3801,\"22\":4311,\"23\":3612,\"24\":4090,\"25\":3780,\"26\":4044,\"27\":3575,\"28\":3788,\"29\":3121,\"30\":3478,\"31\":3758},\"fitted\":{\"0\":11806.0311971925,\"1\":3080.6253043072,\"2\":5122.9622657742,\"3\":4412.3812327941,\"4\":5048.1277063066,\"5\":1943.1954561928,\"6\":3165.1404228024,\"7\":2201.5364147234,\"8\":6651.6028027014,\"9\":2232.9497956534,\"10\":3355.9665138929,\"11\":2692.4808877582,\"12\":4907.2382938062,\"13\":1557.2294439391,\"14\":2562.9307975339,\"15\":2202.601464725,\"16\":5320.9688028077,\"17\":3705.3746957869,\"18\":4153.037734226,\"19\":4257.6187672062,\"20\":3881.872293705,\"21\":3987.8045438321,\"22\":4377.8595771976,\"23\":3624.4635852766,\"24\":4220.3971972992,\"25\":3781.0502043498,\"26\":3830.0334861164,\"27\":3657.5191122419,\"28\":3774.7617061939,\"29\":3196.7705560647,\"30\":3546.0692024661,\"31\":3627.3985352761},\"ret\":{\"0\":0.0011907974,\"1\":-0.0020018837,\"2\":0.0006326702,\"3\":0.0002840836,\"4\":-0.0020573075,\"5\":0.0015530631,\"6\":0.0005366825,\"7\":0.0000992866,\"8\":0.0010459231,\"9\":0.0000083445,\"10\":-0.0016443116,\"11\":0.0006654506,\"12\":-0.000105019,\"13\":0.0006163097,\"14\":0.0005478388,\"15\":-0.001006074,\"16\":-0.0011666409,\"17\":0.0021669489,\"18\":-0.000621839,\"19\":-0.0002817578,\"20\":0.0021849014,\"21\":-0.0014486062,\"22\":-0.0005270357,\"23\":-0.0000988365,\"24\":-0.0010196661,\"25\":-0.0000083413,\"26\":0.0017463014,\"27\":-0.0006480558,\"28\":0.0001053452,\"29\":-0.000594708,\"30\":-0.0005354977,\"31\":0.0010559144}}"}, "('pos1', 'pos3')": {"formula": "count ~ mut * base1 * base2 - mut : base1 : base2", "prob": 1.1701919365650773e-125, "deviance": 610.4953169505643, "rel_entropy": 0.0024247943256222467, "df": 9, "stats": "{\"mut\":{\"0\":\"M\",\"1\":\"M\",\"2\":\"M\",\"3\":\"M\",\"4\":\"M\",\"5\":\"M\",\"6\":\"M\",\"7\":\"M\",\"8\":\"M\",\"9\":\"M\",\"10\":\"M\",\"11\":\"M\",\"12\":\"M\",\"13\":\"M\",\"14\":\"M\",\"15\":\"M\",\"16\":\"R\",\"17\":\"R\",\"18\":\"R\",\"19\":\"R\",\"20\":\"R\",\"21\":\"R\",\"22\":\"R\",\"23\":\"R\",\"24\":\"R\",\"25\":\"R\",\"26\":\"R\",\"27\":\"R\",\"28\":\"R\",\"29\":\"R\",\"30\":\"R\",\"31\":\"R\"},\"base1\":{\"0\":\"A\",\"1\":\"A\",\"2\":\"A\",\"3\":\"A\",\"4\":\"C\",\"5\":\"C\",\"6\":\"C\",\"7\":\"C\",\"8\":\"G\",\"9\":\"G\",\"10\":\"G\",\"11\":\"G\",\"12\":\"T\",\"13\":\"T\",\"14\":\"T\",\"15\":\"T\",\"16\":\"A\",\"17\":\"A\",\"18\":\"A\",\"19\":\"A\",\"20\":\"C\",\"21\":\"C\",\"22\":\"C\",\"23\":\"C\",\"24\":\"G\",\"25\":\"G\",\"26\":\"G\",\"27\":\"G\",\"28\":\"T\",\"29\":\"T\",\"30\":\"T\",\"31\":\"T\"},\"base2\":{\"0\":\"A\",\"1\":\"C\",\"2\":\"G\",\"3\":\"T\",\"4\":\"A\",\"5\":\"C\",\"6\":\"G\",\"7\":\"T\",\"8\":\"A\",\"9\":\"C\",\"10\":\"G\",\"11\":\"T\",\"12\":\"A\",\"13\":\"C\",\"14\":\"G\",\"15\":\"T\",\"16\":\"A\",\"17\":\"C\",\"18\":\"G\",\"19\":\"T\",\"20\":\"A\",\"21\":\"C\",\"22\":\"G\",\"23\":\"T\",\"24\":\"A\",\"25\":\"C\",\"26\":\"G\",\"27\":\"T\",\"28\":\"A\",\"29\":\"C\",\"30\":\"G\",\"31\":\"T\"},\"count\":{\"0\":6191,\"1\":2273,\"2\":2853,\"3\":2591,\"4\":4074,\"5\":1875,\"6\":3062,\"7\":1997,\"8\":11385,\"9\":3607,\"10\":6457,\"11\":4236,\"12\":6763,\"13\":1059,\"14\":1835,\"15\":2685,\"16\":5863,\"17\":4302,\"18\":4528,\"19\":4775,\"20\":968,\"21\":1439,\"22\":1571,\"23\":1004,\"24\":4642,\"25\":4079,\"26\":4675,\"27\":3871,\"28\":5725,\"29\":4851,\"30\":5133,\"31\":5517},\"fitted\":{\"0\":6634.2042415723,\"1\":1900.685538817,\"2\":2734.1792085029,\"3\":2638.9310111079,\"4\":4056.9313797403,\"5\":1914.5654114973,\"6\":3078.1381817327,\"7\":1958.3650270298,\"8\":11563.9929544142,\"9\":3555.3619265028,\"10\":6174.5399489792,\"11\":4391.1051701037,\"12\":6157.8714242732,\"13\":1443.3871231829,\"14\":2220.1426607853,\"15\":2520.5987917586,\"16\":5419.7957584277,\"17\":4674.314461183,\"18\":4646.8207914971,\"19\":4727.0689888921,\"20\":985.0686202597,\"21\":1399.4345885027,\"22\":1554.8618182673,\"23\":1042.6349729702,\"24\":4463.0070455857,\"25\":4130.6380734972,\"26\":4957.4600510208,\"27\":3715.8948298963,\"28\":6330.1285757268,\"29\":4466.6128768171,\"30\":4747.8573392147,\"31\":5681.4012082414},\"ret\":{\"0\":-0.0034003682,\"1\":0.0032299674,\"2\":0.0009640946,\"3\":-0.0003772704,\"4\":0.0001358727,\"5\":-0.0003110254,\"6\":-0.0001278601,\"7\":0.0003099121,\"8\":-0.0014108041,\"9\":0.0004131616,\"10\":0.0022943332,\"11\":-0.0012100867,\"12\":0.005035767,\"13\":-0.0026050382,\"14\":-0.0027772508,\"15\":0.0013476453,\"16\":0.0036608604,\"17\":-0.0028365082,\"18\":-0.0009317043,\"19\":0.0003826732,\"20\":-0.0001344064,\"21\":0.0003186972,\"22\":0.0001288598,\"23\":-0.0003011467,\"24\":0.0014500043,\"25\":-0.0004076224,\"26\":-0.0021786051,\"27\":0.0012574724,\"28\":-0.0045695037,\"29\":0.0031812263,\"30\":0.0031803207,\"31\":-0.0012868731}}"}, "('pos0', 'pos1')": {"formula": "count ~ mut * base1 * base2 - mut : base1 : base2", "prob": 9.32254513303025e-207, "deviance": 987.3250501785069, "rel_entropy": 0.003921504576277373, "df": 9,