{"pos2": {"stats": "{\"mut\":{\"0\":\"M\",\"1\":\"M\",\"2\":\"M\",\"3\":\"M\",\"4\":\"R\",\"5\":\"R\",\"6\":\"R\",\"7\":\"R\"},\"base\":{\"0\":\"A\",\"1\":\"C\",\"2\":\"G\",\"3\":\"T\",\"4\":\"A\",\"5\":\"C\",\"6\":\"G\",\"7\":\"T\"},\"count\":{\"0\":1261,\"1\":1746,\"2\":1541,\"3\":1882,\"4\":2021,\"5\":1834,\"6\":556,\"7\":2019},\"fitted\":{\"0\":1640.9999999979,\"1\":1789.9999999977,\"2\":1048.5000002993,\"3\":1950.4999999975,\"4\":1641.0000000023,\"5\":1790.0000000025,\"6\":1048.5000003021,\"7\":1950.5000000027},\"ret\":{\"0\":-0.0258280212,\"1\":-0.0033790616,\"2\":0.0461426429,\"3\":-0.0052319467,\"4\":0.0327330693,\"5\":0.003463173,\"6\":-0.027425913,\"7\":0.0054190508}}", "deviance": 665.9677987752501, "df": 3, "rel_entropy": 0.025892993731541608, "formula": "count ~ mut * base - mut : base", "prob": 5.0262868818675647e-144}, "pos3": {"stats": "{\"mut\":{\"0\":\"M\",\"1\":\"M\",\"2\":\"M\",\"3\":\"M\",\"4\":\"R\",\"5\":\"R\",\"6\":\"R\",\"7\":\"R\"},\"base\":{\"0\":\"A\",\"1\":\"C\",\"2\":\"G\",\"3\":\"T\",\"4\":\"A\",\"5\":\"C\",\"6\":\"G\",\"7\":\"T\"},\"count\":{\"0\":1663,\"1\":1565,\"2\":1607,\"3\":1595,\"4\":1427,\"5\":1611,\"6\":1630,\"7\":1762},\"fitted\":{\"0\":1545.000000014,\"1\":1587.9999999999,\"2\":1618.4999999999,\"3\":1678.5000000004,\"4\":1545.0000000142,\"5\":1588.0000000001,\"6\":1618.5000000001,\"7\":1678.5000000006},\"ret\":{\"0\":0.0095175442,\"1\":-0.0017754765,\"2\":-0.0008910612,\"3\":-0.0063287518,\"4\":-0.0088160606,\"5\":0.0018013813,\"6\":0.0008974152,\"7\":0.0066518912}}", "deviance": 27.182999644684067, "df": 3, "rel_entropy": 0.0010568817902287739, "formula": "count ~ mut * base - mut : base", "prob": 5.3895354036865909e-06}, "pos0": {"stats": "{\"mut\":{\"0\":\"M\",\"1\":\"M\",\"2\":\"M\",\"3\":\"M\",\"4\":\"R\",\"5\":\"R\",\"6\":\"R\",\"7\":\"R\"},\"base\":{\"0\":\"A\",\"1\":\"C\",\"2\":\"G\",\"3\":\"T\",\"4\":\"A\",\"5\":\"C\",\"6\":\"G\",\"7\":\"T\"},\"count\":{\"0\":1606,\"1\":1859,\"2\":1514,\"3\":1451,\"4\":1502,\"5\":1597,\"6\":1553,\"7\":1778},\"fitted\":{\"0\":1554.0,\"1\":1728.0,\"2\":1533.5,\"3\":1614.5,\"4\":1554.0,\"5\":1728.0,\"6\":1533.5,\"7\":1614.5},\"ret\":{\"0\":0.0041104563,\"1\":0.0105633466,\"2\":-0.0015066477,\"3\":-0.0120471743,\"4\":-0.0039751258,\"5\":-0.0097903552,\"6\":0.0015259299,\"7\":0.0133369115}}", "deviance": 57.03001860379249, "df": 3, "rel_entropy": 0.0022173413142998638, "formula": "count ~ mut * base - mut : base", "prob": 2.5322404347382148e-12}, "pos1": {"stats": "{\"mut\":{\"0\":\"M\",\"1\":\"M\",\"2\":\"M\",\"3\":\"M\",\"4\":\"R\",\"5\":\"R\",\"6\":\"R\",\"7\":\"R\"},\"base\":{\"0\":\"A\",\"1\":\"C\",\"2\":\"G\",\"3\":\"T\",\"4\":\"A\",\"5\":\"C\",\"6\":\"G\",\"7\":\"T\"},\"count\":{\"0\":1273,\"1\":1900,\"2\":1046,\"3\":2211,\"4\":1415,\"5\":1790,\"6\":1517,\"7\":1708},\"fitted\":{\"0\":1344.0,\"1\":1845.0,\"2\":1281.5,\"3\":1959.5,\"4\":1344.0,\"5\":1845.0,\"6\":1281.5,\"7\":1959.5},\"ret\":{\"0\":-0.0053725275,\"1\":0.00433995,\"2\":-0.0165162181,\"3\":0.0207613181,\"4\":0.005664323,\"5\":-0.0042124376,\"6\":0.0199007083,\"7\":-0.018244288}}", "deviance": 162.5717013093792, "df": 3, "rel_entropy": 0.006320828200209144, "formula": "count ~ mut * base - mut : base", "prob": 5.1063822443650525e-35}}