{"pos2": {"stats": "{\"mut\":{\"0\":\"M\",\"1\":\"M\",\"2\":\"M\",\"3\":\"M\",\"4\":\"R\",\"5\":\"R\",\"6\":\"R\",\"7\":\"R\"},\"base\":{\"0\":\"A\",\"1\":\"C\",\"2\":\"G\",\"3\":\"T\",\"4\":\"A\",\"5\":\"C\",\"6\":\"G\",\"7\":\"T\"},\"count\":{\"0\":3185,\"1\":1547,\"2\":3391,\"3\":3120,\"4\":2593,\"5\":2246,\"6\":2731,\"7\":3673},\"fitted\":{\"0\":2889.0,\"1\":1896.5,\"2\":3061.0,\"3\":3396.5,\"4\":2889.0,\"5\":1896.5,\"6\":3061.0,\"7\":3396.5},\"ret\":{\"0\":0.01381619,\"1\":-0.0140137114,\"2\":0.0154398934,\"3\":-0.0117818626,\"4\":-0.0124650945,\"5\":0.0168945201,\"6\":-0.0138546471,\"7\":0.0127839997}}", "deviance": 306.6770004422923, "df": 3, "rel_entropy": 0.006819287566536785, "formula": "count ~ mut * base - mut : base", "prob": 3.5696482505310964e-66}, "pos3": {"stats": "{\"mut\":{\"0\":\"M\",\"1\":\"M\",\"2\":\"M\",\"3\":\"M\",\"4\":\"R\",\"5\":\"R\",\"6\":\"R\",\"7\":\"R\"},\"base\":{\"0\":\"A\",\"1\":\"C\",\"2\":\"G\",\"3\":\"T\",\"4\":\"A\",\"5\":\"C\",\"6\":\"G\",\"7\":\"T\"},\"count\":{\"0\":2327,\"1\":2172,\"2\":3155,\"3\":3589,\"4\":3126,\"5\":2355,\"6\":1987,\"7\":3775},\"fitted\":{\"0\":2726.5,\"1\":2263.5,\"2\":2571.0,\"3\":3682.0,\"4\":2726.5,\"5\":2263.5,\"6\":2571.0,\"7\":3682.0},\"ret\":{\"0\":-0.0163963002,\"1\":-0.0039858205,\"2\":0.0287204574,\"3\":-0.004083229,\"4\":0.0190089461,\"5\":0.0041503591,\"6\":-0.0227692001,\"7\":0.0041877049}}", "deviance": 397.23397872240366, "df": 3, "rel_entropy": 0.008832917787120956, "formula": "count ~ mut * base - mut : base", "prob": 8.7960960384664239e-86}, "pos0": {"stats": "{\"mut\":{\"0\":\"M\",\"1\":\"M\",\"2\":\"M\",\"3\":\"M\",\"4\":\"R\",\"5\":\"R\",\"6\":\"R\",\"7\":\"R\"},\"base\":{\"0\":\"A\",\"1\":\"C\",\"2\":\"G\",\"3\":\"T\",\"4\":\"A\",\"5\":\"C\",\"6\":\"G\",\"7\":\"T\"},\"count\":{\"0\":2959,\"1\":2452,\"2\":1795,\"3\":4037,\"4\":3197,\"5\":2186,\"6\":2034,\"7\":3826},\"fitted\":{\"0\":3078.0000000001,\"1\":2319.0000000021,\"2\":1914.5000000035,\"3\":3931.5,\"4\":3078.0000000001,\"5\":2319.0000000021,\"6\":1914.5000000034,\"7\":3931.5},\"ret\":{\"0\":-0.0051885356,\"1\":0.0060812522,\"2\":-0.0051449964,\"3\":0.0047542038,\"4\":0.0053931901,\"5\":-0.0057418391,\"6\":0.0054769295,\"7\":-0.0046282862}}", "deviance": 45.05827547641957, "df": 3, "rel_entropy": 0.0010019184264969218, "formula": "count ~ mut * base - mut : base", "prob": 8.992563764370423e-10}, "pos1": {"stats": "{\"mut\":{\"0\":\"M\",\"1\":\"M\",\"2\":\"M\",\"3\":\"M\",\"4\":\"R\",\"5\":\"R\",\"6\":\"R\",\"7\":\"R\"},\"base\":{\"0\":\"A\",\"1\":\"C\",\"2\":\"G\",\"3\":\"T\",\"4\":\"A\",\"5\":\"C\",\"6\":\"G\",\"7\":\"T\"},\"count\":{\"0\":4852,\"1\":2061,\"2\":1975,\"3\":2355,\"4\":3034,\"5\":2604,\"6\":1946,\"7\":3659},\"fitted\":{\"0\":3943.0,\"1\":2332.5,\"2\":1960.5,\"3\":3007.0,\"4\":3943.0,\"5\":2332.5,\"6\":1960.5,\"7\":3007.0},\"ret\":{\"0\":0.0447631063,\"1\":-0.0113424982,\"2\":0.0006472245,\"3\":-0.025596688,\"4\":-0.035359333,\"5\":0.0127511081,\"6\":-0.0006424551,\"7\":0.0319339904}}", "deviance": 771.4701500431551, "df": 3, "rel_entropy": 0.017154454995178224, "formula": "count ~ mut * base - mut : base", "prob": 6.6611148232186888e-167}}