{"('pos0', 'pos3')": {"df": 9, "formula": "count ~ mut * base1 * base2 - mut : base1 : base2", "stats": "{\"mut\":{\"0\":\"M\",\"1\":\"M\",\"2\":\"M\",\"3\":\"M\",\"4\":\"M\",\"5\":\"M\",\"6\":\"M\",\"7\":\"M\",\"8\":\"M\",\"9\":\"M\",\"10\":\"M\",\"11\":\"M\",\"12\":\"M\",\"13\":\"M\",\"14\":\"M\",\"15\":\"M\",\"16\":\"R\",\"17\":\"R\",\"18\":\"R\",\"19\":\"R\",\"20\":\"R\",\"21\":\"R\",\"22\":\"R\",\"23\":\"R\",\"24\":\"R\",\"25\":\"R\",\"26\":\"R\",\"27\":\"R\",\"28\":\"R\",\"29\":\"R\",\"30\":\"R\",\"31\":\"R\"},\"base1\":{\"0\":\"A\",\"1\":\"A\",\"2\":\"A\",\"3\":\"A\",\"4\":\"C\",\"5\":\"C\",\"6\":\"C\",\"7\":\"C\",\"8\":\"G\",\"9\":\"G\",\"10\":\"G\",\"11\":\"G\",\"12\":\"T\",\"13\":\"T\",\"14\":\"T\",\"15\":\"T\",\"16\":\"A\",\"17\":\"A\",\"18\":\"A\",\"19\":\"A\",\"20\":\"C\",\"21\":\"C\",\"22\":\"C\",\"23\":\"C\",\"24\":\"G\",\"25\":\"G\",\"26\":\"G\",\"27\":\"G\",\"28\":\"T\",\"29\":\"T\",\"30\":\"T\",\"31\":\"T\"},\"base2\":{\"0\":\"A\",\"1\":\"C\",\"2\":\"G\",\"3\":\"T\",\"4\":\"A\",\"5\":\"C\",\"6\":\"G\",\"7\":\"T\",\"8\":\"A\",\"9\":\"C\",\"10\":\"G\",\"11\":\"T\",\"12\":\"A\",\"13\":\"C\",\"14\":\"G\",\"15\":\"T\",\"16\":\"A\",\"17\":\"C\",\"18\":\"G\",\"19\":\"T\",\"20\":\"A\",\"21\":\"C\",\"22\":\"G\",\"23\":\"T\",\"24\":\"A\",\"25\":\"C\",\"26\":\"G\",\"27\":\"T\",\"28\":\"A\",\"29\":\"C\",\"30\":\"G\",\"31\":\"T\"},\"count\":{\"0\":662,\"1\":523,\"2\":865,\"3\":909,\"4\":437,\"5\":536,\"6\":720,\"7\":759,\"8\":387,\"9\":342,\"10\":585,\"11\":481,\"12\":841,\"13\":771,\"14\":985,\"15\":1440,\"16\":942,\"17\":634,\"18\":566,\"19\":1055,\"20\":603,\"21\":509,\"22\":400,\"23\":674,\"24\":582,\"25\":443,\"26\":403,\"27\":606,\"28\":999,\"29\":769,\"30\":618,\"31\":1440},\"fitted\":{\"0\":656.2437992007,\"1\":532.0730477695,\"2\":853.7162906805,\"3\":916.9668623493,\"4\":472.2654568731,\"5\":528.4035372874,\"6\":716.6330667304,\"7\":734.6979391114,\"8\":381.6805458356,\"9\":348.6698022245,\"10\":574.2601495063,\"11\":490.3895024336,\"12\":816.8101980929,\"13\":762.8536127186,\"14\":1010.3904930828,\"15\":1446.9456961057,\"16\":947.7562007993,\"17\":624.9269522305,\"18\":577.2837093195,\"19\":1047.0331376507,\"20\":567.734543131,\"21\":516.5964627126,\"22\":403.3669332696,\"23\":698.3020608886,\"24\":587.3194541644,\"25\":436.3301977755,\"26\":413.7398504937,\"27\":596.6104975664,\"28\":1023.1898019071,\"29\":777.1463872814,\"30\":592.6095069172,\"31\":1433.0543038943},\"ret\":{\"0\":0.0002571099,\"1\":-0.0004000376,\"2\":0.0005051122,\"3\":-0.0003527596,\"4\":-0.0015082591,\"5\":0.0003402476,\"6\":0.0001500858,\"7\":0.0010984447,\"8\":0.0002382083,\"9\":-0.0002937649,\"10\":0.0004820626,\"11\":-0.0004135477,\"12\":0.0010915462,\"13\":0.0003642146,\"14\":-0.0011148609,\"15\":-0.0003081472,\"16\":-0.0002552115,\"17\":0.0004064127,\"18\":-0.0004968739,\"19\":0.0003556478,\"20\":0.0016160604,\"21\":-0.0003353346,\"22\":-0.000149108,\"23\":-0.0010617358,\"24\":-0.0002354928,\"25\":0.0002988758,\"26\":-0.0004713705,\"27\":0.0004208398,\"28\":-0.0010629538,\"29\":-0.0003603816,\"30\":0.0011530205,\"31\":0.0003096372}}", "prob": 0.21115349949288684, "rel_entropy": 0.0002676864198659054, "deviance": 12.038393674209498}, "('pos0', 'pos1')": {"df": 9, "formula": "count ~ mut * base1 * base2 - mut : base1 : base2", "stats": "{\"mut\":{\"0\":\"M\",\"1\":\"M\",\"2\":\"M\",\"3\":\"M\",\"4\":\"M\",\"5\":\"M\",\"6\":\"M\",\"7\":\"M\",\"8\":\"M\",\"9\":\"M\",\"10\":\"M\",\"11\":\"M\",\"12\":\"M\",\"13\":\"M\",\"14\":\"M\",\"15\":\"M\",\"16\":\"R\",\"17\":\"R\",\"18\":\"R\",\"19\":\"R\",\"20\":\"R\",\"21\":\"R\",\"22\":\"R\",\"23\":\"R\",\"24\":\"R\",\"25\":\"R\",\"26\":\"R\",\"27\":\"R\",\"28\":\"R\",\"29\":\"R\",\"30\":\"R\",\"31\":\"R\"},\"base1\":{\"0\":\"A\",\"1\":\"A\",\"2\":\"A\",\"3\":\"A\",\"4\":\"C\",\"5\":\"C\",\"6\":\"C\",\"7\":\"C\",\"8\":\"G\",\"9\":\"G\",\"10\":\"G\",\"11\":\"G\",\"12\":\"T\",\"13\":\"T\",\"14\":\"T\",\"15\":\"T\",\"16\":\"A\",\"17\":\"A\",\"18\":\"A\",\"19\":\"A\",\"20\":\"C\",\"21\":\"C\",\"22\":\"C\",\"23\":\"C\",\"24\":\"G\",\"25\":\"G\",\"26\":\"G\",\"27\":\"G\",\"28\":\"T\",\"29\":\"T\",\"30\":\"T\",\"31\":\"T\"},\"base2\":{\"0\":\"A\",\"1\":\"C\",\"2\":\"G\",\"3\":\"T\",\"4\":\"A\",\"5\":\"C\",\"6\":\"G\",\"7\":\"T\",\"8\":\"A\",\"9\":\"C\",\"10\":\"G\",\"11\":\"T\",\"12\":\"A\",\"13\":\"C\",\"14\":\"G\",\"15\":\"T\",\"16\":\"A\",\"17\":\"C\",\"18\":\"G\",\"19\":\"T\",\"20\":\"A\",\"21\":\"C\",\"22\":\"G\",\"23\":\"T\",\"24\":\"A\",\"25\":\"C\",\"26\":\"G\",\"27\":\"T\",\"28\":\"A\",\"29\":\"C\",\"30\":\"G\",\"31\":\"T\"},\"count\":{\"0\":1247,\"1\":530,\"2\":658,\"3\":524,\"4\":1332,\"5\":480,\"6\":112,\"7\":528,\"8\":717,\"9\":370,\"10\":420,\"11\":288,\"12\":1556,\"13\":681,\"14\":785,\"15\":1015,\"16\":1015,\"17\":627,\"18\":648,\"19\":907,\"20\":695,\"21\":632,\"22\":107,\"23\":752,\"24\":503,\"25\":508,\"26\":454,\"27\":569,\"28\":821,\"29\":837,\"30\":737,\"31\":1431},\"fitted\":{\"0\":1331.9707141731,\"1\":479.2592534961,\"2\":629.5819763673,\"3\":518.1880559882,\"4\":1292.3855409306,\"5\":516.9158569407,\"6\":116.8225575555,\"7\":525.8760445762,\"8\":712.3906588036,\"9\":359.3764931819,\"10\":416.9035145407,\"11\":306.3293334743,\"12\":1515.253086101,\"13\":705.4483964013,\"14\":811.6919515365,\"15\":1004.6065659615,\"16\":930.0292858475,\"17\":677.740746538,\"18\":676.4180236329,\"19\":912.8119440118,\"20\":734.61445907,\"21\":595.0841430634,\"22\":102.1774424445,\"23\":754.1239554238,\"24\":507.6093411966,\"25\":518.6235068185,\"26\":457.0964854593,\"27\":550.6706665258,\"28\":861.7469138998,\"29\":812.551603599,\"30\":710.3080484635,\"31\":1441.3934340386},\"ret\":{\"0\":-0.0036556476,\"1\":0.0023719967,\"2\":0.0012919128,\"3\":0.0002599135,\"4\":0.0017884677,\"5\":-0.0015816562,\"6\":-0.0002099804,\"7\":0.0000946473,\"8\":0.0002056489,\"9\":0.000479365,\"10\":0.0001382174,\"11\":-0.0007902555,\"12\":0.0018362507,\"13\":-0.0010682099,\"14\":-0.0011673124,\"15\":0.0004646008,\"16\":0.0039464215,\"17\":-0.0021698866,\"18\":-0.0012368819,\"19\":-0.0002576448,\"20\":-0.0017133598,\"21\":0.0016916268,\"22\":0.0002194528,\"23\":-0.0000943237,\"24\":-0.0002040536,\"25\":-0.0004675776,\"26\":-0.0001372398,\"27\":0.0008285624,\"28\":-0.001768568,\"29\":0.0011034674,\"30\":0.0012090768,\"31\":-0.0004605475}}", "prob": 2.5899930703004153e-06, "rel_entropy": 0.0009464830243610384, "deviance": 42.565234571564616}, "('pos1', 'pos2')": {"df": 9, "formula": "count ~ mut * base1 * base2 - mut : base1 : base2",