{"pos0": {"formula": "count ~ strand * mut * base - strand : mut : base", "stats": "{\"strand\":{\"8\":\"+\",\"9\":\"+\",\"10\":\"+\",\"11\":\"+\",\"12\":\"+\",\"13\":\"+\",\"14\":\"+\",\"15\":\"+\",\"0\":\"-\",\"1\":\"-\",\"2\":\"-\",\"3\":\"-\",\"4\":\"-\",\"5\":\"-\",\"6\":\"-\",\"7\":\"-\"},\"mut\":{\"8\":\"M\",\"9\":\"M\",\"10\":\"M\",\"11\":\"M\",\"12\":\"R\",\"13\":\"R\",\"14\":\"R\",\"15\":\"R\",\"0\":\"M\",\"1\":\"M\",\"2\":\"M\",\"3\":\"M\",\"4\":\"R\",\"5\":\"R\",\"6\":\"R\",\"7\":\"R\"},\"base\":{\"8\":\"A\",\"9\":\"C\",\"10\":\"G\",\"11\":\"T\",\"12\":\"A\",\"13\":\"C\",\"14\":\"G\",\"15\":\"T\",\"0\":\"A\",\"1\":\"C\",\"2\":\"G\",\"3\":\"T\",\"4\":\"A\",\"5\":\"C\",\"6\":\"G\",\"7\":\"T\"},\"count\":{\"8\":46,\"9\":52,\"10\":55,\"11\":58,\"12\":63,\"13\":48,\"14\":43,\"15\":57,\"0\":54,\"1\":41,\"2\":57,\"3\":42,\"4\":65,\"5\":33,\"6\":47,\"7\":49},\"fitted\":{\"8\":47.689541301,\"9\":53.3595369447,\"10\":54.2321008335,\"11\":55.7188209208,\"12\":61.310458699,\"13\":46.6404630553,\"14\":43.7678991665,\"15\":59.2811790792,\"0\":52.310458699,\"1\":39.6404630553,\"2\":57.7678991665,\"3\":44.2811790792,\"4\":66.689541301,\"5\":34.3595369447,\"6\":46.2321008335,\"7\":46.7188209208},\"ret\":{\"8\":-0.0020484605,\"9\":-0.0016568744,\"10\":0.000954704,\"11\":0.0028731498,\"12\":0.0021143331,\"13\":0.0017026691,\"14\":-0.0009396582,\"15\":-0.0027613758,\"0\":0.0021191814,\"1\":0.0017068996,\"2\":-0.0009416946,\"3\":-0.0027424505,\"4\":-0.0020592055,\"5\":-0.0016447876,\"6\":0.0009558536,\"7\":0.0028839341}}", "rel_entropy": 0.0005162176730207335, "prob": 0.8407728576609917, "df": 3, "deviance": 0.8362726302935881}, "pos1": {"formula": "count ~ strand * mut * base - strand : mut : base", "stats": "{\"strand\":{\"8\":\"+\",\"9\":\"+\",\"10\":\"+\",\"11\":\"+\",\"12\":\"+\",\"13\":\"+\",\"14\":\"+\",\"15\":\"+\",\"0\":\"-\",\"1\":\"-\",\"2\":\"-\",\"3\":\"-\",\"4\":\"-\",\"5\":\"-\",\"6\":\"-\",\"7\":\"-\"},\"mut\":{\"8\":\"M\",\"9\":\"M\",\"10\":\"M\",\"11\":\"M\",\"12\":\"R\",\"13\":\"R\",\"14\":\"R\",\"15\":\"R\",\"0\":\"M\",\"1\":\"M\",\"2\":\"M\",\"3\":\"M\",\"4\":\"R\",\"5\":\"R\",\"6\":\"R\",\"7\":\"R\"},\"base\":{\"8\":\"A\",\"9\":\"C\",\"10\":\"G\",\"11\":\"T\",\"12\":\"A\",\"13\":\"C\",\"14\":\"G\",\"15\":\"T\",\"0\":\"A\",\"1\":\"C\",\"2\":\"G\",\"3\":\"T\",\"4\":\"A\",\"5\":\"C\",\"6\":\"G\",\"7\":\"T\"},\"count\":{\"8\":48,\"9\":87,\"10\":52,\"11\":24,\"12\":61,\"13\":58,\"14\":52,\"15\":40,\"0\":49,\"1\":68,\"2\":50,\"3\":27,\"4\":67,\"5\":52,\"6\":46,\"7\":29},\"fitted\":{\"8\":46.7008521879,\"9\":84.4756224998,\"10\":52.7772613667,\"11\":27.0462639456,\"12\":62.2991478121,\"13\":60.5243775002,\"14\":51.2227386333,\"15\":36.9537360544,\"0\":50.2991478121,\"1\":70.5243775002,\"2\":49.2227386333,\"3\":23.9537360544,\"4\":65.7008521879,\"5\":49.4756224998,\"6\":46.7772613667,\"7\":32.0462639456},\"ret\":{\"8\":0.001625991,\"9\":0.0031626237,\"10\":-0.000952481,\"11\":-0.003540594,\"12\":-0.0015870455,\"13\":-0.0030506,\"14\":0.0009668258,\"15\":0.0039117383,\"0\":-0.0015829926,\"1\":-0.0030600609,\"2\":0.0009671186,\"3\":0.0039904187,\"4\":0.0016196401,\"5\":0.0031947031,\"6\":-0.0009515651,\"7\":-0.0035761216}}", "rel_entropy": 0.0011375985208546846, "prob": 0.6056421364850744, "df": 3, "deviance": 1.8429096037845891}, "pos3": {"formula": "count ~ strand * mut * base - strand : mut : base", "stats": "{\"strand\":{\"8\":\"+\",\"9\":\"+\",\"10\":\"+\",\"11\":\"+\",\"12\":\"+\",\"13\":\"+\",\"14\":\"+\",\"15\":\"+\",\"0\":\"-\",\"1\":\"-\",\"2\":\"-\",\"3\":\"-\",\"4\":\"-\",\"5\":\"-\",\"6\":\"-\",\"7\":\"-\"},\"mut\":{\"8\":\"M\",\"9\":\"M\",\"10\":\"M\",\"11\":\"M\",\"12\":\"R\",\"13\":\"R\",\"14\":\"R\",\"15\":\"R\",\"0\":\"M\",\"1\":\"M\",\"2\":\"M\",\"3\":\"M\",\"4\":\"R\",\"5\":\"R\",\"6\":\"R\",\"7\":\"R\"},\"base\":{\"8\":\"A\",\"9\":\"C\",\"10\":\"G\",\"11\":\"T\",\"12\":\"A\",\"13\":\"C\",\"14\":\"G\",\"15\":\"T\",\"0\":\"A\",\"1\":\"C\",\"2\":\"G\",\"3\":\"T\",\"4\":\"A\",\"5\":\"C\",\"6\":\"G\",\"7\":\"T\"},\"count\":{\"8\":51,\"9\":44,\"10\":56,\"11\":60,\"12\":59,\"13\":38,\"14\":66,\"15\":48,\"0\":43,\"1\":50,\"2\":44,\"3\":57,\"4\":53,\"5\":43,\"6\":49,\"7\":49},\"fitted\":{\"8\":50.4409982175,\"9\":44.2559852018,\"10\":56.9989798136,\"11\":59.3040367672,\"12\":59.5590017825,\"13\":37.7440147982,\"14\":65.0010201864,\"15\":48.6959632328,\"0\":43.5590017825,\"1\":49.7440147982,\"2\":43.0010201864,\"3\":57.6959632328,\"4\":52.4409982175,\"5\":43.2559852018,\"6\":49.9989798136,\"7\":48.3040367672},\"ret\":{\"8\":0.0006939357,\"9\":-0.0003151154,\"10\":-0.0012224371,\"11\":0.0008642359,\"12\":-0.0006868768,\"13\":0.0003171004,\"14\":0.0012427374,\"15\":-0.0008530445,\"0\":-0.0006856783,\"1\":0.0003168429,\"2\":0.0012475246,\"3\":-0.0008540107,\"4\":0.0006937909,\"5\":-0.0003150941,\"6\":-0.0012209048,\"7\":0.0008653741}}", "rel_entropy": 8.838018141790159e-05, "prob": 0.9861946958104091, "df": 3, "deviance": 0.14317589389700058}, "pos2": {"formula": "count ~ strand * mut * base - strand : mut : base", "stats": "{\"strand\":{\"8\":\"+\",\"9\":\"+\",\"10\":\"+\",\"11\":\"+\",\"12\":\"+\",\"13\":\"+\",\"14\":\"+\",\"15\":\"+\",\"0\":\"-\",\"1\":\"-\",\"2\":\"-\",\"3\":\"-\",\"4\":\"-\",\"5\":\"-\",\"6\":\"-\",\"7\":\"-\"},\"mut\":{\"8\":\"M\",\"9\":\"M\",\"10\":\"M\",\"11\":\"M\",\"12\":\"R\",\"13\":\"R\",\"14\":\"R\",\"15\":\"R\",\"0\":\"M\",\"1\":\"M\",\"2\":\"M\",\"3\":\"M\",\"4\":\"R\",\"5\":\"R\",\"6\":\"R\",\"7\":\"R\"},\"base\":{\"8\":\"A\",\"9\":\"C\",\"10\":\"G\",\"11\":\"T\",\"12\":\"A\",\"13\":\"C\",\"14\":\"G\",\"15\":\"T\",\"0\":\"A\",\"1\":\"C\",\"2\":\"G\",\"3\":\"T\",\"4\":\"A\",\"5\":\"C\",\"6\":\"G\",\"7\":\"T\"},\"count\":{\"8\":56,\"9\":38,\"10\":62,\"11\":55,\"12\":63,\"13\":39,\"14\":57,\"15\":52,\"0\":56,\"1\":40,\"2\":62,\"3\":36,\"4\":64,\"5\":31,\"6\":51,\"7\":48},\"fitted\":{\"8\":55.7866322098,\"9\":40.5940413977,\"10\":63.6237468627,\"11\":50.9955795306,\"12\":63.2133677902,\"13\":36.4059586026,\"14\":55.3762531373,\"15\":56.0044204703,\"0\":56.2133677902,\"1\":37.4059586026,\"2\":60.3762531373,\"3\":40.0044204732,\"4\":63.7866322098,\"5\":33.5940413979,\"6\":52.6237468627,\"7\":43.9955795317},\"ret\":{\"8\":0.0002639201,\"9\":-0.0030979445,\"10\":-0.0019788252,\"11\":0.0051329417,\"12\":-0.000262972,\"13\":0.0033139979,\"14\":0.0020337325,\"15\":-0.0047626162,\"0\":-0.0002629165,\"1\":0.0033110835,\"2\":0.0020313433,\"3\":-0.004687601,\"4\":0.0002638571,\"5\":-0.0030755639,\"6\":-0.0019733755,\"7\":0.0051621835}}", "rel_entropy": 0.0014112450824144919, "prob": 0.5151664987326268, "df": 3, "deviance": 2.286217033511477}}