{"pos1": {"deviance": 1.774670425724192, "prob": 0.6204623854681193, "stats": "{\"strand\":{\"8\":\"+\",\"9\":\"+\",\"10\":\"+\",\"11\":\"+\",\"12\":\"+\",\"13\":\"+\",\"14\":\"+\",\"15\":\"+\",\"0\":\"-\",\"1\":\"-\",\"2\":\"-\",\"3\":\"-\",\"4\":\"-\",\"5\":\"-\",\"6\":\"-\",\"7\":\"-\"},\"mut\":{\"8\":\"M\",\"9\":\"M\",\"10\":\"M\",\"11\":\"M\",\"12\":\"R\",\"13\":\"R\",\"14\":\"R\",\"15\":\"R\",\"0\":\"M\",\"1\":\"M\",\"2\":\"M\",\"3\":\"M\",\"4\":\"R\",\"5\":\"R\",\"6\":\"R\",\"7\":\"R\"},\"base\":{\"8\":\"A\",\"9\":\"C\",\"10\":\"G\",\"11\":\"T\",\"12\":\"A\",\"13\":\"C\",\"14\":\"G\",\"15\":\"T\",\"0\":\"A\",\"1\":\"C\",\"2\":\"G\",\"3\":\"T\",\"4\":\"A\",\"5\":\"C\",\"6\":\"G\",\"7\":\"T\"},\"count\":{\"8\":925,\"9\":640,\"10\":751,\"11\":844,\"12\":816,\"13\":756,\"14\":647,\"15\":941,\"0\":963,\"1\":736,\"2\":706,\"3\":899,\"4\":893,\"5\":801,\"6\":612,\"7\":998},\"fitted\":{\"8\":912.7904603662,\"9\":654.0886296535,\"10\":749.1832785384,\"11\":843.9376314419,\"12\":828.2095396338,\"13\":741.9113703465,\"14\":648.8167214616,\"15\":941.0623685581,\"0\":975.2095396338,\"1\":721.9113703465,\"2\":707.8167214616,\"3\":899.0623685581,\"4\":880.7904603662,\"5\":815.0886296535,\"6\":610.1832785384,\"7\":997.9376314419},\"ret\":{\"8\":0.0009507144,\"9\":-0.0010779547,\"10\":0.0001406963,\"11\":0.0000048245,\"12\":-0.0009374302,\"13\":0.0011000588,\"14\":-0.0001403292,\"15\":-0.0000048241,\"0\":-0.0009384891,\"1\":0.0011003418,\"2\":-0.0001403456,\"3\":-0.0000048241,\"4\":0.0009509418,\"5\":-0.0010803034,\"6\":0.0001407351,\"7\":0.0000048245}}", "rel_entropy": 6.863669653945669e-05, "formula": "count ~ strand * mut * base - strand : mut : base", "df": 3}, "pos3": {"deviance": 5.466044372263063, "prob": 0.14068370458547824, "stats": "{\"strand\":{\"8\":\"+\",\"9\":\"+\",\"10\":\"+\",\"11\":\"+\",\"12\":\"+\",\"13\":\"+\",\"14\":\"+\",\"15\":\"+\",\"0\":\"-\",\"1\":\"-\",\"2\":\"-\",\"3\":\"-\",\"4\":\"-\",\"5\":\"-\",\"6\":\"-\",\"7\":\"-\"},\"mut\":{\"8\":\"M\",\"9\":\"M\",\"10\":\"M\",\"11\":\"M\",\"12\":\"R\",\"13\":\"R\",\"14\":\"R\",\"15\":\"R\",\"0\":\"M\",\"1\":\"M\",\"2\":\"M\",\"3\":\"M\",\"4\":\"R\",\"5\":\"R\",\"6\":\"R\",\"7\":\"R\"},\"base\":{\"8\":\"A\",\"9\":\"C\",\"10\":\"G\",\"11\":\"T\",\"12\":\"A\",\"13\":\"C\",\"14\":\"G\",\"15\":\"T\",\"0\":\"A\",\"1\":\"C\",\"2\":\"G\",\"3\":\"T\",\"4\":\"A\",\"5\":\"C\",\"6\":\"G\",\"7\":\"T\"},\"count\":{\"8\":1016,\"9\":717,\"10\":556,\"11\":871,\"12\":850,\"13\":726,\"14\":665,\"15\":919,\"0\":1060,\"1\":727,\"2\":547,\"3\":970,\"4\":828,\"5\":804,\"6\":724,\"7\":948},\"fitted\":{\"8\":1031.4220702643,\"9\":700.2403834364,\"10\":540.1068810601,\"11\":888.2306652392,\"12\":834.5779297357,\"13\":742.7596165636,\"14\":680.8931189399,\"15\":901.7693347608,\"0\":1044.5779297357,\"1\":743.7596165636,\"2\":562.8931189399,\"3\":952.7693347608,\"4\":843.4220702643,\"5\":787.2403834364,\"6\":708.1068810601,\"7\":965.2306652392},\"ret\":{\"8\":-0.0011839568,\"9\":0.0013117728,\"10\":0.001247269,\"11\":-0.0013198056,\"12\":0.0012038747,\"13\":-0.0012816442,\"14\":-0.0012148958,\"15\":0.0013454707,\"0\":0.0012016831,\"1\":-0.0012816642,\"2\":-0.0012118354,\"3\":0.0013447974,\"4\":-0.0011819466,\"5\":0.0013100837,\"6\":0.0012430504,\"7\":-0.0013208498}}", "rel_entropy": 0.00021140332504111475, "formula": "count ~ strand * mut * base - strand : mut : base", "df": 3}, "pos0": {"deviance": 1.490958608596821, "prob": 0.6843586455135542, "stats": "{\"strand\":{\"8\":\"+\",\"9\":\"+\",\"10\":\"+\",\"11\":\"+\",\"12\":\"+\",\"13\":\"+\",\"14\":\"+\",\"15\":\"+\",\"0\":\"-\",\"1\":\"-\",\"2\":\"-\",\"3\":\"-\",\"4\":\"-\",\"5\":\"-\",\"6\":\"-\",\"7\":\"-\"},\"mut\":{\"8\":\"M\",\"9\":\"M\",\"10\":\"M\",\"11\":\"M\",\"12\":\"R\",\"13\":\"R\",\"14\":\"R\",\"15\":\"R\",\"0\":\"M\",\"1\":\"M\",\"2\":\"M\",\"3\":\"M\",\"4\":\"R\",\"5\":\"R\",\"6\":\"R\",\"7\":\"R\"},\"base\":{\"8\":\"A\",\"9\":\"C\",\"10\":\"G\",\"11\":\"T\",\"12\":\"A\",\"13\":\"C\",\"14\":\"G\",\"15\":\"T\",\"0\":\"A\",\"1\":\"C\",\"2\":\"G\",\"3\":\"T\",\"4\":\"A\",\"5\":\"C\",\"6\":\"G\",\"7\":\"T\"},\"count\":{\"8\":1032,\"9\":661,\"10\":588,\"11\":879,\"12\":843,\"13\":724,\"14\":630,\"15\":963,\"0\":1077,\"1\":639,\"2\":633,\"3\":955,\"4\":896,\"5\":739,\"6\":685,\"7\":984},\"fitted\":{\"8\":1027.8833652833,\"9\":651.8195781602,\"10\":586.5853646392,\"11\":893.7116919173,\"12\":847.1166347167,\"13\":733.1804218398,\"14\":631.4146353608,\"15\":948.2883080827,\"0\":1081.1166347167,\"1\":648.1804218398,\"2\":634.4146353608,\"3\":940.2883080827,\"4\":891.8833652833,\"5\":729.8195781602,\"6\":683.5853646392,\"7\":998.7116919173},\"ret\":{\"8\":0.0003190646,\"9\":0.0007150967,\"10\":0.000109556,\"11\":-0.0011285531,\"12\":-0.0003176528,\"13\":-0.0007056548,\"14\":-0.0001093015,\"15\":0.0011467531,\"0\":-0.0003178208,\"1\":-0.0007050665,\"2\":-0.0001093021,\"3\":0.0011468275,\"4\":0.0003191616,\"5\":0.000714567,\"6\":0.0001095373,\"7\":-0.0011295482}}", "rel_entropy": 5.766393133496368e-05, "formula": "count ~ strand * mut * base - strand : mut : base", "df": 3}, "pos2": {"deviance": 0.9169942003623093, "prob": 0.8213249010174846, "stats": "{\"strand\":{\"8\":\"+\",\"9\":\"+\",\"10\":\"+\",\"11\":\"+\",\"12\":\"+\",\"13\":\"+\",\"14\":\"+\",\"15\":\"+\",\"0\":\"-\",\"1\":\"-\",\"2\":\"-\",\"3\":\"-\",\"4\":\"-\",\"5\":\"-\",\"6\":\"-\",\"7\":\"-\"},\"mut\":{\"8\":\"M\",\"9\":\"M\",\"10\":\"M\",\"11\":\"M\",\"12\":\"R\",\"13\":\"R\",\"14\":\"R\",\"15\":\"R\",\"0\":\"M\",\"1\":\"M\",\"2\":\"M\",\"3\":\"M\",\"4\":\"R\",\"5\":\"R\",\"6\":\"R\",\"7\":\"R\"},\"base\":{\"8\":\"A\",\"9\":\"C\",\"10\":\"G\",\"11\":\"T\",\"12\":\"A\",\"13\":\"C\",\"14\":\"G\",\"15\":\"T\",\"0\":\"A\",\"1\":\"C\",\"2\":\"G\",\"3\":\"T\",\"4\":\"A\",\"5\":\"C\",\"6\":\"G\",\"7\":\"T\"},\"count\":{\"8\":1035,\"9\":976,\"10\":258,\"11\":891,\"12\":1197,\"13\":801,\"14\":142,\"15\":1020,\"0\":1005,\"1\":988,\"2\":306,\"3\":1005,\"4\":1184,\"5\":848,\"6\":166,\"7\":1106},\"fitted\":{\"8\":1031.4832858827,\"9\":967.2385681668,\"10\":258.9969757896,\"11\":902.2811701609,\"12\":1200.5167141173,\"13\":809.7614318332,\"14\":141.0030242104,\"15\":1008.7188298391,\"0\":1008.5167141173,\"1\":996.7614318332,\"2\":305.0030242104,\"3\":993.7188298391,\"4\":1180.4832858827,\"5\":839.2385681668,\"6\":166.9969757896,\"7\":1117.2811701609},\"ret\":{\"8\":0.0002724862,\"9\":0.00068077,\"10\":-0.0000769689,\"11\":-0.0008671373,\"12\":-0.0002716242,\"13\":-0.0006740301,\"14\":0.0000773896,\"15\":0.0008774767,\"0\":-0.0002715482,\"1\":-0.0006747225,\"2\":0.0000772435,\"3\":0.0008775498,\"4\":0.0002724278,\"5\":0.0006812351,\"6\":-0.0000768869,\"7\":-0.000868195}}", "rel_entropy": 3.546543163529971e-05, "formula": "count ~ strand * mut * base - strand : mut : base", "df": 3}}