{"pos2": {"stats": "{\"strand\":{\"0\":\"+\",\"1\":\"+\",\"2\":\"+\",\"3\":\"+\",\"4\":\"+\",\"5\":\"+\",\"6\":\"+\",\"7\":\"+\",\"8\":\"-\",\"9\":\"-\",\"10\":\"-\",\"11\":\"-\",\"12\":\"-\",\"13\":\"-\",\"14\":\"-\",\"15\":\"-\"},\"mut\":{\"0\":\"M\",\"1\":\"M\",\"2\":\"M\",\"3\":\"M\",\"4\":\"R\",\"5\":\"R\",\"6\":\"R\",\"7\":\"R\",\"8\":\"M\",\"9\":\"M\",\"10\":\"M\",\"11\":\"M\",\"12\":\"R\",\"13\":\"R\",\"14\":\"R\",\"15\":\"R\"},\"base\":{\"0\":\"A\",\"1\":\"C\",\"2\":\"G\",\"3\":\"T\",\"4\":\"A\",\"5\":\"C\",\"6\":\"G\",\"7\":\"T\",\"8\":\"A\",\"9\":\"C\",\"10\":\"G\",\"11\":\"T\",\"12\":\"A\",\"13\":\"C\",\"14\":\"G\",\"15\":\"T\"},\"count\":{\"0\":1035,\"1\":976,\"2\":258,\"3\":891,\"4\":1197,\"5\":801,\"6\":142,\"7\":1020,\"8\":1005,\"9\":988,\"10\":306,\"11\":1005,\"12\":1184,\"13\":848,\"14\":166,\"15\":1106},\"fitted\":{\"0\":1031.4832858827,\"1\":967.2385681668,\"2\":258.9969757896,\"3\":902.2811701609,\"4\":1200.5167141173,\"5\":809.7614318332,\"6\":141.0030242104,\"7\":1008.7188298391,\"8\":1008.5167141173,\"9\":996.7614318332,\"10\":305.0030242104,\"11\":993.7188298391,\"12\":1180.4832858827,\"13\":839.2385681668,\"14\":166.9969757896,\"15\":1117.2811701609},\"ret\":{\"0\":0.0002724862,\"1\":0.00068077,\"2\":-0.0000769689,\"3\":-0.0008671373,\"4\":-0.0002716242,\"5\":-0.0006740301,\"6\":0.0000773896,\"7\":0.0008774767,\"8\":-0.0002715482,\"9\":-0.0006747225,\"10\":0.0000772435,\"11\":0.0008775498,\"12\":0.0002724278,\"13\":0.0006812351,\"14\":-0.0000768869,\"15\":-0.000868195}}", "deviance": 0.91699420036279, "df": 3, "rel_entropy": 3.54654316353183e-05, "formula": "count ~ strand * mut * base - strand : mut : base", "prob": 0.82132490101736844}, "pos3": {"stats": "{\"strand\":{\"0\":\"+\",\"1\":\"+\",\"2\":\"+\",\"3\":\"+\",\"4\":\"+\",\"5\":\"+\",\"6\":\"+\",\"7\":\"+\",\"8\":\"-\",\"9\":\"-\",\"10\":\"-\",\"11\":\"-\",\"12\":\"-\",\"13\":\"-\",\"14\":\"-\",\"15\":\"-\"},\"mut\":{\"0\":\"M\",\"1\":\"M\",\"2\":\"M\",\"3\":\"M\",\"4\":\"R\",\"5\":\"R\",\"6\":\"R\",\"7\":\"R\",\"8\":\"M\",\"9\":\"M\",\"10\":\"M\",\"11\":\"M\",\"12\":\"R\",\"13\":\"R\",\"14\":\"R\",\"15\":\"R\"},\"base\":{\"0\":\"A\",\"1\":\"C\",\"2\":\"G\",\"3\":\"T\",\"4\":\"A\",\"5\":\"C\",\"6\":\"G\",\"7\":\"T\",\"8\":\"A\",\"9\":\"C\",\"10\":\"G\",\"11\":\"T\",\"12\":\"A\",\"13\":\"C\",\"14\":\"G\",\"15\":\"T\"},\"count\":{\"0\":1016,\"1\":717,\"2\":556,\"3\":871,\"4\":850,\"5\":726,\"6\":665,\"7\":919,\"8\":1060,\"9\":727,\"10\":547,\"11\":970,\"12\":828,\"13\":804,\"14\":724,\"15\":948},\"fitted\":{\"0\":1031.4220702643,\"1\":700.2403834364,\"2\":540.1068810601,\"3\":888.2306652392,\"4\":834.5779297357,\"5\":742.7596165636,\"6\":680.8931189399,\"7\":901.7693347608,\"8\":1044.5779297357,\"9\":743.7596165636,\"10\":562.8931189399,\"11\":952.7693347608,\"12\":843.4220702643,\"13\":787.2403834364,\"14\":708.1068810601,\"15\":965.2306652392},\"ret\":{\"0\":-0.0011839568,\"1\":0.0013117728,\"2\":0.001247269,\"3\":-0.0013198056,\"4\":0.0012038747,\"5\":-0.0012816442,\"6\":-0.0012148958,\"7\":0.0013454707,\"8\":0.0012016831,\"9\":-0.0012816642,\"10\":-0.0012118354,\"11\":0.0013447974,\"12\":-0.0011819466,\"13\":0.0013100837,\"14\":0.0012430504,\"15\":-0.0013208498}}", "deviance": 5.4660443722629175, "df": 3, "rel_entropy": 0.00021140332504110914, "formula": "count ~ strand * mut * base - strand : mut : base", "prob": 0.14068370458548662}, "pos0": {"stats": "{\"strand\":{\"0\":\"+\",\"1\":\"+\",\"2\":\"+\",\"3\":\"+\",\"4\":\"+\",\"5\":\"+\",\"6\":\"+\",\"7\":\"+\",\"8\":\"-\",\"9\":\"-\",\"10\":\"-\",\"11\":\"-\",\"12\":\"-\",\"13\":\"-\",\"14\":\"-\",\"15\":\"-\"},\"mut\":{\"0\":\"M\",\"1\":\"M\",\"2\":\"M\",\"3\":\"M\",\"4\":\"R\",\"5\":\"R\",\"6\":\"R\",\"7\":\"R\",\"8\":\"M\",\"9\":\"M\",\"10\":\"M\",\"11\":\"M\",\"12\":\"R\",\"13\":\"R\",\"14\":\"R\",\"15\":\"R\"},\"base\":{\"0\":\"A\",\"1\":\"C\",\"2\":\"G\",\"3\":\"T\",\"4\":\"A\",\"5\":\"C\",\"6\":\"G\",\"7\":\"T\",\"8\":\"A\",\"9\":\"C\",\"10\":\"G\",\"11\":\"T\",\"12\":\"A\",\"13\":\"C\",\"14\":\"G\",\"15\":\"T\"},\"count\":{\"0\":1032,\"1\":661,\"2\":588,\"3\":879,\"4\":843,\"5\":724,\"6\":630,\"7\":963,\"8\":1077,\"9\":639,\"10\":633,\"11\":955,\"12\":896,\"13\":739,\"14\":685,\"15\":984},\"fitted\":{\"0\":1027.8833652833,\"1\":651.8195781602,\"2\":586.5853646392,\"3\":893.7116919173,\"4\":847.1166347167,\"5\":733.1804218398,\"6\":631.4146353608,\"7\":948.2883080827,\"8\":1081.1166347167,\"9\":648.1804218398,\"10\":634.4146353608,\"11\":940.2883080827,\"12\":891.8833652833,\"13\":729.8195781602,\"14\":683.5853646392,\"15\":998.7116919173},\"ret\":{\"0\":0.0003190646,\"1\":0.0007150967,\"2\":0.000109556,\"3\":-0.0011285531,\"4\":-0.0003176528,\"5\":-0.0007056548,\"6\":-0.0001093015,\"7\":0.0011467531,\"8\":-0.0003178208,\"9\":-0.0007050665,\"10\":-0.0001093021,\"11\":0.0011468275,\"12\":0.0003191616,\"13\":0.000714567,\"14\":0.0001095373,\"15\":-0.0011295482}}", "deviance": 1.4909586085967854, "df": 3, "rel_entropy": 5.766393133496231e-05, "formula": "count ~ strand * mut * base - strand : mut : base", "prob": 0.68435864551356218}, "pos1": {"stats": "{\"strand\":{\"0\":\"+\",\"1\":\"+\",\"2\":\"+\",\"3\":\"+\",\"4\":\"+\",\"5\":\"+\",\"6\":\"+\",\"7\":\"+\",\"8\":\"-\",\"9\":\"-\",\"10\":\"-\",\"11\":\"-\",\"12\":\"-\",\"13\":\"-\",\"14\":\"-\",\"15\":\"-\"},\"mut\":{\"0\":\"M\",\"1\":\"M\",\"2\":\"M\",\"3\":\"M\",\"4\":\"R\",\"5\":\"R\",\"6\":\"R\",\"7\":\"R\",\"8\":\"M\",\"9\":\"M\",\"10\":\"M\",\"11\":\"M\",\"12\":\"R\",\"13\":\"R\",\"14\":\"R\",\"15\":\"R\"},\"base\":{\"0\":\"A\",\"1\":\"C\",\"2\":\"G\",\"3\":\"T\",\"4\":\"A\",\"5\":\"C\",\"6\":\"G\",\"7\":\"T\",\"8\":\"A\",\"9\":\"C\",\"10\":\"G\",\"11\":\"T\",\"12\":\"A\",\"13\":\"C\",\"14\":\"G\",\"15\":\"T\"},\"count\":{\"0\":925,\"1\":640,\"2\":751,\"3\":844,\"4\":816,\"5\":756,\"6\":647,\"7\":941,\"8\":963,\"9\":736,\"10\":706,\"11\":899,\"12\":893,\"13\":801,\"14\":612,\"15\":998},\"fitted\":{\"0\":912.7904603662,\"1\":654.0886296535,\"2\":749.1832785384,\"3\":843.9376314419,\"4\":828.2095396338,\"5\":741.9113703465,\"6\":648.8167214616,\"7\":941.0623685581,\"8\":975.2095396338,\"9\":721.9113703465,\"10\":707.8167214616,\"11\":899.0623685581,\"12\":880.7904603662,\"13\":815.0886296535,\"14\":610.1832785385,\"15\":997.9376314419},\"ret\":{\"0\":0.0009507144,\"1\":-0.0010779547,\"2\":0.0001406963,\"3\":0.0000048245,\"4\":-0.0009374302,\"5\":0.0011000588,\"6\":-0.0001403292,\"7\":-0.0000048241,\"8\":-0.0009384891,\"9\":0.0011003418,\"10\":-0.0001403456,\"11\":-0.0000048241,\"12\":0.0009509418,\"13\":-0.0010803034,\"14\":0.0001407351,\"15\":0.0000048245}}", "deviance": 1.7746704257241892, "df": 3, "rel_entropy": 6.863669653945658e-05, "formula": "count ~ strand * mut * base - strand : mut : base", "prob": 0.62046238546811994}}