{"pos0": {"df": 3, "deviance": 0.8171036970865906, "prob": 0.8453718323993828, "stats": "{\"strand\":{\"0\":\"+\",\"1\":\"+\",\"2\":\"+\",\"3\":\"+\",\"4\":\"+\",\"5\":\"+\",\"6\":\"+\",\"7\":\"+\",\"8\":\"-\",\"9\":\"-\",\"10\":\"-\",\"11\":\"-\",\"12\":\"-\",\"13\":\"-\",\"14\":\"-\",\"15\":\"-\"},\"mut\":{\"0\":\"M\",\"1\":\"M\",\"2\":\"M\",\"3\":\"M\",\"4\":\"R\",\"5\":\"R\",\"6\":\"R\",\"7\":\"R\",\"8\":\"M\",\"9\":\"M\",\"10\":\"M\",\"11\":\"M\",\"12\":\"R\",\"13\":\"R\",\"14\":\"R\",\"15\":\"R\"},\"base\":{\"0\":\"A\",\"1\":\"C\",\"2\":\"G\",\"3\":\"T\",\"4\":\"A\",\"5\":\"C\",\"6\":\"G\",\"7\":\"T\",\"8\":\"A\",\"9\":\"C\",\"10\":\"G\",\"11\":\"T\",\"12\":\"A\",\"13\":\"C\",\"14\":\"G\",\"15\":\"T\"},\"count\":{\"0\":4648,\"1\":3621,\"2\":4492,\"3\":3192,\"4\":3593,\"5\":4050,\"6\":4049,\"7\":4261,\"8\":4755,\"9\":3612,\"10\":4403,\"11\":3156,\"12\":3651,\"13\":4115,\"14\":3899,\"15\":4261},\"fitted\":{\"0\":4655.5384231611,\"1\":3603.9457073729,\"2\":4511.264132259,\"3\":3182.2517372071,\"4\":3585.461576839,\"5\":4067.0542926271,\"6\":4029.735867741,\"7\":4270.7482627929,\"8\":4747.461576839,\"9\":3629.0542926271,\"10\":4383.735867741,\"11\":3165.7482627929,\"12\":3658.5384231611,\"13\":4097.9457073729,\"14\":3918.264132259,\"15\":4251.2517372071},\"ret\":{\"0\":-0.0001181392,\"1\":0.0002681166,\"2\":-0.0003014985,\"3\":0.0001531287,\"4\":0.0001183591,\"5\":-0.0002669231,\"6\":0.0003028656,\"7\":-0.0001527201,\"8\":0.0001183288,\"9\":-0.0002668553,\"10\":0.0003028075,\"11\":-0.0001526591,\"12\":-0.000118113,\"13\":0.0002680406,\"14\":-0.0003014006,\"15\":0.0001530699}}", "formula": "count ~ strand * mut * base - strand : mut : base", "rel_entropy": 6.407852325093248e-06}, "pos1": {"df": 3, "deviance": 1.760339860334407, "prob": 0.6236032156039395, "stats": "{\"strand\":{\"0\":\"+\",\"1\":\"+\",\"2\":\"+\",\"3\":\"+\",\"4\":\"+\",\"5\":\"+\",\"6\":\"+\",\"7\":\"+\",\"8\":\"-\",\"9\":\"-\",\"10\":\"-\",\"11\":\"-\",\"12\":\"-\",\"13\":\"-\",\"14\":\"-\",\"15\":\"-\"},\"mut\":{\"0\":\"M\",\"1\":\"M\",\"2\":\"M\",\"3\":\"M\",\"4\":\"R\",\"5\":\"R\",\"6\":\"R\",\"7\":\"R\",\"8\":\"M\",\"9\":\"M\",\"10\":\"M\",\"11\":\"M\",\"12\":\"R\",\"13\":\"R\",\"14\":\"R\",\"15\":\"R\"},\"base\":{\"0\":\"A\",\"1\":\"C\",\"2\":\"G\",\"3\":\"T\",\"4\":\"A\",\"5\":\"C\",\"6\":\"G\",\"7\":\"T\",\"8\":\"A\",\"9\":\"C\",\"10\":\"G\",\"11\":\"T\",\"12\":\"A\",\"13\":\"C\",\"14\":\"G\",\"15\":\"T\"},\"count\":{\"0\":3775,\"1\":4064,\"2\":5012,\"3\":3102,\"4\":3296,\"5\":4640,\"6\":3889,\"7\":4128,\"8\":3601,\"9\":4089,\"10\":5073,\"11\":3163,\"12\":3180,\"13\":4762,\"14\":3928,\"15\":4056},\"fitted\":{\"0\":3764.3812778676,\"1\":4041.3142735159,\"2\":5013.2733726828,\"3\":3134.0310759336,\"4\":3306.6187221324,\"5\":4662.685726484,\"6\":3887.7266273172,\"7\":4095.9689240664,\"8\":3611.6187221324,\"9\":4111.685726484,\"10\":5071.7266273172,\"11\":3130.9689240664,\"12\":3169.3812778676,\"13\":4739.3142735159,\"14\":3929.2733726828,\"15\":4088.0310759336},\"ret\":{\"0\":0.000166782,\"1\":0.0003568067,\"2\":-0.0000199694,\"3\":-0.0004998091,\"4\":-0.0001662796,\"5\":-0.0003549429,\"6\":0.0000199752,\"7\":0.0005043445,\"8\":-0.0001663022,\"9\":-0.0003548265,\"10\":0.0000199745,\"11\":0.0005049463,\"12\":0.000166826,\"13\":0.0003566601,\"14\":-0.0000199687,\"15\":-0.0005004119}}", "formula": "count ~ strand * mut * base - strand : mut : base", "rel_entropy": 1.3804854765946288e-05}, "pos2": {"df": 3, "deviance": 0.40049866448192684, "prob": 0.940139463164372, "stats": "{\"strand\":{\"0\":\"+\",\"1\":\"+\",\"2\":\"+\",\"3\":\"+\",\"4\":\"+\",\"5\":\"+\",\"6\":\"+\",\"7\":\"+\",\"8\":\"-\",\"9\":\"-\",\"10\":\"-\",\"11\":\"-\",\"12\":\"-\",\"13\":\"-\",\"14\":\"-\",\"15\":\"-\"},\"mut\":{\"0\":\"M\",\"1\":\"M\",\"2\":\"M\",\"3\":\"M\",\"4\":\"R\",\"5\":\"R\",\"6\":\"R\",\"7\":\"R\",\"8\":\"M\",\"9\":\"M\",\"10\":\"M\",\"11\":\"M\",\"12\":\"R\",\"13\":\"R\",\"14\":\"R\",\"15\":\"R\"},\"base\":{\"0\":\"A\",\"1\":\"C\",\"2\":\"G\",\"3\":\"T\",\"4\":\"A\",\"5\":\"C\",\"6\":\"G\",\"7\":\"T\",\"8\":\"A\",\"9\":\"C\",\"10\":\"G\",\"11\":\"T\",\"12\":\"A\",\"13\":\"C\",\"14\":\"G\",\"15\":\"T\"},\"count\":{\"0\":3739,\"1\":5240,\"2\":3353,\"3\":3621,\"4\":4876,\"5\":4726,\"6\":1469,\"7\":4882,\"8\":3794,\"9\":5230,\"10\":3352,\"11\":3550,\"12\":4888,\"13\":4711,\"14\":1467,\"15\":4860},\"fitted\":{\"0\":3752.1194515518,\"1\":5241.818276665,\"2\":3353.6435631217,\"3\":3605.4187086615,\"4\":4862.8805484482,\"5\":4724.181723335,\"6\":1468.3564368783,\"7\":4897.5812913385,\"8\":3780.8805484482,\"9\":5228.181723335,\"10\":3351.3564368783,\"11\":3565.5812913385,\"12\":4901.1194515518,\"13\":4712.818276665,\"14\":1467.6435631217,\"15\":4844.4187086615},\"ret\":{\"0\":-0.0002054093,\"1\":-0.0000285135,\"2\":-0.0000100929,\"3\":0.0002449091,\"4\":0.0002060468,\"5\":0.0000285239,\"6\":0.0000100961,\"7\":-0.0002439926,\"8\":0.0002061261,\"9\":0.0000285234,\"10\":0.0000100948,\"11\":-0.000243847,\"12\":-0.0002054938,\"13\":-0.0000285129,\"14\":-0.0000100916,\"15\":0.0002447743}}", "formula": "count ~ strand * mut * base - strand : mut : base", "rel_entropy": 3.1407718598601494e-06}, "pos3": {"df": 3, "deviance": 1.6919874155978412, "prob": 0.638716643553829, "stats": "{\"strand\":{\"0\":\"+\",\"1\":\"+\",\"2\":\"+\",\"3\":\"+\",\"4\":\"+\",\"5\":\"+\",\"6\":\"+\",\"7\":\"+\",\"8\":\"-\",\"9\":\"-\",\"10\":\"-\",\"11\":\"-\",\"12\":\"-\",\"13\":\"-\",\"14\":\"-\",\"15\":\"-\"},\"mut\":{\"0\":\"M\",\"1\":\"M\",\"2\":\"M\",\"3\":\"M\",\"4\":\"R\",\"5\":\"R\",\"6\":\"R\",\"7\":\"R\",\"8\":\"M\",\"9\":\"M\",\"10\":\"M\",\"11\":\"M\",\"12\":\"R\",\"13\":\"R\",\"14\":\"R\",\"15\":\"R\"},\"base\":{\"0\":\"A\",\"1\":\"C\",\"2\":\"G\",\"3\":\"T\",\"4\":\"A\",\"5\":\"C\",\"6\":\"G\",\"7\":\"T\",\"8\":\"A\",\"9\":\"C\",\"10\":\"G\",\"11\":\"T\",\"12\":\"A\",\"13\":\"C\",\"14\":\"G\",\"15\":\"T\"},\"count\":{\"0\":3470,\"1\":4232,\"2\":4411,\"3\":3840,\"4\":3339,\"5\":4218,\"6\":4348,\"7\":4048,\"8\":3467,\"9\":4214,\"10\":4354,\"11\":3891,\"12\":3375,\"13\":4194,\"14\":4387,\"15\":3970},\"fitted\":{\"0\":3460.1642295749,\"1\":4233.5817041407,\"2\":4387.0705469793,\"3\":3872.1835193051,\"4\":3348.8357704252,\"5\":4216.4182958593,\"6\":4371.9294530207,\"7\":4015.8164806949,\"8\":3476.8357704252,\"9\":4212.4182958593,\"10\":4377.9294530207,\"11\":3858.8164806949,\"12\":3365.1642295748,\"13\":4195.5817041407,\"14\":4363.0705469793,\"15\":4002.1835193051},\"ret\":{\"0\":0.0001544863,\"1\":-0.0000248033,\"2\":0.0003763386,\"3\":-0.0005026726,\"4\":-0.0001540405,\"5\":0.0000248126,\"6\":-0.0003742879,\"7\":0.0005067935,\"8\":-0.0001540488,\"9\":0.0000248126,\"10\":-0.0003742893,\"11\":0.0005068753,\"12\":0.0001544925,\"13\":-0.0000248033,\"14\":0.0003763442,\"15\":-0.0005027411}}", "formula": "count ~ strand * mut * base - strand : mut : base", "rel_entropy": 1.3268824426721675e-05}}