{"pos1": {"df": 3, "deviance": 7138.973278278809, "prob": 0, "rel_entropy": 0.00935047214662026, "stats": "{\"mut\":{\"0\":\"M\",\"1\":\"M\",\"2\":\"M\",\"3\":\"M\",\"4\":\"R\",\"5\":\"R\",\"6\":\"R\",\"7\":\"R\"},\"base\":{\"0\":\"A\",\"1\":\"C\",\"2\":\"G\",\"3\":\"T\",\"4\":\"A\",\"5\":\"C\",\"6\":\"G\",\"7\":\"T\"},\"count\":{\"0\":75279,\"1\":31691,\"2\":33122,\"3\":50780,\"4\":52745,\"5\":42621,\"6\":31611,\"7\":63895},\"fitted\":{\"0\":64012.0000000002,\"1\":37156.0,\"2\":32366.5,\"3\":57337.5000000001,\"4\":64012.0000000002,\"5\":37156.0,\"6\":32366.5,\"7\":57337.5000000001},\"ret\":{\"0\":0.031971774,\"1\":-0.0132072844,\"2\":0.0020019952,\"3\":-0.0161557142,\"4\":-0.0267496426,\"5\":0.0153205587,\"6\":-0.0019557953,\"7\":0.0181245809}}", "formula": "count ~ mut * base - mut : base"}, "pos0": {"df": 3, "deviance": 1058.2023467566717, "prob": 4.255144202964967e-229, "rel_entropy": 0.0013860104504021958, "stats": "{\"mut\":{\"0\":\"M\",\"1\":\"M\",\"2\":\"M\",\"3\":\"M\",\"4\":\"R\",\"5\":\"R\",\"6\":\"R\",\"7\":\"R\"},\"base\":{\"0\":\"A\",\"1\":\"C\",\"2\":\"G\",\"3\":\"T\",\"4\":\"A\",\"5\":\"C\",\"6\":\"G\",\"7\":\"T\"},\"count\":{\"0\":63933,\"1\":32524,\"2\":31881,\"3\":62534,\"4\":54789,\"5\":36218,\"6\":33440,\"7\":66425},\"fitted\":{\"0\":59361.0000005715,\"1\":34371.0000000136,\"2\":32660.4999999952,\"3\":64479.4999999907,\"4\":59361.0000005897,\"5\":34371.0000000241,\"6\":32660.5000000052,\"7\":64479.5000000104},\"ret\":{\"0\":0.0124264284,\"1\":-0.0047059289,\"2\":-0.0020173808,\"3\":-0.0050186777,\"4\":-0.0115030723,\"5\":0.0049660518,\"6\":0.0020661201,\"7\":0.00517247}}", "formula": "count ~ mut * base - mut : base"}, "pos2": {"df": 3, "deviance": 1519.9548970689657, "prob": 0, "rel_entropy": 0.001990803911874143, "stats": "{\"mut\":{\"0\":\"M\",\"1\":\"M\",\"2\":\"M\",\"3\":\"M\",\"4\":\"R\",\"5\":\"R\",\"6\":\"R\",\"7\":\"R\"},\"base\":{\"0\":\"A\",\"1\":\"C\",\"2\":\"G\",\"3\":\"T\",\"4\":\"A\",\"5\":\"C\",\"6\":\"G\",\"7\":\"T\"},\"count\":{\"0\":47572,\"1\":40457,\"2\":50085,\"3\":52758,\"4\":44906,\"5\":36721,\"6\":45484,\"7\":63761},\"fitted\":{\"0\":46239.0000000439,\"1\":38589.0000000455,\"2\":47784.5000000559,\"3\":58259.5000029797,\"4\":46238.99999996,\"5\":38588.9999999755,\"6\":47784.4999999692,\"7\":58259.500002874},\"ret\":{\"0\":0.0035417247,\"1\":0.0050099027,\"2\":0.0061690789,\"3\":-0.0137085542,\"4\":-0.0034410455,\"5\":-0.0047729358,\"6\":-0.0058788417,\"7\":0.0150714748}}", "formula": "count ~ mut * base - mut : base"}, "pos3": {"df": 3, "deviance": 962.9940774310471, "prob": 1.917322575180413e-208, "rel_entropy": 0.0012613087270933493, "stats": "{\"mut\":{\"0\":\"M\",\"1\":\"M\",\"2\":\"M\",\"3\":\"M\",\"4\":\"R\",\"5\":\"R\",\"6\":\"R\",\"7\":\"R\"},\"base\":{\"0\":\"A\",\"1\":\"C\",\"2\":\"G\",\"3\":\"T\",\"4\":\"A\",\"5\":\"C\",\"6\":\"G\",\"7\":\"T\"},\"count\":{\"0\":60006,\"1\":34106,\"2\":27933,\"3\":68827,\"4\":53994,\"5\":37992,\"6\":32749,\"7\":66137},\"fitted\":{\"0\":57000.0000000305,\"1\":36049.0000000227,\"2\":30341.0000003777,\"3\":67482.0000000047,\"4\":57000.0000000227,\"5\":36049.0000000178,\"6\":30341.0000003735,\"7\":67481.9999999954},\"ret\":{\"0\":0.0080784655,\"1\":-0.0049500982,\"2\":-0.0060506827,\"3\":0.0035581845,\"4\":-0.0076630025,\"5\":0.0052245655,\"6\":0.0065518327,\"7\":-0.003487956}}", "formula": "count ~ mut * base - mut : base"}}