{"('pos0', 'pos3')": {"df": 9, "deviance": 1142.409135666038, "prob": 3.2718948189256094e-240, "rel_entropy": 0.0014963026736059218, "stats": "{\"mut\":{\"0\":\"M\",\"1\":\"M\",\"2\":\"M\",\"3\":\"M\",\"4\":\"M\",\"5\":\"M\",\"6\":\"M\",\"7\":\"M\",\"8\":\"M\",\"9\":\"M\",\"10\":\"M\",\"11\":\"M\",\"12\":\"M\",\"13\":\"M\",\"14\":\"M\",\"15\":\"M\",\"16\":\"R\",\"17\":\"R\",\"18\":\"R\",\"19\":\"R\",\"20\":\"R\",\"21\":\"R\",\"22\":\"R\",\"23\":\"R\",\"24\":\"R\",\"25\":\"R\",\"26\":\"R\",\"27\":\"R\",\"28\":\"R\",\"29\":\"R\",\"30\":\"R\",\"31\":\"R\"},\"base1\":{\"0\":\"A\",\"1\":\"A\",\"2\":\"A\",\"3\":\"A\",\"4\":\"C\",\"5\":\"C\",\"6\":\"C\",\"7\":\"C\",\"8\":\"G\",\"9\":\"G\",\"10\":\"G\",\"11\":\"G\",\"12\":\"T\",\"13\":\"T\",\"14\":\"T\",\"15\":\"T\",\"16\":\"A\",\"17\":\"A\",\"18\":\"A\",\"19\":\"A\",\"20\":\"C\",\"21\":\"C\",\"22\":\"C\",\"23\":\"C\",\"24\":\"G\",\"25\":\"G\",\"26\":\"G\",\"27\":\"G\",\"28\":\"T\",\"29\":\"T\",\"30\":\"T\",\"31\":\"T\"},\"base2\":{\"0\":\"A\",\"1\":\"C\",\"2\":\"G\",\"3\":\"T\",\"4\":\"A\",\"5\":\"C\",\"6\":\"G\",\"7\":\"T\",\"8\":\"A\",\"9\":\"C\",\"10\":\"G\",\"11\":\"T\",\"12\":\"A\",\"13\":\"C\",\"14\":\"G\",\"15\":\"T\",\"16\":\"A\",\"17\":\"C\",\"18\":\"G\",\"19\":\"T\",\"20\":\"A\",\"21\":\"C\",\"22\":\"G\",\"23\":\"T\",\"24\":\"A\",\"25\":\"C\",\"26\":\"G\",\"27\":\"T\",\"28\":\"A\",\"29\":\"C\",\"30\":\"G\",\"31\":\"T\"},\"count\":{\"0\":18871,\"1\":10981,\"2\":9748,\"3\":24333,\"4\":8573,\"5\":7183,\"6\":5493,\"7\":11275,\"8\":9581,\"9\":6081,\"10\":5580,\"11\":10639,\"12\":22981,\"13\":9861,\"14\":7112,\"15\":22580,\"16\":16828,\"17\":10638,\"18\":9075,\"19\":18248,\"20\":9671,\"21\":8038,\"22\":6641,\"23\":11868,\"24\":9544,\"25\":6606,\"26\":6536,\"27\":10754,\"28\":17951,\"29\":12710,\"30\":10497,\"31\":25267},\"fitted\":{\"0\":20143.0531289379,\"1\":11072.0827074422,\"2\":9383.4240995765,\"3\":23334.4400640851,\"4\":9155.7762877147,\"5\":6842.8691588116,\"6\":5291.721135835,\"7\":11233.6334176482,\"8\":9865.7440456795,\"9\":5880.0516704702,\"10\":5451.3986819025,\"11\":10683.8056019559,\"12\":20841.4265396656,\"13\":10310.99646328,\"14\":7806.4560828054,\"15\":23575.1209163137,\"16\":15555.9468713095,\"17\":10546.9172925578,\"18\":9439.575900425,\"19\":19246.5599359247,\"20\":9088.2237123382,\"21\":8378.1308411914,\"22\":6842.2788641682,\"23\":11909.3665823522,\"24\":9259.2559543327,\"25\":6806.9483295311,\"26\":6664.601318101,\"27\":10709.1943980448,\"28\":20090.5734652267,\"29\":12260.0035367213,\"30\":9802.5439174297,\"31\":24271.8790836916},\"ret\":{\"0\":-0.0032247113,\"1\":-0.0002376122,\"2\":0.0009733444,\"3\":0.0026709717,\"4\":-0.001476965,\"5\":0.0009127777,\"6\":0.0005371642,\"7\":0.0001085614,\"8\":-0.000735034,\"9\":0.0005352894,\"10\":0.0003408211,\"11\":-0.0001171243,\"12\":0.0058830552,\"13\":-0.001152686,\"14\":-0.001735739,\"15\":-0.0025509678,\"16\":0.0034648885,\"17\":0.0002396236,\"18\":-0.0009363425,\"19\":-0.0025467225,\"20\":0.0015745481,\"21\":-0.0008726561,\"22\":-0.000519429,\"23\":-0.0001081737,\"24\":0.0007572565,\"25\":-0.000518548,\"26\":-0.0003336071,\"27\":0.000117616,\"28\":-0.0052950945,\"29\":0.0012001647,\"30\":0.001882136,\"31\":0.0026594973}}", "formula": "count ~ mut * base1 * base2 - mut : base1 : base2"}, "('pos1', 'pos2')": {"df": 9, "deviance": 3665.458484504561, "prob": 0, "rel_entropy": 0.004800937911931243, "stats": "{\"mut\":{\"0\":\"M\",\"1\":\"M\",\"2\":\"M\",\"3\":\"M\",\"4\":\"M\",\"5\":\"M\",\"6\":\"M\",\"7\":\"M\",\"8\":\"M\",\"9\":\"M\",\"10\":\"M\",\"11\":\"M\",\"12\":\"M\",\"13\":\"M\",\"14\":\"M\",\"15\":\"M\",\"16\":\"R\",\"17\":\"R\",\"18\":\"R\",\"19\":\"R\",\"20\":\"R\",\"21\":\"R\",\"22\":\"R\",\"23\":\"R\",\"24\":\"R\",\"25\":\"R\",\"26\":\"R\",\"27\":\"R\",\"28\":\"R\",\"29\":\"R\",\"30\":\"R\",\"31\":\"R\"},\"base1\":{\"0\":\"A\",\"1\":\"A\",\"2\":\"A\",\"3\":\"A\",\"4\":\"C\",\"5\":\"C\",\"6\":\"C\",\"7\":\"C\",\"8\":\"G\",\"9\":\"G\",\"10\":\"G\",\"11\":\"G\",\"12\":\"T\",\"13\":\"T\",\"14\":\"T\",\"15\":\"T\",\"16\":\"A\",\"17\":\"A\",\"18\":\"A\",\"19\":\"A\",\"20\":\"C\",\"21\":\"C\",\"22\":\"C\",\"23\":\"C\",\"24\":\"G\",\"25\":\"G\",\"26\":\"G\",\"27\":\"G\",\"28\":\"T\",\"29\":\"T\",\"30\":\"T\",\"31\":\"T\"},\"base2\":{\"0\":\"A\",\"1\":\"C\",\"2\":\"G\",\"3\":\"T\",\"4\":\"A\",\"5\":\"C\",\"6\":\"G\",\"7\":\"T\",\"8\":\"A\",\"9\":\"C\",\"10\":\"G\",\"11\":\"T\",\"12\":\"A\",\"13\":\"C\",\"14\":\"G\",\"15\":\"T\",\"16\":\"A\",\"17\":\"C\",\"18\":\"G\",\"19\":\"T\",\"20\":\"A\",\"21\":\"C\",\"22\":\"G\",\"23\":\"T\",\"24\":\"A\",\"25\":\"C\",\"26\":\"G\",\"27\":\"T\",\"28\":\"A\",\"29\":\"C\",\"30\":\"G\",\"31\":\"T\"},\"count\":{\"0\":17885,\"1\":17574,\"2\":21534,\"3\":18286,\"4\":6056,\"5\":7158,\"6\":10367,\"7\":8110,\"8\":6013,\"9\":7677,\"10\":9898,\"11\":9534,\"12\":17618,\"13\":8048,\"14\":8286,\"15\":16828,\"16\":14703,\"17\":8634,\"18\":12227,\"19\":17181,\"20\":8533,\"21\":9784,\"22\":11927,\"23\":12377,\"24\":7468,\"25\":5725,\"26\":9082,\"27\":9336,\"28\":14202,\"29\":12578,\"30\":12248,\"31\":24867},\"fitted\":{\"0\":19523.3868735547,\"1\":15987.7702483838,\"2\":20486.437108984,\"3\":19281.4057690771,\"4\":6369.4944839539,\"5\":7587.9802357028,\"6\":9910.4330237604,\"7\":7823.0922565828,\"8\":7056.7427283356,\"9\":7168.1442887899,\"10\":10087.6010396542,\"11\":8809.5119432203,\"12\":14622.3759141555,\"13\":9713.1052271233,\"14\":9600.5288276014,\"15\":16843.9900311198,\"16\":13064.613126445,\"17\":10220.2297516161,\"18\":13274.5628910159,\"19\":16185.5942309228,\"20\":8219.5055160461,\"21\":9354.0197642971,\"22\":12383.5669762396,\"23\":12663.9077434172,\"24\":6424.2572716644,\"25\":6233.8557112101,\"26\":8892.3989603458,\"27\":10060.4880567797,\"28\":17197.6240858445,\"29\":10912.8947728766,\"30\":10933.4711723987,\"31\":24851.0099688802},\"ret\":{\"0\":-0.0041065028,\"1\":0.0043548512,\"2\":0.0028131444,\"3\":-0.0025390257,\"4\":-0.0008006672,\"5\":-0.001093824,\"6\":0.001223139,\"7\":0.0007651873,\"8\":-0.0025211646,\"9\":0.0013792079,\"10\":-0.0004919736,\"11\":0.0019738204,\"12\":0.0086011415,\"13\":-0.003964557,\"14\":-0.0031961745,\"15\":-0.0000418669,\"16\":0.0045503666,\"17\":-0.003814652,\"18\":-0.0026329066,\"19\":0.0026861074,\"20\":0.0008366819,\"21\":0.0011518576,\"22\":-0.0011736794,\"23\":-0.0007429924,\"24\":0.0029451125,\"25\":-0.0012770285,\"26\":0.0005019283,\"27\":-0.0018278007,\"28\":-0.0071202131,\"29\":0.0046788642,\"30\":0.0036426566,\"31\":0.0000419003}}", "formula": "count ~ mut * base1 * base2 - mut : base1 : base2"}, "('pos0', 'pos1')": {"df": 9, "deviance": 1905.859967409842, "prob": 0, "rel_entropy": 0.0024962539914312235,