{"pos0": {"rel_entropy": 1.4010077147981849e-05, "df": 3, "deviance": 19.364224271163184, "prob": 0.0002298556986108301, "formula": "count ~ group * mut * base - group : mut : base", "stats": "{\"group\":{\"8\":\"1\",\"9\":\"1\",\"10\":\"1\",\"11\":\"1\",\"12\":\"1\",\"13\":\"1\",\"14\":\"1\",\"15\":\"1\",\"0\":\"2\",\"1\":\"2\",\"2\":\"2\",\"3\":\"2\",\"4\":\"2\",\"5\":\"2\",\"6\":\"2\",\"7\":\"2\"},\"mut\":{\"8\":\"M\",\"9\":\"M\",\"10\":\"M\",\"11\":\"M\",\"12\":\"R\",\"13\":\"R\",\"14\":\"R\",\"15\":\"R\",\"0\":\"M\",\"1\":\"M\",\"2\":\"M\",\"3\":\"M\",\"4\":\"R\",\"5\":\"R\",\"6\":\"R\",\"7\":\"R\"},\"base\":{\"8\":\"A\",\"9\":\"C\",\"10\":\"G\",\"11\":\"T\",\"12\":\"A\",\"13\":\"C\",\"14\":\"G\",\"15\":\"T\",\"0\":\"A\",\"1\":\"C\",\"2\":\"G\",\"3\":\"T\",\"4\":\"A\",\"5\":\"C\",\"6\":\"G\",\"7\":\"T\"},\"count\":{\"8\":84350,\"9\":77512,\"10\":69732,\"11\":95418,\"12\":93433,\"13\":74996,\"14\":76992,\"15\":81591,\"0\":4105,\"1\":5609,\"2\":4370,\"3\":4445,\"4\":4733,\"5\":5042,\"6\":4812,\"7\":3942},\"fitted\":{\"8\":84258.2564547678,\"9\":77685.7570811244,\"10\":69729.9075486386,\"11\":95338.0789154706,\"12\":93524.7435452328,\"13\":74822.2429188764,\"14\":76994.0924513618,\"15\":81670.92108453,\"0\":4196.7435452325,\"1\":5435.2429188761,\"2\":4372.0924513617,\"3\":4524.9210845298,\"4\":4641.2564547675,\"5\":5215.7570811241,\"6\":4809.9075486383,\"7\":3862.0789154702},\"ret\":{\"8\":0.0001328257,\"9\":-0.0002511462,\"10\":0.0000030278,\"11\":0.0001156948,\"12\":-0.0001326884,\"13\":0.0002517193,\"14\":-0.0000030277,\"15\":-0.0001155897,\"0\":-0.0001312918,\"1\":0.0002554043,\"2\":-0.0000030271,\"3\":-0.0001146189,\"4\":0.000134057,\"5\":-0.0002471923,\"6\":0.0000030284,\"7\":0.0001168347}}"}, "pos2": {"rel_entropy": 7.531628993214937e-05, "df": 3, "deviance": 104.0994645577793, "prob": 2.0411090089565724e-22, "formula": "count ~ group * mut * base - group : mut : base", "stats": "{\"group\":{\"8\":\"1\",\"9\":\"1\",\"10\":\"1\",\"11\":\"1\",\"12\":\"1\",\"13\":\"1\",\"14\":\"1\",\"15\":\"1\",\"0\":\"2\",\"1\":\"2\",\"2\":\"2\",\"3\":\"2\",\"4\":\"2\",\"5\":\"2\",\"6\":\"2\",\"7\":\"2\"},\"mut\":{\"8\":\"M\",\"9\":\"M\",\"10\":\"M\",\"11\":\"M\",\"12\":\"R\",\"13\":\"R\",\"14\":\"R\",\"15\":\"R\",\"0\":\"M\",\"1\":\"M\",\"2\":\"M\",\"3\":\"M\",\"4\":\"R\",\"5\":\"R\",\"6\":\"R\",\"7\":\"R\"},\"base\":{\"8\":\"A\",\"9\":\"C\",\"10\":\"G\",\"11\":\"T\",\"12\":\"A\",\"13\":\"C\",\"14\":\"G\",\"15\":\"T\",\"0\":\"A\",\"1\":\"C\",\"2\":\"G\",\"3\":\"T\",\"4\":\"A\",\"5\":\"C\",\"6\":\"G\",\"7\":\"T\"},\"count\":{\"8\":108476,\"9\":53507,\"10\":78946,\"11\":86083,\"12\":94260,\"13\":68716,\"14\":84352,\"15\":79684,\"0\":5133,\"1\":3925,\"2\":5731,\"3\":3740,\"4\":4850,\"5\":4488,\"6\":5357,\"7\":3834},\"fitted\":{\"8\":108225.6982345657,\"9\":53691.0387041122,\"10\":79236.418077958,\"11\":85858.8449833641,\"12\":94510.3017654344,\"13\":68531.9612958876,\"14\":84061.5819220422,\"15\":79908.1550166361,\"0\":5383.3017654359,\"1\":3740.9612958881,\"2\":5440.5819220443,\"3\":3964.1550166406,\"4\":4599.6982345673,\"5\":4672.0387041128,\"6\":5647.4180779606,\"7\":3609.8449833683},\"ret\":{\"8\":0.0003626067,\"9\":-0.0002658482,\"10\":-0.0004194657,\"11\":0.0003247768,\"12\":-0.0003617082,\"13\":0.0002666624,\"14\":0.0004209619,\"15\":-0.0003238984,\"0\":-0.0003536345,\"1\":0.0002727508,\"2\":0.0004312585,\"3\":-0.0003150054,\"4\":0.0003718688,\"5\":-0.0002609898,\"6\":-0.0004092413,\"7\":0.000334222}}"}, "pos3": {"rel_entropy": 3.4896994694853875e-05, "df": 3, "deviance": 48.23336977541801, "prob": 1.8993721888505537e-10, "formula": "count ~ group * mut * base - group : mut : base", "stats": "{\"group\":{\"8\":\"1\",\"9\":\"1\",\"10\":\"1\",\"11\":\"1\",\"12\":\"1\",\"13\":\"1\",\"14\":\"1\",\"15\":\"1\",\"0\":\"2\",\"1\":\"2\",\"2\":\"2\",\"3\":\"2\",\"4\":\"2\",\"5\":\"2\",\"6\":\"2\",\"7\":\"2\"},\"mut\":{\"8\":\"M\",\"9\":\"M\",\"10\":\"M\",\"11\":\"M\",\"12\":\"R\",\"13\":\"R\",\"14\":\"R\",\"15\":\"R\",\"0\":\"M\",\"1\":\"M\",\"2\":\"M\",\"3\":\"M\",\"4\":\"R\",\"5\":\"R\",\"6\":\"R\",\"7\":\"R\"},\"base\":{\"8\":\"A\",\"9\":\"C\",\"10\":\"G\",\"11\":\"T\",\"12\":\"A\",\"13\":\"C\",\"14\":\"G\",\"15\":\"T\",\"0\":\"A\",\"1\":\"C\",\"2\":\"G\",\"3\":\"T\",\"4\":\"A\",\"5\":\"C\",\"6\":\"G\",\"7\":\"T\"},\"count\":{\"8\":76982,\"9\":57519,\"10\":95697,\"11\":96814,\"12\":96751,\"13\":69271,\"14\":76567,\"15\":84423,\"0\":3561,\"1\":4232,\"2\":5752,\"3\":4984,\"4\":4929,\"5\":4571,\"6\":4793,\"7\":4236},\"fitted\":{\"8\":76793.285383392,\"9\":57744.9382341018,\"10\":95600.6493796308,\"11\":96873.1270028751,\"12\":96939.7146166078,\"13\":69045.0617658981,\"14\":76663.3506203689,\"15\":84363.8729971249,\"0\":3749.7146166085,\"1\":4006.0617658999,\"2\":5848.350620369,\"3\":4924.8729971249,\"4\":4740.2853833926,\"5\":4796.9382341034,\"6\":4696.649379631,\"7\":4295.1270028751},\"ret\":{\"8\":0.0002734065,\"9\":-0.0003262936,\"10\":0.0001394902,\"11\":-0.000085531,\"12\":-0.0002728053,\"13\":0.0003274684,\"14\":-0.0001393323,\"15\":0.0000855871,\"0\":-0.0002660814,\"1\":0.0003359848,\"2\":-0.0001382651,\"3\":0.0000860687,\"4\":0.0002784361,\"5\":-0.0003191109,\"6\":0.0001408404,\"7\":-0.0000849655}}"}, "pos1": {"rel_entropy": 1.4158356845224948e-05, "df": 3, "deviance": 19.569171130623495, "prob": 0.00020846486249694667, "formula": "count ~ group * mut * base - group : mut : base", "stats": "{\"group\":{\"8\":\"1\",\"9\":\"1\",\"10\":\"1\",\"11\":\"1\",\"12\":\"1\",\"13\":\"1\",\"14\":\"1\",\"15\":\"1\",\"0\":\"2\",\"1\":\"2\",\"2\":\"2\",\"3\":\"2\",\"4\":\"2\",\"5\":\"2\",\"6\":\"2\",\"7\":\"2\"},\"mut\":{\"8\":\"M\",\"9\":\"M\",\"10\":\"M\",\"11\":\"M\",\"12\":\"R\",\"13\":\"R\",\"14\":\"R\",\"15\":\"R\",\"0\":\"M\",\"1\":\"M\",\"2\":\"M\",\"3\":\"M\",\"4\":\"R\",\"5\":\"R\",\"6\":\"R\",\"7\":\"R\"},\"base\":{\"8\":\"A\",\"9\":\"C\",\"10\":\"G\",\"11\":\"T\",\"12\":\"A\",\"13\":\"C\",\"14\":\"G\",\"15\":\"T\",\"0\":\"A\",\"1\":\"C\",\"2\":\"G\",\"3\":\"T\",\"4\":\"A\",\"5\":\"C\",\"6\":\"G\",\"7\":\"T\"},\"count\":{\"8\":129415,\"9\":25528,\"10\":82239,\"11\":89830,\"12\":111767,\"13\":16594,\"14\":84597,\"15\":114054,\"0\":6124,\"1\":2954,\"2\":5096,\"3\":4355,\"4\":5668,\"5\":1750,\"6\":5442,\"7\":5669},\"fitted\":{\"8\":129302.8632441222,\"9\":25650.3297003363,\"10\":82218.7229677618,\"11\":89840.0840877802,\"12\":111879.1367558781,\"13\":16471.6702996638,\"14\":84617.2770322382,\"15\":114043.9159122201,\"0\":6236.1367558782,\"1\":2831.6702996652,\"2\":5116.2770322383,\"3\":4344.9159122199,\"4\":5555.863244122,\"5\":1872.3297003374,\"6\":5421.7229677617,\"7\":5679.0840877801},\"ret\":{\"8\":0.0001623329,\"9\":-0.0001765891,\"10\":0.0000293446,\"11\":-0.0000145909,\"12\":-0.0001621812,\"13\":0.0001776675,\"14\":-0.0000293375,\"15\":0.0000145924,\"0\":-0.0001607949,\"1\":0.0001807814,\"2\":-0.0000292828,\"3\":0.0000146087,\"4\":0.0001638892,\"5\":-0.000171099,\"6\":0.0000293958,\"7\":-0.0000145788}}"}}