{"pos2": {"stats": "{\"group\":{\"0\":\"1\",\"1\":\"1\",\"2\":\"1\",\"3\":\"1\",\"4\":\"1\",\"5\":\"1\",\"6\":\"1\",\"7\":\"1\",\"8\":\"2\",\"9\":\"2\",\"10\":\"2\",\"11\":\"2\",\"12\":\"2\",\"13\":\"2\",\"14\":\"2\",\"15\":\"2\"},\"mut\":{\"0\":\"M\",\"1\":\"M\",\"2\":\"M\",\"3\":\"M\",\"4\":\"R\",\"5\":\"R\",\"6\":\"R\",\"7\":\"R\",\"8\":\"M\",\"9\":\"M\",\"10\":\"M\",\"11\":\"M\",\"12\":\"R\",\"13\":\"R\",\"14\":\"R\",\"15\":\"R\"},\"base\":{\"0\":\"A\",\"1\":\"C\",\"2\":\"G\",\"3\":\"T\",\"4\":\"A\",\"5\":\"C\",\"6\":\"G\",\"7\":\"T\",\"8\":\"A\",\"9\":\"C\",\"10\":\"G\",\"11\":\"T\",\"12\":\"A\",\"13\":\"C\",\"14\":\"G\",\"15\":\"T\"},\"count\":{\"0\":108476,\"1\":53507,\"2\":78946,\"3\":86083,\"4\":94260,\"5\":68716,\"6\":84352,\"7\":79684,\"8\":5133,\"9\":3925,\"10\":5731,\"11\":3740,\"12\":4850,\"13\":4488,\"14\":5357,\"15\":3834},\"fitted\":{\"0\":108225.6982345651,\"1\":53691.0387041122,\"2\":79236.4180779582,\"3\":85858.844983364,\"4\":94510.3017654342,\"5\":68531.9612958877,\"6\":84061.5819220419,\"7\":79908.1550166361,\"8\":5383.3017654358,\"9\":3740.9612958881,\"10\":5440.5819220443,\"11\":3964.1550166406,\"12\":4599.6982345673,\"13\":4672.0387041128,\"14\":5647.4180779606,\"15\":3609.8449833683},\"ret\":{\"0\":0.0003626067,\"1\":-0.0002658482,\"2\":-0.0004194657,\"3\":0.0003247768,\"4\":-0.0003617082,\"5\":0.0002666624,\"6\":0.0004209619,\"7\":-0.0003238984,\"8\":-0.0003536345,\"9\":0.0002727508,\"10\":0.0004312585,\"11\":-0.0003150054,\"12\":0.0003718688,\"13\":-0.0002609898,\"14\":-0.0004092413,\"15\":0.000334222}}", "deviance": 104.0994645578441, "df": 3, "rel_entropy": 7.531628993219625e-05, "formula": "count ~ group * mut * base - group : mut : base", "prob": 2.0411090088910562e-22}, "pos3": {"stats": "{\"group\":{\"0\":\"1\",\"1\":\"1\",\"2\":\"1\",\"3\":\"1\",\"4\":\"1\",\"5\":\"1\",\"6\":\"1\",\"7\":\"1\",\"8\":\"2\",\"9\":\"2\",\"10\":\"2\",\"11\":\"2\",\"12\":\"2\",\"13\":\"2\",\"14\":\"2\",\"15\":\"2\"},\"mut\":{\"0\":\"M\",\"1\":\"M\",\"2\":\"M\",\"3\":\"M\",\"4\":\"R\",\"5\":\"R\",\"6\":\"R\",\"7\":\"R\",\"8\":\"M\",\"9\":\"M\",\"10\":\"M\",\"11\":\"M\",\"12\":\"R\",\"13\":\"R\",\"14\":\"R\",\"15\":\"R\"},\"base\":{\"0\":\"A\",\"1\":\"C\",\"2\":\"G\",\"3\":\"T\",\"4\":\"A\",\"5\":\"C\",\"6\":\"G\",\"7\":\"T\",\"8\":\"A\",\"9\":\"C\",\"10\":\"G\",\"11\":\"T\",\"12\":\"A\",\"13\":\"C\",\"14\":\"G\",\"15\":\"T\"},\"count\":{\"0\":76982,\"1\":57519,\"2\":95697,\"3\":96814,\"4\":96751,\"5\":69271,\"6\":76567,\"7\":84423,\"8\":3561,\"9\":4232,\"10\":5752,\"11\":4984,\"12\":4929,\"13\":4571,\"14\":4793,\"15\":4236},\"fitted\":{\"0\":76793.2853833916,\"1\":57744.9382341018,\"2\":95600.6493796307,\"3\":96873.1270028749,\"4\":96939.7146166078,\"5\":69045.0617658981,\"6\":76663.3506203689,\"7\":84363.8729971249,\"8\":3749.7146166085,\"9\":4006.0617658999,\"10\":5848.350620369,\"11\":4924.8729971249,\"12\":4740.2853833926,\"13\":4796.9382341034,\"14\":4696.649379631,\"15\":4295.1270028751},\"ret\":{\"0\":0.0002734065,\"1\":-0.0003262936,\"2\":0.0001394902,\"3\":-0.000085531,\"4\":-0.0002728053,\"5\":0.0003274684,\"6\":-0.0001393323,\"7\":0.0000855871,\"8\":-0.0002660814,\"9\":0.0003359848,\"10\":-0.0001382651,\"11\":0.0000860687,\"12\":0.0002784361,\"13\":-0.0003191109,\"14\":0.0001408404,\"15\":-0.0000849655}}", "deviance": 48.233369775439655, "df": 3, "rel_entropy": 3.4896994694869535e-05, "formula": "count ~ group * mut * base - group : mut : base", "prob": 1.8993721888304077e-10}, "pos0": {"stats": "{\"group\":{\"0\":\"1\",\"1\":\"1\",\"2\":\"1\",\"3\":\"1\",\"4\":\"1\",\"5\":\"1\",\"6\":\"1\",\"7\":\"1\",\"8\":\"2\",\"9\":\"2\",\"10\":\"2\",\"11\":\"2\",\"12\":\"2\",\"13\":\"2\",\"14\":\"2\",\"15\":\"2\"},\"mut\":{\"0\":\"M\",\"1\":\"M\",\"2\":\"M\",\"3\":\"M\",\"4\":\"R\",\"5\":\"R\",\"6\":\"R\",\"7\":\"R\",\"8\":\"M\",\"9\":\"M\",\"10\":\"M\",\"11\":\"M\",\"12\":\"R\",\"13\":\"R\",\"14\":\"R\",\"15\":\"R\"},\"base\":{\"0\":\"A\",\"1\":\"C\",\"2\":\"G\",\"3\":\"T\",\"4\":\"A\",\"5\":\"C\",\"6\":\"G\",\"7\":\"T\",\"8\":\"A\",\"9\":\"C\",\"10\":\"G\",\"11\":\"T\",\"12\":\"A\",\"13\":\"C\",\"14\":\"G\",\"15\":\"T\"},\"count\":{\"0\":84350,\"1\":77512,\"2\":69732,\"3\":95418,\"4\":93433,\"5\":74996,\"6\":76992,\"7\":81591,\"8\":4105,\"9\":5609,\"10\":4370,\"11\":4445,\"12\":4733,\"13\":5042,\"14\":4812,\"15\":3942},\"fitted\":{\"0\":84258.256454767,\"1\":77685.757081124,\"2\":69729.9075486383,\"3\":95338.0789154699,\"4\":93524.7435452325,\"5\":74822.2429188758,\"6\":76994.0924513614,\"7\":81670.9210845296,\"8\":4196.7435452325,\"9\":5435.242918876,\"10\":4372.0924513616,\"11\":4524.9210845298,\"12\":4641.2564547675,\"13\":5215.757081124,\"14\":4809.9075486383,\"15\":3862.0789154702},\"ret\":{\"0\":0.0001328257,\"1\":-0.0002511462,\"2\":0.0000030278,\"3\":0.0001156948,\"4\":-0.0001326884,\"5\":0.0002517193,\"6\":-0.0000030277,\"7\":-0.0001155897,\"8\":-0.0001312918,\"9\":0.0002554043,\"10\":-0.0000030271,\"11\":-0.0001146189,\"12\":0.000134057,\"13\":-0.0002471923,\"14\":0.0000030284,\"15\":0.0001168347}}", "deviance": 19.36422427112108, "df": 3, "rel_entropy": 1.4010077147951388e-05, "formula": "count ~ group * mut * base - group : mut : base", "prob": 0.00022985569861544157}, "pos1": {"stats": "{\"group\":{\"0\":\"1\",\"1\":\"1\",\"2\":\"1\",\"3\":\"1\",\"4\":\"1\",\"5\":\"1\",\"6\":\"1\",\"7\":\"1\",\"8\":\"2\",\"9\":\"2\",\"10\":\"2\",\"11\":\"2\",\"12\":\"2\",\"13\":\"2\",\"14\":\"2\",\"15\":\"2\"},\"mut\":{\"0\":\"M\",\"1\":\"M\",\"2\":\"M\",\"3\":\"M\",\"4\":\"R\",\"5\":\"R\",\"6\":\"R\",\"7\":\"R\",\"8\":\"M\",\"9\":\"M\",\"10\":\"M\",\"11\":\"M\",\"12\":\"R\",\"13\":\"R\",\"14\":\"R\",\"15\":\"R\"},\"base\":{\"0\":\"A\",\"1\":\"C\",\"2\":\"G\",\"3\":\"T\",\"4\":\"A\",\"5\":\"C\",\"6\":\"G\",\"7\":\"T\",\"8\":\"A\",\"9\":\"C\",\"10\":\"G\",\"11\":\"T\",\"12\":\"A\",\"13\":\"C\",\"14\":\"G\",\"15\":\"T\"},\"count\":{\"0\":129415,\"1\":25528,\"2\":82239,\"3\":89830,\"4\":111767,\"5\":16594,\"6\":84597,\"7\":114054,\"8\":6124,\"9\":2954,\"10\":5096,\"11\":4355,\"12\":5668,\"13\":1750,\"14\":5442,\"15\":5669},\"fitted\":{\"0\":129302.8632441229,\"1\":25650.3297003363,\"2\":82218.7229677617,\"3\":89840.08408778,\"4\":111879.1367558781,\"5\":16471.6702996638,\"6\":84617.2770322381,\"7\":114043.9159122199,\"8\":6236.1367558781,\"9\":2831.6702996652,\"10\":5116.2770322382,\"11\":4344.9159122199,\"12\":5555.8632441219,\"13\":1872.3297003374,\"14\":5421.7229677618,\"15\":5679.0840877801},\"ret\":{\"0\":0.0001623329,\"1\":-0.0001765891,\"2\":0.0000293446,\"3\":-0.0000145909,\"4\":-0.0001621812,\"5\":0.0001776675,\"6\":-0.0000293375,\"7\":0.0000145924,\"8\":-0.0001607949,\"9\":0.0001807814,\"10\":-0.0000292828,\"11\":0.0000146087,\"12\":0.0001638892,\"13\":-0.000171099,\"14\":0.0000293958,\"15\":-0.0000145788}}", "deviance": 19.569171130666046, "df": 3, "rel_entropy": 1.4158356845255734e-05, "formula": "count ~ group * mut * base - group : mut : base", "prob": 0.00020846486249271814}}