{"pos7": {"prob": 4.401853154513338e-137, "df": 3, "stats": "{\"mut\":{\"0\":\"M\",\"1\":\"M\",\"2\":\"M\",\"3\":\"M\",\"4\":\"R\",\"5\":\"R\",\"6\":\"R\",\"7\":\"R\"},\"base\":{\"0\":\"A\",\"1\":\"C\",\"2\":\"G\",\"3\":\"T\",\"4\":\"A\",\"5\":\"C\",\"6\":\"G\",\"7\":\"T\"},\"count\":{\"0\":287917,\"1\":215934,\"2\":233389,\"3\":268371,\"4\":285703,\"5\":213360,\"6\":223446,\"7\":283102},\"fitted\":{\"0\":286809.9999999988,\"1\":214646.9999999992,\"2\":228417.4999999995,\"3\":275736.5,\"4\":286809.9999999993,\"5\":214646.9999999996,\"6\":228417.4999999999,\"7\":275736.5000000005},\"ret\":{\"0\":0.0005514725,\"1\":0.0006418241,\"2\":0.0024985874,\"3\":-0.0036128474,\"4\":-0.0005493481,\"5\":-0.0006379872,\"6\":-0.0024447828,\"7\":0.0037106841}}", "rel_entropy": 0.00015760264046937167, "formula": "count ~ mut * base - mut : base", "deviance": 633.9477955401812}, "pos1": {"prob": 1.4518538007509932e-11, "df": 3, "stats": "{\"mut\":{\"0\":\"M\",\"1\":\"M\",\"2\":\"M\",\"3\":\"M\",\"4\":\"R\",\"5\":\"R\",\"6\":\"R\",\"7\":\"R\"},\"base\":{\"0\":\"A\",\"1\":\"C\",\"2\":\"G\",\"3\":\"T\",\"4\":\"A\",\"5\":\"C\",\"6\":\"G\",\"7\":\"T\"},\"count\":{\"0\":293922,\"1\":204862,\"2\":222042,\"3\":284785,\"4\":290945,\"5\":202795,\"6\":225104,\"7\":286767},\"fitted\":{\"0\":292433.500000003,\"1\":203828.5000000013,\"2\":223573.0000000016,\"3\":285776.0000000017,\"4\":292433.500000002,\"5\":203828.5000000006,\"6\":223573.0000000008,\"7\":285776.0000000008},\"ret\":{\"0\":0.0007419777,\"1\":0.0005151673,\"2\":-0.0007586164,\"3\":-0.0004918799,\"4\":-0.0007382105,\"5\":-0.0005125617,\"6\":0.0007638292,\"7\":0.0004935886}}", "rel_entropy": 1.3294213464299563e-05, "formula": "count ~ mut * base - mut : base", "deviance": 53.475229184190994}, "pos14": {"prob": 2.7378096233390437e-53, "df": 3, "stats": "{\"mut\":{\"0\":\"M\",\"1\":\"M\",\"2\":\"M\",\"3\":\"M\",\"4\":\"R\",\"5\":\"R\",\"6\":\"R\",\"7\":\"R\"},\"base\":{\"0\":\"A\",\"1\":\"C\",\"2\":\"G\",\"3\":\"T\",\"4\":\"A\",\"5\":\"C\",\"6\":\"G\",\"7\":\"T\"},\"count\":{\"0\":283689,\"1\":209519,\"2\":219126,\"3\":293277,\"4\":293077,\"5\":205297,\"6\":219412,\"7\":287825},\"fitted\":{\"0\":288383.0000000019,\"1\":207408.0000000006,\"2\":219269.0000000008,\"3\":290551.0000000007,\"4\":288383.0000000014,\"5\":207408.0000000003,\"6\":219269.0000000004,\"7\":290551.0000000002},\"ret\":{\"0\":-0.0023148061,\"1\":0.0010549341,\"2\":-0.0000710779,\"3\":0.0013617334,\"4\":0.0023527967,\"5\":-0.0010442509,\"6\":0.0000711242,\"7\":-0.0013490166}}", "rel_entropy": 6.143679410540684e-05, "formula": "count ~ mut * base - mut : base", "deviance": 247.12606382852908}, "pos10": {"prob": 0, "df": 3, "stats": "{\"mut\":{\"0\":\"M\",\"1\":\"M\",\"2\":\"M\",\"3\":\"M\",\"4\":\"R\",\"5\":\"R\",\"6\":\"R\",\"7\":\"R\"},\"base\":{\"0\":\"A\",\"1\":\"C\",\"2\":\"G\",\"3\":\"T\",\"4\":\"A\",\"5\":\"C\",\"6\":\"G\",\"7\":\"T\"},\"count\":{\"0\":223477,\"1\":208857,\"2\":258859,\"3\":314418,\"4\":299602,\"5\":205154,\"6\":247375,\"7\":253480},\"fitted\":{\"0\":261539.4999999983,\"1\":207005.4999999999,\"2\":253116.9999999999,\"3\":283948.9999999996,\"4\":261539.4999999988,\"5\":207005.5000000003,\"6\":253117.0000000004,\"7\":283949.0000000001},\"ret\":{\"0\":-0.0174758195,\"1\":0.0009246893,\"2\":0.0028871214,\"3\":0.0159346941,\"4\":0.0202398367,\"5\":-0.0009164553,\"6\":-0.0028223502,\"7\":-0.0143059512}}", "rel_entropy": 0.004465765406370019, "formula": "count ~ mut * base - mut : base", "deviance": 17963.291264260646}, "pos8": {"prob": 0, "df": 3, "stats": "{\"mut\":{\"0\":\"M\",\"1\":\"M\",\"2\":\"M\",\"3\":\"M\",\"4\":\"R\",\"5\":\"R\",\"6\":\"R\",\"7\":\"R\"},\"base\":{\"0\":\"A\",\"1\":\"C\",\"2\":\"G\",\"3\":\"T\",\"4\":\"A\",\"5\":\"C\",\"6\":\"G\",\"7\":\"T\"},\"count\":{\"0\":305247,\"1\":215528,\"2\":246479,\"3\":238357,\"4\":295756,\"5\":219651,\"6\":226514,\"7\":263690},\"fitted\":{\"0\":300501.4999999979,\"1\":217589.4999999996,\"2\":236496.5000000178,\"3\":251023.5000000819,\"4\":300501.4999999973,\"5\":217589.4999999992,\"6\":236496.5000000174,\"7\":251023.5000000815},\"ret\":{\"0\":0.0023780441,\"1\":-0.0010201278,\"2\":0.0050667092,\"3\":-0.0061362758,\"4\":-0.0023407813,\"5\":0.001029839,\"6\":-0.0048571422,\"7\":0.0064541998}}", "rel_entropy": 0.0005744650599555462, "formula": "count ~ mut * base - mut : base", "deviance": 2310.753533627827}, "pos11": {"prob": 0, "df": 3, "stats": "{\"mut\":{\"0\":\"M\",\"1\":\"M\",\"2\":\"M\",\"3\":\"M\",\"4\":\"R\",\"5\":\"R\",\"6\":\"R\",\"7\":\"R\"},\"base\":{\"0\":\"A\",\"1\":\"C\",\"2\":\"G\",\"3\":\"T\",\"4\":\"A\",\"5\":\"C\",\"6\":\"G\",\"7\":\"T\"},\"count\":{\"0\":308911,\"1\":199996,\"2\":246743,\"3\":249961,\"4\":306661,\"5\":204838,\"6\":226523,\"7\":267589},\"fitted\":{\"0\":307786.0000000026,\"1\":202417.000000001,\"2\":236633.0000000217,\"3\":258775.0000000051,\"4\":307786.000000002,\"5\":202417.0000000006,\"6\":236633.0000000213,\"7\":258775.0000000046},\"ret\":{\"0\":0.0005603825,\"1\":-0.0011965182,\"2\":0.0051326806,\"3\":-0.0043069147,\"4\":-0.0005583379,\"5\":0.0012109159,\"6\":-0.0049178485,\"7\":0.0044562106}}", "rel_entropy": 0.00038057021093129787, "formula": "count ~ mut * base - mut : base", "deviance": 1530.8223615393335}, "pos13": {"prob": 4.040158715872639e-05, "df": 3, "stats": "{\"mut\":{\"0\":\"M\",\"1\":\"M\",\"2\":\"M\",\"3\":\"M\",\"4\":\"R\",\"5\":\"R\",\"6\":\"R\",\"7\":\"R\"},\"base\":{\"0\":\"A\",\"1\":\"C\",\"2\":\"G\",\"3\":\"T\",\"4\":\"A\",\"5\":\"C\",\"6\":\"G\",\"7\":\"T\"},\"count\":{\"0\":287759,\"1\":205226,\"2\":223725,\"3\":288901,\"4\":290478,\"5\":205352,\"6\":223235,\"7\":286546},\"fitted\":{\"0\":289118.4999999996,\"1\":205288.9999999995,\"2\":223480.0,\"3\":287723.4999999995,\"4\":289118.5000000001,\"5\":205288.9999999998,\"6\":223480.0000000003,\"7\":287723.5},\"ret\":{\"0\":-0.0006743655,\"1\":-0.0000313194,\"2\":0.0001218832,\"3\":0.0005866613,\"4\":0.000677544,\"5\":0.000031329,\"6\":-0.0001217497,\"7\":-0.0005842653}}", "rel_entropy": 5.717678651395372e-06, "formula": "count ~ mut * base - mut : base", "deviance": 22.999042185233407}, "pos3": {"prob": 1.2825917394283174e-09, "df": 3, "stats": "{\"mut\":{\"0\":\"M\",\"1\":\"M\",\"2\":\"M\",\"3\":\"M\",\"4\":\"R\",\"5\":\"R\",\"6\":\"R\",\"7\":\"R\"},\"base\":{\"0\":\"A\",\"1\":\"C\",\"2\":\"G\",\"3\":\"T\",\"4\":\"A\",\"5\":\"C\",\"6\":\"G\",\"7\":\"T\"},\"count\":{\"0\":297652,\"1\":202346,\"2\":225148,\"3\":280465,\"4\":294699,\"5\":201339,\"6\":225196,\"7\":284377},\"fitted\":{\"0\":296175.5000000013,\"1\":201842.5000000005,\"2\":225172.0000000005,\"3\":282421.0000000009,\"4\":296175.5000000008,\"5\":201842.5000000001,\"6\":225172.0000000001,\"7\":282421.0000000005},\"ret\":{\"0\":0.0007359577,\"1\":0.0002506573,\"2\":-0.0000119324,\"3\":-0.0009691674,\"4\":-0.0007322978,\"5\":-0.0002500328,\"6\":0.0000119337,\"7\":0.0009759031}}", "rel_entropy": 1.1021304661427913e-05, "formula": "count ~ mut * base - mut : base", "deviance": 44.33258080753274}, "pos16": {"prob": 6.665663707781435e-87, "df": 3, "stats": "{\"mut\":{\"0\":\"M\",\"1\":\"M\",\"2\":\"M\",\"3\":\"M\",\"4\":\"R\",\"5\":\"R\",\"6\":\"R\",\"7\":\"R\"},\"base\":{\"0\":\"A\",\"1\":\"C\",\"2\":\"G\",\"3\":\"T\",\"4\":\"A\",\"5\":\"C\",\"6\":\"G\",\"7\":\"T\"},\"count\":{\"0\":288299,\"1\":207948,\"2\":216332,\"3\":293032,\"4\":292059,\"5\":200586,\"6\":225529,\"7\":287437},\"fitted\":{\"0\":290178.9999999991,\"1\":204266.9999999999,\"2\":220930.5000000001,\"3\":290234.5000000002,\"4\":290178.9999999991,\"5\":204266.9999999999,\"6\":220930.5000000001,\"7\":290234.5000000002},\"ret\":{\"0\":-0.0009317205,\"1\":0.0018466233,\"2\":-0.002262459,\"3\":0.0013976275,\"4\":0.0009377766,\"5\":-0.0018136398,\"6\":0.0023100526,\"7\":-0.0013842203}}", "rel_entropy": 0.0001000403484510237, "formula": "count ~ mut * base - mut : base", "deviance": 402.40669938472956}, "pos2": {"prob": 1.513239685279679e-40, "df": 3,