{"pos1": {"deviance": 4.252950700623572, "prob": 0.23541369632207, "stats": "{\"strand\":{\"0\":\"+\",\"1\":\"+\",\"2\":\"+\",\"3\":\"+\",\"4\":\"+\",\"5\":\"+\",\"6\":\"+\",\"7\":\"+\",\"8\":\"-\",\"9\":\"-\",\"10\":\"-\",\"11\":\"-\",\"12\":\"-\",\"13\":\"-\",\"14\":\"-\",\"15\":\"-\"},\"mut\":{\"0\":\"M\",\"1\":\"M\",\"2\":\"M\",\"3\":\"M\",\"4\":\"R\",\"5\":\"R\",\"6\":\"R\",\"7\":\"R\",\"8\":\"M\",\"9\":\"M\",\"10\":\"M\",\"11\":\"M\",\"12\":\"R\",\"13\":\"R\",\"14\":\"R\",\"15\":\"R\"},\"base\":{\"0\":\"A\",\"1\":\"C\",\"2\":\"G\",\"3\":\"T\",\"4\":\"A\",\"5\":\"C\",\"6\":\"G\",\"7\":\"T\",\"8\":\"A\",\"9\":\"C\",\"10\":\"G\",\"11\":\"T\",\"12\":\"A\",\"13\":\"C\",\"14\":\"G\",\"15\":\"T\"},\"count\":{\"0\":218788,\"1\":226112,\"2\":100817,\"3\":214600,\"4\":251749,\"5\":182552,\"6\":149201,\"7\":176815,\"8\":219625,\"9\":226875,\"10\":101914,\"11\":215072,\"12\":253213,\"13\":183784,\"14\":149221,\"15\":177268},\"fitted\":{\"0\":218665.9480659707,\"1\":225936.9258279841,\"2\":101136.5445594176,\"3\":214577.581546623,\"4\":251871.0519340255,\"5\":182727.074172015,\"6\":148881.4554405816,\"7\":176837.418453376,\"8\":219747.0519340262,\"9\":227050.074172015,\"10\":101594.4554405816,\"11\":215094.418453376,\"12\":253090.9480659726,\"13\":183608.9258279846,\"14\":149540.5445594178,\"15\":177245.5815466233},\"ret\":{\"0\":0.0000400596,\"1\":0.0000574687,\"2\":-0.0001046852,\"3\":0.0000073565,\"4\":-0.0000400388,\"5\":-0.0000574189,\"6\":0.0001049634,\"7\":-0.0000073556,\"8\":-0.0000400373,\"9\":-0.0000574243,\"10\":0.0001050157,\"11\":-0.0000073557,\"12\":0.0000400581,\"13\":0.0000574738,\"14\":-0.0001047389,\"15\":0.0000073566}}", "rel_entropy": 6.977527115748512e-07, "formula": "count ~ strand * mut * base - strand : mut : base", "df": 3}, "pos2": {"deviance": 8.376742686553996, "prob": 0.03883463935939305, "stats": "{\"strand\":{\"0\":\"+\",\"1\":\"+\",\"2\":\"+\",\"3\":\"+\",\"4\":\"+\",\"5\":\"+\",\"6\":\"+\",\"7\":\"+\",\"8\":\"-\",\"9\":\"-\",\"10\":\"-\",\"11\":\"-\",\"12\":\"-\",\"13\":\"-\",\"14\":\"-\",\"15\":\"-\"},\"mut\":{\"0\":\"M\",\"1\":\"M\",\"2\":\"M\",\"3\":\"M\",\"4\":\"R\",\"5\":\"R\",\"6\":\"R\",\"7\":\"R\",\"8\":\"M\",\"9\":\"M\",\"10\":\"M\",\"11\":\"M\",\"12\":\"R\",\"13\":\"R\",\"14\":\"R\",\"15\":\"R\"},\"base\":{\"0\":\"A\",\"1\":\"C\",\"2\":\"G\",\"3\":\"T\",\"4\":\"A\",\"5\":\"C\",\"6\":\"G\",\"7\":\"T\",\"8\":\"A\",\"9\":\"C\",\"10\":\"G\",\"11\":\"T\",\"12\":\"A\",\"13\":\"C\",\"14\":\"G\",\"15\":\"T\"},\"count\":{\"0\":158330,\"1\":126662,\"2\":137275,\"3\":338050,\"4\":252589,\"5\":126200,\"6\":173148,\"7\":208380,\"8\":158076,\"9\":127650,\"10\":137790,\"11\":339970,\"12\":254933,\"13\":126208,\"14\":173403,\"15\":208942},\"fitted\":{\"0\":157803.1018973582,\"1\":126906.977121686,\"2\":137363.2424572411,\"3\":338243.6785237212,\"4\":253115.8981026464,\"5\":125955.0228783148,\"6\":173059.7575427603,\"7\":208186.3214762806,\"8\":158602.8981026463,\"9\":127405.0228783147,\"10\":137701.75754276,\"11\":339776.3214762814,\"12\":254406.101897355,\"13\":126452.9771216859,\"14\":173491.2424572413,\"15\":209135.6785237202},\"ret\":{\"0\":0.0001731775,\"1\":-0.0000803058,\"2\":-0.0000289454,\"3\":-0.0000635328,\"4\":-0.0001727091,\"5\":0.0000804616,\"6\":0.0000289621,\"7\":0.0000635806,\"8\":-0.0001726017,\"9\":0.0000804607,\"10\":0.000028964,\"11\":0.0000635691,\"12\":0.0001730681,\"13\":-0.0000803055,\"14\":-0.0000289473,\"15\":-0.0000635216}}", "rel_entropy": 1.3743152307998467e-06, "formula": "count ~ strand * mut * base - strand : mut : base", "df": 3}, "pos3": {"deviance": 6.351819602071075, "prob": 0.09569317390726431, "stats": "{\"strand\":{\"0\":\"+\",\"1\":\"+\",\"2\":\"+\",\"3\":\"+\",\"4\":\"+\",\"5\":\"+\",\"6\":\"+\",\"7\":\"+\",\"8\":\"-\",\"9\":\"-\",\"10\":\"-\",\"11\":\"-\",\"12\":\"-\",\"13\":\"-\",\"14\":\"-\",\"15\":\"-\"},\"mut\":{\"0\":\"M\",\"1\":\"M\",\"2\":\"M\",\"3\":\"M\",\"4\":\"R\",\"5\":\"R\",\"6\":\"R\",\"7\":\"R\",\"8\":\"M\",\"9\":\"M\",\"10\":\"M\",\"11\":\"M\",\"12\":\"R\",\"13\":\"R\",\"14\":\"R\",\"15\":\"R\"},\"base\":{\"0\":\"A\",\"1\":\"C\",\"2\":\"G\",\"3\":\"T\",\"4\":\"A\",\"5\":\"C\",\"6\":\"G\",\"7\":\"T\",\"8\":\"A\",\"9\":\"C\",\"10\":\"G\",\"11\":\"T\",\"12\":\"A\",\"13\":\"C\",\"14\":\"G\",\"15\":\"T\"},\"count\":{\"0\":275461,\"1\":119421,\"2\":159027,\"3\":206408,\"4\":261982,\"5\":133488,\"6\":147777,\"7\":217070,\"8\":277874,\"9\":120007,\"10\":158664,\"11\":206941,\"12\":262399,\"13\":134005,\"14\":147999,\"15\":219083},\"fitted\":{\"0\":275935.8252243568,\"1\":119451.0918284454,\"2\":158879.0696335575,\"3\":206051.0133136421,\"4\":261507.1747756439,\"5\":133457.9081715556,\"6\":147924.9303664438,\"7\":217426.9866863591,\"8\":277399.1747756437,\"9\":119976.9081715554,\"10\":158811.9303664436,\"11\":207297.9866863598,\"12\":262873.8252243584,\"13\":134035.0918284451,\"14\":147851.0696335574,\"15\":218726.0133136421},\"ret\":{\"0\":-0.0001556686,\"1\":-0.0000098727,\"2\":0.0000485624,\"3\":0.0001172382,\"4\":0.0001559441,\"5\":0.000009875,\"6\":-0.0000485156,\"7\":-0.0001170405,\"8\":0.000155936,\"9\":0.0000098752,\"10\":-0.0000485172,\"11\":-0.0001170358,\"12\":-0.0001556619,\"13\":-0.0000098728,\"14\":0.0000485641,\"15\":0.0001172323}}", "rel_entropy": 1.0420998649548326e-06, "formula": "count ~ strand * mut * base - strand : mut : base", "df": 3}, "pos0": {"deviance": 5.01626369555062, "prob": 0.17061010297682772, "stats": "{\"strand\":{\"0\":\"+\",\"1\":\"+\",\"2\":\"+\",\"3\":\"+\",\"4\":\"+\",\"5\":\"+\",\"6\":\"+\",\"7\":\"+\",\"8\":\"-\",\"9\":\"-\",\"10\":\"-\",\"11\":\"-\",\"12\":\"-\",\"13\":\"-\",\"14\":\"-\",\"15\":\"-\"},\"mut\":{\"0\":\"M\",\"1\":\"M\",\"2\":\"M\",\"3\":\"M\",\"4\":\"R\",\"5\":\"R\",\"6\":\"R\",\"7\":\"R\",\"8\":\"M\",\"9\":\"M\",\"10\":\"M\",\"11\":\"M\",\"12\":\"R\",\"13\":\"R\",\"14\":\"R\",\"15\":\"R\"},\"base\":{\"0\":\"A\",\"1\":\"C\",\"2\":\"G\",\"3\":\"T\",\"4\":\"A\",\"5\":\"C\",\"6\":\"G\",\"7\":\"T\",\"8\":\"A\",\"9\":\"C\",\"10\":\"G\",\"11\":\"T\",\"12\":\"A\",\"13\":\"C\",\"14\":\"G\",\"15\":\"T\"},\"count\":{\"0\":244880,\"1\":211075,\"2\":139217,\"3\":165145,\"4\":262392,\"5\":130967,\"6\":152778,\"7\":214180,\"8\":246897,\"9\":210991,\"10\":139827,\"11\":165771,\"12\":262818,\"13\":131884,\"14\":153568,\"15\":215216},\"fitted\":{\"0\":245283.648571879,\"1\":210767.2970641036,\"2\":139180.1706604726,\"3\":165085.8837035416,\"4\":261988.3514281191,\"5\":131274.7029358959,\"6\":152814.8293395272,\"7\":214239.1162964577,\"8\":246493.3514281188,\"9\":211298.7029358962,\"10\":139863.8293395273,\"11\":165830.1162964579,\"12\":263221.6485718813,\"13\":131576.2970641042,\"14\":153531.170660473,\"15\":215156.883703542},\"ret\":{\"0\":-0.0001323387,\"1\":0.0001010391,\"2\":0.0000120863,\"3\":0.0000194011,\"4\":0.0001325497,\"5\":-0.000100847,\"6\":-0.0000120832,\"7\":-0.0000193949,\"8\":0.0001325561,\"9\":-0.0001008919,\"10\":-0.0000120831,\"11\":-0.0000193942,\"12\":-0.0001323461,\"13\":0.0001010834,\"14\":0.0000120861,\"15\":0.0000194003}}", "rel_entropy": 8.229842859527478e-07, "formula": "count ~ strand * mut * base - strand : mut : base", "df": 3}}