{"pos1": {"stats": "{\"mut\":{\"0\":\"M\",\"1\":\"M\",\"2\":\"M\",\"3\":\"M\",\"4\":\"R\",\"5\":\"R\",\"6\":\"R\",\"7\":\"R\"},\"base\":{\"0\":\"A\",\"1\":\"C\",\"2\":\"G\",\"3\":\"T\",\"4\":\"A\",\"5\":\"C\",\"6\":\"G\",\"7\":\"T\"},\"count\":{\"0\":34858,\"1\":40892,\"2\":31839,\"3\":25702,\"4\":32992,\"5\":33811,\"6\":27593,\"7\":38895},\"fitted\":{\"0\":33925.0,\"1\":37351.5000000001,\"2\":29716.0,\"3\":32298.5,\"4\":33925.0,\"5\":37351.5000000001,\"6\":29716.0,\"7\":32298.5},\"ret\":{\"0\":0.0035475523,\"1\":0.0138915444,\"2\":0.008241714,\"3\":-0.0220257661,\"4\":-0.0034512875,\"5\":-0.012630755,\"6\":-0.0076722729,\"7\":0.0271152519}}", "df": 3, "rel_entropy": 0.007015981123979416, "prob": 0, "formula": "count ~ mut * base - mut : base", "deviance": 3740.6685599853613}, "pos2": {"stats": "{\"mut\":{\"0\":\"M\",\"1\":\"M\",\"2\":\"M\",\"3\":\"M\",\"4\":\"R\",\"5\":\"R\",\"6\":\"R\",\"7\":\"R\"},\"base\":{\"0\":\"A\",\"1\":\"C\",\"2\":\"G\",\"3\":\"T\",\"4\":\"A\",\"5\":\"C\",\"6\":\"G\",\"7\":\"T\"},\"count\":{\"0\":15058,\"1\":18114,\"2\":82310,\"3\":17809,\"4\":47358,\"5\":33566,\"6\":6662,\"7\":45705},\"fitted\":{\"0\":31207.9999859744,\"1\":25839.9999883851,\"2\":44486.0002295698,\"3\":31756.9999857262,\"4\":31208.0000215221,\"5\":25840.0000178183,\"6\":44486.0002802419,\"7\":31757.0000218992},\"ret\":{\"0\":-0.0411646108,\"1\":-0.024138131,\"2\":0.189985934,\"3\":-0.0386406055,\"4\":0.0740904803,\"5\":0.0329374412,\"6\":-0.0474507074,\"7\":0.0624233457}}", "df": 3, "rel_entropy": 0.20804314849301891, "prob": 0, "formula": "count ~ mut * base - mut : base", "deviance": 110921.11722313194}, "pos0": {"stats": "{\"mut\":{\"0\":\"M\",\"1\":\"M\",\"2\":\"M\",\"3\":\"M\",\"4\":\"R\",\"5\":\"R\",\"6\":\"R\",\"7\":\"R\"},\"base\":{\"0\":\"A\",\"1\":\"C\",\"2\":\"G\",\"3\":\"T\",\"4\":\"A\",\"5\":\"C\",\"6\":\"G\",\"7\":\"T\"},\"count\":{\"0\":29647,\"1\":34842,\"2\":37109,\"3\":31693,\"4\":35000,\"5\":30740,\"6\":27681,\"7\":39870},\"fitted\":{\"0\":32323.4999999998,\"1\":32791.0,\"2\":32394.9999999999,\"3\":35781.5,\"4\":32323.4999999998,\"5\":32791.0,\"6\":32394.9999999999,\"7\":35781.5},\"ret\":{\"0\":-0.0096124132,\"1\":0.0079294386,\"2\":0.0189114773,\"3\":-0.0144251125,\"4\":0.0104447185,\"5\":-0.007447902,\"6\":-0.0163291372,\"7\":0.0161813676}}", "df": 3, "rel_entropy": 0.00565243713436164, "prob": 0, "formula": "count ~ mut * base - mut : base", "deviance": 3013.6759923047894}, "pos3": {"stats": "{\"mut\":{\"0\":\"M\",\"1\":\"M\",\"2\":\"M\",\"3\":\"M\",\"4\":\"R\",\"5\":\"R\",\"6\":\"R\",\"7\":\"R\"},\"base\":{\"0\":\"A\",\"1\":\"C\",\"2\":\"G\",\"3\":\"T\",\"4\":\"A\",\"5\":\"C\",\"6\":\"G\",\"7\":\"T\"},\"count\":{\"0\":24474,\"1\":36254,\"2\":41438,\"3\":31125,\"4\":34133,\"5\":30634,\"6\":29839,\"7\":38685},\"fitted\":{\"0\":29303.5,\"1\":33444.0,\"2\":35638.5,\"3\":34905.0000000001,\"4\":29303.5,\"5\":33444.0,\"6\":35638.5,\"7\":34905.0000000001},\"ret\":{\"0\":-0.0165339765,\"1\":0.0109717671,\"2\":0.0234362511,\"3\":-0.0133824039,\"4\":0.0195333962,\"5\":-0.0100850691,\"6\":-0.0198802331,\"7\":0.0149209736}}", "df": 3, "rel_entropy": 0.00898070535916845, "prob": 0, "formula": "count ~ mut * base - mut : base", "deviance": 4788.188792115688}}