{"('pos1', 'pos2')": {"stats": "{\"mut\":{\"0\":\"M\",\"1\":\"M\",\"2\":\"M\",\"3\":\"M\",\"4\":\"M\",\"5\":\"M\",\"6\":\"M\",\"7\":\"M\",\"8\":\"M\",\"9\":\"M\",\"10\":\"M\",\"11\":\"M\",\"12\":\"M\",\"13\":\"M\",\"14\":\"M\",\"15\":\"M\",\"16\":\"R\",\"17\":\"R\",\"18\":\"R\",\"19\":\"R\",\"20\":\"R\",\"21\":\"R\",\"22\":\"R\",\"23\":\"R\",\"24\":\"R\",\"25\":\"R\",\"26\":\"R\",\"27\":\"R\",\"28\":\"R\",\"29\":\"R\",\"30\":\"R\",\"31\":\"R\"},\"base1\":{\"0\":\"A\",\"1\":\"A\",\"2\":\"A\",\"3\":\"A\",\"4\":\"C\",\"5\":\"C\",\"6\":\"C\",\"7\":\"C\",\"8\":\"G\",\"9\":\"G\",\"10\":\"G\",\"11\":\"G\",\"12\":\"T\",\"13\":\"T\",\"14\":\"T\",\"15\":\"T\",\"16\":\"A\",\"17\":\"A\",\"18\":\"A\",\"19\":\"A\",\"20\":\"C\",\"21\":\"C\",\"22\":\"C\",\"23\":\"C\",\"24\":\"G\",\"25\":\"G\",\"26\":\"G\",\"27\":\"G\",\"28\":\"T\",\"29\":\"T\",\"30\":\"T\",\"31\":\"T\"},\"base2\":{\"0\":\"A\",\"1\":\"C\",\"2\":\"G\",\"3\":\"T\",\"4\":\"A\",\"5\":\"C\",\"6\":\"G\",\"7\":\"T\",\"8\":\"A\",\"9\":\"C\",\"10\":\"G\",\"11\":\"T\",\"12\":\"A\",\"13\":\"C\",\"14\":\"G\",\"15\":\"T\",\"16\":\"A\",\"17\":\"C\",\"18\":\"G\",\"19\":\"T\",\"20\":\"A\",\"21\":\"C\",\"22\":\"G\",\"23\":\"T\",\"24\":\"A\",\"25\":\"C\",\"26\":\"G\",\"27\":\"T\",\"28\":\"A\",\"29\":\"C\",\"30\":\"G\",\"31\":\"T\"},\"count\":{\"0\":4462,\"1\":4276,\"2\":22488,\"3\":3632,\"4\":4094,\"5\":4507,\"6\":26749,\"7\":5542,\"8\":3387,\"9\":4667,\"10\":18975,\"11\":4810,\"12\":3115,\"13\":4664,\"14\":14098,\"15\":3825,\"16\":13250,\"17\":7473,\"18\":1747,\"19\":10522,\"20\":11966,\"21\":8553,\"22\":1794,\"23\":11498,\"24\":9266,\"25\":7616,\"26\":1612,\"27\":9099,\"28\":12876,\"29\":9924,\"30\":1509,\"31\":14586},\"fitted\":{\"0\":4296.4195759759,\"1\":4150.1747509306,\"2\":22404.4940880359,\"3\":4006.911585292,\"4\":4204.3477334083,\"5\":4921.8019750951,\"6\":26581.7052069683,\"7\":5184.1450846943,\"8\":3439.1674115894,\"9\":4777.5984130243,\"10\":19238.382563306,\"11\":4383.8516121601,\"12\":3118.0652790698,\"13\":4264.4248611468,\"14\":14085.4181417021,\"15\":4234.0917186109,\"16\":13415.5804240281,\"17\":7598.8252490947,\"18\":1830.5059120989,\"19\":10147.0884149185,\"20\":11855.652266592,\"21\":8138.1980249617,\"22\":1961.2947932278,\"23\":11855.8549154315,\"24\":9213.832588433,\"25\":7505.401586979,\"26\":1348.617436948,\"27\":9525.148387902,\"28\":12872.9347209606,\"29\":10323.5751389836,\"30\":1521.5818583552,\"31\":14176.9082817619},\"ret\":{\"0\":0.0006329417,\"1\":0.0004790783,\"2\":0.0003138297,\"3\":-0.001338417,\"4\":-0.0004084552,\"5\":-0.0014885089,\"6\":0.0006295254,\"7\":0.0013876829,\"8\":-0.0001941982,\"9\":-0.0004100362,\"10\":-0.0009812041,\"11\":0.0016738592,\"12\":-0.0000114928,\"13\":0.0015670091,\"14\":0.000047218,\"15\":-0.0014579366,\"16\":-0.0006172749,\"17\":-0.000468065,\"18\":-0.0003059904,\"19\":0.0014320317,\"20\":0.0004158558,\"21\":0.0015949989,\"22\":-0.0005999949,\"23\":-0.0013219161,\"24\":0.0001962429,\"25\":0.0004179176,\"26\":0.0010787445,\"27\":-0.0015622591,\"28\":0.0000114998,\"29\":-0.0014694938,\"30\":-0.0000470013,\"31\":0.0015565123}}", "df": 9, "rel_entropy": 0.0007527032800813098, "prob": 7.182227816855311e-81, "formula": "count ~ mut * base1 * base2 - mut : base1 : base2", "deviance": 401.3142916212714}, "('pos2', 'pos3')": {"stats": "{\"mut\":{\"0\":\"M\",\"1\":\"M\",\"2\":\"M\",\"3\":\"M\",\"4\":\"M\",\"5\":\"M\",\"6\":\"M\",\"7\":\"M\",\"8\":\"M\",\"9\":\"M\",\"10\":\"M\",\"11\":\"M\",\"12\":\"M\",\"13\":\"M\",\"14\":\"M\",\"15\":\"M\",\"16\":\"R\",\"17\":\"R\",\"18\":\"R\",\"19\":\"R\",\"20\":\"R\",\"21\":\"R\",\"22\":\"R\",\"23\":\"R\",\"24\":\"R\",\"25\":\"R\",\"26\":\"R\",\"27\":\"R\",\"28\":\"R\",\"29\":\"R\",\"30\":\"R\",\"31\":\"R\"},\"base1\":{\"0\":\"A\",\"1\":\"A\",\"2\":\"A\",\"3\":\"A\",\"4\":\"C\",\"5\":\"C\",\"6\":\"C\",\"7\":\"C\",\"8\":\"G\",\"9\":\"G\",\"10\":\"G\",\"11\":\"G\",\"12\":\"T\",\"13\":\"T\",\"14\":\"T\",\"15\":\"T\",\"16\":\"A\",\"17\":\"A\",\"18\":\"A\",\"19\":\"A\",\"20\":\"C\",\"21\":\"C\",\"22\":\"C\",\"23\":\"C\",\"24\":\"G\",\"25\":\"G\",\"26\":\"G\",\"27\":\"G\",\"28\":\"T\",\"29\":\"T\",\"30\":\"T\",\"31\":\"T\"},\"base2\":{\"0\":\"A\",\"1\":\"C\",\"2\":\"G\",\"3\":\"T\",\"4\":\"A\",\"5\":\"C\",\"6\":\"G\",\"7\":\"T\",\"8\":\"A\",\"9\":\"C\",\"10\":\"G\",\"11\":\"T\",\"12\":\"A\",\"13\":\"C\",\"14\":\"G\",\"15\":\"T\",\"16\":\"A\",\"17\":\"C\",\"18\":\"G\",\"19\":\"T\",\"20\":\"A\",\"21\":\"C\",\"22\":\"G\",\"23\":\"T\",\"24\":\"A\",\"25\":\"C\",\"26\":\"G\",\"27\":\"T\",\"28\":\"A\",\"29\":\"C\",\"30\":\"G\",\"31\":\"T\"},\"count\":{\"0\":2492,\"1\":4047,\"2\":4766,\"3\":3753,\"4\":4414,\"5\":5628,\"6\":2048,\"7\":6024,\"8\":15967,\"9\":20970,\"10\":28567,\"11\":16806,\"12\":1601,\"13\":5609,\"14\":6057,\"15\":4542,\"16\":12436,\"17\":9638,\"18\":13255,\"19\":12029,\"20\":11838,\"21\":8446,\"22\":1769,\"23\":11513,\"24\":1481,\"25\":1617,\"26\":1808,\"27\":1756,\"28\":8378,\"29\":10933,\"30\":13007,\"31\":13387},\"fitted\":{\"0\":2539.7291273216,\"1\":3864.1915640745,\"2\":5150.0308238331,\"3\":3504.0484847708,\"4\":4478.1257635812,\"5\":5938.6508400948,\"6\":1626.2591887972,\"7\":6070.9642075268,\"8\":15513.6776253826,\"9\":21209.1478709066,\"10\":28551.0445621256,\"11\":17036.129941585,\"12\":1942.4674837147,\"13\":5242.009724924,\"14\":6110.665425244,\"15\":4513.8573661173,\"16\":12388.2708726784,\"17\":9820.8084359255,\"18\":12870.9691761668,\"19\":12277.9515152292,\"20\":11773.8742364188,\"21\":8135.3491599051,\"22\":2190.7408112028,\"23\":11466.0357924732,\"24\":1934.3223746174,\"25\":1377.8521290933,\"26\":1823.9554378743,\"27\":1525.8700584149,\"28\":8036.5325162853,\"29\":11299.990275076,\"30\":12953.3345747559,\"31\":13415.1426338827},\"ret\":{\"0\":-0.0001773481,\"1\":0.0007017203,\"2\":-0.001385475,\"3\":0.0009662799,\"4\":-0.0002388174,\"5\":-0.0011342861,\"6\":0.0017714269,\"7\":-0.0001754885,\"8\":0.0017251053,\"9\":-0.0008920126,\"10\":0.0000598686,\"11\":-0.0008574043,\"12\":-0.0011610774,\"13\":0.0014237531,\"14\":-0.0002004227,\"15\":0.0001058968,\"16\":0.0001793855,\"17\":-0.000679327,\"18\":0.0014618535,\"19\":-0.0009243324,\"20\":0.0002412019,\"21\":0.0011872816,\"22\":-0.0014189144,\"23\":0.000176532,\"24\":-0.0014835418,\"25\":0.0009707915,\"26\":-0.0000595893,\"27\":0.0009253132,\"28\":0.0013077449,\"29\":-0.0013540498,\"30\":0.0002017257,\"31\":-0.0001054576}}", "df": 9, "rel_entropy": 0.0011583362269700593, "prob": 3.5207608830626335e-127, "formula": "count ~ mut * base1 * base2 - mut : base1 : base2", "deviance": 617.5831761162647},