{"pos1": {"df": 3, "formula": "count ~ mut * base - mut : base", "prob": 3.990968454113339e-46, "rel_entropy": 0.013533607680136166, "deviance": 213.99340463831305, "stats": "{\"mut\":{\"0\":\"M\",\"1\":\"M\",\"2\":\"M\",\"3\":\"M\",\"4\":\"R\",\"5\":\"R\",\"6\":\"R\",\"7\":\"R\"},\"base\":{\"0\":\"A\",\"1\":\"C\",\"2\":\"G\",\"3\":\"T\",\"4\":\"A\",\"5\":\"C\",\"6\":\"G\",\"7\":\"T\"},\"count\":{\"0\":1726,\"1\":824,\"2\":831,\"3\":572,\"4\":1105,\"5\":1067,\"6\":1036,\"7\":745},\"fitted\":{\"0\":1415.5,\"1\":945.5,\"2\":933.5,\"3\":658.5,\"4\":1415.5,\"5\":945.5,\"6\":933.5,\"7\":658.5},\"ret\":{\"0\":0.0432970936,\"1\":-0.0143354069,\"2\":-0.0122254719,\"3\":-0.0101887431,\"4\":-0.0346116149,\"5\":0.0163157288,\"6\":0.013651909,\"7\":0.0116301131}}"}, "pos2": {"df": 3, "formula": "count ~ mut * base - mut : base", "prob": 3.928116622828011e-35, "rel_entropy": 0.010314923229806254, "deviance": 163.0995661096965, "stats": "{\"mut\":{\"0\":\"M\",\"1\":\"M\",\"2\":\"M\",\"3\":\"M\",\"4\":\"R\",\"5\":\"R\",\"6\":\"R\",\"7\":\"R\"},\"base\":{\"0\":\"A\",\"1\":\"C\",\"2\":\"G\",\"3\":\"T\",\"4\":\"A\",\"5\":\"C\",\"6\":\"G\",\"7\":\"T\"},\"count\":{\"0\":912,\"1\":1258,\"2\":1078,\"3\":705,\"4\":1135,\"5\":795,\"6\":1084,\"7\":939},\"fitted\":{\"0\":1023.5,\"1\":1026.5,\"2\":1081.0,\"3\":822.0,\"4\":1023.5,\"5\":1026.5,\"6\":1081.0,\"7\":822.0},\"ret\":{\"0\":-0.0133054888,\"1\":0.0323598781,\"2\":-0.0003789316,\"3\":-0.0136918198,\"4\":0.0148449451,\"5\":-0.0256990459,\"6\":0.0003799847,\"7\":0.0158054015}}"}, "pos0": {"df": 3, "formula": "count ~ mut * base - mut : base", "prob": 2.051818118022959e-31, "rel_entropy": 0.009225114598425312, "deviance": 145.86751203030104, "stats": "{\"mut\":{\"0\":\"M\",\"1\":\"M\",\"2\":\"M\",\"3\":\"M\",\"4\":\"R\",\"5\":\"R\",\"6\":\"R\",\"7\":\"R\"},\"base\":{\"0\":\"A\",\"1\":\"C\",\"2\":\"G\",\"3\":\"T\",\"4\":\"A\",\"5\":\"C\",\"6\":\"G\",\"7\":\"T\"},\"count\":{\"0\":903,\"1\":1165,\"2\":1120,\"3\":765,\"4\":1095,\"5\":774,\"6\":1035,\"7\":1049},\"fitted\":{\"0\":999.0,\"1\":969.5,\"2\":1077.5,\"3\":907.0,\"4\":999.0,\"5\":969.5,\"6\":1077.5,\"7\":907.0},\"ret\":{\"0\":-0.0115396028,\"1\":0.0270687722,\"2\":0.0054803136,\"3\":-0.0164753303,\"4\":0.0127082691,\"5\":-0.0220479961,\"6\":-0.0052682254,\"7\":0.0192989142}}"}, "pos3": {"df": 3, "formula": "count ~ mut * base - mut : base", "prob": 2.9018324038331705e-07, "rel_entropy": 0.002100595633134834, "deviance": 33.21461815112799, "stats": "{\"mut\":{\"0\":\"M\",\"1\":\"M\",\"2\":\"M\",\"3\":\"M\",\"4\":\"R\",\"5\":\"R\",\"6\":\"R\",\"7\":\"R\"},\"base\":{\"0\":\"A\",\"1\":\"C\",\"2\":\"G\",\"3\":\"T\",\"4\":\"A\",\"5\":\"C\",\"6\":\"G\",\"7\":\"T\"},\"count\":{\"0\":1140,\"1\":1071,\"2\":875,\"3\":867,\"4\":1167,\"5\":864,\"6\":922,\"7\":1000},\"fitted\":{\"0\":1153.5,\"1\":967.5,\"2\":898.5,\"3\":933.5,\"4\":1153.5,\"5\":967.5,\"6\":898.5,\"7\":933.5},\"ret\":{\"0\":-0.0016975324,\"1\":0.0137678426,\"2\":-0.0029332112,\"3\":-0.0081043539,\"4\":0.0017175174,\"5\":-0.012364692,\"6\":0.0030109629,\"7\":0.0087040622}}"}}