{"('pos1', 'pos3')": {"df": 9, "formula": "count ~ mut * base1 * base2 - mut : base1 : base2", "prob": 1.4394615230714333e-06, "rel_entropy": 0.0027797654152143343, "deviance": 43.95365074536905, "stats": "{\"mut\":{\"0\":\"M\",\"1\":\"M\",\"2\":\"M\",\"3\":\"M\",\"4\":\"M\",\"5\":\"M\",\"6\":\"M\",\"7\":\"M\",\"8\":\"M\",\"9\":\"M\",\"10\":\"M\",\"11\":\"M\",\"12\":\"M\",\"13\":\"M\",\"14\":\"M\",\"15\":\"M\",\"16\":\"R\",\"17\":\"R\",\"18\":\"R\",\"19\":\"R\",\"20\":\"R\",\"21\":\"R\",\"22\":\"R\",\"23\":\"R\",\"24\":\"R\",\"25\":\"R\",\"26\":\"R\",\"27\":\"R\",\"28\":\"R\",\"29\":\"R\",\"30\":\"R\",\"31\":\"R\"},\"base1\":{\"0\":\"A\",\"1\":\"A\",\"2\":\"A\",\"3\":\"A\",\"4\":\"C\",\"5\":\"C\",\"6\":\"C\",\"7\":\"C\",\"8\":\"G\",\"9\":\"G\",\"10\":\"G\",\"11\":\"G\",\"12\":\"T\",\"13\":\"T\",\"14\":\"T\",\"15\":\"T\",\"16\":\"A\",\"17\":\"A\",\"18\":\"A\",\"19\":\"A\",\"20\":\"C\",\"21\":\"C\",\"22\":\"C\",\"23\":\"C\",\"24\":\"G\",\"25\":\"G\",\"26\":\"G\",\"27\":\"G\",\"28\":\"T\",\"29\":\"T\",\"30\":\"T\",\"31\":\"T\"},\"base2\":{\"0\":\"A\",\"1\":\"C\",\"2\":\"G\",\"3\":\"T\",\"4\":\"A\",\"5\":\"C\",\"6\":\"G\",\"7\":\"T\",\"8\":\"A\",\"9\":\"C\",\"10\":\"G\",\"11\":\"T\",\"12\":\"A\",\"13\":\"C\",\"14\":\"G\",\"15\":\"T\",\"16\":\"A\",\"17\":\"C\",\"18\":\"G\",\"19\":\"T\",\"20\":\"A\",\"21\":\"C\",\"22\":\"G\",\"23\":\"T\",\"24\":\"A\",\"25\":\"C\",\"26\":\"G\",\"27\":\"T\",\"28\":\"A\",\"29\":\"C\",\"30\":\"G\",\"31\":\"T\"},\"count\":{\"0\":492,\"1\":534,\"2\":316,\"3\":384,\"4\":178,\"5\":263,\"6\":194,\"7\":189,\"8\":266,\"9\":175,\"10\":236,\"11\":154,\"12\":204,\"13\":99,\"14\":129,\"15\":140,\"16\":348,\"17\":217,\"18\":248,\"19\":292,\"20\":276,\"21\":276,\"22\":269,\"23\":246,\"24\":323,\"25\":221,\"26\":265,\"27\":227,\"28\":220,\"29\":150,\"30\":140,\"31\":235},\"fitted\":{\"0\":505.6336319207,\"1\":492.5727290903,\"2\":340.3447024141,\"3\":387.4489365749,\"4\":193.2469374554,\"5\":260.3200389453,\"6\":197.7887497725,\"7\":172.6442738268,\"8\":258.2173251124,\"9\":196.3955172912,\"10\":220.4128304296,\"11\":155.9743271668,\"12\":182.9021055114,\"13\":121.7117146732,\"14\":116.4537173838,\"15\":150.9324624315,\"16\":334.3663680793,\"17\":258.4272709097,\"18\":223.6552975859,\"19\":288.5510634251,\"20\":260.7530625446,\"21\":278.6799610547,\"22\":265.2112502275,\"23\":262.3557261732,\"24\":330.7826748876,\"25\":199.6044827088,\"26\":280.5871695704,\"27\":225.0256728332,\"28\":241.0978944886,\"29\":127.2882853268,\"30\":152.5462826162,\"31\":224.0675375685},\"ret\":{\"0\":-0.0017010059,\"1\":0.0054543997,\"2\":-0.0029664159,\"3\":-0.0004342955,\"4\":-0.0018503645,\"5\":0.000340717,\"6\":-0.0004746051,\"7\":0.0021638123,\"8\":0.0009990892,\"9\":-0.0025531627,\"10\":0.002039687,\"11\":-0.0002481379,\"12\":0.0028169063,\"13\":-0.0025862642,\"14\":0.0016695022,\"15\":-0.0013314706,\"16\":0.0017591553,\"17\":-0.0047955449,\"18\":0.0032410874,\"19\":0.0004388397,\"20\":0.0019838426,\"21\":-0.000337343,\"22\":0.0004826315,\"23\":-0.0020029049,\"24\":-0.0009727286,\"25\":0.002846357,\"26\":-0.0019157568,\"27\":0.0002508175,\"28\":-0.0025482686,\"29\":0.0031149915,\"30\":-0.0015198061,\"31\":0.0014160043}}"}, "('pos0', 'pos2')": {"df": 9, "formula": "count ~ mut * base1 * base2 - mut : base1 : base2", "prob": 6.012240182274707e-07, "rel_entropy": 0.0029094252816855674, "deviance": 46.00383255401219, "stats": "{\"mut\":{\"0\":\"M\",\"1\":\"M\",\"2\":\"M\",\"3\":\"M\",\"4\":\"M\",\"5\":\"M\",\"6\":\"M\",\"7\":\"M\",\"8\":\"M\",\"9\":\"M\",\"10\":\"M\",\"11\":\"M\",\"12\":\"M\",\"13\":\"M\",\"14\":\"M\",\"15\":\"M\",\"16\":\"R\",\"17\":\"R\",\"18\":\"R\",\"19\":\"R\",\"20\":\"R\",\"21\":\"R\",\"22\":\"R\",\"23\":\"R\",\"24\":\"R\",\"25\":\"R\",\"26\":\"R\",\"27\":\"R\",\"28\":\"R\",\"29\":\"R\",\"30\":\"R\",\"31\":\"R\"},\"base1\":{\"0\":\"A\",\"1\":\"A\",\"2\":\"A\",\"3\":\"A\",\"4\":\"C\",\"5\":\"C\",\"6\":\"C\",\"7\":\"C\",\"8\":\"G\",\"9\":\"G\",\"10\":\"G\",\"11\":\"G\",\"12\":\"T\",\"13\":\"T\",\"14\":\"T\",\"15\":\"T\",\"16\":\"A\",\"17\":\"A\",\"18\":\"A\",\"19\":\"A\",\"20\":\"C\",\"21\":\"C\",\"22\":\"C\",\"23\":\"C\",\"24\":\"G\",\"25\":\"G\",\"26\":\"G\",\"27\":\"G\",\"28\":\"T\",\"29\":\"T\",\"30\":\"T\",\"31\":\"T\"},\"base2\":{\"0\":\"A\",\"1\":\"C\",\"2\":\"G\",\"3\":\"T\",\"4\":\"A\",\"5\":\"C\",\"6\":\"G\",\"7\":\"T\",\"8\":\"A\",\"9\":\"C\",\"10\":\"G\",\"11\":\"T\",\"12\":\"A\",\"13\":\"C\",\"14\":\"G\",\"15\":\"T\",\"16\":\"A\",\"17\":\"C\",\"18\":\"G\",\"19\":\"T\",\"20\":\"A\",\"21\":\"C\",\"22\":\"G\",\"23\":\"T\",\"24\":\"A\",\"25\":\"C\",\"26\":\"G\",\"27\":\"T\",\"28\":\"A\",\"29\":\"C\",\"30\":\"G\",\"31\":\"T\"},\"count\":{\"0\":261,\"1\":194,\"2\":235,\"3\":213,\"4\":180,\"5\":516,\"6\":270,\"7\":199,\"8\":275,\"9\":363,\"10\":312,\"11\":170,\"12\":196,\"13\":185,\"14\":261,\"15\":123,\"16\":355,\"17\":191,\"18\":264,\"19\":285,\"20\":167,\"21\":220,\"22\":223,\"23\":164,\"24\":280,\"25\":183,\"26\":342,\"27\":230,\"28\":333,\"29\":201,\"30\":255,\"31\":260},\"fitted\":{\"0\":257.9204766214,\"1\":216.984384151,\"2\":230.6429924181,\"3\":197.4521468095,\"4\":188.0073930641,\"5\":500.1153458784,\"6\":288.5183185527,\"7\":188.3589425048,\"8\":263.1632516385,\"9\":337.3486453535,\"10\":338.9688358716,\"11\":180.5192671364,\"12\":202.908878676,\"13\":203.551624617,\"14\":219.8698531577,\"15\":138.6696435493,\"16\":358.0795233786,\"17\":168.015615849,\"18\":268.3570075819,\"19\":300.5478531905,\"20\":158.9926069359,\"21\":235.8846541216,\"22\":204.4816814473,\"23\":174.6410574952,\"24\":291.8367483615,\"25\":208.6513546465,\"26\":315.0311641284,\"27\":219.4807328636,\"28\":326.091121324,\"29\":182.448375383,\"30\":296.1301468423,\"31\":244.3303564507},\"ret\":{\"0\":0.0003918334,\"1\":-0.0027474883,\"2\":0.0005562743,\"3\":0.0020420602,\"4\":-0.0009909434,\"5\":0.0020407651,\"6\":-0.0022654803,\"7\":0.0013832693,\"8\":0.0015303625,\"9\":0.0033648843,\"10\":-0.0032717374,\"11\":-0.0012909997,\"12\":-0.0008588287,\"13\":-0.0022361888,\"14\":0.0056612046,\"15\":-0.0018655376,\"16\":-0.0003878375,\"17\":0.0030975654,\"18\":-0.0005466032,\"19\":-0.001914821,\"20\":0.0010379117,\"21\":-0.0019399677,\"22\":0.0024453103,\"23\":-0.0013040829,\"24\":-0.0014664039,\"25\":-0.0030363868,\"26\":0.0035531996,\"27\":0.0013619298,\"28\":0.0008830706,\"29\":0.0024619741,\"30\":-0.0048231156,\"31\":0.0020442328}}"}, "('pos0', 'pos3')": {"df": 9, "formula": "count ~ mut * base1 * base2 - mut : base1 : base2", "prob": 4.1825288368108824e-08, "rel_entropy": 0.0032999195341488195, "deviance": 52.178327673961135,