{"pos2": {"stats": "{\"group\":{\"0\":\"1\",\"1\":\"1\",\"2\":\"1\",\"3\":\"1\",\"4\":\"1\",\"5\":\"1\",\"6\":\"1\",\"7\":\"1\",\"8\":\"2\",\"9\":\"2\",\"10\":\"2\",\"11\":\"2\",\"12\":\"2\",\"13\":\"2\",\"14\":\"2\",\"15\":\"2\"},\"mut\":{\"0\":\"M\",\"1\":\"M\",\"2\":\"M\",\"3\":\"M\",\"4\":\"R\",\"5\":\"R\",\"6\":\"R\",\"7\":\"R\",\"8\":\"M\",\"9\":\"M\",\"10\":\"M\",\"11\":\"M\",\"12\":\"R\",\"13\":\"R\",\"14\":\"R\",\"15\":\"R\"},\"base\":{\"0\":\"A\",\"1\":\"C\",\"2\":\"G\",\"3\":\"T\",\"4\":\"A\",\"5\":\"C\",\"6\":\"G\",\"7\":\"T\",\"8\":\"A\",\"9\":\"C\",\"10\":\"G\",\"11\":\"T\",\"12\":\"A\",\"13\":\"C\",\"14\":\"G\",\"15\":\"T\"},\"count\":{\"0\":225958,\"1\":180819,\"2\":208048,\"3\":492947,\"4\":357989,\"5\":191761,\"6\":267455,\"7\":290567,\"8\":2260,\"9\":1999,\"10\":2033,\"11\":4723,\"12\":3536,\"13\":1903,\"14\":2619,\"15\":2957},\"fitted\":{\"0\":225972.1855906939,\"1\":180921.1619213683,\"2\":208043.2194390668,\"3\":492835.4330488754,\"4\":357974.8144093098,\"5\":191658.8380786326,\"6\":267459.7805609343,\"7\":290678.566951127,\"8\":2245.8144093087,\"9\":1896.8380786328,\"10\":2037.7805609336,\"11\":4834.5669511257,\"12\":3550.1855906913,\"13\":2005.1619213689,\"14\":2614.2194390664,\"15\":2845.4330488744},\"ret\":{\"0\":-0.0000063395,\"1\":-0.0000456446,\"2\":0.0000021365,\"3\":0.0000498663,\"4\":0.0000063398,\"5\":0.0000456696,\"6\":-0.0000021365,\"7\":-0.0000498511,\"8\":0.0000063597,\"9\":0.0000468655,\"10\":-0.000002134,\"11\":-0.0000492809,\"12\":-0.000006327,\"13\":-0.0000444741,\"14\":0.0000021384,\"15\":0.0000508256}}", "deviance": 17.96298794792379, "df": 3, "rel_entropy": 4.013942767462392e-06, "formula": "count ~ group * mut * base - group : mut : base", "prob": 0.00044764866864323451}, "pos3": {"stats": "{\"group\":{\"0\":\"1\",\"1\":\"1\",\"2\":\"1\",\"3\":\"1\",\"4\":\"1\",\"5\":\"1\",\"6\":\"1\",\"7\":\"1\",\"8\":\"2\",\"9\":\"2\",\"10\":\"2\",\"11\":\"2\",\"12\":\"2\",\"13\":\"2\",\"14\":\"2\",\"15\":\"2\"},\"mut\":{\"0\":\"M\",\"1\":\"M\",\"2\":\"M\",\"3\":\"M\",\"4\":\"R\",\"5\":\"R\",\"6\":\"R\",\"7\":\"R\",\"8\":\"M\",\"9\":\"M\",\"10\":\"M\",\"11\":\"M\",\"12\":\"R\",\"13\":\"R\",\"14\":\"R\",\"15\":\"R\"},\"base\":{\"0\":\"A\",\"1\":\"C\",\"2\":\"G\",\"3\":\"T\",\"4\":\"A\",\"5\":\"C\",\"6\":\"G\",\"7\":\"T\",\"8\":\"A\",\"9\":\"C\",\"10\":\"G\",\"11\":\"T\",\"12\":\"A\",\"13\":\"C\",\"14\":\"G\",\"15\":\"T\"},\"count\":{\"0\":392282,\"1\":177171,\"2\":241838,\"3\":296481,\"4\":369736,\"5\":203046,\"6\":223456,\"7\":311534,\"8\":3978,\"9\":1697,\"10\":2387,\"11\":2953,\"12\":3679,\"13\":2087,\"14\":2206,\"15\":3043},\"fitted\":{\"0\":392318.2166748471,\"1\":177105.5826956063,\"2\":241837.987103239,\"3\":296510.2135263004,\"4\":369699.7833251457,\"5\":203111.4173043928,\"6\":223456.01289676,\"7\":311504.7864736989,\"8\":3941.7833251468,\"9\":1762.4173043933,\"10\":2387.0128967606,\"11\":2923.7864736993,\"12\":3715.2166748531,\"13\":2021.5826956067,\"14\":2205.9871032394,\"15\":3072.2135263007},\"ret\":{\"0\":-0.0000161849,\"1\":0.0000292412,\"2\":0.0000000058,\"3\":-0.0000130552,\"4\":0.0000161865,\"5\":-0.0000292311,\"6\":-0.0000000058,\"7\":0.0000130565,\"8\":0.0000162598,\"9\":-0.0000286864,\"10\":-0.0000000058,\"11\":0.0000131209,\"12\":-0.0000161065,\"13\":0.0000297038,\"14\":0.0000000058,\"15\":-0.0000129936}}", "deviance": 5.866446694689236, "df": 3, "rel_entropy": 1.310894454147491e-06, "formula": "count ~ group * mut * base - group : mut : base", "prob": 0.11829178969203971}, "pos0": {"stats": "{\"group\":{\"0\":\"1\",\"1\":\"1\",\"2\":\"1\",\"3\":\"1\",\"4\":\"1\",\"5\":\"1\",\"6\":\"1\",\"7\":\"1\",\"8\":\"2\",\"9\":\"2\",\"10\":\"2\",\"11\":\"2\",\"12\":\"2\",\"13\":\"2\",\"14\":\"2\",\"15\":\"2\"},\"mut\":{\"0\":\"M\",\"1\":\"M\",\"2\":\"M\",\"3\":\"M\",\"4\":\"R\",\"5\":\"R\",\"6\":\"R\",\"7\":\"R\",\"8\":\"M\",\"9\":\"M\",\"10\":\"M\",\"11\":\"M\",\"12\":\"R\",\"13\":\"R\",\"14\":\"R\",\"15\":\"R\"},\"base\":{\"0\":\"A\",\"1\":\"C\",\"2\":\"G\",\"3\":\"T\",\"4\":\"A\",\"5\":\"C\",\"6\":\"G\",\"7\":\"T\",\"8\":\"A\",\"9\":\"C\",\"10\":\"G\",\"11\":\"T\",\"12\":\"A\",\"13\":\"C\",\"14\":\"G\",\"15\":\"T\"},\"count\":{\"0\":343957,\"1\":328115,\"2\":205705,\"3\":229995,\"4\":370266,\"5\":195997,\"6\":232566,\"7\":308943,\"8\":3500,\"9\":3074,\"10\":2054,\"11\":2387,\"12\":3672,\"13\":1892,\"14\":2330,\"15\":3121},\"fitted\":{\"0\":343988.1943431685,\"1\":328071.0424527531,\"2\":205692.5737283378,\"3\":230020.189475735,\"4\":370234.8056568268,\"5\":196040.9575472451,\"6\":232578.4262716601,\"7\":308917.8105242635,\"8\":3468.8056568285,\"9\":3117.9575472459,\"10\":2066.426271661,\"11\":2361.8105242646,\"12\":3703.1943431715,\"13\":1848.0424527541,\"14\":2317.573728339,\"15\":3146.1894757354},\"ret\":{\"0\":-0.0000139405,\"1\":0.0000196465,\"2\":0.0000055536,\"3\":-0.0000112569,\"4\":0.0000139417,\"5\":-0.000019643,\"6\":-0.0000055533,\"7\":0.000011258,\"8\":0.0000140036,\"9\":-0.000019506,\"10\":-0.0000055367,\"11\":0.0000113173,\"12\":-0.0000138823,\"13\":0.000019877,\"14\":0.0000055683,\"15\":-0.0000112123}}", "deviance": 2.8419682076814325, "df": 3, "rel_entropy": 6.350556914947691e-07, "formula": "count ~ group * mut * base - group : mut : base", "prob": 0.41663771960219786}, "pos1": {"stats": "{\"group\":{\"0\":\"1\",\"1\":\"1\",\"2\":\"1\",\"3\":\"1\",\"4\":\"1\",\"5\":\"1\",\"6\":\"1\",\"7\":\"1\",\"8\":\"2\",\"9\":\"2\",\"10\":\"2\",\"11\":\"2\",\"12\":\"2\",\"13\":\"2\",\"14\":\"2\",\"15\":\"2\"},\"mut\":{\"0\":\"M\",\"1\":\"M\",\"2\":\"M\",\"3\":\"M\",\"4\":\"R\",\"5\":\"R\",\"6\":\"R\",\"7\":\"R\",\"8\":\"M\",\"9\":\"M\",\"10\":\"M\",\"11\":\"M\",\"12\":\"R\",\"13\":\"R\",\"14\":\"R\",\"15\":\"R\"},\"base\":{\"0\":\"A\",\"1\":\"C\",\"2\":\"G\",\"3\":\"T\",\"4\":\"A\",\"5\":\"C\",\"6\":\"G\",\"7\":\"T\",\"8\":\"A\",\"9\":\"C\",\"10\":\"G\",\"11\":\"T\",\"12\":\"A\",\"13\":\"C\",\"14\":\"G\",\"15\":\"T\"},\"count\":{\"0\":318688,\"1\":335235,\"2\":143675,\"3\":310174,\"4\":356895,\"5\":275720,\"6\":225645,\"7\":249512,\"8\":3022,\"9\":3236,\"10\":1544,\"11\":3213,\"12\":3597,\"13\":2657,\"14\":2209,\"15\":2552},\"fitted\":{\"0\":318587.3855573502,\"1\":335236.3394310186,\"2\":143757.4633753275,\"3\":310190.8116363032,\"4\":356995.6144426492,\"5\":275718.6605689815,\"6\":225562.5366246727,\"7\":249495.1883636966,\"8\":3122.6144426495,\"9\":3234.6605689811,\"10\":1461.5366246731,\"11\":3196.1883636967,\"12\":3496.3855573506,\"13\":2658.3394310189,\"14\":2291.4633753274,\"15\":2568.8116363033},\"ret\":{\"0\":0.000044973,\"1\":-0.0000005986,\"2\":-0.0000368433,\"3\":-0.0000075131,\"4\":-0.0000449595,\"5\":0.0000005986,\"6\":0.0000368607,\"7\":0.0000075136,\"8\":-0.0000442335,\"9\":0.0000005987,\"10\":0.0000378746,\"11\":0.0000075331,\"12\":0.0000456067,\"13\":-0.0000005985,\"14\":-0.0000361827,\"15\":-0.0000074887}}", "deviance": 14.056236075267202, "df": 3, "rel_entropy": 3.1409544612306013e-06, "formula": "count ~ group * mut * base - group : mut : base", "prob": 0.00282959662049629}}