{"A": {"rel_entropy": 2.5792961874390086e-06, "stats": "{\"count\":{\"0\":2630,\"1\":2664,\"2\":3053,\"3\":3141,\"4\":11015,\"5\":11243},\"direction\":{\"0\":\"AtoT\",\"1\":\"AtoT\",\"2\":\"AtoC\",\"3\":\"AtoC\",\"4\":\"AtoG\",\"5\":\"AtoG\"},\"strand\":{\"0\":\"+\",\"1\":\"-\",\"2\":\"+\",\"3\":\"-\",\"4\":\"+\",\"5\":\"-\"},\"fitted\":{\"0\":2619.5463758668,\"1\":2674.4536241332,\"2\":3064.8791560481,\"3\":3129.1208439519,\"4\":11013.5744680851,\"5\":11244.4255319149},\"ret\":{\"0\":0.000310391,\"1\":-0.0003091675,\"2\":-0.0003513336,\"3\":0.0003526841,\"4\":0.0000422457,\"5\":-0.0000422403}}", "deviance": 0.17408185828263356, "df": 2, "formula": "count ~ direction + strand", "prob": 0.91663957759455905}, "C": {"rel_entropy": 8.286807660965024e-05, "stats": "{\"count\":{\"0\":2950,\"2\":3160,\"1\":3211,\"3\":3304,\"4\":13871,\"5\":14068},\"direction\":{\"0\":\"CtoG\",\"2\":\"CtoA\",\"1\":\"CtoG\",\"3\":\"CtoA\",\"4\":\"CtoT\",\"5\":\"CtoT\"},\"strand\":{\"0\":\"+\",\"2\":\"+\",\"1\":\"-\",\"3\":\"-\",\"4\":\"+\",\"5\":\"-\"},\"fitted\":{\"0\":3034.7830835223,\"2\":3184.0347105808,\"1\":3126.2169164777,\"3\":3279.9652894192,\"4\":13762.1822058968,\"5\":14176.8177941032},\"ret\":{\"0\":-0.0020606351,\"2\":-0.0005902714,\"1\":0.0021181957,\"3\":0.0005946789,\"4\":0.0026931978,\"5\":-0.0026722979}}", "deviance": 6.722921319187705, "df": 2, "formula": "count ~ direction + strand", "prob": 0.034684559591778165}}