{"A": {"rel_entropy": 2.579296187483699e-06, "deviance": 0.17408185828564982, "df": 2, "stats": "{\"count\":{\"4\":2630,\"5\":2664,\"2\":3053,\"3\":3141,\"0\":11015,\"1\":11243},\"direction\":{\"4\":\"AtoT\",\"5\":\"AtoT\",\"2\":\"AtoC\",\"3\":\"AtoC\",\"0\":\"AtoG\",\"1\":\"AtoG\"},\"strand\":{\"4\":\"+\",\"5\":\"-\",\"2\":\"+\",\"3\":\"-\",\"0\":\"+\",\"1\":\"-\"},\"fitted\":{\"4\":2619.5463758668,\"5\":2674.4536241332,\"2\":3064.8791560481,\"3\":3129.1208439519,\"0\":11013.5744680852,\"1\":11244.4255319149},\"ret\":{\"4\":0.000310391,\"5\":-0.0003091675,\"2\":-0.0003513336,\"3\":0.0003526841,\"0\":0.0000422457,\"1\":-0.0000422403}}", "prob": 0.9166395775931766, "formula": "count ~ direction + strand"}, "C": {"rel_entropy": 8.286807660963965e-05, "deviance": 6.722921319186845, "df": 2, "stats": "{\"count\":{\"2\":2950,\"4\":3160,\"3\":3211,\"5\":3304,\"0\":13871,\"1\":14068},\"direction\":{\"2\":\"CtoG\",\"4\":\"CtoA\",\"3\":\"CtoG\",\"5\":\"CtoA\",\"0\":\"CtoT\",\"1\":\"CtoT\"},\"strand\":{\"2\":\"+\",\"4\":\"+\",\"3\":\"-\",\"5\":\"-\",\"0\":\"+\",\"1\":\"-\"},\"fitted\":{\"2\":3034.7830835223,\"4\":3184.0347105808,\"3\":3126.2169164777,\"5\":3279.9652894192,\"0\":13762.1822058968,\"1\":14176.8177941031},\"ret\":{\"2\":-0.0020606351,\"4\":-0.0005902714,\"3\":0.0021181957,\"5\":0.0005946789,\"0\":0.0026931978,\"1\":-0.0026722979}}", "prob": 0.03468455959179307, "formula": "count ~ direction + strand"}}