{"pos2": {"stats": "{\"group\":{\"0\":\"1\",\"1\":\"1\",\"2\":\"1\",\"3\":\"1\",\"4\":\"1\",\"5\":\"1\",\"6\":\"1\",\"7\":\"1\",\"8\":\"2\",\"9\":\"2\",\"10\":\"2\",\"11\":\"2\",\"12\":\"2\",\"13\":\"2\",\"14\":\"2\",\"15\":\"2\"},\"mut\":{\"0\":\"M\",\"1\":\"M\",\"2\":\"M\",\"3\":\"M\",\"4\":\"R\",\"5\":\"R\",\"6\":\"R\",\"7\":\"R\",\"8\":\"M\",\"9\":\"M\",\"10\":\"M\",\"11\":\"M\",\"12\":\"R\",\"13\":\"R\",\"14\":\"R\",\"15\":\"R\"},\"base\":{\"0\":\"A\",\"1\":\"C\",\"2\":\"G\",\"3\":\"T\",\"4\":\"A\",\"5\":\"C\",\"6\":\"G\",\"7\":\"T\",\"8\":\"A\",\"9\":\"C\",\"10\":\"G\",\"11\":\"T\",\"12\":\"A\",\"13\":\"C\",\"14\":\"G\",\"15\":\"T\"},\"count\":{\"0\":63188,\"1\":52697,\"2\":62424,\"3\":67626,\"4\":55773,\"5\":49045,\"6\":60432,\"7\":80685,\"8\":738,\"9\":541,\"10\":613,\"11\":772,\"12\":628,\"13\":523,\"14\":626,\"15\":887},\"fitted\":{\"0\":63199.9580829806,\"1\":52686.7516714287,\"2\":62407.3210581808,\"3\":67640.969187411,\"4\":55761.0419170202,\"5\":49055.2483285717,\"6\":60448.6789418196,\"7\":80670.0308125896,\"8\":726.04191702,\"9\":551.2483285715,\"10\":629.6789418193,\"11\":757.0308125892,\"12\":639.95808298,\"13\":512.7516714285,\"14\":609.3210581807,\"15\":901.9691874108},\"ret\":{\"0\":-0.0000240487,\"1\":0.0000206142,\"2\":0.0000335504,\"3\":-0.0000301038,\"4\":0.0000240535,\"5\":-0.00002061,\"6\":-0.0000335412,\"7\":0.0000301099,\"8\":0.0000242479,\"9\":-0.0000204194,\"10\":-0.0000330976,\"11\":0.0000304028,\"12\":-0.0000238248,\"13\":0.0000208168,\"14\":0.0000340009,\"15\":-0.0000298559}}", "deviance": 2.2821097090928575, "df": 3, "rel_entropy": 2.294970725035959e-06, "formula": "count ~ group * mut * base - group : mut : base", "prob": 0.51595687315116745}, "pos3": {"stats": "{\"group\":{\"0\":\"1\",\"1\":\"1\",\"2\":\"1\",\"3\":\"1\",\"4\":\"1\",\"5\":\"1\",\"6\":\"1\",\"7\":\"1\",\"8\":\"2\",\"9\":\"2\",\"10\":\"2\",\"11\":\"2\",\"12\":\"2\",\"13\":\"2\",\"14\":\"2\",\"15\":\"2\"},\"mut\":{\"0\":\"M\",\"1\":\"M\",\"2\":\"M\",\"3\":\"M\",\"4\":\"R\",\"5\":\"R\",\"6\":\"R\",\"7\":\"R\",\"8\":\"M\",\"9\":\"M\",\"10\":\"M\",\"11\":\"M\",\"12\":\"R\",\"13\":\"R\",\"14\":\"R\",\"15\":\"R\"},\"base\":{\"0\":\"A\",\"1\":\"C\",\"2\":\"G\",\"3\":\"T\",\"4\":\"A\",\"5\":\"C\",\"6\":\"G\",\"7\":\"T\",\"8\":\"A\",\"9\":\"C\",\"10\":\"G\",\"11\":\"T\",\"12\":\"A\",\"13\":\"C\",\"14\":\"G\",\"15\":\"T\"},\"count\":{\"0\":77353,\"1\":45407,\"2\":36447,\"3\":86728,\"4\":68438,\"5\":50474,\"6\":43419,\"7\":83604,\"8\":902,\"9\":454,\"10\":351,\"11\":957,\"12\":727,\"13\":563,\"14\":434,\"15\":940},\"fitted\":{\"0\":77392.117338962,\"1\":45380.8126295018,\"2\":36440.7182671691,\"3\":86721.351764369,\"4\":68398.8826610393,\"5\":50500.1873704987,\"6\":43425.2817328314,\"7\":83610.6482356319,\"8\":862.8826610391,\"9\":480.1873704987,\"10\":357.2817328312,\"11\":963.6482356314,\"12\":766.1173389612,\"13\":536.8126295017,\"14\":427.7182671688,\"15\":933.3517643686},\"ret\":{\"0\":-0.0000786557,\"1\":0.0000526851,\"2\":0.0000126354,\"3\":0.0000133719,\"4\":0.0000786981,\"5\":-0.0000526562,\"6\":-0.0000126334,\"7\":-0.0000133709,\"8\":0.0000804325,\"9\":-0.0000512069,\"10\":-0.0000125225,\"11\":-0.0000133252,\"12\":-0.0000766319,\"13\":0.0000539342,\"14\":0.0000127266,\"15\":0.0000134189}}", "deviance": 6.861348329259734, "df": 3, "rel_entropy": 6.90001601903038e-06, "formula": "count ~ group * mut * base - group : mut : base", "prob": 0.076450862125490585}, "pos0": {"stats": "{\"group\":{\"0\":\"1\",\"1\":\"1\",\"2\":\"1\",\"3\":\"1\",\"4\":\"1\",\"5\":\"1\",\"6\":\"1\",\"7\":\"1\",\"8\":\"2\",\"9\":\"2\",\"10\":\"2\",\"11\":\"2\",\"12\":\"2\",\"13\":\"2\",\"14\":\"2\",\"15\":\"2\"},\"mut\":{\"0\":\"M\",\"1\":\"M\",\"2\":\"M\",\"3\":\"M\",\"4\":\"R\",\"5\":\"R\",\"6\":\"R\",\"7\":\"R\",\"8\":\"M\",\"9\":\"M\",\"10\":\"M\",\"11\":\"M\",\"12\":\"R\",\"13\":\"R\",\"14\":\"R\",\"15\":\"R\"},\"base\":{\"0\":\"A\",\"1\":\"C\",\"2\":\"G\",\"3\":\"T\",\"4\":\"A\",\"5\":\"C\",\"6\":\"G\",\"7\":\"T\",\"8\":\"A\",\"9\":\"C\",\"10\":\"G\",\"11\":\"T\",\"12\":\"A\",\"13\":\"C\",\"14\":\"G\",\"15\":\"T\"},\"count\":{\"0\":80301,\"1\":43766,\"2\":40381,\"3\":81487,\"4\":68798,\"5\":49015,\"6\":44347,\"7\":83775,\"8\":860,\"9\":444,\"10\":421,\"11\":939,\"12\":780,\"13\":485,\"14\":490,\"15\":909},\"fitted\":{\"0\":80278.8620315178,\"1\":43772.2170962672,\"2\":40368.4477501542,\"3\":81515.4731220615,\"4\":68820.1379684825,\"5\":49008.7829037331,\"6\":44359.5522498459,\"7\":83746.526877939,\"8\":882.1379684823,\"9\":437.782903733,\"10\":433.5522498459,\"11\":910.5268779388,\"12\":757.8620315177,\"13\":491.217096267,\"14\":477.4477501541,\"15\":937.4731220612},\"ret\":{\"0\":0.0000445316,\"1\":-0.0000125034,\"2\":0.0000252499,\"3\":-0.0000572572,\"4\":-0.0000445183,\"5\":0.0000125051,\"6\":-0.0000252424,\"7\":0.0000572769,\"8\":-0.000043962,\"9\":0.0000125926,\"10\":-0.0000248769,\"11\":0.0000581534,\"12\":0.0000451695,\"13\":-0.0000124248,\"14\":0.000025575,\"15\":-0.0000563886}}", "deviance": 3.85866911592694, "df": 3, "rel_entropy": 3.88041496137046e-06, "formula": "count ~ group * mut * base - group : mut : base", "prob": 0.27713528464952081}, "pos1": {"stats": "{\"group\":{\"0\":\"1\",\"1\":\"1\",\"2\":\"1\",\"3\":\"1\",\"4\":\"1\",\"5\":\"1\",\"6\":\"1\",\"7\":\"1\",\"8\":\"2\",\"9\":\"2\",\"10\":\"2\",\"11\":\"2\",\"12\":\"2\",\"13\":\"2\",\"14\":\"2\",\"15\":\"2\"},\"mut\":{\"0\":\"M\",\"1\":\"M\",\"2\":\"M\",\"3\":\"M\",\"4\":\"R\",\"5\":\"R\",\"6\":\"R\",\"7\":\"R\",\"8\":\"M\",\"9\":\"M\",\"10\":\"M\",\"11\":\"M\",\"12\":\"R\",\"13\":\"R\",\"14\":\"R\",\"15\":\"R\"},\"base\":{\"0\":\"A\",\"1\":\"C\",\"2\":\"G\",\"3\":\"T\",\"4\":\"A\",\"5\":\"C\",\"6\":\"G\",\"7\":\"T\",\"8\":\"A\",\"9\":\"C\",\"10\":\"G\",\"11\":\"T\",\"12\":\"A\",\"13\":\"C\",\"14\":\"G\",\"15\":\"T\"},\"count\":{\"0\":92308,\"1\":42724,\"2\":43047,\"3\":67856,\"4\":64557,\"5\":58489,\"6\":42130,\"7\":80759,\"8\":976,\"9\":382,\"10\":479,\"11\":827,\"12\":709,\"13\":629,\"14\":436,\"15\":890},\"fitted\":{\"0\":92292.8549093958,\"1\":42679.8226339026,\"2\":43063.5309838376,\"3\":67898.7914728648,\"4\":64572.1450906049,\"5\":58533.1773660975,\"6\":42113.4690161627,\"7\":80716.2085271352,\"8\":991.1450906049,\"9\":426.177366113,\"10\":462.4690161627,\"11\":784.2085271359,\"12\":693.8549093953,\"13\":584.8226339194,\"14\":452.5309838375,\"15\":932.7914728649},\"ret\":{\"0\":0.0000304634,\"1\":0.0000888986,\"2\":-0.0000332419,\"3\":-0.0000860381,\"4\":-0.0000304573,\"5\":-0.0000888191,\"6\":0.0000332548,\"7\":0.0000860881,\"8\":-0.000030227,\"9\":-0.0000840795,\"10\":0.0000338356,\"11\":0.0000883718,\"12\":0.0000307909,\"13\":0.0000921272,\"14\":-0.0000326335,\"15\":-0.0000840602}}", "deviance": 14.193698003576795, "df": 3, "rel_entropy": 1.4273687749726261e-05, "formula": "count ~ group * mut * base - group : mut : base", "prob": 0.0026530084749398154}}