{"pos2": {"rel_entropy": 1.9511220488147105e-05, "deviance": 20.41193647076193, "formula": "count ~ group * mut * base - group : mut : base", "stats": "{\"group\":{\"0\":\"1\",\"1\":\"1\",\"2\":\"1\",\"3\":\"1\",\"4\":\"1\",\"5\":\"1\",\"6\":\"1\",\"7\":\"1\",\"8\":\"2\",\"9\":\"2\",\"10\":\"2\",\"11\":\"2\",\"12\":\"2\",\"13\":\"2\",\"14\":\"2\",\"15\":\"2\"},\"mut\":{\"0\":\"M\",\"1\":\"M\",\"2\":\"M\",\"3\":\"M\",\"4\":\"R\",\"5\":\"R\",\"6\":\"R\",\"7\":\"R\",\"8\":\"M\",\"9\":\"M\",\"10\":\"M\",\"11\":\"M\",\"12\":\"R\",\"13\":\"R\",\"14\":\"R\",\"15\":\"R\"},\"base\":{\"0\":\"A\",\"1\":\"C\",\"2\":\"G\",\"3\":\"T\",\"4\":\"A\",\"5\":\"C\",\"6\":\"G\",\"7\":\"T\",\"8\":\"A\",\"9\":\"C\",\"10\":\"G\",\"11\":\"T\",\"12\":\"A\",\"13\":\"C\",\"14\":\"G\",\"15\":\"T\"},\"count\":{\"0\":81416,\"1\":74835,\"2\":21009,\"3\":68328,\"4\":91860,\"5\":59000,\"6\":9377,\"7\":85351,\"8\":3739,\"9\":5240,\"10\":3353,\"11\":3621,\"12\":4876,\"13\":4726,\"14\":1469,\"15\":4882},\"fitted\":{\"0\":81330.2647948582,\"1\":74760.9036613346,\"2\":21117.5505811385,\"3\":68379.2809626709,\"4\":91945.7352051435,\"5\":59074.0963386661,\"6\":9268.4494188617,\"7\":85299.7190373301,\"8\":3824.735205143,\"9\":5314.0963386659,\"10\":3244.4494188623,\"11\":3569.7190373295,\"12\":4790.264794857,\"13\":4651.9036613342,\"14\":1577.550581139,\"15\":4933.2809626705},\"ret\":{\"0\":0.0001639903,\"1\":0.0001417236,\"2\":-0.0002069869,\"3\":-0.0000979994,\"4\":-0.0001638275,\"5\":-0.0001415645,\"6\":0.0002087317,\"7\":0.0000980656,\"8\":-0.000162053,\"9\":-0.0001406612,\"10\":0.0002109546,\"11\":0.000098737,\"12\":0.000165362,\"13\":0.0001427756,\"14\":-0.0002002118,\"15\":-0.0000975249}}", "df": 3, "prob": 0.00013943846987211257}, "pos0": {"rel_entropy": 9.471564343368019e-05, "deviance": 99.0880963971526, "formula": "count ~ group * mut * base - group : mut : base", "stats": "{\"group\":{\"0\":\"1\",\"1\":\"1\",\"2\":\"1\",\"3\":\"1\",\"4\":\"1\",\"5\":\"1\",\"6\":\"1\",\"7\":\"1\",\"8\":\"2\",\"9\":\"2\",\"10\":\"2\",\"11\":\"2\",\"12\":\"2\",\"13\":\"2\",\"14\":\"2\",\"15\":\"2\"},\"mut\":{\"0\":\"M\",\"1\":\"M\",\"2\":\"M\",\"3\":\"M\",\"4\":\"R\",\"5\":\"R\",\"6\":\"R\",\"7\":\"R\",\"8\":\"M\",\"9\":\"M\",\"10\":\"M\",\"11\":\"M\",\"12\":\"R\",\"13\":\"R\",\"14\":\"R\",\"15\":\"R\"},\"base\":{\"0\":\"A\",\"1\":\"C\",\"2\":\"G\",\"3\":\"T\",\"4\":\"A\",\"5\":\"C\",\"6\":\"G\",\"7\":\"T\",\"8\":\"A\",\"9\":\"C\",\"10\":\"G\",\"11\":\"T\",\"12\":\"A\",\"13\":\"C\",\"14\":\"G\",\"15\":\"T\"},\"count\":{\"0\":87386,\"1\":44914,\"2\":46010,\"3\":67278,\"4\":67198,\"5\":53493,\"6\":48525,\"7\":76372,\"8\":4648,\"9\":3621,\"10\":4492,\"11\":3192,\"12\":3593,\"13\":4050,\"14\":4049,\"15\":4261},\"fitted\":{\"0\":87343.6184954234,\"1\":44995.4865870096,\"2\":46284.4221088075,\"3\":66964.4728087591,\"4\":67240.3815045764,\"5\":53411.5134129902,\"6\":48250.5778911923,\"7\":76685.5271912406,\"8\":4690.3815045766,\"9\":3539.5134129905,\"10\":4217.5778912045,\"11\":3505.5271913203,\"12\":3550.6184954236,\"13\":4131.4865870097,\"14\":4323.422108815,\"15\":3947.4728088344},\"ret\":{\"0\":0.0000810423,\"1\":-0.0001556405,\"2\":-0.0005230671,\"3\":0.0006007854,\"4\":-0.0000809971,\"5\":0.0001559004,\"6\":0.0005261145,\"7\":-0.0005981574,\"8\":-0.0000806555,\"9\":0.0001575613,\"10\":0.0005413345,\"11\":-0.0005717437,\"12\":0.0000815043,\"13\":-0.0001542352,\"14\":-0.0005076116,\"15\":0.0006225811}}", "df": 3, "prob": 2.4409701866140254e-21}, "pos1": {"rel_entropy": 6.42278369524452e-05, "deviance": 67.19285081751788, "formula": "count ~ group * mut * base - group : mut : base", "stats": "{\"group\":{\"0\":\"1\",\"1\":\"1\",\"2\":\"1\",\"3\":\"1\",\"4\":\"1\",\"5\":\"1\",\"6\":\"1\",\"7\":\"1\",\"8\":\"2\",\"9\":\"2\",\"10\":\"2\",\"11\":\"2\",\"12\":\"2\",\"13\":\"2\",\"14\":\"2\",\"15\":\"2\"},\"mut\":{\"0\":\"M\",\"1\":\"M\",\"2\":\"M\",\"3\":\"M\",\"4\":\"R\",\"5\":\"R\",\"6\":\"R\",\"7\":\"R\",\"8\":\"M\",\"9\":\"M\",\"10\":\"M\",\"11\":\"M\",\"12\":\"R\",\"13\":\"R\",\"14\":\"R\",\"15\":\"R\"},\"base\":{\"0\":\"A\",\"1\":\"C\",\"2\":\"G\",\"3\":\"T\",\"4\":\"A\",\"5\":\"C\",\"6\":\"G\",\"7\":\"T\",\"8\":\"A\",\"9\":\"C\",\"10\":\"G\",\"11\":\"T\",\"12\":\"A\",\"13\":\"C\",\"14\":\"G\",\"15\":\"T\"},\"count\":{\"0\":75496,\"1\":48243,\"2\":57910,\"3\":63939,\"4\":63718,\"5\":59668,\"6\":48928,\"7\":73274,\"8\":3775,\"9\":4064,\"10\":5012,\"11\":3102,\"12\":3296,\"13\":4640,\"14\":3889,\"15\":4128},\"fitted\":{\"0\":75434.2216297251,\"1\":48396.8527005634,\"2\":58076.778204661,\"3\":63680.1474650493,\"4\":63779.7783702737,\"5\":59514.1472994365,\"6\":48761.2217953387,\"7\":73532.8525349505,\"8\":3836.778370274,\"9\":3910.1472994368,\"10\":4845.2217953391,\"11\":3360.8525349716,\"12\":3234.221629726,\"13\":4793.8527005634,\"14\":4055.7782046612,\"15\":3869.1474650698},\"ret\":{\"0\":0.0001181529,\"1\":-0.0002936593,\"2\":-0.0003183794,\"3\":0.0004958648,\"4\":-0.0001180473,\"5\":0.0002945072,\"6\":0.0003193822,\"7\":-0.0004939883,\"8\":-0.0001171486,\"9\":0.0002998394,\"10\":0.0003242631,\"11\":-0.0004752943,\"12\":0.0001192254,\"13\":-0.0002893562,\"14\":-0.0003121904,\"15\":0.0005110566}}", "df": 3, "prob": 1.7028812468219902e-14}, "pos3": {"rel_entropy": 0.00014824871613911233, "deviance": 155.09246987095833, "formula": "count ~ group * mut * base - group : mut : base", "stats": "{\"group\":{\"0\":\"1\",\"1\":\"1\",\"2\":\"1\",\"3\":\"1\",\"4\":\"1\",\"5\":\"1\",\"6\":\"1\",\"7\":\"1\",\"8\":\"2\",\"9\":\"2\",\"10\":\"2\",\"11\":\"2\",\"12\":\"2\",\"13\":\"2\",\"14\":\"2\",\"15\":\"2\"},\"mut\":{\"0\":\"M\",\"1\":\"M\",\"2\":\"M\",\"3\":\"M\",\"4\":\"R\",\"5\":\"R\",\"6\":\"R\",\"7\":\"R\",\"8\":\"M\",\"9\":\"M\",\"10\":\"M\",\"11\":\"M\",\"12\":\"R\",\"13\":\"R\",\"14\":\"R\",\"15\":\"R\"},\"base\":{\"0\":\"A\",\"1\":\"C\",\"2\":\"G\",\"3\":\"T\",\"4\":\"A\",\"5\":\"C\",\"6\":\"G\",\"7\":\"T\",\"8\":\"A\",\"9\":\"C\",\"10\":\"G\",\"11\":\"T\",\"12\":\"A\",\"13\":\"C\",\"14\":\"G\",\"15\":\"T\"},\"count\":{\"0\":73896,\"1\":52125,\"2\":41445,\"3\":78122,\"4\":66575,\"5\":54338,\"6\":52228,\"7\":72447,\"8\":3470,\"9\":4232,\"10\":4411,\"11\":3840,\"12\":3339,\"13\":4218,\"14\":4348,\"15\":4048},\"fitted\":{\"0\":73738.955655407,\"1\":52152.0403187035,\"2\":41873.2079368984,\"3\":77823.7960889925,\"4\":66732.044344594,\"5\":54310.9596812969,\"6\":51799.792063102,\"7\":72745.2039110081,\"8\":3627.0443445946,\"9\":4204.9596812967,\"10\":3982.7920633715,\"11\":4138.2039110449,\"12\":3181.9556554066,\"13\":4245.0403187034,\"14\":4776.2079372042,\"15\":3749.7960890215},\"ret\":{\"0\":0.0003005484,\"1\":-0.0000516808,\"2\":-0.0008144248,\"3\":0.000571181,\"4\":-0.0002998754,\"5\":0.0000517071,\"6\":0.0008219992,\"7\":-0.0005689201,\"8\":-0.0002936333,\"9\":0.0000518601,\"10\":0.0008611344,\"11\":-0.0005490375,\"12\":0.0003075188,\"13\":-0.0000515292,\"14\":-0.0007807796,\"15\":0.0005921804}}", "df": 3, "prob": 2.099457702900627e-33}}