{"('pos1', 'pos3')": {"stats": "{\"mut\":{\"0\":\"M\",\"1\":\"M\",\"2\":\"M\",\"3\":\"M\",\"4\":\"M\",\"5\":\"M\",\"6\":\"M\",\"7\":\"M\",\"8\":\"M\",\"9\":\"M\",\"10\":\"M\",\"11\":\"M\",\"12\":\"M\",\"13\":\"M\",\"14\":\"M\",\"15\":\"M\",\"16\":\"R\",\"17\":\"R\",\"18\":\"R\",\"19\":\"R\",\"20\":\"R\",\"21\":\"R\",\"22\":\"R\",\"23\":\"R\",\"24\":\"R\",\"25\":\"R\",\"26\":\"R\",\"27\":\"R\",\"28\":\"R\",\"29\":\"R\",\"30\":\"R\",\"31\":\"R\"},\"base1\":{\"0\":\"A\",\"1\":\"A\",\"2\":\"A\",\"3\":\"A\",\"4\":\"C\",\"5\":\"C\",\"6\":\"C\",\"7\":\"C\",\"8\":\"G\",\"9\":\"G\",\"10\":\"G\",\"11\":\"G\",\"12\":\"T\",\"13\":\"T\",\"14\":\"T\",\"15\":\"T\",\"16\":\"A\",\"17\":\"A\",\"18\":\"A\",\"19\":\"A\",\"20\":\"C\",\"21\":\"C\",\"22\":\"C\",\"23\":\"C\",\"24\":\"G\",\"25\":\"G\",\"26\":\"G\",\"27\":\"G\",\"28\":\"T\",\"29\":\"T\",\"30\":\"T\",\"31\":\"T\"},\"base2\":{\"0\":\"A\",\"1\":\"C\",\"2\":\"G\",\"3\":\"T\",\"4\":\"A\",\"5\":\"C\",\"6\":\"G\",\"7\":\"T\",\"8\":\"A\",\"9\":\"C\",\"10\":\"G\",\"11\":\"T\",\"12\":\"A\",\"13\":\"C\",\"14\":\"G\",\"15\":\"T\",\"16\":\"A\",\"17\":\"C\",\"18\":\"G\",\"19\":\"T\",\"20\":\"A\",\"21\":\"C\",\"22\":\"G\",\"23\":\"T\",\"24\":\"A\",\"25\":\"C\",\"26\":\"G\",\"27\":\"T\",\"28\":\"A\",\"29\":\"C\",\"30\":\"G\",\"31\":\"T\"},\"count\":{\"0\":99240,\"1\":80563,\"2\":164013,\"3\":144299,\"4\":45768,\"5\":46075,\"6\":50761,\"7\":64248,\"8\":37805,\"9\":33356,\"10\":52899,\"11\":55908,\"12\":45546,\"13\":44591,\"14\":56735,\"15\":78867,\"16\":85571,\"17\":55872,\"18\":47211,\"19\":99846,\"20\":69884,\"21\":63738,\"22\":51033,\"23\":80980,\"24\":53347,\"25\":37054,\"26\":38295,\"27\":61608,\"28\":97835,\"29\":73322,\"30\":59058,\"31\":126020},\"fitted\":{\"0\":102274.9788366245,\"1\":82530.5161586321,\"2\":153977.32015537,\"3\":149332.1848493708,\"4\":42500.18002977,\"5\":45888.0640428969,\"6\":56774.1280621787,\"7\":61689.6278651543,\"8\":37400.1754236414,\"9\":32548.9459468298,\"10\":54865.959832436,\"11\":55152.9187970928,\"12\":46183.6657099618,\"13\":43617.4738516413,\"14\":58790.591950015,\"15\":77147.2684883817,\"16\":82536.0211633732,\"17\":53904.483841368,\"18\":57246.6798446298,\"19\":94812.815150629,\"20\":73151.8199702298,\"21\":63924.9359571031,\"22\":45019.8719378213,\"23\":83538.3721348454,\"24\":53751.8245763587,\"25\":37861.0540531703,\"26\":36328.0401675639,\"27\":62363.0812029073,\"28\":97197.3342900382,\"29\":74295.5261483586,\"30\":57002.4080499849,\"31\":127739.7315116181},\"ret\":{\"0\":-0.0013580296,\"1\":-0.0008830384,\"2\":0.0047043185,\"3\":-0.0022474387,\"4\":0.0015401241,\"5\":0.0000850916,\"6\":-0.002581516,\"7\":0.0011859568,\"8\":0.0001848902,\"9\":0.0003711262,\"10\":-0.0008773137,\"11\":0.0003453459,\"12\":-0.0002876615,\"13\":0.0004471399,\"14\":-0.0009172694,\"15\":0.0007898608,\"16\":0.0014037343,\"17\":0.0009098944,\"18\":-0.0041336386,\"19\":0.0023460517,\"20\":-0.0014508013,\"21\":-0.0000847946,\"22\":0.0029063693,\"23\":-0.0011442038,\"24\":-0.0001832042,\"25\":-0.0003626826,\"26\":0.0009172897,\"27\":-0.0003409236,\"28\":0.0002906187,\"29\":-0.0004393307,\"30\":0.0009504259,\"31\":-0.000775935}}", "prob": 0, "deviance": 5769.5399009004595, "df": 9, "rel_entropy": 0.0013104561161843696, "formula": "count ~ mut * base1 * base2 - mut : base1 : base2"}, "('pos0', 'pos3')": {"stats": "{\"mut\":{\"0\":\"M\",\"1\":\"M\",\"2\":\"M\",\"3\":\"M\",\"4\":\"M\",\"5\":\"M\",\"6\":\"M\",\"7\":\"M\",\"8\":\"M\",\"9\":\"M\",\"10\":\"M\",\"11\":\"M\",\"12\":\"M\",\"13\":\"M\",\"14\":\"M\",\"15\":\"M\",\"16\":\"R\",\"17\":\"R\",\"18\":\"R\",\"19\":\"R\",\"20\":\"R\",\"21\":\"R\",\"22\":\"R\",\"23\":\"R\",\"24\":\"R\",\"25\":\"R\",\"26\":\"R\",\"27\":\"R\",\"28\":\"R\",\"29\":\"R\",\"30\":\"R\",\"31\":\"R\"},\"base1\":{\"0\":\"A\",\"1\":\"A\",\"2\":\"A\",\"3\":\"A\",\"4\":\"C\",\"5\":\"C\",\"6\":\"C\",\"7\":\"C\",\"8\":\"G\",\"9\":\"G\",\"10\":\"G\",\"11\":\"G\",\"12\":\"T\",\"13\":\"T\",\"14\":\"T\",\"15\":\"T\",\"16\":\"A\",\"17\":\"A\",\"18\":\"A\",\"19\":\"A\",\"20\":\"C\",\"21\":\"C\",\"22\":\"C\",\"23\":\"C\",\"24\":\"G\",\"25\":\"G\",\"26\":\"G\",\"27\":\"G\",\"28\":\"T\",\"29\":\"T\",\"30\":\"T\",\"31\":\"T\"},\"base2\":{\"0\":\"A\",\"1\":\"C\",\"2\":\"G\",\"3\":\"T\",\"4\":\"A\",\"5\":\"C\",\"6\":\"G\",\"7\":\"T\",\"8\":\"A\",\"9\":\"C\",\"10\":\"G\",\"11\":\"T\",\"12\":\"A\",\"13\":\"C\",\"14\":\"G\",\"15\":\"T\",\"16\":\"A\",\"17\":\"C\",\"18\":\"G\",\"19\":\"T\",\"20\":\"A\",\"21\":\"C\",\"22\":\"G\",\"23\":\"T\",\"24\":\"A\",\"25\":\"C\",\"26\":\"G\",\"27\":\"T\",\"28\":\"A\",\"29\":\"C\",\"30\":\"G\",\"31\":\"T\"},\"count\":{\"0\":64761,\"1\":51679,\"2\":89651,\"3\":86789,\"4\":43639,\"5\":47030,\"6\":79223,\"7\":71112,\"8\":38599,\"9\":31873,\"10\":57919,\"11\":47408,\"12\":81360,\"13\":74003,\"14\":97615,\"15\":138013,\"16\":92276,\"17\":63860,\"18\":51952,\"19\":100463,\"20\":58018,\"21\":51651,\"22\":42513,\"23\":69445,\"24\":56519,\"25\":42196,\"26\":41314,\"27\":61563,\"28\":99824,\"29\":72279,\"30\":59818,\"31\":136983},\"fitted\":{\"0\":65277.5012846021,\"1\":52949.9442415194,\"2\":86888.0154978149,\"3\":87764.5389760691,\"4\":45109.2689283681,\"5\":48040.2552680498,\"6\":77957.156992192,\"7\":69897.3188113932,\"8\":37138.8322436029,\"9\":32026.078827334,\"10\":58394.2351001741,\"11\":48239.8538288931,\"12\":80833.3975434326,\"13\":71568.7216630989,\"14\":101168.5924098328,\"15\":137420.2883836482,\"16\":91759.4987154008,\"17\":62589.0557584818,\"18\":54714.9845022039,\"19\":99487.4610239327,\"20\":56547.7310716335,\"21\":50640.744731951,\"22\":43778.8430078119,\"23\":70659.6811886084,\"24\":57979.1677563994,\"25\":42042.9211726669,\"26\":40838.7648998284,\"27\":60731.1461711086,\"28\":100350.602456569,\"29\":74713.2783369044,\"30\":56264.407590211,\"31\":137575.7116163543},\"ret\":{\"0\":-0.0002336988,\"1\":-0.0005703631,\"2\":0.001274881,\"3\":-0.0004406832,\"4\":-0.0006568901,\"5\":-0.0004540661,\"6\":0.0005796744,\"7\":0.0005565567,\"8\":0.000676178,\"9\":-0.0000693722,\"10\":-0.0002150028,\"11\":-0.0003746068,\"12\":0.0002399957,\"13\":0.001124409,\"14\":-0.0015855911,\"15\":0.0002698292,\"16\":0.0002352887,\"17\":0.0005831708,\"18\":-0.001222895,\"19\":0.0004453209,\"20\":0.0006765033,\"21\":0.0004634733,\"22\":-0.0005666362,\"23\":-0.0005470195,\"24\":-0.0006548827,\"25\":0.0000696651,\"26\":0.0002171349,\"27\":0.0003804601,\"28\":-0.0002385894,\"29\":-0.0010875991,\"30\":0.0016642176,\"31\":-0.0002686686}}", "prob": 2.1515274375979386e-250, "deviance": 1189.5819713675733, "df": 9, "rel_entropy": 0.00027019398372442094, "formula": "count ~ mut * base1 * base2 - mut : base1 : base2"},