{"pos3": {"formula": "count ~ group * mut * base - group : mut : base", "deviance": 6.797742285111634, "prob": 0.07863158247954671, "df": 3, "rel_entropy": 3.890586852495286e-06, "stats": "{\"group\":{\"8\":\"1\",\"9\":\"1\",\"10\":\"1\",\"11\":\"1\",\"12\":\"1\",\"13\":\"1\",\"14\":\"1\",\"15\":\"1\",\"0\":\"2\",\"1\":\"2\",\"2\":\"2\",\"3\":\"2\",\"4\":\"2\",\"5\":\"2\",\"6\":\"2\",\"7\":\"2\"},\"mut\":{\"8\":\"M\",\"9\":\"M\",\"10\":\"M\",\"11\":\"M\",\"12\":\"R\",\"13\":\"R\",\"14\":\"R\",\"15\":\"R\",\"0\":\"M\",\"1\":\"M\",\"2\":\"M\",\"3\":\"M\",\"4\":\"R\",\"5\":\"R\",\"6\":\"R\",\"7\":\"R\"},\"base\":{\"8\":\"A\",\"9\":\"C\",\"10\":\"G\",\"11\":\"T\",\"12\":\"A\",\"13\":\"C\",\"14\":\"G\",\"15\":\"T\",\"0\":\"A\",\"1\":\"C\",\"2\":\"G\",\"3\":\"T\",\"4\":\"A\",\"5\":\"C\",\"6\":\"G\",\"7\":\"T\"},\"count\":{\"8\":60006,\"9\":34106,\"10\":27933,\"11\":68827,\"12\":53994,\"13\":37992,\"14\":32749,\"15\":66137,\"0\":77353,\"1\":45407,\"2\":36447,\"3\":86728,\"4\":68438,\"5\":50474,\"6\":43419,\"7\":83604},\"fitted\":{\"8\":60247.0921003245,\"9\":34109.6301695577,\"10\":27781.21449441,\"11\":68734.0632357076,\"12\":53752.9078996754,\"13\":37988.3698304423,\"14\":32900.78550559,\"15\":66229.9367642922,\"0\":77111.9078996758,\"1\":45403.3698304425,\"2\":36598.78550559,\"3\":86820.9367642921,\"4\":68679.0921003247,\"5\":50477.6301695577,\"6\":43267.2144944099,\"7\":83511.0632357077},\"ret\":{\"8\":-0.000275418,\"9\":-0.0000041551,\"10\":0.0001742181,\"11\":0.0001064538,\"12\":0.0002765889,\"13\":0.0000041555,\"14\":-0.000173343,\"15\":-0.0001063073,\"0\":0.0002764019,\"1\":0.0000041555,\"2\":-0.0001733836,\"3\":-0.000106325,\"4\":-0.000275486,\"5\":-0.0000041552,\"6\":0.0001740488,\"7\":0.0001064411}}"}, "pos2": {"formula": "count ~ group * mut * base - group : mut : base", "deviance": 122.8957532601354, "prob": 1.8353819009458687e-26, "df": 3, "rel_entropy": 7.033755941418944e-05, "stats": "{\"group\":{\"8\":\"1\",\"9\":\"1\",\"10\":\"1\",\"11\":\"1\",\"12\":\"1\",\"13\":\"1\",\"14\":\"1\",\"15\":\"1\",\"0\":\"2\",\"1\":\"2\",\"2\":\"2\",\"3\":\"2\",\"4\":\"2\",\"5\":\"2\",\"6\":\"2\",\"7\":\"2\"},\"mut\":{\"8\":\"M\",\"9\":\"M\",\"10\":\"M\",\"11\":\"M\",\"12\":\"R\",\"13\":\"R\",\"14\":\"R\",\"15\":\"R\",\"0\":\"M\",\"1\":\"M\",\"2\":\"M\",\"3\":\"M\",\"4\":\"R\",\"5\":\"R\",\"6\":\"R\",\"7\":\"R\"},\"base\":{\"8\":\"A\",\"9\":\"C\",\"10\":\"G\",\"11\":\"T\",\"12\":\"A\",\"13\":\"C\",\"14\":\"G\",\"15\":\"T\",\"0\":\"A\",\"1\":\"C\",\"2\":\"G\",\"3\":\"T\",\"4\":\"A\",\"5\":\"C\",\"6\":\"G\",\"7\":\"T\"},\"count\":{\"8\":47572,\"9\":40457,\"10\":50085,\"11\":52758,\"12\":44906,\"13\":36721,\"14\":45484,\"15\":63761,\"0\":63188,\"1\":52697,\"2\":62424,\"3\":67626,\"4\":55773,\"5\":49045,\"6\":60432,\"7\":80685},\"fitted\":{\"8\":48456.4354893405,\"9\":40193.269529483,\"10\":49240.1341952974,\"11\":52982.1607858797,\"12\":44021.5645106597,\"13\":36984.7304705175,\"14\":46328.8658047029,\"15\":63536.8392141206,\"0\":62303.5645106608,\"1\":52960.7304705175,\"2\":63268.8658047028,\"3\":67401.8392141207,\"4\":56657.4354893406,\"5\":48781.2695294831,\"6\":59587.1341952975,\"7\":80909.1607858798},\"ret\":{\"8\":-0.0010030912,\"9\":0.0003028727,\"10\":0.0009753425,\"11\":-0.0002560466,\"12\":0.0010224895,\"13\":-0.0003008055,\"14\":-0.0009582206,\"15\":0.0002570423,\"0\":0.001019539,\"1\":-0.0003011315,\"2\":-0.0009606068,\"3\":0.0002570164,\"4\":-0.0010044438,\"5\":0.000302699,\"6\":0.0009739167,\"7\":-0.0002562344}}"}, "pos0": {"formula": "count ~ group * mut * base - group : mut : base", "deviance": 38.82544009859776, "prob": 1.8899208889079242e-08, "df": 3, "rel_entropy": 2.2221164094553063e-05, "stats": "{\"group\":{\"8\":\"1\",\"9\":\"1\",\"10\":\"1\",\"11\":\"1\",\"12\":\"1\",\"13\":\"1\",\"14\":\"1\",\"15\":\"1\",\"0\":\"2\",\"1\":\"2\",\"2\":\"2\",\"3\":\"2\",\"4\":\"2\",\"5\":\"2\",\"6\":\"2\",\"7\":\"2\"},\"mut\":{\"8\":\"M\",\"9\":\"M\",\"10\":\"M\",\"11\":\"M\",\"12\":\"R\",\"13\":\"R\",\"14\":\"R\",\"15\":\"R\",\"0\":\"M\",\"1\":\"M\",\"2\":\"M\",\"3\":\"M\",\"4\":\"R\",\"5\":\"R\",\"6\":\"R\",\"7\":\"R\"},\"base\":{\"8\":\"A\",\"9\":\"C\",\"10\":\"G\",\"11\":\"T\",\"12\":\"A\",\"13\":\"C\",\"14\":\"G\",\"15\":\"T\",\"0\":\"A\",\"1\":\"C\",\"2\":\"G\",\"3\":\"T\",\"4\":\"A\",\"5\":\"C\",\"6\":\"G\",\"7\":\"T\"},\"count\":{\"8\":63933,\"9\":32524,\"10\":31881,\"11\":62534,\"12\":54789,\"13\":36218,\"14\":33440,\"15\":66425,\"0\":80301,\"1\":43766,\"2\":40381,\"3\":81487,\"4\":68798,\"5\":49015,\"6\":44347,\"7\":83775},\"fitted\":{\"8\":63901.5641738509,\"9\":32446.5851858274,\"10\":31437.8686865103,\"11\":63085.9819538119,\"12\":54820.4358261494,\"13\":36295.4148141727,\"14\":33883.13131349,\"15\":65873.0180461884,\"0\":80332.4358261493,\"1\":43843.4148141729,\"2\":40824.13131349,\"3\":80935.0180461884,\"4\":68766.5641738509,\"5\":48937.5851858273,\"6\":43903.8686865101,\"7\":84326.9819538121},\"ret\":{\"8\":0.0000359925,\"9\":0.0000887201,\"10\":0.0005107975,\"11\":-0.0006290651,\"12\":-0.0000359733,\"13\":-0.0000885199,\"14\":-0.0005039078,\"15\":0.0006344772,\"0\":-0.0000359766,\"1\":-0.0000885362,\"2\":-0.0005044763,\"3\":0.0006339871,\"4\":0.0000359919,\"5\":0.0000886845,\"6\":0.0005097905,\"7\":-0.0006297649}}"}, "pos1": {"formula": "count ~ group * mut * base - group : mut : base", "deviance": 53.93914141107024, "prob": 1.1560991491087582e-11, "df": 3, "rel_entropy": 3.087126660691692e-05, "stats": "{\"group\":{\"8\":\"1\",\"9\":\"1\",\"10\":\"1\",\"11\":\"1\",\"12\":\"1\",\"13\":\"1\",\"14\":\"1\",\"15\":\"1\",\"0\":\"2\",\"1\":\"2\",\"2\":\"2\",\"3\":\"2\",\"4\":\"2\",\"5\":\"2\",\"6\":\"2\",\"7\":\"2\"},\"mut\":{\"8\":\"M\",\"9\":\"M\",\"10\":\"M\",\"11\":\"M\",\"12\":\"R\",\"13\":\"R\",\"14\":\"R\",\"15\":\"R\",\"0\":\"M\",\"1\":\"M\",\"2\":\"M\",\"3\":\"M\",\"4\":\"R\",\"5\":\"R\",\"6\":\"R\",\"7\":\"R\"},\"base\":{\"8\":\"A\",\"9\":\"C\",\"10\":\"G\",\"11\":\"T\",\"12\":\"A\",\"13\":\"C\",\"14\":\"G\",\"15\":\"T\",\"0\":\"A\",\"1\":\"C\",\"2\":\"G\",\"3\":\"T\",\"4\":\"A\",\"5\":\"C\",\"6\":\"G\",\"7\":\"T\"},\"count\":{\"8\":75279,\"9\":31691,\"10\":33122,\"11\":50780,\"12\":52745,\"13\":42621,\"14\":31611,\"15\":63895,\"0\":92308,\"1\":42724,\"2\":43047,\"3\":67856,\"4\":64557,\"5\":58489,\"6\":42130,\"7\":80759},\"fitted\":{\"8\":75146.855274295,\"9\":31404.7368023096,\"10\":32802.5727434405,\"11\":51517.8351799557,\"12\":52877.1447257056,\"13\":42907.2631976906,\"14\":31930.4272565597,\"15\":63157.1648200447,\"0\":92440.144725705,\"1\":43010.2631976907,\"2\":43366.4272565597,\"3\":67118.1648200447,\"4\":64424.8552742949,\"5\":58202.7368023096,\"6\":41810.5727434406,\"7\":81496.8351799557},\"ret\":{\"8\":0.0001513951,\"9\":0.0003291659,\"10\":0.0003674134,\"11\":-0.0008385009,\"12\":-0.000151073,\"13\":-0.0003265815,\"14\":-0.0003638039,\"15\":0.0008494923,\"0\":-0.000151154,\"1\":-0.0003265841,\"2\":-0.000364289,\"3\":0.0008492034,\"4\":0.0001514172,\"5\":0.0003284815,\"6\":0.0003670321,\"7\":-0.0008407432}}"}}