{"pos2": {"stats": "{\"group\":{\"0\":\"1\",\"1\":\"1\",\"2\":\"1\",\"3\":\"1\",\"4\":\"1\",\"5\":\"1\",\"6\":\"1\",\"7\":\"1\",\"8\":\"2\",\"9\":\"2\",\"10\":\"2\",\"11\":\"2\",\"12\":\"2\",\"13\":\"2\",\"14\":\"2\",\"15\":\"2\"},\"mut\":{\"0\":\"M\",\"1\":\"M\",\"2\":\"M\",\"3\":\"M\",\"4\":\"R\",\"5\":\"R\",\"6\":\"R\",\"7\":\"R\",\"8\":\"M\",\"9\":\"M\",\"10\":\"M\",\"11\":\"M\",\"12\":\"R\",\"13\":\"R\",\"14\":\"R\",\"15\":\"R\"},\"base\":{\"0\":\"A\",\"1\":\"C\",\"2\":\"G\",\"3\":\"T\",\"4\":\"A\",\"5\":\"C\",\"6\":\"G\",\"7\":\"T\",\"8\":\"A\",\"9\":\"C\",\"10\":\"G\",\"11\":\"T\",\"12\":\"A\",\"13\":\"C\",\"14\":\"G\",\"15\":\"T\"},\"count\":{\"0\":47572,\"1\":40457,\"2\":50085,\"3\":52758,\"4\":44906,\"5\":36721,\"6\":45484,\"7\":63761,\"8\":63188,\"9\":52697,\"10\":62424,\"11\":67626,\"12\":55773,\"13\":49045,\"14\":60432,\"15\":80685},\"fitted\":{\"0\":48456.4354893404,\"1\":40193.269529483,\"2\":49240.1341952975,\"3\":52982.1607858797,\"4\":44021.56451066,\"5\":36984.7304705174,\"6\":46328.8658047029,\"7\":63536.8392141206,\"8\":62303.56451066,\"9\":52960.7304705174,\"10\":63268.8658047029,\"11\":67401.8392141206,\"12\":56657.4354893405,\"13\":48781.2695294831,\"14\":59587.1341952977,\"15\":80909.1607858799},\"ret\":{\"0\":-0.0010030912,\"1\":0.0003028727,\"2\":0.0009753425,\"3\":-0.0002560466,\"4\":0.0010224895,\"5\":-0.0003008055,\"6\":-0.0009582206,\"7\":0.0002570423,\"8\":0.001019539,\"9\":-0.0003011315,\"10\":-0.0009606068,\"11\":0.0002570164,\"12\":-0.0010044438,\"13\":0.000302699,\"14\":0.0009739167,\"15\":-0.0002562344}}", "deviance": 122.89575326012306, "df": 3, "rel_entropy": 7.033755941418238e-05, "formula": "count ~ group * mut * base - group : mut : base", "prob": 1.8353819009570999e-26}, "pos3": {"stats": "{\"group\":{\"0\":\"1\",\"1\":\"1\",\"2\":\"1\",\"3\":\"1\",\"4\":\"1\",\"5\":\"1\",\"6\":\"1\",\"7\":\"1\",\"8\":\"2\",\"9\":\"2\",\"10\":\"2\",\"11\":\"2\",\"12\":\"2\",\"13\":\"2\",\"14\":\"2\",\"15\":\"2\"},\"mut\":{\"0\":\"M\",\"1\":\"M\",\"2\":\"M\",\"3\":\"M\",\"4\":\"R\",\"5\":\"R\",\"6\":\"R\",\"7\":\"R\",\"8\":\"M\",\"9\":\"M\",\"10\":\"M\",\"11\":\"M\",\"12\":\"R\",\"13\":\"R\",\"14\":\"R\",\"15\":\"R\"},\"base\":{\"0\":\"A\",\"1\":\"C\",\"2\":\"G\",\"3\":\"T\",\"4\":\"A\",\"5\":\"C\",\"6\":\"G\",\"7\":\"T\",\"8\":\"A\",\"9\":\"C\",\"10\":\"G\",\"11\":\"T\",\"12\":\"A\",\"13\":\"C\",\"14\":\"G\",\"15\":\"T\"},\"count\":{\"0\":60006,\"1\":34106,\"2\":27933,\"3\":68827,\"4\":53994,\"5\":37992,\"6\":32749,\"7\":66137,\"8\":77353,\"9\":45407,\"10\":36447,\"11\":86728,\"12\":68438,\"13\":50474,\"14\":43419,\"15\":83604},\"fitted\":{\"0\":60247.0921003253,\"1\":34109.6301695578,\"2\":27781.2144944101,\"3\":68734.063235708,\"4\":53752.9078996757,\"5\":37988.3698304424,\"6\":32900.7855055901,\"7\":66229.9367642924,\"8\":77111.9078996756,\"9\":45403.3698304424,\"10\":36598.7855055901,\"11\":86820.9367642922,\"12\":68679.0921003244,\"13\":50477.6301695577,\"14\":43267.2144944102,\"15\":83511.063235708},\"ret\":{\"0\":-0.000275418,\"1\":-0.0000041551,\"2\":0.0001742181,\"3\":0.0001064538,\"4\":0.0002765889,\"5\":0.0000041555,\"6\":-0.000173343,\"7\":-0.0001063073,\"8\":0.0002764019,\"9\":0.0000041555,\"10\":-0.0001733836,\"11\":-0.000106325,\"12\":-0.000275486,\"13\":-0.0000041552,\"14\":0.0001740488,\"15\":0.0001064411}}", "deviance": 6.79774228511726, "df": 3, "rel_entropy": 3.890586852498506e-06, "formula": "count ~ group * mut * base - group : mut : base", "prob": 0.078631582479351078}, "pos0": {"stats": "{\"group\":{\"0\":\"1\",\"1\":\"1\",\"2\":\"1\",\"3\":\"1\",\"4\":\"1\",\"5\":\"1\",\"6\":\"1\",\"7\":\"1\",\"8\":\"2\",\"9\":\"2\",\"10\":\"2\",\"11\":\"2\",\"12\":\"2\",\"13\":\"2\",\"14\":\"2\",\"15\":\"2\"},\"mut\":{\"0\":\"M\",\"1\":\"M\",\"2\":\"M\",\"3\":\"M\",\"4\":\"R\",\"5\":\"R\",\"6\":\"R\",\"7\":\"R\",\"8\":\"M\",\"9\":\"M\",\"10\":\"M\",\"11\":\"M\",\"12\":\"R\",\"13\":\"R\",\"14\":\"R\",\"15\":\"R\"},\"base\":{\"0\":\"A\",\"1\":\"C\",\"2\":\"G\",\"3\":\"T\",\"4\":\"A\",\"5\":\"C\",\"6\":\"G\",\"7\":\"T\",\"8\":\"A\",\"9\":\"C\",\"10\":\"G\",\"11\":\"T\",\"12\":\"A\",\"13\":\"C\",\"14\":\"G\",\"15\":\"T\"},\"count\":{\"0\":63933,\"1\":32524,\"2\":31881,\"3\":62534,\"4\":54789,\"5\":36218,\"6\":33440,\"7\":66425,\"8\":80301,\"9\":43766,\"10\":40381,\"11\":81487,\"12\":68798,\"13\":49015,\"14\":44347,\"15\":83775},\"fitted\":{\"0\":63901.5641738514,\"1\":32446.5851858274,\"2\":31437.8686865102,\"3\":63085.9819538119,\"4\":54820.4358261494,\"5\":36295.4148141727,\"6\":33883.1313134898,\"7\":65873.0180461882,\"8\":80332.4358261494,\"9\":43843.4148141728,\"10\":40824.1313134899,\"11\":80935.0180461882,\"12\":68766.5641738508,\"13\":48937.5851858275,\"14\":43903.8686865101,\"15\":84326.9819538121},\"ret\":{\"0\":0.0000359925,\"1\":0.0000887201,\"2\":0.0005107975,\"3\":-0.0006290651,\"4\":-0.0000359733,\"5\":-0.0000885199,\"6\":-0.0005039078,\"7\":0.0006344772,\"8\":-0.0000359766,\"9\":-0.0000885362,\"10\":-0.0005044763,\"11\":0.0006339871,\"12\":0.0000359919,\"13\":0.0000886845,\"14\":0.0005097905,\"15\":-0.0006297649}}", "deviance": 38.82544009858567, "df": 3, "rel_entropy": 2.2221164094546144e-05, "formula": "count ~ group * mut * base - group : mut : base", "prob": 1.889920888919064e-08}, "pos1": {"stats": "{\"group\":{\"0\":\"1\",\"1\":\"1\",\"2\":\"1\",\"3\":\"1\",\"4\":\"1\",\"5\":\"1\",\"6\":\"1\",\"7\":\"1\",\"8\":\"2\",\"9\":\"2\",\"10\":\"2\",\"11\":\"2\",\"12\":\"2\",\"13\":\"2\",\"14\":\"2\",\"15\":\"2\"},\"mut\":{\"0\":\"M\",\"1\":\"M\",\"2\":\"M\",\"3\":\"M\",\"4\":\"R\",\"5\":\"R\",\"6\":\"R\",\"7\":\"R\",\"8\":\"M\",\"9\":\"M\",\"10\":\"M\",\"11\":\"M\",\"12\":\"R\",\"13\":\"R\",\"14\":\"R\",\"15\":\"R\"},\"base\":{\"0\":\"A\",\"1\":\"C\",\"2\":\"G\",\"3\":\"T\",\"4\":\"A\",\"5\":\"C\",\"6\":\"G\",\"7\":\"T\",\"8\":\"A\",\"9\":\"C\",\"10\":\"G\",\"11\":\"T\",\"12\":\"A\",\"13\":\"C\",\"14\":\"G\",\"15\":\"T\"},\"count\":{\"0\":75279,\"1\":31691,\"2\":33122,\"3\":50780,\"4\":52745,\"5\":42621,\"6\":31611,\"7\":63895,\"8\":92308,\"9\":42724,\"10\":43047,\"11\":67856,\"12\":64557,\"13\":58489,\"14\":42130,\"15\":80759},\"fitted\":{\"0\":75146.8552742937,\"1\":31404.7368023094,\"2\":32802.5727434403,\"3\":51517.8351799552,\"4\":52877.144725705,\"5\":42907.2631976904,\"6\":31930.4272565596,\"7\":63157.1648200444,\"8\":92440.1447257049,\"9\":43010.2631976905,\"10\":43366.4272565596,\"11\":67118.1648200444,\"12\":64424.8552742947,\"13\":58202.7368023093,\"14\":41810.5727434401,\"15\":81496.8351799551},\"ret\":{\"0\":0.0001513951,\"1\":0.0003291659,\"2\":0.0003674134,\"3\":-0.0008385009,\"4\":-0.000151073,\"5\":-0.0003265815,\"6\":-0.0003638039,\"7\":0.0008494923,\"8\":-0.000151154,\"9\":-0.0003265841,\"10\":-0.000364289,\"11\":0.0008492034,\"12\":0.0001514172,\"13\":0.0003284815,\"14\":0.0003670321,\"15\":-0.0008407432}}", "deviance": 53.939141411057165, "df": 3, "rel_entropy": 3.087126660690944e-05, "formula": "count ~ group * mut * base - group : mut : base", "prob": 1.1560991491161782e-11}}