{"pos2": {"stats": "{\"mut\":{\"0\":\"M\",\"1\":\"M\",\"2\":\"M\",\"3\":\"M\",\"4\":\"R\",\"5\":\"R\",\"6\":\"R\",\"7\":\"R\"},\"base\":{\"0\":\"A\",\"1\":\"C\",\"2\":\"G\",\"3\":\"T\",\"4\":\"A\",\"5\":\"C\",\"6\":\"G\",\"7\":\"T\"},\"count\":{\"0\":1066,\"1\":521,\"2\":958,\"3\":618,\"4\":832,\"5\":721,\"6\":876,\"7\":734},\"fitted\":{\"0\":949.0,\"1\":621.0,\"2\":917.0,\"3\":676.0,\"4\":949.0,\"5\":621.0,\"6\":917.0,\"7\":676.0},\"ret\":{\"0\":0.0195910454,\"1\":-0.0144605947,\"2\":0.0066239666,\"3\":-0.0087634294,\"4\":-0.0173050158,\"5\":0.0170172475,\"6\":-0.0063340895,\"7\":0.0095510448}}", "deviance": 74.90205470738611, "df": 3, "rel_entropy": 0.005920175048007122, "formula": "count ~ mut * base - mut : base", "prob": 3.802757952481333e-16}, "pos3": {"stats": "{\"mut\":{\"0\":\"M\",\"1\":\"M\",\"2\":\"M\",\"3\":\"M\",\"4\":\"R\",\"5\":\"R\",\"6\":\"R\",\"7\":\"R\"},\"base\":{\"0\":\"A\",\"1\":\"C\",\"2\":\"G\",\"3\":\"T\",\"4\":\"A\",\"5\":\"C\",\"6\":\"G\",\"7\":\"T\"},\"count\":{\"0\":701,\"1\":764,\"2\":889,\"3\":809,\"4\":887,\"5\":763,\"6\":795,\"7\":718},\"fitted\":{\"0\":794.0,\"1\":763.5,\"2\":842.0,\"3\":763.5,\"4\":794.0,\"5\":763.5,\"6\":842.0,\"7\":763.5},\"ret\":{\"0\":-0.0138045333,\"1\":0.0000790648,\"2\":0.0076332611,\"3\":0.0074027199,\"4\":0.0155304251,\"5\":-0.000079013,\"6\":-0.007218326,\"7\":-0.0069738338}}", "deviance": 32.5126635198935, "df": 3, "rel_entropy": 0.0025697647423248106, "formula": "count ~ mut * base - mut : base", "prob": 4.0805706115951853e-07}, "pos0": {"stats": "{\"mut\":{\"0\":\"M\",\"1\":\"M\",\"2\":\"M\",\"3\":\"M\",\"4\":\"R\",\"5\":\"R\",\"6\":\"R\",\"7\":\"R\"},\"base\":{\"0\":\"A\",\"1\":\"C\",\"2\":\"G\",\"3\":\"T\",\"4\":\"A\",\"5\":\"C\",\"6\":\"G\",\"7\":\"T\"},\"count\":{\"0\":777,\"1\":733,\"2\":788,\"3\":865,\"4\":844,\"5\":824,\"6\":814,\"7\":681},\"fitted\":{\"0\":810.5,\"1\":778.5,\"2\":801.0,\"3\":773.0,\"4\":810.5,\"5\":778.5,\"6\":801.0,\"7\":773.0},\"ret\":{\"0\":-0.0051846253,\"1\":-0.0069781333,\"2\":-0.002038244,\"3\":0.0153761692,\"4\":0.0054035684,\"5\":0.0073987461,\"6\":0.0020715977,\"7\":-0.0136411795}}", "deviance": 30.464741483428522, "df": 3, "rel_entropy": 0.0024078992636285585, "formula": "count ~ mut * base - mut : base", "prob": 1.1018342351642507e-06}, "pos1": {"stats": "{\"mut\":{\"0\":\"M\",\"1\":\"M\",\"2\":\"M\",\"3\":\"M\",\"4\":\"R\",\"5\":\"R\",\"6\":\"R\",\"7\":\"R\"},\"base\":{\"0\":\"A\",\"1\":\"C\",\"2\":\"G\",\"3\":\"T\",\"4\":\"A\",\"5\":\"C\",\"6\":\"G\",\"7\":\"T\"},\"count\":{\"0\":891,\"1\":763,\"2\":884,\"3\":625,\"4\":973,\"5\":281,\"6\":911,\"7\":998},\"fitted\":{\"0\":931.9999999991,\"1\":522.0000001111,\"2\":897.4999999991,\"3\":811.4999999992,\"4\":932.000000001,\"5\":522.0000001121,\"6\":897.500000001,\"7\":811.5000000009},\"ret\":{\"0\":-0.0063364927,\"1\":0.0457836719,\"2\":-0.0021179189,\"3\":-0.0257995512,\"4\":0.0066217014,\"5\":-0.0275097898,\"6\":0.00215002,\"7\":0.0326359708}}", "deviance": 321.71014202902415, "df": 3, "rel_entropy": 0.02542761160520267, "formula": "count ~ mut * base - mut : base", "prob": 1.9885953850894006e-69}}