{"pos1": {"prob": 0.33715158174936405, "rel_entropy": 0.00013747508076007486, "formula": "count ~ strand * mut * base - strand : mut : base", "df": 3, "deviance": 3.3763879834674384, "stats": "{\"strand\":{\"8\":\"+\",\"9\":\"+\",\"10\":\"+\",\"11\":\"+\",\"12\":\"+\",\"13\":\"+\",\"14\":\"+\",\"15\":\"+\",\"0\":\"-\",\"1\":\"-\",\"2\":\"-\",\"3\":\"-\",\"4\":\"-\",\"5\":\"-\",\"6\":\"-\",\"7\":\"-\"},\"mut\":{\"8\":\"M\",\"9\":\"M\",\"10\":\"M\",\"11\":\"M\",\"12\":\"R\",\"13\":\"R\",\"14\":\"R\",\"15\":\"R\",\"0\":\"M\",\"1\":\"M\",\"2\":\"M\",\"3\":\"M\",\"4\":\"R\",\"5\":\"R\",\"6\":\"R\",\"7\":\"R\"},\"base\":{\"8\":\"A\",\"9\":\"C\",\"10\":\"G\",\"11\":\"T\",\"12\":\"A\",\"13\":\"C\",\"14\":\"G\",\"15\":\"T\",\"0\":\"A\",\"1\":\"C\",\"2\":\"G\",\"3\":\"T\",\"4\":\"A\",\"5\":\"C\",\"6\":\"G\",\"7\":\"T\"},\"count\":{\"8\":835,\"9\":931,\"10\":702,\"11\":622,\"12\":668,\"13\":858,\"14\":751,\"15\":813,\"0\":795,\"1\":892,\"2\":755,\"3\":608,\"4\":654,\"5\":890,\"6\":734,\"7\":772},\"fitted\":{\"8\":829.9571259672,\"9\":913.3461727466,\"10\":719.634618362,\"11\":627.0620829242,\"12\":673.0428740328,\"13\":875.6538272534,\"14\":733.365381638,\"15\":807.9379170758,\"0\":800.0428740328,\"1\":909.6538272534,\"2\":737.365381638,\"3\":602.9379170758,\"4\":648.9571259672,\"5\":872.3461727466,\"6\":751.634618362,\"7\":777.0620829242},\"ret\":{\"8\":0.0004119026,\"9\":0.001451413,\"10\":-0.0014183032,\"11\":-0.0004105534,\"12\":-0.0004091152,\"13\":-0.0014230181,\"14\":0.0014531728,\"15\":0.0004135104,\"0\":-0.0004093605,\"1\":-0.001423567,\"2\":0.0014530806,\"3\":0.0004139474,\"4\":0.0004122489,\"5\":0.0014520575,\"6\":-0.0014190645,\"7\":-0.0004108761}}"}, "pos2": {"prob": 0.19944353326862083, "rel_entropy": 0.0001892601643763839, "formula": "count ~ strand * mut * base - strand : mut : base", "df": 3, "deviance": 4.648229637083989, "stats": "{\"strand\":{\"8\":\"+\",\"9\":\"+\",\"10\":\"+\",\"11\":\"+\",\"12\":\"+\",\"13\":\"+\",\"14\":\"+\",\"15\":\"+\",\"0\":\"-\",\"1\":\"-\",\"2\":\"-\",\"3\":\"-\",\"4\":\"-\",\"5\":\"-\",\"6\":\"-\",\"7\":\"-\"},\"mut\":{\"8\":\"M\",\"9\":\"M\",\"10\":\"M\",\"11\":\"M\",\"12\":\"R\",\"13\":\"R\",\"14\":\"R\",\"15\":\"R\",\"0\":\"M\",\"1\":\"M\",\"2\":\"M\",\"3\":\"M\",\"4\":\"R\",\"5\":\"R\",\"6\":\"R\",\"7\":\"R\"},\"base\":{\"8\":\"A\",\"9\":\"C\",\"10\":\"G\",\"11\":\"T\",\"12\":\"A\",\"13\":\"C\",\"14\":\"G\",\"15\":\"T\",\"0\":\"A\",\"1\":\"C\",\"2\":\"G\",\"3\":\"T\",\"4\":\"A\",\"5\":\"C\",\"6\":\"G\",\"7\":\"T\"},\"count\":{\"8\":381,\"9\":455,\"10\":1761,\"11\":493,\"12\":994,\"13\":943,\"14\":267,\"15\":886,\"0\":339,\"1\":438,\"2\":1791,\"3\":482,\"4\":932,\"5\":827,\"6\":307,\"7\":984},\"fitted\":{\"8\":380.7980805746,\"9\":476.3227099108,\"10\":1752.1462694417,\"11\":480.7329400729,\"12\":994.2019194254,\"13\":921.6772900893,\"14\":275.8537305583,\"15\":898.2670599271,\"0\":339.2019194254,\"1\":416.6772900894,\"2\":1799.8537305583,\"3\":494.2670599271,\"4\":931.7980805746,\"5\":848.3227099107,\"6\":298.1462694417,\"7\":971.7329400729},\"ret\":{\"8\":0.0000164473,\"9\":-0.0016969191,\"10\":0.0007228064,\"11\":0.0010115845,\"12\":-0.0000164413,\"13\":0.0017563092,\"14\":-0.0007092917,\"15\":-0.000992094,\"0\":-0.0000164381,\"1\":0.001780066,\"2\":-0.0007192116,\"3\":-0.0009864461,\"4\":0.0000164447,\"5\":-0.0017143698,\"6\":0.0007315886,\"7\":0.0010052252}}"}, "pos3": {"prob": 0.5491804187219003, "rel_entropy": 8.60557791106081e-05, "formula": "count ~ strand * mut * base - strand : mut : base", "df": 3, "deviance": 2.113529934956535, "stats": "{\"strand\":{\"8\":\"+\",\"9\":\"+\",\"10\":\"+\",\"11\":\"+\",\"12\":\"+\",\"13\":\"+\",\"14\":\"+\",\"15\":\"+\",\"0\":\"-\",\"1\":\"-\",\"2\":\"-\",\"3\":\"-\",\"4\":\"-\",\"5\":\"-\",\"6\":\"-\",\"7\":\"-\"},\"mut\":{\"8\":\"M\",\"9\":\"M\",\"10\":\"M\",\"11\":\"M\",\"12\":\"R\",\"13\":\"R\",\"14\":\"R\",\"15\":\"R\",\"0\":\"M\",\"1\":\"M\",\"2\":\"M\",\"3\":\"M\",\"4\":\"R\",\"5\":\"R\",\"6\":\"R\",\"7\":\"R\"},\"base\":{\"8\":\"A\",\"9\":\"C\",\"10\":\"G\",\"11\":\"T\",\"12\":\"A\",\"13\":\"C\",\"14\":\"G\",\"15\":\"T\",\"0\":\"A\",\"1\":\"C\",\"2\":\"G\",\"3\":\"T\",\"4\":\"A\",\"5\":\"C\",\"6\":\"G\",\"7\":\"T\"},\"count\":{\"8\":616,\"9\":878,\"10\":858,\"11\":738,\"12\":722,\"13\":734,\"14\":809,\"15\":825,\"0\":573,\"1\":858,\"2\":914,\"3\":705,\"4\":652,\"5\":770,\"6\":889,\"7\":739},\"fitted\":{\"8\":621.5948111187,\"9\":864.8332399331,\"10\":852.4778785822,\"11\":751.094070366,\"12\":716.4051888813,\"13\":747.1667600669,\"14\":814.5221214177,\"15\":811.905929634,\"0\":567.4051888813,\"1\":871.1667600669,\"2\":919.5221214177,\"3\":691.905929634,\"4\":657.5948111187,\"5\":756.8332399331,\"6\":883.4778785822,\"7\":752.094070366},\"ret\":{\"8\":-0.0004535469,\"9\":0.0010803326,\"10\":0.0004511375,\"11\":-0.0010569434,\"12\":0.0004573779,\"13\":-0.0010627084,\"14\":-0.0004481564,\"15\":0.0010748449,\"0\":0.0004578424,\"1\":-0.0010640679,\"2\":-0.0004483312,\"3\":0.0010763189,\"4\":-0.0004536599,\"5\":0.0010814848,\"6\":0.0004510866,\"7\":-0.0010569559}}"}, "pos0": {"prob": 0.5380228170200956, "rel_entropy": 8.832609272664958e-05, "formula": "count ~ strand * mut * base - strand : mut : base", "df": 3, "deviance": 2.169288837366514, "stats": "{\"strand\":{\"8\":\"+\",\"9\":\"+\",\"10\":\"+\",\"11\":\"+\",\"12\":\"+\",\"13\":\"+\",\"14\":\"+\",\"15\":\"+\",\"0\":\"-\",\"1\":\"-\",\"2\":\"-\",\"3\":\"-\",\"4\":\"-\",\"5\":\"-\",\"6\":\"-\",\"7\":\"-\"},\"mut\":{\"8\":\"M\",\"9\":\"M\",\"10\":\"M\",\"11\":\"M\",\"12\":\"R\",\"13\":\"R\",\"14\":\"R\",\"15\":\"R\",\"0\":\"M\",\"1\":\"M\",\"2\":\"M\",\"3\":\"M\",\"4\":\"R\",\"5\":\"R\",\"6\":\"R\",\"7\":\"R\"},\"base\":{\"8\":\"A\",\"9\":\"C\",\"10\":\"G\",\"11\":\"T\",\"12\":\"A\",\"13\":\"C\",\"14\":\"G\",\"15\":\"T\",\"0\":\"A\",\"1\":\"C\",\"2\":\"G\",\"3\":\"T\",\"4\":\"A\",\"5\":\"C\",\"6\":\"G\",\"7\":\"T\"},\"count\":{\"8\":731,\"9\":786,\"10\":782,\"11\":791,\"12\":699,\"13\":754,\"14\":794,\"15\":843,\"0\":691,\"1\":781,\"2\":824,\"3\":754,\"4\":705,\"5\":784,\"6\":805,\"7\":756},\"fitted\":{\"8\":719.684362948,\"9\":777.3347103743,\"10\":789.8687343509,\"11\":803.1121923268,\"12\":710.315637052,\"13\":762.6652896257,\"14\":786.1312656491,\"15\":830.8878076732,\"0\":702.315637052,\"1\":789.6652896257,\"2\":816.1312656491,\"3\":741.8878076732,\"4\":693.684362948,\"5\":775.3347103743,\"6\":812.8687343509,\"7\":768.1121923268},\"ret\":{\"8\":0.0009286753,\"9\":0.000709561,\"10\":-0.000637574,\"11\":-0.0009788595,\"12\":-0.0009140898,\"13\":-0.0007016185,\"14\":0.0006439727,\"15\":0.0009934893,\"0\":-0.0009140053,\"1\":-0.0007017566,\"2\":0.0006438556,\"3\":0.000994343,\"4\":0.000928944,\"5\":0.0007095711,\"6\":-0.0006376649,\"7\":-0.000978517}}"}}