{"pos2": {"stats": "{\"strand\":{\"0\":\"+\",\"1\":\"+\",\"2\":\"+\",\"3\":\"+\",\"4\":\"+\",\"5\":\"+\",\"6\":\"+\",\"7\":\"+\",\"8\":\"-\",\"9\":\"-\",\"10\":\"-\",\"11\":\"-\",\"12\":\"-\",\"13\":\"-\",\"14\":\"-\",\"15\":\"-\"},\"mut\":{\"0\":\"M\",\"1\":\"M\",\"2\":\"M\",\"3\":\"M\",\"4\":\"R\",\"5\":\"R\",\"6\":\"R\",\"7\":\"R\",\"8\":\"M\",\"9\":\"M\",\"10\":\"M\",\"11\":\"M\",\"12\":\"R\",\"13\":\"R\",\"14\":\"R\",\"15\":\"R\"},\"base\":{\"0\":\"A\",\"1\":\"C\",\"2\":\"G\",\"3\":\"T\",\"4\":\"A\",\"5\":\"C\",\"6\":\"G\",\"7\":\"T\",\"8\":\"A\",\"9\":\"C\",\"10\":\"G\",\"11\":\"T\",\"12\":\"A\",\"13\":\"C\",\"14\":\"G\",\"15\":\"T\"},\"count\":{\"0\":381,\"1\":455,\"2\":1761,\"3\":493,\"4\":994,\"5\":943,\"6\":267,\"7\":886,\"8\":339,\"9\":438,\"10\":1791,\"11\":482,\"12\":932,\"13\":827,\"14\":307,\"15\":984},\"fitted\":{\"0\":380.7980805746,\"1\":476.3227099108,\"2\":1752.1462694417,\"3\":480.7329400729,\"4\":994.2019194254,\"5\":921.6772900893,\"6\":275.8537305583,\"7\":898.2670599271,\"8\":339.2019194254,\"9\":416.6772900894,\"10\":1799.8537305583,\"11\":494.2670599271,\"12\":931.7980805746,\"13\":848.3227099107,\"14\":298.1462694417,\"15\":971.7329400729},\"ret\":{\"0\":0.0000164473,\"1\":-0.0016969191,\"2\":0.0007228064,\"3\":0.0010115845,\"4\":-0.0000164413,\"5\":0.0017563092,\"6\":-0.0007092917,\"7\":-0.000992094,\"8\":-0.0000164381,\"9\":0.001780066,\"10\":-0.0007192116,\"11\":-0.0009864461,\"12\":0.0000164447,\"13\":-0.0017143698,\"14\":0.0007315886,\"15\":0.0010052252}}", "deviance": 4.648229637084469, "df": 3, "rel_entropy": 0.00018926016437640348, "formula": "count ~ strand * mut * base - strand : mut : base", "prob": 0.19944353326858003}, "pos3": {"stats": "{\"strand\":{\"0\":\"+\",\"1\":\"+\",\"2\":\"+\",\"3\":\"+\",\"4\":\"+\",\"5\":\"+\",\"6\":\"+\",\"7\":\"+\",\"8\":\"-\",\"9\":\"-\",\"10\":\"-\",\"11\":\"-\",\"12\":\"-\",\"13\":\"-\",\"14\":\"-\",\"15\":\"-\"},\"mut\":{\"0\":\"M\",\"1\":\"M\",\"2\":\"M\",\"3\":\"M\",\"4\":\"R\",\"5\":\"R\",\"6\":\"R\",\"7\":\"R\",\"8\":\"M\",\"9\":\"M\",\"10\":\"M\",\"11\":\"M\",\"12\":\"R\",\"13\":\"R\",\"14\":\"R\",\"15\":\"R\"},\"base\":{\"0\":\"A\",\"1\":\"C\",\"2\":\"G\",\"3\":\"T\",\"4\":\"A\",\"5\":\"C\",\"6\":\"G\",\"7\":\"T\",\"8\":\"A\",\"9\":\"C\",\"10\":\"G\",\"11\":\"T\",\"12\":\"A\",\"13\":\"C\",\"14\":\"G\",\"15\":\"T\"},\"count\":{\"0\":616,\"1\":878,\"2\":858,\"3\":738,\"4\":722,\"5\":734,\"6\":809,\"7\":825,\"8\":573,\"9\":858,\"10\":914,\"11\":705,\"12\":652,\"13\":770,\"14\":889,\"15\":739},\"fitted\":{\"0\":621.5948111187,\"1\":864.8332399331,\"2\":852.4778785823,\"3\":751.094070366,\"4\":716.4051888813,\"5\":747.1667600669,\"6\":814.5221214178,\"7\":811.905929634,\"8\":567.4051888813,\"9\":871.1667600669,\"10\":919.5221214178,\"11\":691.905929634,\"12\":657.5948111187,\"13\":756.8332399331,\"14\":883.4778785822,\"15\":752.094070366},\"ret\":{\"0\":-0.0004535469,\"1\":0.0010803326,\"2\":0.0004511375,\"3\":-0.0010569434,\"4\":0.0004573779,\"5\":-0.0010627084,\"6\":-0.0004481564,\"7\":0.0010748449,\"8\":0.0004578424,\"9\":-0.0010640679,\"10\":-0.0004483312,\"11\":0.0010763189,\"12\":-0.0004536599,\"13\":0.0010814848,\"14\":0.0004510866,\"15\":-0.0010569559}}", "deviance": 2.1135299349558814, "df": 3, "rel_entropy": 8.605577911058149e-05, "formula": "count ~ strand * mut * base - strand : mut : base", "prob": 0.54918041872203216}, "pos0": {"stats": "{\"strand\":{\"0\":\"+\",\"1\":\"+\",\"2\":\"+\",\"3\":\"+\",\"4\":\"+\",\"5\":\"+\",\"6\":\"+\",\"7\":\"+\",\"8\":\"-\",\"9\":\"-\",\"10\":\"-\",\"11\":\"-\",\"12\":\"-\",\"13\":\"-\",\"14\":\"-\",\"15\":\"-\"},\"mut\":{\"0\":\"M\",\"1\":\"M\",\"2\":\"M\",\"3\":\"M\",\"4\":\"R\",\"5\":\"R\",\"6\":\"R\",\"7\":\"R\",\"8\":\"M\",\"9\":\"M\",\"10\":\"M\",\"11\":\"M\",\"12\":\"R\",\"13\":\"R\",\"14\":\"R\",\"15\":\"R\"},\"base\":{\"0\":\"A\",\"1\":\"C\",\"2\":\"G\",\"3\":\"T\",\"4\":\"A\",\"5\":\"C\",\"6\":\"G\",\"7\":\"T\",\"8\":\"A\",\"9\":\"C\",\"10\":\"G\",\"11\":\"T\",\"12\":\"A\",\"13\":\"C\",\"14\":\"G\",\"15\":\"T\"},\"count\":{\"0\":731,\"1\":786,\"2\":782,\"3\":791,\"4\":699,\"5\":754,\"6\":794,\"7\":843,\"8\":691,\"9\":781,\"10\":824,\"11\":754,\"12\":705,\"13\":784,\"14\":805,\"15\":756},\"fitted\":{\"0\":719.684362948,\"1\":777.3347103743,\"2\":789.8687343509,\"3\":803.1121923268,\"4\":710.315637052,\"5\":762.6652896257,\"6\":786.1312656491,\"7\":830.8878076732,\"8\":702.315637052,\"9\":789.6652896257,\"10\":816.1312656491,\"11\":741.8878076732,\"12\":693.684362948,\"13\":775.3347103743,\"14\":812.8687343509,\"15\":768.1121923268},\"ret\":{\"0\":0.0009286753,\"1\":0.000709561,\"2\":-0.000637574,\"3\":-0.0009788595,\"4\":-0.0009140898,\"5\":-0.0007016185,\"6\":0.0006439727,\"7\":0.0009934893,\"8\":-0.0009140053,\"9\":-0.0007017566,\"10\":0.0006438556,\"11\":0.000994343,\"12\":0.000928944,\"13\":0.0007095711,\"14\":-0.0006376649,\"15\":-0.000978517}}", "deviance": 2.1692888373664463, "df": 3, "rel_entropy": 8.832609272664683e-05, "formula": "count ~ strand * mut * base - strand : mut : base", "prob": 0.53802281702010912}, "pos1": {"stats": "{\"strand\":{\"0\":\"+\",\"1\":\"+\",\"2\":\"+\",\"3\":\"+\",\"4\":\"+\",\"5\":\"+\",\"6\":\"+\",\"7\":\"+\",\"8\":\"-\",\"9\":\"-\",\"10\":\"-\",\"11\":\"-\",\"12\":\"-\",\"13\":\"-\",\"14\":\"-\",\"15\":\"-\"},\"mut\":{\"0\":\"M\",\"1\":\"M\",\"2\":\"M\",\"3\":\"M\",\"4\":\"R\",\"5\":\"R\",\"6\":\"R\",\"7\":\"R\",\"8\":\"M\",\"9\":\"M\",\"10\":\"M\",\"11\":\"M\",\"12\":\"R\",\"13\":\"R\",\"14\":\"R\",\"15\":\"R\"},\"base\":{\"0\":\"A\",\"1\":\"C\",\"2\":\"G\",\"3\":\"T\",\"4\":\"A\",\"5\":\"C\",\"6\":\"G\",\"7\":\"T\",\"8\":\"A\",\"9\":\"C\",\"10\":\"G\",\"11\":\"T\",\"12\":\"A\",\"13\":\"C\",\"14\":\"G\",\"15\":\"T\"},\"count\":{\"0\":835,\"1\":931,\"2\":702,\"3\":622,\"4\":668,\"5\":858,\"6\":751,\"7\":813,\"8\":795,\"9\":892,\"10\":755,\"11\":608,\"12\":654,\"13\":890,\"14\":734,\"15\":772},\"fitted\":{\"0\":829.9571259672,\"1\":913.3461727466,\"2\":719.634618362,\"3\":627.0620829242,\"4\":673.0428740328,\"5\":875.6538272534,\"6\":733.365381638,\"7\":807.9379170758,\"8\":800.0428740328,\"9\":909.6538272534,\"10\":737.365381638,\"11\":602.9379170758,\"12\":648.9571259672,\"13\":872.3461727466,\"14\":751.634618362,\"15\":777.0620829242},\"ret\":{\"0\":0.0004119026,\"1\":0.001451413,\"2\":-0.0014183032,\"3\":-0.0004105534,\"4\":-0.0004091152,\"5\":-0.0014230181,\"6\":0.0014531728,\"7\":0.0004135104,\"8\":-0.0004093605,\"9\":-0.001423567,\"10\":0.0014530806,\"11\":0.0004139474,\"12\":0.0004122489,\"13\":0.0014520575,\"14\":-0.0014190645,\"15\":-0.0004108761}}", "deviance": 3.3763879834672625, "df": 3, "rel_entropy": 0.00013747508076006768, "formula": "count ~ strand * mut * base - strand : mut : base", "prob": 0.33715158174938709}}