{"pos2": {"stats": "{\"strand\":{\"0\":\"+\",\"1\":\"+\",\"2\":\"+\",\"3\":\"+\",\"4\":\"+\",\"5\":\"+\",\"6\":\"+\",\"7\":\"+\",\"8\":\"-\",\"9\":\"-\",\"10\":\"-\",\"11\":\"-\",\"12\":\"-\",\"13\":\"-\",\"14\":\"-\",\"15\":\"-\"},\"mut\":{\"0\":\"M\",\"1\":\"M\",\"2\":\"M\",\"3\":\"M\",\"4\":\"R\",\"5\":\"R\",\"6\":\"R\",\"7\":\"R\",\"8\":\"M\",\"9\":\"M\",\"10\":\"M\",\"11\":\"M\",\"12\":\"R\",\"13\":\"R\",\"14\":\"R\",\"15\":\"R\"},\"base\":{\"0\":\"A\",\"1\":\"C\",\"2\":\"G\",\"3\":\"T\",\"4\":\"A\",\"5\":\"C\",\"6\":\"G\",\"7\":\"T\",\"8\":\"A\",\"9\":\"C\",\"10\":\"G\",\"11\":\"T\",\"12\":\"A\",\"13\":\"C\",\"14\":\"G\",\"15\":\"T\"},\"count\":{\"0\":328893,\"1\":283900,\"2\":602142,\"3\":326922,\"4\":536783,\"5\":402094,\"6\":79680,\"7\":523299,\"8\":328513,\"9\":285404,\"10\":601720,\"11\":326227,\"12\":537441,\"13\":403041,\"14\":79769,\"15\":521613},\"fitted\":{\"0\":328634.9640859408,\"1\":284131.9049133952,\"2\":602072.7563800041,\"3\":327017.374620653,\"4\":537041.0359140555,\"5\":401862.0950866026,\"6\":79749.2436199939,\"7\":523203.6253793443,\"8\":328771.0359140565,\"9\":285172.0950866025,\"10\":601789.2436199918,\"11\":326131.6253793443,\"12\":537182.9640859419,\"13\":403272.9049133949,\"14\":79699.7563800057,\"15\":521708.3746206528},\"ret\":{\"0\":0.0000418548,\"1\":-0.0000375861,\"2\":0.0000112279,\"3\":-0.000015462,\"4\":-0.0000418284,\"5\":0.0000376123,\"6\":-0.0000112224,\"7\":0.0000154656,\"8\":-0.000041822,\"9\":0.0000376168,\"10\":-0.0000112266,\"11\":0.0000154665,\"12\":0.0000418485,\"13\":-0.0000375907,\"14\":0.0000112322,\"15\":-0.0000154628}}", "deviance": 1.5248428276626385, "df": 3, "rel_entropy": 1.2362038223492033e-07, "formula": "count ~ strand * mut * base - strand : mut : base", "prob": 0.6765486018753839}, "pos3": {"stats": "{\"strand\":{\"0\":\"+\",\"1\":\"+\",\"2\":\"+\",\"3\":\"+\",\"4\":\"+\",\"5\":\"+\",\"6\":\"+\",\"7\":\"+\",\"8\":\"-\",\"9\":\"-\",\"10\":\"-\",\"11\":\"-\",\"12\":\"-\",\"13\":\"-\",\"14\":\"-\",\"15\":\"-\"},\"mut\":{\"0\":\"M\",\"1\":\"M\",\"2\":\"M\",\"3\":\"M\",\"4\":\"R\",\"5\":\"R\",\"6\":\"R\",\"7\":\"R\",\"8\":\"M\",\"9\":\"M\",\"10\":\"M\",\"11\":\"M\",\"12\":\"R\",\"13\":\"R\",\"14\":\"R\",\"15\":\"R\"},\"base\":{\"0\":\"A\",\"1\":\"C\",\"2\":\"G\",\"3\":\"T\",\"4\":\"A\",\"5\":\"C\",\"6\":\"G\",\"7\":\"T\",\"8\":\"A\",\"9\":\"C\",\"10\":\"G\",\"11\":\"T\",\"12\":\"A\",\"13\":\"C\",\"14\":\"G\",\"15\":\"T\"},\"count\":{\"0\":342344,\"1\":396772,\"2\":360567,\"3\":442174,\"4\":381312,\"5\":364533,\"6\":360899,\"7\":435112,\"8\":343468,\"9\":397027,\"10\":361098,\"11\":440271,\"12\":383623,\"13\":364853,\"14\":361454,\"15\":431934},\"fitted\":{\"0\":342081.91918494,\"1\":396736.8816812725,\"2\":360548.9829984508,\"3\":442489.216135335,\"4\":381574.0808150567,\"5\":364568.1183187266,\"6\":360917.0170015488,\"7\":434796.7838646654,\"8\":343730.0808150574,\"9\":397062.1183187254,\"10\":361116.0170015494,\"11\":439955.7838646648,\"12\":383360.9191849409,\"13\":364817.8816812727,\"14\":361435.9829984499,\"15\":432249.2161353347},\"ret\":{\"0\":0.0000425105,\"1\":0.0000056944,\"2\":0.0000029214,\"3\":-0.0000510915,\"4\":-0.0000424797,\"5\":-0.0000056939,\"6\":-0.0000029212,\"7\":0.0000511282,\"8\":-0.0000424781,\"9\":-0.0000056939,\"10\":-0.0000029212,\"11\":0.000051128,\"12\":0.0000425088,\"13\":0.0000056944,\"14\":0.0000029214,\"15\":-0.0000510911}}", "deviance": 1.6851551598330374, "df": 3, "rel_entropy": 1.3661704747828454e-07, "formula": "count ~ strand * mut * base - strand : mut : base", "prob": 0.64023917114780304}, "pos0": {"stats": "{\"strand\":{\"0\":\"+\",\"1\":\"+\",\"2\":\"+\",\"3\":\"+\",\"4\":\"+\",\"5\":\"+\",\"6\":\"+\",\"7\":\"+\",\"8\":\"-\",\"9\":\"-\",\"10\":\"-\",\"11\":\"-\",\"12\":\"-\",\"13\":\"-\",\"14\":\"-\",\"15\":\"-\"},\"mut\":{\"0\":\"M\",\"1\":\"M\",\"2\":\"M\",\"3\":\"M\",\"4\":\"R\",\"5\":\"R\",\"6\":\"R\",\"7\":\"R\",\"8\":\"M\",\"9\":\"M\",\"10\":\"M\",\"11\":\"M\",\"12\":\"R\",\"13\":\"R\",\"14\":\"R\",\"15\":\"R\"},\"base\":{\"0\":\"A\",\"1\":\"C\",\"2\":\"G\",\"3\":\"T\",\"4\":\"A\",\"5\":\"C\",\"6\":\"G\",\"7\":\"T\",\"8\":\"A\",\"9\":\"C\",\"10\":\"G\",\"11\":\"T\",\"12\":\"A\",\"13\":\"C\",\"14\":\"G\",\"15\":\"T\"},\"count\":{\"0\":367676,\"1\":403298,\"2\":324593,\"3\":446290,\"4\":394204,\"5\":365518,\"6\":333606,\"7\":448528,\"8\":367794,\"9\":403041,\"10\":325243,\"11\":445786,\"12\":396711,\"13\":365422,\"14\":332562,\"15\":447169},\"fitted\":{\"0\":367096.217164268,\"1\":403255.6691781692,\"2\":325009.778518178,\"3\":446495.3351393875,\"4\":394783.7828357335,\"5\":365560.3308218321,\"6\":333189.2214818231,\"7\":448322.6648606136,\"8\":368373.7828357338,\"9\":403083.3308218325,\"10\":324826.2214818224,\"11\":445580.6648606135,\"12\":396131.217164266,\"13\":365379.6691781694,\"14\":332978.7785181787,\"15\":447374.3351393884},\"ret\":{\"0\":0.0000940812,\"1\":0.000006864,\"2\":-0.0000675339,\"3\":-0.0000332858,\"4\":-0.000093938,\"5\":-0.0000068632,\"6\":0.0000676195,\"7\":0.000033301,\"8\":-0.000093933,\"9\":-0.0000068632,\"10\":0.0000676206,\"11\":0.0000333011,\"12\":0.0000940758,\"13\":0.000006864,\"14\":-0.0000675349,\"15\":-0.0000332858}}", "deviance": 6.036531331702136, "df": 3, "rel_entropy": 4.893870352146162e-07, "formula": "count ~ strand * mut * base - strand : mut : base", "prob": 0.10984636015810342}, "pos1": {"stats": "{\"strand\":{\"0\":\"+\",\"1\":\"+\",\"2\":\"+\",\"3\":\"+\",\"4\":\"+\",\"5\":\"+\",\"6\":\"+\",\"7\":\"+\",\"8\":\"-\",\"9\":\"-\",\"10\":\"-\",\"11\":\"-\",\"12\":\"-\",\"13\":\"-\",\"14\":\"-\",\"15\":\"-\"},\"mut\":{\"0\":\"M\",\"1\":\"M\",\"2\":\"M\",\"3\":\"M\",\"4\":\"R\",\"5\":\"R\",\"6\":\"R\",\"7\":\"R\",\"8\":\"M\",\"9\":\"M\",\"10\":\"M\",\"11\":\"M\",\"12\":\"R\",\"13\":\"R\",\"14\":\"R\",\"15\":\"R\"},\"base\":{\"0\":\"A\",\"1\":\"C\",\"2\":\"G\",\"3\":\"T\",\"4\":\"A\",\"5\":\"C\",\"6\":\"G\",\"7\":\"T\",\"8\":\"A\",\"9\":\"C\",\"10\":\"G\",\"11\":\"T\",\"12\":\"A\",\"13\":\"C\",\"14\":\"G\",\"15\":\"T\"},\"count\":{\"0\":467177,\"1\":415874,\"2\":324808,\"3\":333998,\"4\":371712,\"5\":400781,\"6\":332255,\"7\":437108,\"8\":469673,\"9\":414960,\"10\":326069,\"11\":331162,\"12\":372923,\"13\":401432,\"14\":332597,\"15\":434912},\"fitted\":{\"0\":467465.5798305584,\"1\":415555.9811541959,\"2\":325100.0909158506,\"3\":333735.3480993732,\"4\":371423.4201694238,\"5\":401099.0188457978,\"6\":331962.909084144,\"7\":437370.6519006211,\"8\":469384.4201694237,\"9\":415278.0188457984,\"10\":325776.909084144,\"11\":331424.6519006218,\"12\":373211.5798305703,\"13\":401113.9811541956,\"14\":332889.0909158505,\"15\":434649.3480993713},\"ret\":{\"0\":-0.0000467764,\"1\":0.0000515839,\"2\":-0.0000473389,\"3\":0.0000426036,\"4\":0.000046809,\"5\":-0.0000515437,\"6\":0.000047381,\"7\":-0.0000425741,\"8\":0.0000468052,\"9\":-0.0000515444,\"10\":0.0000473814,\"11\":-0.00004257,\"12\":-0.0000467728,\"13\":0.0000515846,\"14\":-0.0000473394,\"15\":0.0000425997}}", "deviance": 3.5630475113819102, "df": 3, "rel_entropy": 2.888594727847344e-07, "formula": "count ~ strand * mut * base - strand : mut : base", "prob": 0.31267665961289021}}