{"pos1": {"stats": "{\"strand\":{\"8\":\"+\",\"9\":\"+\",\"10\":\"+\",\"11\":\"+\",\"12\":\"+\",\"13\":\"+\",\"14\":\"+\",\"15\":\"+\",\"0\":\"-\",\"1\":\"-\",\"2\":\"-\",\"3\":\"-\",\"4\":\"-\",\"5\":\"-\",\"6\":\"-\",\"7\":\"-\"},\"mut\":{\"8\":\"M\",\"9\":\"M\",\"10\":\"M\",\"11\":\"M\",\"12\":\"R\",\"13\":\"R\",\"14\":\"R\",\"15\":\"R\",\"0\":\"M\",\"1\":\"M\",\"2\":\"M\",\"3\":\"M\",\"4\":\"R\",\"5\":\"R\",\"6\":\"R\",\"7\":\"R\"},\"base\":{\"8\":\"A\",\"9\":\"C\",\"10\":\"G\",\"11\":\"T\",\"12\":\"A\",\"13\":\"C\",\"14\":\"G\",\"15\":\"T\",\"0\":\"A\",\"1\":\"C\",\"2\":\"G\",\"3\":\"T\",\"4\":\"A\",\"5\":\"C\",\"6\":\"G\",\"7\":\"T\"},\"count\":{\"8\":467177,\"9\":415874,\"10\":324808,\"11\":333998,\"12\":371712,\"13\":400781,\"14\":332255,\"15\":437108,\"0\":469673,\"1\":414960,\"2\":326069,\"3\":331162,\"4\":372923,\"5\":401432,\"6\":332597,\"7\":434912},\"fitted\":{\"8\":467465.5798305693,\"9\":415555.9811542003,\"10\":325100.0909158535,\"11\":333735.3480993761,\"12\":371423.4201694297,\"13\":401099.0188458007,\"14\":331962.9090841452,\"15\":437370.6519006235,\"0\":469384.4201694221,\"1\":415278.0188458006,\"2\":325776.9090841457,\"3\":331424.651900623,\"4\":373211.5798305703,\"5\":401113.9811542006,\"6\":332889.0909158541,\"7\":434649.348099376},\"ret\":{\"8\":-0.0000467764,\"9\":0.0000515839,\"10\":-0.0000473389,\"11\":0.0000426036,\"12\":0.000046809,\"13\":-0.0000515437,\"14\":0.000047381,\"15\":-0.0000425741,\"0\":0.0000468052,\"1\":-0.0000515444,\"2\":0.0000473814,\"3\":-0.00004257,\"4\":-0.0000467728,\"5\":0.0000515846,\"6\":-0.0000473394,\"7\":0.0000425997}}", "deviance": 3.563047511482864, "formula": "count ~ strand * mut * base - strand : mut : base", "prob": 0.31267665960008867, "df": 3, "rel_entropy": 2.888594727929188e-07}, "pos0": {"stats": "{\"strand\":{\"8\":\"+\",\"9\":\"+\",\"10\":\"+\",\"11\":\"+\",\"12\":\"+\",\"13\":\"+\",\"14\":\"+\",\"15\":\"+\",\"0\":\"-\",\"1\":\"-\",\"2\":\"-\",\"3\":\"-\",\"4\":\"-\",\"5\":\"-\",\"6\":\"-\",\"7\":\"-\"},\"mut\":{\"8\":\"M\",\"9\":\"M\",\"10\":\"M\",\"11\":\"M\",\"12\":\"R\",\"13\":\"R\",\"14\":\"R\",\"15\":\"R\",\"0\":\"M\",\"1\":\"M\",\"2\":\"M\",\"3\":\"M\",\"4\":\"R\",\"5\":\"R\",\"6\":\"R\",\"7\":\"R\"},\"base\":{\"8\":\"A\",\"9\":\"C\",\"10\":\"G\",\"11\":\"T\",\"12\":\"A\",\"13\":\"C\",\"14\":\"G\",\"15\":\"T\",\"0\":\"A\",\"1\":\"C\",\"2\":\"G\",\"3\":\"T\",\"4\":\"A\",\"5\":\"C\",\"6\":\"G\",\"7\":\"T\"},\"count\":{\"8\":367676,\"9\":403298,\"10\":324593,\"11\":446290,\"12\":394204,\"13\":365518,\"14\":333606,\"15\":448528,\"0\":367794,\"1\":403041,\"2\":325243,\"3\":445786,\"4\":396711,\"5\":365422,\"6\":332562,\"7\":447169},\"fitted\":{\"8\":367096.2171642627,\"9\":403255.6691781649,\"10\":325009.7785181756,\"11\":446495.3351393827,\"12\":394783.7828357307,\"13\":365560.3308218275,\"14\":333189.2214818196,\"15\":448322.664860608,\"0\":368373.7828357279,\"1\":403083.3308218289,\"2\":324826.22148182,\"3\":445580.6648606095,\"4\":396131.2171642632,\"5\":365379.6691781661,\"6\":332978.7785181758,\"7\":447374.3351393844},\"ret\":{\"8\":0.0000940812,\"9\":0.000006864,\"10\":-0.0000675339,\"11\":-0.0000332858,\"12\":-0.000093938,\"13\":-0.0000068632,\"14\":0.0000676195,\"15\":0.000033301,\"0\":-0.000093933,\"1\":-0.0000068632,\"2\":0.0000676206,\"3\":0.0000333011,\"4\":0.0000940758,\"5\":0.000006864,\"6\":-0.0000675349,\"7\":-0.0000332858}}", "deviance": 6.0365313317129505, "formula": "count ~ strand * mut * base - strand : mut : base", "prob": 0.10984636015758506, "df": 3, "rel_entropy": 4.89387035215493e-07}, "pos2": {"stats": "{\"strand\":{\"8\":\"+\",\"9\":\"+\",\"10\":\"+\",\"11\":\"+\",\"12\":\"+\",\"13\":\"+\",\"14\":\"+\",\"15\":\"+\",\"0\":\"-\",\"1\":\"-\",\"2\":\"-\",\"3\":\"-\",\"4\":\"-\",\"5\":\"-\",\"6\":\"-\",\"7\":\"-\"},\"mut\":{\"8\":\"M\",\"9\":\"M\",\"10\":\"M\",\"11\":\"M\",\"12\":\"R\",\"13\":\"R\",\"14\":\"R\",\"15\":\"R\",\"0\":\"M\",\"1\":\"M\",\"2\":\"M\",\"3\":\"M\",\"4\":\"R\",\"5\":\"R\",\"6\":\"R\",\"7\":\"R\"},\"base\":{\"8\":\"A\",\"9\":\"C\",\"10\":\"G\",\"11\":\"T\",\"12\":\"A\",\"13\":\"C\",\"14\":\"G\",\"15\":\"T\",\"0\":\"A\",\"1\":\"C\",\"2\":\"G\",\"3\":\"T\",\"4\":\"A\",\"5\":\"C\",\"6\":\"G\",\"7\":\"T\"},\"count\":{\"8\":328893,\"9\":283900,\"10\":602142,\"11\":326922,\"12\":536783,\"13\":402094,\"14\":79680,\"15\":523299,\"0\":328513,\"1\":285404,\"2\":601720,\"3\":326227,\"4\":537441,\"5\":403041,\"6\":79769,\"7\":521613},\"fitted\":{\"8\":328634.9640859437,\"9\":284131.9049133963,\"10\":602072.7563800052,\"11\":327017.3746206548,\"12\":537041.0359140565,\"13\":401862.0950866033,\"14\":79749.2436199938,\"15\":523203.6253793471,\"0\":328771.0359140589,\"1\":285172.095086604,\"2\":601789.2436199939,\"3\":326131.625379346,\"4\":537182.9640859428,\"5\":403272.9049133971,\"6\":79699.7563800058,\"7\":521708.3746206565},\"ret\":{\"8\":0.0000418548,\"9\":-0.0000375861,\"10\":0.0000112279,\"11\":-0.000015462,\"12\":-0.0000418284,\"13\":0.0000376123,\"14\":-0.0000112224,\"15\":0.0000154656,\"0\":-0.000041822,\"1\":0.0000376168,\"2\":-0.0000112266,\"3\":0.0000154665,\"4\":0.0000418485,\"5\":-0.0000375907,\"6\":0.0000112322,\"7\":-0.0000154628}}", "deviance": 1.5248428276186416, "formula": "count ~ strand * mut * base - strand : mut : base", "prob": 0.6765486018854958, "df": 3, "rel_entropy": 1.2362038223135347e-07}, "pos3": {"stats": "{\"strand\":{\"8\":\"+\",\"9\":\"+\",\"10\":\"+\",\"11\":\"+\",\"12\":\"+\",\"13\":\"+\",\"14\":\"+\",\"15\":\"+\",\"0\":\"-\",\"1\":\"-\",\"2\":\"-\",\"3\":\"-\",\"4\":\"-\",\"5\":\"-\",\"6\":\"-\",\"7\":\"-\"},\"mut\":{\"8\":\"M\",\"9\":\"M\",\"10\":\"M\",\"11\":\"M\",\"12\":\"R\",\"13\":\"R\",\"14\":\"R\",\"15\":\"R\",\"0\":\"M\",\"1\":\"M\",\"2\":\"M\",\"3\":\"M\",\"4\":\"R\",\"5\":\"R\",\"6\":\"R\",\"7\":\"R\"},\"base\":{\"8\":\"A\",\"9\":\"C\",\"10\":\"G\",\"11\":\"T\",\"12\":\"A\",\"13\":\"C\",\"14\":\"G\",\"15\":\"T\",\"0\":\"A\",\"1\":\"C\",\"2\":\"G\",\"3\":\"T\",\"4\":\"A\",\"5\":\"C\",\"6\":\"G\",\"7\":\"T\"},\"count\":{\"8\":342344,\"9\":396772,\"10\":360567,\"11\":442174,\"12\":381312,\"13\":364533,\"14\":360899,\"15\":435112,\"0\":343468,\"1\":397027,\"2\":361098,\"3\":440271,\"4\":383623,\"5\":364853,\"6\":361454,\"7\":431934},\"fitted\":{\"8\":342081.9191849394,\"9\":396736.8816812711,\"10\":360548.9829984488,\"11\":442489.2161353335,\"12\":381574.0808150567,\"13\":364568.1183187253,\"14\":360917.0170015481,\"15\":434796.7838646631,\"0\":343730.0808150562,\"1\":397062.1183187247,\"2\":361116.0170015475,\"3\":439955.783864664,\"4\":383360.9191849396,\"5\":364817.8816812714,\"6\":361435.9829984487,\"7\":432249.2161353324},\"ret\":{\"8\":0.0000425105,\"9\":0.0000056944,\"10\":0.0000029214,\"11\":-0.0000510915,\"12\":-0.0000424797,\"13\":-0.0000056939,\"14\":-0.0000029212,\"15\":0.0000511282,\"0\":-0.0000424781,\"1\":-0.0000056939,\"2\":-0.0000029212,\"3\":0.000051128,\"4\":0.0000425088,\"5\":0.0000056944,\"6\":0.0000029214,\"7\":-0.0000510911}}", "deviance": 1.6851551597956345, "formula": "count ~ strand * mut * base - strand : mut : base", "prob": 0.6402391711561439, "df": 3, "rel_entropy": 1.3661704747525226e-07}}