{"pos2": {"stats": "{\"group\":{\"0\":\"1\",\"1\":\"1\",\"2\":\"1\",\"3\":\"1\",\"4\":\"1\",\"5\":\"1\",\"6\":\"1\",\"7\":\"1\",\"8\":\"2\",\"9\":\"2\",\"10\":\"2\",\"11\":\"2\",\"12\":\"2\",\"13\":\"2\",\"14\":\"2\",\"15\":\"2\"},\"mut\":{\"0\":\"M\",\"1\":\"M\",\"2\":\"M\",\"3\":\"M\",\"4\":\"R\",\"5\":\"R\",\"6\":\"R\",\"7\":\"R\",\"8\":\"M\",\"9\":\"M\",\"10\":\"M\",\"11\":\"M\",\"12\":\"R\",\"13\":\"R\",\"14\":\"R\",\"15\":\"R\"},\"base\":{\"0\":\"A\",\"1\":\"C\",\"2\":\"G\",\"3\":\"T\",\"4\":\"A\",\"5\":\"C\",\"6\":\"G\",\"7\":\"T\",\"8\":\"A\",\"9\":\"C\",\"10\":\"G\",\"11\":\"T\",\"12\":\"A\",\"13\":\"C\",\"14\":\"G\",\"15\":\"T\"},\"count\":{\"0\":3739,\"1\":5240,\"2\":3353,\"3\":3621,\"4\":4876,\"5\":4726,\"6\":1469,\"7\":4882,\"8\":90,\"9\":125,\"10\":76,\"11\":103,\"12\":107,\"13\":111,\"14\":30,\"15\":146},\"fitted\":{\"0\":3742.2305193395,\"1\":5239.4763127623,\"2\":3354.7042216229,\"3\":3616.5889462753,\"4\":4872.7694806605,\"5\":4726.5236872377,\"6\":1467.2957783771,\"7\":4886.4110537247,\"8\":86.7694806605,\"9\":125.5236872377,\"10\":74.2957783771,\"11\":107.4110537247,\"12\":110.2305193395,\"13\":110.4763127623,\"14\":31.7042216229,\"15\":141.5889462754},\"ret\":{\"0\":-0.0000987681,\"1\":0.0000160186,\"2\":-0.0000521132,\"3\":0.0001350016,\"4\":0.0000988435,\"5\":-0.000016017,\"6\":0.0000521567,\"7\":-0.0001348584,\"8\":0.0001006278,\"9\":-0.0000159844,\"10\":0.0000527198,\"11\":-0.0001321103,\"12\":-0.0000973485,\"13\":0.0000160557,\"14\":-0.0000506996,\"15\":0.0001369995}}", "deviance": 0.6881278204013008, "df": 3, "rel_entropy": 1.0523763081930949e-05, "formula": "count ~ group * mut * base - group : mut : base", "prob": 0.87599278951053283}, "pos3": {"stats": "{\"group\":{\"0\":\"1\",\"1\":\"1\",\"2\":\"1\",\"3\":\"1\",\"4\":\"1\",\"5\":\"1\",\"6\":\"1\",\"7\":\"1\",\"8\":\"2\",\"9\":\"2\",\"10\":\"2\",\"11\":\"2\",\"12\":\"2\",\"13\":\"2\",\"14\":\"2\",\"15\":\"2\"},\"mut\":{\"0\":\"M\",\"1\":\"M\",\"2\":\"M\",\"3\":\"M\",\"4\":\"R\",\"5\":\"R\",\"6\":\"R\",\"7\":\"R\",\"8\":\"M\",\"9\":\"M\",\"10\":\"M\",\"11\":\"M\",\"12\":\"R\",\"13\":\"R\",\"14\":\"R\",\"15\":\"R\"},\"base\":{\"0\":\"A\",\"1\":\"C\",\"2\":\"G\",\"3\":\"T\",\"4\":\"A\",\"5\":\"C\",\"6\":\"G\",\"7\":\"T\",\"8\":\"A\",\"9\":\"C\",\"10\":\"G\",\"11\":\"T\",\"12\":\"A\",\"13\":\"C\",\"14\":\"G\",\"15\":\"T\"},\"count\":{\"0\":3470,\"1\":4232,\"2\":4411,\"3\":3840,\"4\":3339,\"5\":4218,\"6\":4348,\"7\":4048,\"8\":96,\"9\":91,\"10\":107,\"11\":100,\"12\":91,\"13\":116,\"14\":95,\"15\":92},\"fitted\":{\"0\":3470.7191181459,\"1\":4219.6723011837,\"2\":4416.1945273591,\"3\":3846.4140533114,\"4\":3338.2808818541,\"5\":4230.3276988163,\"6\":4342.8054726409,\"7\":4041.5859466886,\"8\":95.2808818541,\"9\":103.3276988163,\"10\":101.8054726409,\"11\":93.5859466886,\"12\":91.7191181459,\"13\":103.6723011837,\"14\":100.1945273591,\"15\":98.4140533114},\"ret\":{\"0\":-0.0000219931,\"1\":0.0003776133,\"2\":-0.0001587897,\"3\":-0.0001960208,\"4\":0.0000219978,\"5\":-0.0003765131,\"6\":0.0001589782,\"7\":0.00019634,\"8\":0.0000220782,\"9\":-0.0003536179,\"10\":0.0001628694,\"11\":0.0002027588,\"12\":-0.000021909,\"13\":0.0003986421,\"14\":-0.0001546915,\"15\":-0.0001896477}}", "deviance": 4.452592235047855, "df": 3, "rel_entropy": 6.809494456242515e-05, "formula": "count ~ group * mut * base - group : mut : base", "prob": 0.21655813312870481}, "pos0": {"stats": "{\"group\":{\"0\":\"1\",\"1\":\"1\",\"2\":\"1\",\"3\":\"1\",\"4\":\"1\",\"5\":\"1\",\"6\":\"1\",\"7\":\"1\",\"8\":\"2\",\"9\":\"2\",\"10\":\"2\",\"11\":\"2\",\"12\":\"2\",\"13\":\"2\",\"14\":\"2\",\"15\":\"2\"},\"mut\":{\"0\":\"M\",\"1\":\"M\",\"2\":\"M\",\"3\":\"M\",\"4\":\"R\",\"5\":\"R\",\"6\":\"R\",\"7\":\"R\",\"8\":\"M\",\"9\":\"M\",\"10\":\"M\",\"11\":\"M\",\"12\":\"R\",\"13\":\"R\",\"14\":\"R\",\"15\":\"R\"},\"base\":{\"0\":\"A\",\"1\":\"C\",\"2\":\"G\",\"3\":\"T\",\"4\":\"A\",\"5\":\"C\",\"6\":\"G\",\"7\":\"T\",\"8\":\"A\",\"9\":\"C\",\"10\":\"G\",\"11\":\"T\",\"12\":\"A\",\"13\":\"C\",\"14\":\"G\",\"15\":\"T\"},\"count\":{\"0\":4648,\"1\":3621,\"2\":4492,\"3\":3192,\"4\":3593,\"5\":4050,\"6\":4049,\"7\":4261,\"8\":116,\"9\":91,\"10\":99,\"11\":88,\"12\":97,\"13\":103,\"14\":88,\"15\":106},\"fitted\":{\"0\":4643.7463160787,\"1\":3620.2321169012,\"2\":4492.4364241594,\"3\":3196.5851428608,\"4\":3597.2536839213,\"5\":4050.7678830989,\"6\":4048.5635758406,\"7\":4256.4148571393,\"8\":120.2536839213,\"9\":91.7678830989,\"10\":98.5635758406,\"11\":83.4148571393,\"12\":92.7463160787,\"13\":102.2321169011,\"14\":88.4364241594,\"15\":110.5851428608},\"ret\":{\"0\":0.0001301655,\"1\":0.0000234895,\"2\":-0.0000133481,\"3\":-0.0001401435,\"4\":-0.000130029,\"5\":-0.0000234847,\"6\":0.0000133495,\"7\":0.0001403197,\"8\":-0.0001277772,\"9\":-0.0000233884,\"10\":0.0000133783,\"11\":0.0001440299,\"12\":0.0001330449,\"13\":0.000023575,\"14\":-0.0000133158,\"15\":-0.0001372957}}", "deviance": 0.8219053621323591, "df": 3, "rel_entropy": 1.2569666638104225e-05, "formula": "count ~ group * mut * base - group : mut : base", "prob": 0.8442207029803277}, "pos1": {"stats": "{\"group\":{\"0\":\"1\",\"1\":\"1\",\"2\":\"1\",\"3\":\"1\",\"4\":\"1\",\"5\":\"1\",\"6\":\"1\",\"7\":\"1\",\"8\":\"2\",\"9\":\"2\",\"10\":\"2\",\"11\":\"2\",\"12\":\"2\",\"13\":\"2\",\"14\":\"2\",\"15\":\"2\"},\"mut\":{\"0\":\"M\",\"1\":\"M\",\"2\":\"M\",\"3\":\"M\",\"4\":\"R\",\"5\":\"R\",\"6\":\"R\",\"7\":\"R\",\"8\":\"M\",\"9\":\"M\",\"10\":\"M\",\"11\":\"M\",\"12\":\"R\",\"13\":\"R\",\"14\":\"R\",\"15\":\"R\"},\"base\":{\"0\":\"A\",\"1\":\"C\",\"2\":\"G\",\"3\":\"T\",\"4\":\"A\",\"5\":\"C\",\"6\":\"G\",\"7\":\"T\",\"8\":\"A\",\"9\":\"C\",\"10\":\"G\",\"11\":\"T\",\"12\":\"A\",\"13\":\"C\",\"14\":\"G\",\"15\":\"T\"},\"count\":{\"0\":3775,\"1\":4064,\"2\":5012,\"3\":3102,\"4\":3296,\"5\":4640,\"6\":3889,\"7\":4128,\"8\":87,\"9\":104,\"10\":117,\"11\":86,\"12\":93,\"13\":110,\"14\":95,\"15\":96},\"fitted\":{\"0\":3766.0111942888,\"1\":4067.8426541662,\"2\":5009.5442127777,\"3\":3109.6019387673,\"4\":3304.9888057112,\"5\":4636.1573458338,\"6\":3891.4557872222,\"7\":4120.3980612327,\"8\":95.9888057191,\"9\":100.1573458338,\"10\":119.4557872223,\"11\":78.3980612344,\"12\":84.011194295,\"13\":113.8426541662,\"14\":92.5442127777,\"15\":103.6019387691},\"ret\":{\"0\":0.0002752653,\"1\":-0.0001174784,\"2\":0.0000751327,\"3\":-0.0002322334,\"4\":-0.0002745632,\"5\":0.0001175826,\"6\":-0.0000750906,\"7\":0.0002327322,\"8\":-0.0002616425,\"9\":0.0001197603,\"10\":-0.0000743369,\"11\":0.0002434433,\"12\":0.0002891478,\"13\":-0.0001155276,\"14\":0.0000761022,\"15\":-0.0002237705}}", "deviance": 3.5651734920480758, "df": 3, "rel_entropy": 5.452336043384223e-05, "formula": "count ~ group * mut * base - group : mut : base", "prob": 0.31240719099044001}}