{"pos2": {"formula": "count ~ group * mut * base - group : mut : base", "df": 3, "deviance": 0.6881278203993952, "rel_entropy": 1.0523763081901806e-05, "prob": 0.8759927895109798, "stats": "{\"group\":{\"8\":\"1\",\"9\":\"1\",\"10\":\"1\",\"11\":\"1\",\"12\":\"1\",\"13\":\"1\",\"14\":\"1\",\"15\":\"1\",\"0\":\"2\",\"1\":\"2\",\"2\":\"2\",\"3\":\"2\",\"4\":\"2\",\"5\":\"2\",\"6\":\"2\",\"7\":\"2\"},\"mut\":{\"8\":\"M\",\"9\":\"M\",\"10\":\"M\",\"11\":\"M\",\"12\":\"R\",\"13\":\"R\",\"14\":\"R\",\"15\":\"R\",\"0\":\"M\",\"1\":\"M\",\"2\":\"M\",\"3\":\"M\",\"4\":\"R\",\"5\":\"R\",\"6\":\"R\",\"7\":\"R\"},\"base\":{\"8\":\"A\",\"9\":\"C\",\"10\":\"G\",\"11\":\"T\",\"12\":\"A\",\"13\":\"C\",\"14\":\"G\",\"15\":\"T\",\"0\":\"A\",\"1\":\"C\",\"2\":\"G\",\"3\":\"T\",\"4\":\"A\",\"5\":\"C\",\"6\":\"G\",\"7\":\"T\"},\"count\":{\"8\":3739,\"9\":5240,\"10\":3353,\"11\":3621,\"12\":4876,\"13\":4726,\"14\":1469,\"15\":4882,\"0\":90,\"1\":125,\"2\":76,\"3\":103,\"4\":107,\"5\":111,\"6\":30,\"7\":146},\"fitted\":{\"8\":3742.2305193395,\"9\":5239.4763127623,\"10\":3354.7042216229,\"11\":3616.5889462754,\"12\":4872.7694806605,\"13\":4726.5236872377,\"14\":1467.2957783771,\"15\":4886.4110537247,\"0\":86.7694806605,\"1\":125.5236872377,\"2\":74.2957783771,\"3\":107.4110537247,\"4\":110.2305193395,\"5\":110.4763127623,\"6\":31.7042216229,\"7\":141.5889462754},\"ret\":{\"8\":-0.0000987681,\"9\":0.0000160186,\"10\":-0.0000521132,\"11\":0.0001350016,\"12\":0.0000988435,\"13\":-0.000016017,\"14\":0.0000521567,\"15\":-0.0001348584,\"0\":0.0001006278,\"1\":-0.0000159844,\"2\":0.0000527198,\"3\":-0.0001321103,\"4\":-0.0000973485,\"5\":0.0000160557,\"6\":-0.0000506996,\"7\":0.0001369995}}"}, "pos0": {"formula": "count ~ group * mut * base - group : mut : base", "df": 3, "deviance": 0.8219053621326512, "rel_entropy": 1.2569666638108693e-05, "prob": 0.8442207029802576, "stats": "{\"group\":{\"8\":\"1\",\"9\":\"1\",\"10\":\"1\",\"11\":\"1\",\"12\":\"1\",\"13\":\"1\",\"14\":\"1\",\"15\":\"1\",\"0\":\"2\",\"1\":\"2\",\"2\":\"2\",\"3\":\"2\",\"4\":\"2\",\"5\":\"2\",\"6\":\"2\",\"7\":\"2\"},\"mut\":{\"8\":\"M\",\"9\":\"M\",\"10\":\"M\",\"11\":\"M\",\"12\":\"R\",\"13\":\"R\",\"14\":\"R\",\"15\":\"R\",\"0\":\"M\",\"1\":\"M\",\"2\":\"M\",\"3\":\"M\",\"4\":\"R\",\"5\":\"R\",\"6\":\"R\",\"7\":\"R\"},\"base\":{\"8\":\"A\",\"9\":\"C\",\"10\":\"G\",\"11\":\"T\",\"12\":\"A\",\"13\":\"C\",\"14\":\"G\",\"15\":\"T\",\"0\":\"A\",\"1\":\"C\",\"2\":\"G\",\"3\":\"T\",\"4\":\"A\",\"5\":\"C\",\"6\":\"G\",\"7\":\"T\"},\"count\":{\"8\":4648,\"9\":3621,\"10\":4492,\"11\":3192,\"12\":3593,\"13\":4050,\"14\":4049,\"15\":4261,\"0\":116,\"1\":91,\"2\":99,\"3\":88,\"4\":97,\"5\":103,\"6\":88,\"7\":106},\"fitted\":{\"8\":4643.7463160787,\"9\":3620.2321169011,\"10\":4492.4364241594,\"11\":3196.5851428607,\"12\":3597.2536839213,\"13\":4050.7678830989,\"14\":4048.5635758406,\"15\":4256.4148571392,\"0\":120.2536839213,\"1\":91.7678830989,\"2\":98.5635758406,\"3\":83.4148571393,\"4\":92.7463160787,\"5\":102.2321169011,\"6\":88.4364241594,\"7\":110.5851428608},\"ret\":{\"8\":0.0001301655,\"9\":0.0000234895,\"10\":-0.0000133481,\"11\":-0.0001401435,\"12\":-0.000130029,\"13\":-0.0000234847,\"14\":0.0000133495,\"15\":0.0001403197,\"0\":-0.0001277772,\"1\":-0.0000233884,\"2\":0.0000133783,\"3\":0.0001440299,\"4\":0.0001330449,\"5\":0.000023575,\"6\":-0.0000133158,\"7\":-0.0001372957}}"}, "pos1": {"formula": "count ~ group * mut * base - group : mut : base", "df": 3, "deviance": 3.5651734920493876, "rel_entropy": 5.4523360433862294e-05, "prob": 0.31240719099027414, "stats": "{\"group\":{\"8\":\"1\",\"9\":\"1\",\"10\":\"1\",\"11\":\"1\",\"12\":\"1\",\"13\":\"1\",\"14\":\"1\",\"15\":\"1\",\"0\":\"2\",\"1\":\"2\",\"2\":\"2\",\"3\":\"2\",\"4\":\"2\",\"5\":\"2\",\"6\":\"2\",\"7\":\"2\"},\"mut\":{\"8\":\"M\",\"9\":\"M\",\"10\":\"M\",\"11\":\"M\",\"12\":\"R\",\"13\":\"R\",\"14\":\"R\",\"15\":\"R\",\"0\":\"M\",\"1\":\"M\",\"2\":\"M\",\"3\":\"M\",\"4\":\"R\",\"5\":\"R\",\"6\":\"R\",\"7\":\"R\"},\"base\":{\"8\":\"A\",\"9\":\"C\",\"10\":\"G\",\"11\":\"T\",\"12\":\"A\",\"13\":\"C\",\"14\":\"G\",\"15\":\"T\",\"0\":\"A\",\"1\":\"C\",\"2\":\"G\",\"3\":\"T\",\"4\":\"A\",\"5\":\"C\",\"6\":\"G\",\"7\":\"T\"},\"count\":{\"8\":3775,\"9\":4064,\"10\":5012,\"11\":3102,\"12\":3296,\"13\":4640,\"14\":3889,\"15\":4128,\"0\":87,\"1\":104,\"2\":117,\"3\":86,\"4\":93,\"5\":110,\"6\":95,\"7\":96},\"fitted\":{\"8\":3766.0111942888,\"9\":4067.8426541662,\"10\":5009.5442127778,\"11\":3109.6019387673,\"12\":3304.9888057112,\"13\":4636.1573458338,\"14\":3891.4557872223,\"15\":4120.3980612327,\"0\":95.9888057191,\"1\":100.1573458338,\"2\":119.4557872223,\"3\":78.3980612344,\"4\":84.011194295,\"5\":113.8426541662,\"6\":92.5442127777,\"7\":103.6019387691},\"ret\":{\"8\":0.0002752653,\"9\":-0.0001174784,\"10\":0.0000751327,\"11\":-0.0002322334,\"12\":-0.0002745632,\"13\":0.0001175826,\"14\":-0.0000750906,\"15\":0.0002327322,\"0\":-0.0002616425,\"1\":0.0001197603,\"2\":-0.0000743369,\"3\":0.0002434433,\"4\":0.0002891478,\"5\":-0.0001155276,\"6\":0.0000761022,\"7\":-0.0002237705}}"}, "pos3": {"formula": "count ~ group * mut * base - group : mut : base", "df": 3, "deviance": 4.4525922350470974, "rel_entropy": 6.809494456241356e-05, "prob": 0.21655813312877384, "stats": "{\"group\":{\"8\":\"1\",\"9\":\"1\",\"10\":\"1\",\"11\":\"1\",\"12\":\"1\",\"13\":\"1\",\"14\":\"1\",\"15\":\"1\",\"0\":\"2\",\"1\":\"2\",\"2\":\"2\",\"3\":\"2\",\"4\":\"2\",\"5\":\"2\",\"6\":\"2\",\"7\":\"2\"},\"mut\":{\"8\":\"M\",\"9\":\"M\",\"10\":\"M\",\"11\":\"M\",\"12\":\"R\",\"13\":\"R\",\"14\":\"R\",\"15\":\"R\",\"0\":\"M\",\"1\":\"M\",\"2\":\"M\",\"3\":\"M\",\"4\":\"R\",\"5\":\"R\",\"6\":\"R\",\"7\":\"R\"},\"base\":{\"8\":\"A\",\"9\":\"C\",\"10\":\"G\",\"11\":\"T\",\"12\":\"A\",\"13\":\"C\",\"14\":\"G\",\"15\":\"T\",\"0\":\"A\",\"1\":\"C\",\"2\":\"G\",\"3\":\"T\",\"4\":\"A\",\"5\":\"C\",\"6\":\"G\",\"7\":\"T\"},\"count\":{\"8\":3470,\"9\":4232,\"10\":4411,\"11\":3840,\"12\":3339,\"13\":4218,\"14\":4348,\"15\":4048,\"0\":96,\"1\":91,\"2\":107,\"3\":100,\"4\":91,\"5\":116,\"6\":95,\"7\":92},\"fitted\":{\"8\":3470.7191181459,\"9\":4219.6723011837,\"10\":4416.1945273591,\"11\":3846.4140533113,\"12\":3338.2808818541,\"13\":4230.3276988163,\"14\":4342.8054726409,\"15\":4041.5859466886,\"0\":95.2808818541,\"1\":103.3276988163,\"2\":101.8054726409,\"3\":93.5859466886,\"4\":91.7191181459,\"5\":103.6723011837,\"6\":100.1945273591,\"7\":98.4140533114},\"ret\":{\"8\":-0.0000219931,\"9\":0.0003776133,\"10\":-0.0001587897,\"11\":-0.0001960208,\"12\":0.0000219978,\"13\":-0.0003765131,\"14\":0.0001589782,\"15\":0.00019634,\"0\":0.0000220782,\"1\":-0.0003536179,\"2\":0.0001628694,\"3\":0.0002027588,\"4\":-0.000021909,\"5\":0.0003986421,\"6\":-0.0001546915,\"7\":-0.0001896477}}"}}