{"pos2": {"stats": "{\"group\":{\"0\":\"1\",\"1\":\"1\",\"2\":\"1\",\"3\":\"1\",\"4\":\"1\",\"5\":\"1\",\"6\":\"1\",\"7\":\"1\",\"8\":\"2\",\"9\":\"2\",\"10\":\"2\",\"11\":\"2\",\"12\":\"2\",\"13\":\"2\",\"14\":\"2\",\"15\":\"2\"},\"mut\":{\"0\":\"M\",\"1\":\"M\",\"2\":\"M\",\"3\":\"M\",\"4\":\"R\",\"5\":\"R\",\"6\":\"R\",\"7\":\"R\",\"8\":\"M\",\"9\":\"M\",\"10\":\"M\",\"11\":\"M\",\"12\":\"R\",\"13\":\"R\",\"14\":\"R\",\"15\":\"R\"},\"base\":{\"0\":\"A\",\"1\":\"C\",\"2\":\"G\",\"3\":\"T\",\"4\":\"A\",\"5\":\"C\",\"6\":\"G\",\"7\":\"T\",\"8\":\"A\",\"9\":\"C\",\"10\":\"G\",\"11\":\"T\",\"12\":\"A\",\"13\":\"C\",\"14\":\"G\",\"15\":\"T\"},\"count\":{\"0\":70345,\"1\":33351,\"2\":46064,\"3\":57311,\"4\":62523,\"5\":41142,\"6\":50527,\"7\":52879,\"8\":108476,\"9\":53507,\"10\":78946,\"11\":86083,\"12\":94260,\"13\":68716,\"14\":84352,\"15\":79684},\"fitted\":{\"0\":70690.0192802504,\"1\":32830.8286098468,\"2\":46380.7892292776,\"3\":57169.3628806259,\"4\":62177.98071975,\"5\":41662.1713901534,\"6\":50210.2107707227,\"7\":53020.6371193743,\"8\":108130.9807197502,\"9\":54027.1713901534,\"10\":78629.2107707227,\"11\":86224.6371193743,\"12\":94605.0192802502,\"13\":68195.8286098469,\"14\":84668.7892292776,\"15\":79542.3628806259},\"ret\":{\"0\":-0.000322212,\"1\":0.0004908138,\"2\":-0.0002955579,\"3\":0.0001327625,\"4\":0.0003238961,\"5\":-0.0004839234,\"6\":0.0002975066,\"7\":-0.0001324211,\"8\":0.0003235163,\"9\":-0.0004846243,\"10\":0.0002971697,\"11\":-0.0001324894,\"12\":-0.0003224119,\"13\":0.0004888287,\"14\":-0.0002960175,\"15\":0.0001327164}}", "deviance": 37.49798307931127, "df": 3, "rel_entropy": 1.7552507325318007e-05, "formula": "count ~ group * mut * base - group : mut : base", "prob": 3.6100310041526503e-08}, "pos3": {"stats": "{\"group\":{\"0\":\"1\",\"1\":\"1\",\"2\":\"1\",\"3\":\"1\",\"4\":\"1\",\"5\":\"1\",\"6\":\"1\",\"7\":\"1\",\"8\":\"2\",\"9\":\"2\",\"10\":\"2\",\"11\":\"2\",\"12\":\"2\",\"13\":\"2\",\"14\":\"2\",\"15\":\"2\"},\"mut\":{\"0\":\"M\",\"1\":\"M\",\"2\":\"M\",\"3\":\"M\",\"4\":\"R\",\"5\":\"R\",\"6\":\"R\",\"7\":\"R\",\"8\":\"M\",\"9\":\"M\",\"10\":\"M\",\"11\":\"M\",\"12\":\"R\",\"13\":\"R\",\"14\":\"R\",\"15\":\"R\"},\"base\":{\"0\":\"A\",\"1\":\"C\",\"2\":\"G\",\"3\":\"T\",\"4\":\"A\",\"5\":\"C\",\"6\":\"G\",\"7\":\"T\",\"8\":\"A\",\"9\":\"C\",\"10\":\"G\",\"11\":\"T\",\"12\":\"A\",\"13\":\"C\",\"14\":\"G\",\"15\":\"T\"},\"count\":{\"0\":49060,\"1\":35215,\"2\":58180,\"3\":64616,\"4\":63850,\"5\":41347,\"6\":46234,\"7\":55640,\"8\":76982,\"9\":57519,\"10\":95697,\"11\":96814,\"12\":96751,\"13\":69271,\"14\":76567,\"15\":84423},\"fitted\":{\"0\":49661.4331253833,\"1\":34923.4042787086,\"2\":58083.0866157986,\"3\":64403.0759801086,\"4\":63248.5668746162,\"5\":41638.5957212911,\"6\":46330.9133842012,\"7\":55852.9240198912,\"8\":76380.5668746161,\"9\":57810.5957212911,\"10\":95793.9133842011,\"11\":97026.9240198912,\"12\":97352.4331253837,\"13\":68979.4042787086,\"14\":76470.0866157988,\"15\":84210.0759801087},\"ret\":{\"0\":-0.0005596288,\"1\":0.0002741238,\"2\":0.0000908044,\"3\":0.0001996652,\"4\":0.0005657207,\"5\":-0.0002720292,\"6\":-0.0000906338,\"7\":-0.0001989556,\"8\":0.0005652631,\"9\":-0.0002722976,\"10\":-0.0000906829,\"11\":-0.0001991172,\"12\":-0.0005613093,\"13\":0.0002735635,\"14\":0.0000907862,\"15\":0.0001995879}}", "deviance": 31.746783845736985, "df": 3, "rel_entropy": 1.4860416754388823e-05, "formula": "count ~ group * mut * base - group : mut : base", "prob": 5.9176427766651371e-07}, "pos0": {"stats": "{\"group\":{\"0\":\"1\",\"1\":\"1\",\"2\":\"1\",\"3\":\"1\",\"4\":\"1\",\"5\":\"1\",\"6\":\"1\",\"7\":\"1\",\"8\":\"2\",\"9\":\"2\",\"10\":\"2\",\"11\":\"2\",\"12\":\"2\",\"13\":\"2\",\"14\":\"2\",\"15\":\"2\"},\"mut\":{\"0\":\"M\",\"1\":\"M\",\"2\":\"M\",\"3\":\"M\",\"4\":\"R\",\"5\":\"R\",\"6\":\"R\",\"7\":\"R\",\"8\":\"M\",\"9\":\"M\",\"10\":\"M\",\"11\":\"M\",\"12\":\"R\",\"13\":\"R\",\"14\":\"R\",\"15\":\"R\"},\"base\":{\"0\":\"A\",\"1\":\"C\",\"2\":\"G\",\"3\":\"T\",\"4\":\"A\",\"5\":\"C\",\"6\":\"G\",\"7\":\"T\",\"8\":\"A\",\"9\":\"C\",\"10\":\"G\",\"11\":\"T\",\"12\":\"A\",\"13\":\"C\",\"14\":\"G\",\"15\":\"T\"},\"count\":{\"0\":55876,\"1\":45885,\"2\":41941,\"3\":63369,\"4\":61624,\"5\":44687,\"6\":46375,\"7\":54385,\"8\":84350,\"9\":77512,\"10\":69732,\"11\":95418,\"12\":93433,\"13\":74996,\"14\":76992,\"15\":81591},\"fitted\":{\"0\":55771.1403380475,\"1\":45955.3309204846,\"2\":41939.1290551198,\"3\":63405.3996863492,\"4\":61728.8596619533,\"5\":44616.6690795156,\"6\":46376.8709448804,\"7\":54348.6003136512,\"8\":84454.8596619533,\"9\":77441.6690795156,\"10\":69733.8709448805,\"11\":95381.6003136512,\"12\":93328.1403380471,\"13\":75066.3309204846,\"14\":76990.1290551198,\"15\":81627.3996863494},\"ret\":{\"0\":0.0000982602,\"1\":-0.0000657923,\"2\":0.0000017516,\"3\":-0.000034067,\"4\":-0.0000980845,\"5\":0.0000658946,\"6\":-0.0000017515,\"7\":0.0000340882,\"8\":-0.000098107,\"9\":0.0000658726,\"10\":-0.0000017515,\"11\":0.0000340833,\"12\":0.0000982231,\"13\":-0.0000658118,\"14\":0.0000017516,\"15\":-0.0000340692}}", "deviance": 1.0471964675685523, "df": 3, "rel_entropy": 4.901843288255535e-07, "formula": "count ~ group * mut * base - group : mut : base", "prob": 0.78983386433485536}, "pos1": {"stats": "{\"group\":{\"0\":\"1\",\"1\":\"1\",\"2\":\"1\",\"3\":\"1\",\"4\":\"1\",\"5\":\"1\",\"6\":\"1\",\"7\":\"1\",\"8\":\"2\",\"9\":\"2\",\"10\":\"2\",\"11\":\"2\",\"12\":\"2\",\"13\":\"2\",\"14\":\"2\",\"15\":\"2\"},\"mut\":{\"0\":\"M\",\"1\":\"M\",\"2\":\"M\",\"3\":\"M\",\"4\":\"R\",\"5\":\"R\",\"6\":\"R\",\"7\":\"R\",\"8\":\"M\",\"9\":\"M\",\"10\":\"M\",\"11\":\"M\",\"12\":\"R\",\"13\":\"R\",\"14\":\"R\",\"15\":\"R\"},\"base\":{\"0\":\"A\",\"1\":\"C\",\"2\":\"G\",\"3\":\"T\",\"4\":\"A\",\"5\":\"C\",\"6\":\"G\",\"7\":\"T\",\"8\":\"A\",\"9\":\"C\",\"10\":\"G\",\"11\":\"T\",\"12\":\"A\",\"13\":\"C\",\"14\":\"G\",\"15\":\"T\"},\"count\":{\"0\":83116,\"1\":14169,\"2\":50977,\"3\":58809,\"4\":72379,\"5\":8196,\"6\":50826,\"7\":75670,\"8\":129415,\"9\":25528,\"10\":82239,\"11\":89830,\"12\":111767,\"13\":16594,\"14\":84597,\"15\":114054},\"fitted\":{\"0\":83473.6274506761,\"1\":13791.4012493181,\"2\":50592.7180076808,\"3\":59213.253292325,\"4\":72021.3725493237,\"5\":8573.5987506824,\"6\":51210.2819923191,\"7\":75265.7467076748,\"8\":129057.3725493239,\"9\":25905.5987506821,\"10\":82623.2819923193,\"11\":89425.7467076748,\"12\":112124.6274506764,\"13\":16216.4012493179,\"14\":84212.7180076807,\"15\":114458.253292325},\"ret\":{\"0\":-0.0003340869,\"1\":0.0003582977,\"2\":0.0003611215,\"3\":-0.0003771607,\"4\":0.000335635,\"5\":-0.0003456006,\"6\":-0.0003584055,\"7\":0.00037947,\"8\":0.0003352686,\"9\":-0.000350913,\"10\":-0.0003589208,\"11\":0.0003793096,\"12\":-0.0003342706,\"13\":0.000357586,\"14\":0.0003605783,\"15\":-0.0003777864}}", "deviance": 64.35123567044559, "df": 3, "rel_entropy": 3.012230106109237e-05, "formula": "count ~ group * mut * base - group : mut : base", "prob": 6.9043585590403942e-14}}