{"pos2": {"stats": "{\"strand\":{\"0\":\"+\",\"1\":\"+\",\"2\":\"+\",\"3\":\"+\",\"4\":\"+\",\"5\":\"+\",\"6\":\"+\",\"7\":\"+\",\"8\":\"-\",\"9\":\"-\",\"10\":\"-\",\"11\":\"-\",\"12\":\"-\",\"13\":\"-\",\"14\":\"-\",\"15\":\"-\"},\"mut\":{\"0\":\"M\",\"1\":\"M\",\"2\":\"M\",\"3\":\"M\",\"4\":\"R\",\"5\":\"R\",\"6\":\"R\",\"7\":\"R\",\"8\":\"M\",\"9\":\"M\",\"10\":\"M\",\"11\":\"M\",\"12\":\"R\",\"13\":\"R\",\"14\":\"R\",\"15\":\"R\"},\"base\":{\"0\":\"A\",\"1\":\"C\",\"2\":\"G\",\"3\":\"T\",\"4\":\"A\",\"5\":\"C\",\"6\":\"G\",\"7\":\"T\",\"8\":\"A\",\"9\":\"C\",\"10\":\"G\",\"11\":\"T\",\"12\":\"A\",\"13\":\"C\",\"14\":\"G\",\"15\":\"T\"},\"count\":{\"0\":229565,\"1\":190716,\"2\":353047,\"3\":235506,\"4\":368060,\"5\":249390,\"6\":40768,\"7\":350616,\"8\":228723,\"9\":189646,\"10\":353739,\"11\":233503,\"12\":366126,\"13\":248953,\"14\":40679,\"15\":349853},\"fitted\":{\"0\":229832.3237355039,\"1\":190625.5825575209,\"2\":353162.7442183227,\"3\":235213.3494886575,\"4\":367792.6762645,\"5\":249480.4174424805,\"6\":40652.2557816787,\"7\":350908.6505113447,\"8\":228455.6762644991,\"9\":189736.4174424804,\"10\":353623.2557816795,\"11\":233795.6505113444,\"12\":366393.3237355025,\"13\":248862.5825575221,\"14\":40794.7442183216,\"15\":349560.3494886574},\"ret\":{\"0\":-0.0000663131,\"1\":0.0000224476,\"2\":-0.0000287239,\"3\":0.0000726832,\"4\":0.0000663758,\"5\":-0.0000224382,\"6\":0.0000287694,\"7\":-0.0000726077,\"8\":0.0000663905,\"9\":-0.0000224369,\"10\":0.0000287333,\"11\":-0.0000725925,\"12\":-0.0000663275,\"13\":0.0000224463,\"14\":-0.0000286878,\"15\":0.0000726684}}", "deviance": 3.117931265762394, "df": 3, "rel_entropy": 3.8694668578223704e-07, "formula": "count ~ strand * mut * base - strand : mut : base", "prob": 0.37379747164922039}, "pos3": {"stats": "{\"strand\":{\"0\":\"+\",\"1\":\"+\",\"2\":\"+\",\"3\":\"+\",\"4\":\"+\",\"5\":\"+\",\"6\":\"+\",\"7\":\"+\",\"8\":\"-\",\"9\":\"-\",\"10\":\"-\",\"11\":\"-\",\"12\":\"-\",\"13\":\"-\",\"14\":\"-\",\"15\":\"-\"},\"mut\":{\"0\":\"M\",\"1\":\"M\",\"2\":\"M\",\"3\":\"M\",\"4\":\"R\",\"5\":\"R\",\"6\":\"R\",\"7\":\"R\",\"8\":\"M\",\"9\":\"M\",\"10\":\"M\",\"11\":\"M\",\"12\":\"R\",\"13\":\"R\",\"14\":\"R\",\"15\":\"R\"},\"base\":{\"0\":\"A\",\"1\":\"C\",\"2\":\"G\",\"3\":\"T\",\"4\":\"A\",\"5\":\"C\",\"6\":\"G\",\"7\":\"T\",\"8\":\"A\",\"9\":\"C\",\"10\":\"G\",\"11\":\"T\",\"12\":\"A\",\"13\":\"C\",\"14\":\"G\",\"15\":\"T\"},\"count\":{\"0\":240223,\"1\":247396,\"2\":215706,\"3\":305509,\"4\":264321,\"5\":227660,\"6\":220705,\"7\":296148,\"8\":238357,\"9\":246479,\"10\":215528,\"11\":305247,\"12\":263165,\"13\":227042,\"14\":219667,\"15\":295737},\"fitted\":{\"0\":240014.117600519,\"1\":247342.1388978054,\"2\":215922.4524992914,\"3\":305555.2910023858,\"4\":264529.8823994819,\"5\":227713.8611021953,\"6\":220488.5475007105,\"7\":296101.7089976147,\"8\":238565.8823994816,\"9\":246532.8611021955,\"10\":215311.5475007104,\"11\":305200.7089976146,\"12\":262956.11760052,\"13\":226988.1388978044,\"14\":219883.452499291,\"15\":295783.2910023867},\"ret\":{\"0\":0.0000518687,\"1\":0.0000133702,\"2\":-0.0000536982,\"3\":-0.0000114889,\"4\":-0.0000518257,\"5\":-0.0000133671,\"6\":0.0000537515,\"7\":0.0000114907,\"8\":-0.0000518234,\"9\":-0.0000133673,\"10\":0.0000537521,\"11\":0.0000114906,\"12\":0.0000518667,\"13\":0.0000133703,\"14\":-0.0000536986,\"15\":-0.0000114889}}", "deviance": 1.6332314484840111, "df": 3, "rel_entropy": 2.0269000251732006e-07, "formula": "count ~ strand * mut * base - strand : mut : base", "prob": 0.65187850435252903}, "pos0": {"stats": "{\"strand\":{\"0\":\"+\",\"1\":\"+\",\"2\":\"+\",\"3\":\"+\",\"4\":\"+\",\"5\":\"+\",\"6\":\"+\",\"7\":\"+\",\"8\":\"-\",\"9\":\"-\",\"10\":\"-\",\"11\":\"-\",\"12\":\"-\",\"13\":\"-\",\"14\":\"-\",\"15\":\"-\"},\"mut\":{\"0\":\"M\",\"1\":\"M\",\"2\":\"M\",\"3\":\"M\",\"4\":\"R\",\"5\":\"R\",\"6\":\"R\",\"7\":\"R\",\"8\":\"M\",\"9\":\"M\",\"10\":\"M\",\"11\":\"M\",\"12\":\"R\",\"13\":\"R\",\"14\":\"R\",\"15\":\"R\"},\"base\":{\"0\":\"A\",\"1\":\"C\",\"2\":\"G\",\"3\":\"T\",\"4\":\"A\",\"5\":\"C\",\"6\":\"G\",\"7\":\"T\",\"8\":\"A\",\"9\":\"C\",\"10\":\"G\",\"11\":\"T\",\"12\":\"A\",\"13\":\"C\",\"14\":\"G\",\"15\":\"T\"},\"count\":{\"0\":250151,\"1\":247582,\"2\":200752,\"3\":310349,\"4\":268522,\"5\":227089,\"6\":204475,\"7\":308748,\"8\":249961,\"9\":246743,\"10\":199996,\"11\":308911,\"12\":267659,\"13\":226806,\"14\":204425,\"15\":306721},\"fitted\":{\"0\":250309.2060054948,\"1\":247454.1539254555,\"2\":200572.7818098323,\"3\":310497.8582592107,\"4\":268363.7939945001,\"5\":227216.8460745425,\"6\":204654.2181901657,\"7\":308599.1417407866,\"8\":249802.7939945004,\"9\":246870.8460745432,\"10\":200175.2181901663,\"11\":308762.141740787,\"12\":267817.2060054973,\"13\":226678.1539254552,\"14\":204245.7818098328,\"15\":306869.858259211},\"ret\":{\"0\":-0.0000392555,\"1\":0.0000317405,\"2\":0.0000445031,\"3\":-0.0000369389,\"4\":0.0000392795,\"5\":-0.0000317234,\"6\":-0.0000444638,\"7\":0.0000369566,\"8\":0.0000392803,\"9\":-0.0000317241,\"10\":-0.0000444633,\"11\":0.0000369566,\"12\":-0.0000392563,\"13\":0.0000317413,\"14\":0.0000445028,\"15\":-0.0000369387}}", "deviance": 1.5851462602206254, "df": 3, "rel_entropy": 1.967224545992352e-07, "formula": "count ~ strand * mut * base - strand : mut : base", "prob": 0.66276247580683156}, "pos1": {"stats": "{\"strand\":{\"0\":\"+\",\"1\":\"+\",\"2\":\"+\",\"3\":\"+\",\"4\":\"+\",\"5\":\"+\",\"6\":\"+\",\"7\":\"+\",\"8\":\"-\",\"9\":\"-\",\"10\":\"-\",\"11\":\"-\",\"12\":\"-\",\"13\":\"-\",\"14\":\"-\",\"15\":\"-\"},\"mut\":{\"0\":\"M\",\"1\":\"M\",\"2\":\"M\",\"3\":\"M\",\"4\":\"R\",\"5\":\"R\",\"6\":\"R\",\"7\":\"R\",\"8\":\"M\",\"9\":\"M\",\"10\":\"M\",\"11\":\"M\",\"12\":\"R\",\"13\":\"R\",\"14\":\"R\",\"15\":\"R\"},\"base\":{\"0\":\"A\",\"1\":\"C\",\"2\":\"G\",\"3\":\"T\",\"4\":\"A\",\"5\":\"C\",\"6\":\"G\",\"7\":\"T\",\"8\":\"A\",\"9\":\"C\",\"10\":\"G\",\"11\":\"T\",\"12\":\"A\",\"13\":\"C\",\"14\":\"G\",\"15\":\"T\"},\"count\":{\"0\":316107,\"1\":260684,\"2\":209587,\"3\":222456,\"4\":254201,\"5\":249163,\"6\":205172,\"7\":300298,\"8\":314418,\"9\":258859,\"10\":208857,\"11\":223477,\"12\":253191,\"13\":248255,\"14\":204208,\"15\":299957},\"fitted\":{\"0\":315977.1388424941,\"1\":260439.6740800332,\"2\":209625.7560324176,\"3\":222791.4310450646,\"4\":254330.8611575133,\"5\":249407.3259199694,\"6\":205133.2439675839,\"7\":299962.5689549389,\"8\":314547.8611575136,\"9\":259103.3259199694,\"10\":208818.243967584,\"11\":223141.5689549383,\"12\":253061.1388424893,\"13\":248010.6740800332,\"14\":204246.7560324182,\"15\":300292.4310450645},\"ret\":{\"0\":0.0000322391,\"1\":0.0000606719,\"2\":-0.0000096186,\"3\":-0.0000831937,\"4\":-0.0000322243,\"5\":-0.0000606138,\"6\":0.0000096204,\"7\":0.000083303,\"8\":-0.0000322258,\"9\":-0.0000606149,\"10\":0.0000096204,\"11\":0.000083319,\"12\":0.0000322408,\"13\":0.0000606733,\"14\":-0.0000096186,\"15\":-0.0000832099}}", "deviance": 2.9676316316786, "df": 3, "rel_entropy": 3.682939508994537e-07, "formula": "count ~ strand * mut * base - strand : mut : base", "prob": 0.39664271273607221}}