{"pos14": {"stats": "{\"mut\":{\"0\":\"M\",\"1\":\"M\",\"2\":\"M\",\"3\":\"M\",\"4\":\"R\",\"5\":\"R\",\"6\":\"R\",\"7\":\"R\"},\"base\":{\"0\":\"A\",\"1\":\"C\",\"2\":\"G\",\"3\":\"T\",\"4\":\"A\",\"5\":\"C\",\"6\":\"G\",\"7\":\"T\"},\"count\":{\"0\":62762,\"1\":32354,\"2\":36704,\"3\":59011,\"4\":61724,\"5\":35753,\"6\":36381,\"7\":56973},\"fitted\":{\"0\":62242.9999999996,\"1\":34053.5000000102,\"2\":36542.5,\"3\":57991.9999999998,\"4\":62242.9999999997,\"5\":34053.5000000103,\"6\":36542.5,\"7\":57991.9999999999},\"ret\":{\"0\":0.0013654956,\"1\":-0.0043398821,\"2\":0.000424083,\"3\":0.0026932224,\"4\":-0.0013541568,\"5\":0.0045622039,\"6\":-0.0004222128,\"7\":-0.0026463061}}", "deviance": 215.59866260968295, "df": 3, "rel_entropy": 0.00028244711630930373, "formula": "count ~ mut * base - mut : base", "prob": 1.7951836692334791e-46}, "pos15": {"stats": "{\"mut\":{\"0\":\"M\",\"1\":\"M\",\"2\":\"M\",\"3\":\"M\",\"4\":\"R\",\"5\":\"R\",\"6\":\"R\",\"7\":\"R\"},\"base\":{\"0\":\"A\",\"1\":\"C\",\"2\":\"G\",\"3\":\"T\",\"4\":\"A\",\"5\":\"C\",\"6\":\"G\",\"7\":\"T\"},\"count\":{\"0\":65117,\"1\":32402,\"2\":33978,\"3\":59334,\"4\":63128,\"5\":34140,\"6\":36249,\"7\":57314},\"fitted\":{\"0\":64122.5000000001,\"1\":33271.0000000001,\"2\":35113.5000000004,\"3\":58324.0000000001,\"4\":64122.5000000001,\"5\":33271.0000000001,\"6\":35113.5000000004,\"7\":58324.0000000001},\"ret\":{\"0\":0.0026258115,\"1\":-0.0022468866,\"2\":-0.0029265133,\"3\":0.0026691027,\"4\":-0.002585397,\"5\":0.002306363,\"6\":0.0030227403,\"7\":-0.0026232739}}", "deviance": 184.68367966036794, "df": 3, "rel_entropy": 0.00024194664344415732, "formula": "count ~ mut * base - mut : base", "prob": 8.5888612061442611e-40}, "pos16": {"stats": "{\"mut\":{\"0\":\"M\",\"1\":\"M\",\"2\":\"M\",\"3\":\"M\",\"4\":\"R\",\"5\":\"R\",\"6\":\"R\",\"7\":\"R\"},\"base\":{\"0\":\"A\",\"1\":\"C\",\"2\":\"G\",\"3\":\"T\",\"4\":\"A\",\"5\":\"C\",\"6\":\"G\",\"7\":\"T\"},\"count\":{\"0\":60035,\"1\":36042,\"2\":33720,\"3\":61034,\"4\":61054,\"5\":35983,\"6\":36025,\"7\":57769},\"fitted\":{\"0\":60544.5000000001,\"1\":36012.5,\"2\":34872.5000000005,\"3\":59401.5000000003,\"4\":60544.5000000001,\"5\":36012.5,\"6\":34872.5000000005,\"7\":59401.5000000003},\"ret\":{\"0\":-0.001329318,\"1\":0.0000773252,\"2\":-0.0029692298,\"3\":0.0043355897,\"4\":0.0013405521,\"5\":-0.0000772619,\"6\":0.0030690456,\"7\":-0.0042180229}}", "deviance": 174.55692228233937, "df": 3, "rel_entropy": 0.00022867998685006548, "formula": "count ~ mut * base - mut : base", "prob": 1.3207526298204847e-37}, "pos17": {"stats": "{\"mut\":{\"0\":\"M\",\"1\":\"M\",\"2\":\"M\",\"3\":\"M\",\"4\":\"R\",\"5\":\"R\",\"6\":\"R\",\"7\":\"R\"},\"base\":{\"0\":\"A\",\"1\":\"C\",\"2\":\"G\",\"3\":\"T\",\"4\":\"A\",\"5\":\"C\",\"6\":\"G\",\"7\":\"T\"},\"count\":{\"0\":62266,\"1\":34733,\"2\":34146,\"3\":59686,\"4\":62832,\"5\":34873,\"6\":36604,\"7\":56522},\"fitted\":{\"0\":62549.0000000001,\"1\":34803.0000000001,\"2\":35375.0000000006,\"3\":58104.0000000003,\"4\":62549.0000000001,\"5\":34803.0000000001,\"6\":35375.0000000006,\"7\":58104.0000000003},\"ret\":{\"0\":-0.0007398138,\"1\":-0.0001832238,\"2\":-0.0031635305,\"3\":0.004200952,\"4\":0.0007431687,\"5\":0.0001835927,\"6\":0.0032754268,\"7\":-0.0040880812}}", "deviance": 174.41258397115615, "df": 3, "rel_entropy": 0.00022849089504739292, "formula": "count ~ mut * base - mut : base", "prob": 1.4190135572663086e-37}, "pos10": {"stats": "{\"mut\":{\"0\":\"M\",\"1\":\"M\",\"2\":\"M\",\"3\":\"M\",\"4\":\"R\",\"5\":\"R\",\"6\":\"R\",\"7\":\"R\"},\"base\":{\"0\":\"A\",\"1\":\"C\",\"2\":\"G\",\"3\":\"T\",\"4\":\"A\",\"5\":\"C\",\"6\":\"G\",\"7\":\"T\"},\"count\":{\"0\":50831,\"1\":32869,\"2\":31916,\"3\":75215,\"4\":64111,\"5\":31405,\"6\":42671,\"7\":52644},\"fitted\":{\"0\":57470.9999999998,\"1\":32137.0,\"2\":37293.4999999999,\"3\":63929.4999999999,\"4\":57470.9999999999,\"5\":32137.0,\"6\":37293.5,\"7\":63929.5000000001},\"ret\":{\"0\":-0.016351454,\"1\":0.0019396062,\"2\":-0.0130211846,\"3\":0.0320379941,\"4\":0.0183660075,\"5\":-0.0018959168,\"6\":0.0150599335,\"7\":-0.0267906488}}", "deviance": 7132.756758864389, "df": 3, "rel_entropy": 0.00934433708210981, "formula": "count ~ mut * base - mut : base", "prob": 0}, "pos11": {"stats": "{\"mut\":{\"0\":\"M\",\"1\":\"M\",\"2\":\"M\",\"3\":\"M\",\"4\":\"R\",\"5\":\"R\",\"6\":\"R\",\"7\":\"R\"},\"base\":{\"0\":\"A\",\"1\":\"C\",\"2\":\"G\",\"3\":\"T\",\"4\":\"A\",\"5\":\"C\",\"6\":\"G\",\"7\":\"T\"},\"count\":{\"0\":62700,\"1\":31326,\"2\":32712,\"3\":64093,\"4\":66446,\"5\":32888,\"6\":36443,\"7\":55054},\"fitted\":{\"0\":64572.9999999922,\"1\":32106.999999996,\"2\":34577.5000000149,\"3\":59573.5000005081,\"4\":64573.0000000096,\"5\":32107.0000000046,\"6\":34577.5000000242,\"7\":59573.5000005241},\"ret\":{\"0\":-0.0048356122,\"1\":-0.0020212207,\"2\":-0.004753543,\"3\":0.0122798611,\"4\":0.0049779783,\"5\":0.002071002,\"6\":0.0050173758,\"7\":-0.0113806408}}", "deviance": 1034.4570948755834, "df": 3, "rel_entropy": 0.00135520053722349, "formula": "count ~ mut * base - mut : base", "prob": 6.0285308689889197e-224}, "pos12": {"stats": "{\"mut\":{\"0\":\"M\",\"1\":\"M\",\"2\":\"M\",\"3\":\"M\",\"4\":\"R\",\"5\":\"R\",\"6\":\"R\",\"7\":\"R\"},\"base\":{\"0\":\"A\",\"1\":\"C\",\"2\":\"G\",\"3\":\"T\",\"4\":\"A\",\"5\":\"C\",\"6\":\"G\",\"7\":\"T\"},\"count\":{\"0\":60569,\"1\":36410,\"2\":29752,\"3\":64100,\"4\":61320,\"5\":35211,\"6\":35635,\"7\":58665},\"fitted\":{\"0\":60944.5000000065,\"1\":35810.5000000037,\"2\":32693.50000111,\"3\":61382.5000000135,\"4\":60944.4999999937,\"5\":35810.4999999962,\"6\":32693.5000011031,\"7\":61382.5000000006},\"ret\":{\"0\":-0.0009808176,\"1\":0.0015838368,\"2\":-0.0073494776,\"3\":0.0072755093,\"4\":0.0009868796,\"5\":-0.0015575396,\"6\":0.0080438378,\"7\":-0.0069601849}}", "deviance": 795.4169426791331, "df": 3, "rel_entropy": 0.0010420436704192885, "formula": "count ~ mut * base - mut : base", "prob": 4.2676416141261036e-172}, "pos13": {"stats": "{\"mut\":{\"0\":\"M\",\"1\":\"M\",\"2\":\"M\",\"3\":\"M\",\"4\":\"R\",\"5\":\"R\",\"6\":\"R\",\"7\":\"R\"},\"base\":{\"0\":\"A\",\"1\":\"C\",\"2\":\"G\",\"3\":\"T\",\"4\":\"A\",\"5\":\"C\",\"6\":\"G\",\"7\":\"T\"},\"count\":{\"0\":63987,\"1\":32784,\"2\":33932,\"3\":60128,\"4\":63047,\"5\":35509,\"6\":35131,\"7\":57144},\"fitted\":{\"0\":63517.0000000005,\"1\":34146.5000000019,\"2\":34531.5000000002,\"3\":58636.0000000004,\"4\":63517.0000000003,\"5\":34146.5000000017,\"6\":34531.5,\"7\":58636.0000000002},\"ret\":{\"0\":0.001236001,\"1\":-0.0034977234,\"2\":-0.001557047,\"3\":0.0039585368,\"4\":-0.0012268887,\"5\":0.0036402064,\"6\":0.0015843183,\"7\":-0.0038590556}}", "deviance": 212.46968181478724, "df": 3, "rel_entropy": 0.0002783479647106435, "formula": "count ~ mut * base - mut : base", "prob": 8.5194811289875434e-46}, "pos18": {"stats": "{\"mut\":{\"0\":\"M\",\"1\":\"M\",\"2\":\"M\",\"3\":\"M\",\"4\":\"R\",\"5\":\"R\",\"6\":\"R\",\"7\":\"R\"},\"base\":{\"0\":\"A\",\"1\":\"C\",\"2\":\"G\",\"3\":\"T\",\"4\":\"A\",\"5\":\"C\",\"6\":\"G\",\"7\":\"T\"},\"count\":{\"0\":61761,\"1\":34558,\"2\":34108,\"3\":60404,\"4\":61837,\"5\":35477,\"6\":35937,\"7\":57580},\"fitted\":{\"0\":61799.0,\"1\":35017.5,\"2\":35022.5,\"3\":58992.0,\"4\":61799.0,\"5\":35017.5,\"6\":35022.5,\"7\":58992.0},\"ret\":{\"0\":-0.0000995339,\"1\":-0.001196011,\"2\":-0.0023645401,\"3\":0.0037435354,\"4\":0.0000995951,\"5\":0.0012118096,\"6\":0.0024271136,\"7\":-0.0036549751}}", "deviance": 127.47025297606761, "df": 3, "rel_entropy": 0.00016699363962887007, "formula": "count ~ mut * base - mut : base", "prob": 1.8975732957442586e-27},