{"pos7": {"stats": "{\"mut\":{\"0\":\"M\",\"1\":\"M\",\"2\":\"M\",\"3\":\"M\",\"4\":\"R\",\"5\":\"R\",\"6\":\"R\",\"7\":\"R\"},\"base\":{\"0\":\"A\",\"1\":\"C\",\"2\":\"G\",\"3\":\"T\",\"4\":\"A\",\"5\":\"C\",\"6\":\"G\",\"7\":\"T\"},\"count\":{\"0\":65009,\"1\":32966,\"2\":34598,\"3\":58258,\"4\":61308,\"5\":34940,\"6\":37556,\"7\":57027},\"fitted\":{\"0\":63158.5000000002,\"1\":33953.0,\"2\":36077.0000000022,\"3\":57642.4999999998,\"4\":63158.5000000001,\"5\":33953.0,\"6\":36077.0000000021,\"7\":57642.4999999997},\"ret\":{\"0\":0.0049188765,\"1\":-0.0025481004,\"2\":-0.003794616,\"3\":0.001621263,\"4\":-0.0047767976,\"5\":0.0026232866,\"6\":0.0039535251,\"7\":-0.0016040426}}", "deviance": 300.2875501453227, "rel_entropy": 0.0003933946137489752, "df": 3, "formula": "count ~ mut * base - mut : base", "prob": 8.62054701627719e-65}, "pos4": {"stats": "{\"mut\":{\"0\":\"M\",\"1\":\"M\",\"2\":\"M\",\"3\":\"M\",\"4\":\"R\",\"5\":\"R\",\"6\":\"R\",\"7\":\"R\"},\"base\":{\"0\":\"A\",\"1\":\"C\",\"2\":\"G\",\"3\":\"T\",\"4\":\"A\",\"5\":\"C\",\"6\":\"G\",\"7\":\"T\"},\"count\":{\"0\":64670,\"1\":33283,\"2\":33703,\"3\":59175,\"4\":62826,\"5\":34789,\"6\":36471,\"7\":56745},\"fitted\":{\"0\":63747.9999999994,\"1\":34035.9999999998,\"2\":35087.0000000014,\"3\":57959.9999999997,\"4\":63747.9999999995,\"5\":34035.9999999999,\"6\":35087.0000000015,\"7\":57959.9999999998},\"ret\":{\"0\":0.0024331362,\"1\":-0.0019509627,\"2\":-0.0035537676,\"3\":0.0032165812,\"4\":-0.0023981955,\"5\":0.0019946151,\"6\":0.0036968413,\"7\":-0.0031498426}}", "deviance": 220.14671278782566, "rel_entropy": 0.00028840533349904586, "df": 3, "formula": "count ~ mut * base - mut : base", "prob": 1.866398423795363e-47}, "pos14": {"stats": "{\"mut\":{\"0\":\"M\",\"1\":\"M\",\"2\":\"M\",\"3\":\"M\",\"4\":\"R\",\"5\":\"R\",\"6\":\"R\",\"7\":\"R\"},\"base\":{\"0\":\"A\",\"1\":\"C\",\"2\":\"G\",\"3\":\"T\",\"4\":\"A\",\"5\":\"C\",\"6\":\"G\",\"7\":\"T\"},\"count\":{\"0\":62762,\"1\":32354,\"2\":36704,\"3\":59011,\"4\":61724,\"5\":35753,\"6\":36381,\"7\":56973},\"fitted\":{\"0\":62242.9999999996,\"1\":34053.5000000102,\"2\":36542.5,\"3\":57991.9999999998,\"4\":62242.9999999997,\"5\":34053.5000000103,\"6\":36542.5,\"7\":57991.9999999999},\"ret\":{\"0\":0.0013654956,\"1\":-0.0043398821,\"2\":0.000424083,\"3\":0.0026932224,\"4\":-0.0013541568,\"5\":0.0045622039,\"6\":-0.0004222128,\"7\":-0.0026463061}}", "deviance": 215.59866260968272, "rel_entropy": 0.0002824471163093034, "df": 3, "formula": "count ~ mut * base - mut : base", "prob": 1.795183669233684e-46}, "pos5": {"stats": "{\"mut\":{\"0\":\"M\",\"1\":\"M\",\"2\":\"M\",\"3\":\"M\",\"4\":\"R\",\"5\":\"R\",\"6\":\"R\",\"7\":\"R\"},\"base\":{\"0\":\"A\",\"1\":\"C\",\"2\":\"G\",\"3\":\"T\",\"4\":\"A\",\"5\":\"C\",\"6\":\"G\",\"7\":\"T\"},\"count\":{\"0\":63438,\"1\":33942,\"2\":32640,\"3\":60811,\"4\":61709,\"5\":35290,\"6\":35801,\"7\":58031},\"fitted\":{\"0\":62573.5000000008,\"1\":34616.0000000003,\"2\":34220.5000000059,\"3\":59421.0000000006,\"4\":62573.5000000006,\"5\":34616.0000000002,\"6\":34220.5000000057,\"7\":59421.0000000004},\"ret\":{\"0\":0.0022806686,\"1\":-0.0017486555,\"2\":-0.0040439615,\"3\":0.0036842348,\"4\":-0.0022493737,\"5\":0.0017830422,\"6\":0.0042352894,\"7\":-0.0035990327}}", "deviance": 261.2184134611789, "rel_entropy": 0.0003422117127997795, "df": 3, "formula": "count ~ mut * base - mut : base", "prob": 2.4504018705459736e-56}, "pos6": {"stats": "{\"mut\":{\"0\":\"M\",\"1\":\"M\",\"2\":\"M\",\"3\":\"M\",\"4\":\"R\",\"5\":\"R\",\"6\":\"R\",\"7\":\"R\"},\"base\":{\"0\":\"A\",\"1\":\"C\",\"2\":\"G\",\"3\":\"T\",\"4\":\"A\",\"5\":\"C\",\"6\":\"G\",\"7\":\"T\"},\"count\":{\"0\":67896,\"1\":31684,\"2\":32372,\"3\":58879,\"4\":63150,\"5\":34725,\"6\":36034,\"7\":56922},\"fitted\":{\"0\":65523.0000000017,\"1\":33204.5000000052,\"2\":34203.0000000182,\"3\":57900.5000000003,\"4\":65523.0000000012,\"5\":33204.500000005,\"6\":34203.000000018,\"7\":57900.4999999999},\"ret\":{\"0\":0.0063287964,\"1\":-0.0038912513,\"2\":-0.0046666724,\"3\":0.0025853294,\"4\":-0.0061035708,\"5\":0.0040737454,\"6\":0.004923618,\"7\":-0.0025420001}}", "deviance": 540.4292416551214, "rel_entropy": 0.0007079945628004902, "df": 3, "formula": "count ~ mut * base - mut : base", "prob": 8.248825531000648e-117}, "pos9": {"stats": "{\"mut\":{\"0\":\"M\",\"1\":\"M\",\"2\":\"M\",\"3\":\"M\",\"4\":\"R\",\"5\":\"R\",\"6\":\"R\",\"7\":\"R\"},\"base\":{\"0\":\"A\",\"1\":\"C\",\"2\":\"G\",\"3\":\"T\",\"4\":\"A\",\"5\":\"C\",\"6\":\"G\",\"7\":\"T\"},\"count\":{\"0\":52785,\"1\":49906,\"2\":40911,\"3\":47229,\"4\":63970,\"5\":45208,\"6\":36871,\"7\":44782},\"fitted\":{\"0\":58377.500003352,\"1\":47557.0000000647,\"2\":38891.0000000582,\"3\":46005.5000000499,\"4\":58377.5000032306,\"5\":47556.9999999657,\"6\":38890.9999999773,\"7\":46005.4999999542},\"ret\":{\"0\":-0.0139275938,\"1\":0.0063042175,\"2\":0.0054277713,\"3\":0.0032479706,\"4\":0.0153334917,\"5\":-0.0060000944,\"6\":-0.0051527476,\"7\":-0.0031627056}}", "deviance": 1580.317066582209, "rel_entropy": 0.002070309680531739, "df": 3, "formula": "count ~ mut * base - mut : base", "prob": 0}, "pos8": {"stats": "{\"mut\":{\"0\":\"M\",\"1\":\"M\",\"2\":\"M\",\"3\":\"M\",\"4\":\"R\",\"5\":\"R\",\"6\":\"R\",\"7\":\"R\"},\"base\":{\"0\":\"A\",\"1\":\"C\",\"2\":\"G\",\"3\":\"T\",\"4\":\"A\",\"5\":\"C\",\"6\":\"G\",\"7\":\"T\"},\"count\":{\"0\":68896,\"1\":27669,\"2\":34309,\"3\":59957,\"4\":66687,\"5\":32633,\"6\":37732,\"7\":53779},\"fitted\":{\"0\":67791.5000000037,\"1\":30151.0000005017,\"2\":36020.5000000096,\"3\":56868.0000000371,\"4\":67791.4999999949,\"5\":30151.0000004978,\"6\":36020.5000000049,\"7\":56868.0000000297},\"ret\":{\"0\":0.0029173696,\"1\":-0.0062278077,\"2\":-0.00437607,\"3\":0.0083094892,\"4\":-0.002870218,\"5\":0.0067637456,\"6\":0.0045892216,\"7\":-0.0078696411}}", "deviance": 943.5365685603938, "rel_entropy": 0.0012360892210390264, "df": 3, "formula": "count ~ mut * base - mut : base", "prob": 3.187251866811155e-204}, "pos16": {"stats": "{\"mut\":{\"0\":\"M\",\"1\":\"M\",\"2\":\"M\",\"3\":\"M\",\"4\":\"R\",\"5\":\"R\",\"6\":\"R\",\"7\":\"R\"},\"base\":{\"0\":\"A\",\"1\":\"C\",\"2\":\"G\",\"3\":\"T\",\"4\":\"A\",\"5\":\"C\",\"6\":\"G\",\"7\":\"T\"},\"count\":{\"0\":60035,\"1\":36042,\"2\":33720,\"3\":61034,\"4\":61054,\"5\":35983,\"6\":36025,\"7\":57769},\"fitted\":{\"0\":60544.5000000001,\"1\":36012.5,\"2\":34872.5000000005,\"3\":59401.5000000003,\"4\":60544.5000000001,\"5\":36012.5,\"6\":34872.5000000005,\"7\":59401.5000000003},\"ret\":{\"0\":-0.001329318,\"1\":0.0000773252,\"2\":-0.0029692298,\"3\":0.0043355897,\"4\":0.0013405521,\"5\":-0.0000772619,\"6\":0.0030690456,\"7\":-0.0042180229}}", "deviance": 174.55692228233914, "rel_entropy": 0.00022867998685006518, "df": 3, "formula": "count ~ mut * base - mut : base", "prob": 1.3207526298206371e-37}, "pos2": {"stats": "{\"mut\":{\"0\":\"M\",\"1\":\"M\",\"2\":\"M\",\"3\":\"M\",\"4\":\"R\",\"5\":\"R\",\"6\":\"R\",\"7\":\"R\"},\"base\":{\"0\":\"A\",\"1\":\"C\",\"2\":\"G\",\"3\":\"T\",\"4\":\"A\",\"5\":\"C\",\"6\":\"G\",\"7\":\"T\"},\"count\":{\"0\":63872,\"1\":34818,\"2\":33453,\"3\":58688,\"4\":62611,\"5\":35094,\"6\":35973,\"7\":57153},\"fitted\":{\"0\":63241.5000000003,\"1\":34956.0,\"2\":34713.0000000008,\"3\":57920.5000000001,\"4\":63241.5000000003,\"5\":34956.0,\"6\":34713.0000000008,\"7\":57920.5000000001},\"ret\":{\"0\":0.0016601929,\"1\":-0.0003608618,\"2\":-0.0032406964,\"3\":0.0020242066,\"4\":-0.0016437228,\"5\":0.0003622893,\"6\":0.003360554,\"7\":-0.001997559}}", "deviance": 125.49253587546207, "rel_entropy": 0.00016440271218442243, "df": 3, "formula": "count ~ mut * base - mut : base", "prob": 5.061874309956836e-27},