{"pos3": {"df": 3, "formula": "count ~ group * mut * base - group : mut : base", "prob": 3.0511617683447874e-47, "stats": "{\"group\":{\"0\":\"1\",\"1\":\"1\",\"2\":\"1\",\"3\":\"1\",\"4\":\"1\",\"5\":\"1\",\"6\":\"1\",\"7\":\"1\",\"8\":\"2\",\"9\":\"2\",\"10\":\"2\",\"11\":\"2\",\"12\":\"2\",\"13\":\"2\",\"14\":\"2\",\"15\":\"2\"},\"mut\":{\"0\":\"M\",\"1\":\"M\",\"2\":\"M\",\"3\":\"M\",\"4\":\"R\",\"5\":\"R\",\"6\":\"R\",\"7\":\"R\",\"8\":\"M\",\"9\":\"M\",\"10\":\"M\",\"11\":\"M\",\"12\":\"R\",\"13\":\"R\",\"14\":\"R\",\"15\":\"R\"},\"base\":{\"0\":\"A\",\"1\":\"C\",\"2\":\"G\",\"3\":\"T\",\"4\":\"A\",\"5\":\"C\",\"6\":\"G\",\"7\":\"T\",\"8\":\"A\",\"9\":\"C\",\"10\":\"G\",\"11\":\"T\",\"12\":\"A\",\"13\":\"C\",\"14\":\"G\",\"15\":\"T\"},\"count\":{\"0\":228359,\"1\":204585,\"2\":324408,\"3\":343322,\"4\":306637,\"5\":229986,\"6\":195597,\"7\":368454,\"8\":7085,\"9\":9255,\"10\":15994,\"11\":10726,\"12\":10953,\"13\":10780,\"14\":8493,\"15\":12834},\"fitted\":{\"0\":227911.141480551,\"1\":204579.8972045741,\"2\":325282.7341145986,\"3\":342900.2272002807,\"4\":307084.8585194527,\"5\":229991.1027954263,\"6\":194722.2658854015,\"7\":368875.7727997215,\"8\":7532.8585194528,\"9\":9260.1027954268,\"10\":15119.2658854962,\"11\":11147.7727997203,\"12\":10505.1414805551,\"13\":10774.8972045748,\"14\":9367.7341146907,\"15\":12412.2272002825},\"ret\":{\"0\":0.0001959801,\"1\":0.0000022308,\"2\":-0.0003818881,\"3\":0.0001844975,\"4\":-0.000195645,\"5\":-0.0000022307,\"6\":0.0003832604,\"7\":-0.0001842787,\"8\":-0.0001898488,\"9\":-0.0000022301,\"10\":0.0003932575,\"11\":-0.0001808512,\"12\":0.0001999033,\"13\":0.0000022313,\"14\":-0.0003639657,\"15\":0.000187482}}", "rel_entropy": 4.7904327815100986e-05, "deviance": 219.15923387710686}, "pos0": {"df": 3, "formula": "count ~ group * mut * base - group : mut : base", "prob": 7.94180312765126e-50, "stats": "{\"group\":{\"0\":\"1\",\"1\":\"1\",\"2\":\"1\",\"3\":\"1\",\"4\":\"1\",\"5\":\"1\",\"6\":\"1\",\"7\":\"1\",\"8\":\"2\",\"9\":\"2\",\"10\":\"2\",\"11\":\"2\",\"12\":\"2\",\"13\":\"2\",\"14\":\"2\",\"15\":\"2\"},\"mut\":{\"0\":\"M\",\"1\":\"M\",\"2\":\"M\",\"3\":\"M\",\"4\":\"R\",\"5\":\"R\",\"6\":\"R\",\"7\":\"R\",\"8\":\"M\",\"9\":\"M\",\"10\":\"M\",\"11\":\"M\",\"12\":\"R\",\"13\":\"R\",\"14\":\"R\",\"15\":\"R\"},\"base\":{\"0\":\"A\",\"1\":\"C\",\"2\":\"G\",\"3\":\"T\",\"4\":\"A\",\"5\":\"C\",\"6\":\"G\",\"7\":\"T\",\"8\":\"A\",\"9\":\"C\",\"10\":\"G\",\"11\":\"T\",\"12\":\"A\",\"13\":\"C\",\"14\":\"G\",\"15\":\"T\"},\"count\":{\"0\":292880,\"1\":241004,\"2\":175799,\"3\":390991,\"4\":308551,\"5\":221627,\"6\":201592,\"7\":368904,\"8\":9953,\"9\":11808,\"10\":9445,\"11\":11854,\"12\":10554,\"13\":10300,\"14\":9336,\"15\":12870},\"fitted\":{\"0\":292831.2605220638,\"1\":241264.1985977487,\"2\":176447.4508634778,\"3\":390131.0900167152,\"4\":308599.7394779394,\"5\":221366.801402253,\"6\":200943.5491365237,\"7\":369763.9099832874,\"8\":10001.7394779386,\"9\":11547.8014022522,\"10\":8796.5491365596,\"11\":12713.9099833432,\"12\":10505.2605220615,\"13\":10560.1985977479,\"14\":9984.4508635165,\"15\":12010.0900167633},\"ret\":{\"0\":0.0000213089,\"1\":-0.0001136883,\"2\":-0.0002829582,\"3\":0.0003763362,\"4\":-0.0000213055,\"5\":0.0001138164,\"6\":0.0002839367,\"7\":-0.0003754847,\"8\":-0.0000212552,\"9\":0.0001150216,\"10\":0.0002936806,\"11\":-0.0003629127,\"12\":0.0000213565,\"13\":-0.0001123366,\"14\":-0.0002740683,\"15\":0.0003890698}}", "rel_entropy": 5.051746208738999e-05, "deviance": 231.1141559322356}, "pos1": {"df": 3, "formula": "count ~ group * mut * base - group : mut : base", "prob": 5.956794098589727e-37, "stats": "{\"group\":{\"0\":\"1\",\"1\":\"1\",\"2\":\"1\",\"3\":\"1\",\"4\":\"1\",\"5\":\"1\",\"6\":\"1\",\"7\":\"1\",\"8\":\"2\",\"9\":\"2\",\"10\":\"2\",\"11\":\"2\",\"12\":\"2\",\"13\":\"2\",\"14\":\"2\",\"15\":\"2\"},\"mut\":{\"0\":\"M\",\"1\":\"M\",\"2\":\"M\",\"3\":\"M\",\"4\":\"R\",\"5\":\"R\",\"6\":\"R\",\"7\":\"R\",\"8\":\"M\",\"9\":\"M\",\"10\":\"M\",\"11\":\"M\",\"12\":\"R\",\"13\":\"R\",\"14\":\"R\",\"15\":\"R\"},\"base\":{\"0\":\"A\",\"1\":\"C\",\"2\":\"G\",\"3\":\"T\",\"4\":\"A\",\"5\":\"C\",\"6\":\"G\",\"7\":\"T\",\"8\":\"A\",\"9\":\"C\",\"10\":\"G\",\"11\":\"T\",\"12\":\"A\",\"13\":\"C\",\"14\":\"G\",\"15\":\"T\"},\"count\":{\"0\":488115,\"1\":206852,\"2\":179968,\"3\":225739,\"4\":288500,\"5\":265635,\"6\":190304,\"7\":356235,\"8\":17694,\"9\":10351,\"10\":8297,\"11\":6718,\"12\":10033,\"13\":12278,\"14\":8262,\"15\":12487},\"fitted\":{\"0\":488306.6289751669,\"1\":207219.331800347,\"2\":180163.9030400791,\"3\":224984.1361844041,\"4\":288308.37102483,\"5\":265267.6681996527,\"6\":190108.0969599212,\"7\":356989.8638155955,\"8\":17502.3710248317,\"9\":9983.6681996551,\"10\":8101.0969599224,\"11\":7472.8638157425,\"12\":10224.6289751709,\"13\":12645.3318003476,\"14\":8457.9030400793,\"15\":11732.1361845669},\"ret\":{\"0\":-0.000083757,\"1\":-0.000160442,\"2\":-0.0000855953,\"3\":0.0003305527,\"4\":0.0000838012,\"5\":0.0001606956,\"6\":0.000085686,\"7\":-0.0003296506,\"8\":0.0000842303,\"9\":0.0001635031,\"10\":0.0000866691,\"11\":-0.000312741,\"12\":-0.0000829834,\"13\":-0.0001582291,\"14\":-0.0000846423,\"15\":0.0003403954}}", "rel_entropy": 3.7492753862645404e-05, "deviance": 171.52694938535552}, "pos2": {"df": 3, "formula": "count ~ group * mut * base - group : mut : base", "prob": 6.337333326467543e-96, "stats": "{\"group\":{\"0\":\"1\",\"1\":\"1\",\"2\":\"1\",\"3\":\"1\",\"4\":\"1\",\"5\":\"1\",\"6\":\"1\",\"7\":\"1\",\"8\":\"2\",\"9\":\"2\",\"10\":\"2\",\"11\":\"2\",\"12\":\"2\",\"13\":\"2\",\"14\":\"2\",\"15\":\"2\"},\"mut\":{\"0\":\"M\",\"1\":\"M\",\"2\":\"M\",\"3\":\"M\",\"4\":\"R\",\"5\":\"R\",\"6\":\"R\",\"7\":\"R\",\"8\":\"M\",\"9\":\"M\",\"10\":\"M\",\"11\":\"M\",\"12\":\"R\",\"13\":\"R\",\"14\":\"R\",\"15\":\"R\"},\"base\":{\"0\":\"A\",\"1\":\"C\",\"2\":\"G\",\"3\":\"T\",\"4\":\"A\",\"5\":\"C\",\"6\":\"G\",\"7\":\"T\",\"8\":\"A\",\"9\":\"C\",\"10\":\"G\",\"11\":\"T\",\"12\":\"A\",\"13\":\"C\",\"14\":\"G\",\"15\":\"T\"},\"count\":{\"0\":307058,\"1\":143102,\"2\":333827,\"3\":316687,\"4\":247679,\"5\":223398,\"6\":274289,\"7\":355308,\"8\":7438,\"9\":6454,\"10\":16393,\"11\":12775,\"12\":7848,\"13\":10405,\"14\":12481,\"15\":12326},\"fitted\":{\"0\":306006.1981897364,\"1\":142920.3285593734,\"2\":334240.8439915446,\"3\":317506.6292593468,\"4\":248730.8018102643,\"5\":223579.6714406274,\"6\":273875.1560084567,\"7\":354488.3707406531,\"8\":8489.801810264,\"9\":6635.6714406273,\"10\":15979.1560084559,\"11\":11955.3707406528,\"12\":6796.198189736,\"13\":10223.3285593727,\"14\":12894.8439915441,\"15\":13145.6292593471},\"ret\":{\"0\":0.0004605998,\"1\":0.0000794708,\"2\":-0.0001808059,\"3\":-0.00035785,\"4\":-0.0004588369,\"5\":-0.000079388,\"6\":0.0001810546,\"7\":0.0003587268,\"8\":-0.0004300725,\"9\":-0.0000783231,\"10\":0.0001832408,\"11\":0.0003703239,\"12\":0.0004936859,\"13\":0.0000801218,\"14\":-0.0001779832,\"15\":-0.0003469028}}", "rel_entropy": 9.706196330408705e-05, "deviance": 444.0522701505468}}