{"pos2": {"stats": "{\"mut\":{\"0\":\"M\",\"1\":\"M\",\"2\":\"M\",\"3\":\"M\",\"4\":\"R\",\"5\":\"R\",\"6\":\"R\",\"7\":\"R\"},\"base\":{\"0\":\"A\",\"1\":\"C\",\"2\":\"G\",\"3\":\"T\",\"4\":\"A\",\"5\":\"C\",\"6\":\"G\",\"7\":\"T\"},\"count\":{\"0\":853,\"1\":270,\"2\":990,\"3\":319,\"4\":696,\"5\":544,\"6\":654,\"7\":538},\"fitted\":{\"0\":774.5,\"1\":407.0000000005,\"2\":822.0,\"3\":428.5,\"4\":774.5,\"5\":407.0000000005,\"6\":822.0,\"7\":428.5},\"ret\":{\"0\":0.0169305572,\"1\":-0.022780763,\"2\":0.0378505145,\"3\":-0.0193537795,\"4\":-0.015291967,\"5\":0.0324494279,\"6\":-0.0307413673,\"7\":0.0251709474}}", "deviance": 235.74417097736912, "df": 3, "rel_entropy": 0.024233570207377583, "formula": "count ~ mut * base - mut : base", "prob": 7.921271372750311e-51}, "pos3": {"stats": "{\"mut\":{\"0\":\"M\",\"1\":\"M\",\"2\":\"M\",\"3\":\"M\",\"4\":\"R\",\"5\":\"R\",\"6\":\"R\",\"7\":\"R\"},\"base\":{\"0\":\"A\",\"1\":\"C\",\"2\":\"G\",\"3\":\"T\",\"4\":\"A\",\"5\":\"C\",\"6\":\"G\",\"7\":\"T\"},\"count\":{\"0\":712,\"1\":459,\"2\":799,\"3\":462,\"4\":688,\"5\":541,\"6\":593,\"7\":610},\"fitted\":{\"0\":700.0,\"1\":500.0,\"2\":696.0,\"3\":536.0,\"4\":700.0,\"5\":500.0,\"6\":696.0,\"7\":536.0},\"ret\":{\"0\":0.0024881321,\"1\":-0.0080738221,\"2\":0.0226708505,\"3\":-0.0141116371,\"4\":-0.0024458368,\"5\":0.0087657995,\"6\":-0.0195255078,\"7\":0.0162187758}}", "deviance": 58.239144371178725, "df": 3, "rel_entropy": 0.005986754149997813, "formula": "count ~ mut * base - mut : base", "prob": 1.3975003272255452e-12}, "pos0": {"stats": "{\"mut\":{\"0\":\"M\",\"1\":\"M\",\"2\":\"M\",\"3\":\"M\",\"4\":\"R\",\"5\":\"R\",\"6\":\"R\",\"7\":\"R\"},\"base\":{\"0\":\"A\",\"1\":\"C\",\"2\":\"G\",\"3\":\"T\",\"4\":\"A\",\"5\":\"C\",\"6\":\"G\",\"7\":\"T\"},\"count\":{\"0\":718,\"1\":649,\"2\":530,\"3\":535,\"4\":621,\"5\":637,\"6\":595,\"7\":579},\"fitted\":{\"0\":669.5000000039,\"1\":643.0,\"2\":562.5000000005,\"3\":557.0,\"4\":669.500000004,\"5\":643.0,\"6\":562.5000000006,\"7\":557.0000000001},\"ret\":{\"0\":0.0103239667,\"1\":0.0012392901,\"2\":-0.0064848864,\"3\":-0.0044325028,\"4\":-0.0096009975,\"5\":-0.0012277793,\"6\":0.0068711578,\"7\":0.0046111967}}", "deviance": 12.641002946601485, "df": 3, "rel_entropy": 0.001299445204214791, "formula": "count ~ mut * base - mut : base", "prob": 0.0054809220711733468}, "pos1": {"stats": "{\"mut\":{\"0\":\"M\",\"1\":\"M\",\"2\":\"M\",\"3\":\"M\",\"4\":\"R\",\"5\":\"R\",\"6\":\"R\",\"7\":\"R\"},\"base\":{\"0\":\"A\",\"1\":\"C\",\"2\":\"G\",\"3\":\"T\",\"4\":\"A\",\"5\":\"C\",\"6\":\"G\",\"7\":\"T\"},\"count\":{\"0\":556,\"1\":357,\"2\":583,\"3\":936,\"4\":781,\"5\":170,\"6\":681,\"7\":800},\"fitted\":{\"0\":668.5,\"1\":263.5000000006,\"2\":632.0,\"3\":868.0,\"4\":668.5,\"5\":263.5000000006,\"6\":632.0,\"7\":868.0},\"ret\":{\"0\":-0.0210635413,\"1\":0.0222891903,\"2\":-0.0096729826,\"3\":0.0145141121,\"4\":0.0249744585,\"5\":-0.0153172982,\"6\":0.0104548218,\"7\":-0.013417761}}", "deviance": 124.13900462932713, "df": 3, "rel_entropy": 0.012760999653508135, "formula": "count ~ mut * base - mut : base", "prob": 9.9062428628913443e-27}}