{"('pos0', 'pos3')": {"prob": 0.030448403967955427, "deviance": 18.435091134508475, "stats": "{\"mut\":{\"0\":\"M\",\"1\":\"M\",\"2\":\"M\",\"3\":\"M\",\"4\":\"M\",\"5\":\"M\",\"6\":\"M\",\"7\":\"M\",\"8\":\"M\",\"9\":\"M\",\"10\":\"M\",\"11\":\"M\",\"12\":\"M\",\"13\":\"M\",\"14\":\"M\",\"15\":\"M\",\"16\":\"R\",\"17\":\"R\",\"18\":\"R\",\"19\":\"R\",\"20\":\"R\",\"21\":\"R\",\"22\":\"R\",\"23\":\"R\",\"24\":\"R\",\"25\":\"R\",\"26\":\"R\",\"27\":\"R\",\"28\":\"R\",\"29\":\"R\",\"30\":\"R\",\"31\":\"R\"},\"base1\":{\"0\":\"A\",\"1\":\"A\",\"2\":\"A\",\"3\":\"A\",\"4\":\"C\",\"5\":\"C\",\"6\":\"C\",\"7\":\"C\",\"8\":\"G\",\"9\":\"G\",\"10\":\"G\",\"11\":\"G\",\"12\":\"T\",\"13\":\"T\",\"14\":\"T\",\"15\":\"T\",\"16\":\"A\",\"17\":\"A\",\"18\":\"A\",\"19\":\"A\",\"20\":\"C\",\"21\":\"C\",\"22\":\"C\",\"23\":\"C\",\"24\":\"G\",\"25\":\"G\",\"26\":\"G\",\"27\":\"G\",\"28\":\"T\",\"29\":\"T\",\"30\":\"T\",\"31\":\"T\"},\"base2\":{\"0\":\"A\",\"1\":\"C\",\"2\":\"G\",\"3\":\"T\",\"4\":\"A\",\"5\":\"C\",\"6\":\"G\",\"7\":\"T\",\"8\":\"A\",\"9\":\"C\",\"10\":\"G\",\"11\":\"T\",\"12\":\"A\",\"13\":\"C\",\"14\":\"G\",\"15\":\"T\",\"16\":\"A\",\"17\":\"C\",\"18\":\"G\",\"19\":\"T\",\"20\":\"A\",\"21\":\"C\",\"22\":\"G\",\"23\":\"T\",\"24\":\"A\",\"25\":\"C\",\"26\":\"G\",\"27\":\"T\",\"28\":\"A\",\"29\":\"C\",\"30\":\"G\",\"31\":\"T\"},\"count\":{\"0\":266,\"1\":137,\"2\":197,\"3\":118,\"4\":143,\"5\":121,\"6\":248,\"7\":137,\"8\":155,\"9\":121,\"10\":160,\"11\":94,\"12\":148,\"13\":80,\"14\":194,\"15\":113,\"16\":200,\"17\":131,\"18\":158,\"19\":132,\"20\":159,\"21\":150,\"22\":167,\"23\":161,\"24\":159,\"25\":141,\"26\":147,\"27\":148,\"28\":170,\"29\":119,\"30\":121,\"31\":169},\"fitted\":{\"0\":252.4565171794,\"1\":132.5760526967,\"2\":216.0419856599,\"3\":116.925444464,\"4\":153.9614778047,\"5\":125.3954265954,\"6\":239.7245976769,\"7\":129.918497923,\"8\":150.4296689922,\"9\":113.2673343641,\"10\":168.0505775036,\"11\":98.2524191401,\"12\":155.1523360237,\"13\":87.7611863438,\"14\":175.1828391596,\"15\":116.9036384729,\"16\":213.5434828206,\"17\":135.4239473033,\"18\":138.9580143401,\"19\":133.074555536,\"20\":148.0385221953,\"21\":145.6045734046,\"22\":175.2754023231,\"23\":168.081502077,\"24\":163.5703310078,\"25\":148.7326656359,\"26\":138.9494224964,\"27\":143.7475808599,\"28\":162.8476639763,\"29\":111.2388136562,\"30\":139.8171608404,\"31\":165.0963615271},\"ret\":{\"0\":0.0028578202,\"1\":0.0009245377,\"2\":-0.0037370478,\"3\":0.0002219322,\"4\":-0.0021713949,\"5\":-0.0008876388,\"6\":0.001730391,\"7\":0.0014948776,\"8\":0.0009537553,\"9\":0.0016428469,\"10\":-0.0016148413,\"11\":-0.0008550655,\"12\":-0.0014360374,\"13\":-0.0015229062,\"14\":0.0040693708,\"15\":-0.0007890061,\"16\":-0.0026942069,\"17\":-0.0008945082,\"18\":0.0041716418,\"19\":-0.0002200258,\"20\":0.0023350404,\"21\":0.0009171695,\"22\":-0.0016605462,\"23\":-0.0014247914,\"24\":-0.0009263729,\"25\":-0.0015477131,\"26\":0.0017021834,\"27\":0.0008870696,\"28\":0.0015022929,\"29\":0.0016500517,\"30\":-0.0035957953,\"31\":0.0008119714}}", "rel_entropy": 0.0018950545985308876, "formula": "count ~ mut * base1 * base2 - mut : base1 : base2", "df": 9}, "('pos0', 'pos2')": {"prob": 0.0001851988436130945, "deviance": 32.18208329807427, "stats": "{\"mut\":{\"0\":\"M\",\"1\":\"M\",\"2\":\"M\",\"3\":\"M\",\"4\":\"M\",\"5\":\"M\",\"6\":\"M\",\"7\":\"M\",\"8\":\"M\",\"9\":\"M\",\"10\":\"M\",\"11\":\"M\",\"12\":\"M\",\"13\":\"M\",\"14\":\"M\",\"15\":\"M\",\"16\":\"R\",\"17\":\"R\",\"18\":\"R\",\"19\":\"R\",\"20\":\"R\",\"21\":\"R\",\"22\":\"R\",\"23\":\"R\",\"24\":\"R\",\"25\":\"R\",\"26\":\"R\",\"27\":\"R\",\"28\":\"R\",\"29\":\"R\",\"30\":\"R\",\"31\":\"R\"},\"base1\":{\"0\":\"A\",\"1\":\"A\",\"2\":\"A\",\"3\":\"A\",\"4\":\"C\",\"5\":\"C\",\"6\":\"C\",\"7\":\"C\",\"8\":\"G\",\"9\":\"G\",\"10\":\"G\",\"11\":\"G\",\"12\":\"T\",\"13\":\"T\",\"14\":\"T\",\"15\":\"T\",\"16\":\"A\",\"17\":\"A\",\"18\":\"A\",\"19\":\"A\",\"20\":\"C\",\"21\":\"C\",\"22\":\"C\",\"23\":\"C\",\"24\":\"G\",\"25\":\"G\",\"26\":\"G\",\"27\":\"G\",\"28\":\"T\",\"29\":\"T\",\"30\":\"T\",\"31\":\"T\"},\"base2\":{\"0\":\"A\",\"1\":\"C\",\"2\":\"G\",\"3\":\"T\",\"4\":\"A\",\"5\":\"C\",\"6\":\"G\",\"7\":\"T\",\"8\":\"A\",\"9\":\"C\",\"10\":\"G\",\"11\":\"T\",\"12\":\"A\",\"13\":\"C\",\"14\":\"G\",\"15\":\"T\",\"16\":\"A\",\"17\":\"C\",\"18\":\"G\",\"19\":\"T\",\"20\":\"A\",\"21\":\"C\",\"22\":\"G\",\"23\":\"T\",\"24\":\"A\",\"25\":\"C\",\"26\":\"G\",\"27\":\"T\",\"28\":\"A\",\"29\":\"C\",\"30\":\"G\",\"31\":\"T\"},\"count\":{\"0\":328,\"1\":46,\"2\":260,\"3\":84,\"4\":154,\"5\":99,\"6\":304,\"7\":92,\"8\":196,\"9\":64,\"10\":203,\"11\":67,\"12\":175,\"13\":61,\"14\":223,\"15\":76,\"16\":182,\"17\":123,\"18\":168,\"19\":148,\"20\":164,\"21\":152,\"22\":183,\"23\":138,\"24\":181,\"25\":137,\"26\":166,\"27\":111,\"28\":169,\"29\":132,\"30\":137,\"31\":141},\"fitted\":{\"0\":295.1016473818,\"1\":60.7759584991,\"2\":269.491893238,\"3\":92.630500881,\"4\":177.92468786,\"5\":85.8086978178,\"6\":297.7005520918,\"7\":87.5660622304,\"8\":195.9093877386,\"9\":61.6502680286,\"10\":211.2682242406,\"11\":61.1721199921,\"12\":184.0642770196,\"13\":61.7650756544,\"14\":211.5393304296,\"15\":77.6313168964,\"16\":214.8983526182,\"17\":108.2240415009,\"18\":158.508106762,\"19\":139.369499119,\"20\":140.07531214,\"21\":165.1913021822,\"22\":189.2994479082,\"23\":142.4339377696,\"24\":181.0906122614,\"25\":139.3497319714,\"26\":157.7317757594,\"27\":116.8278800079,\"28\":159.9357229804,\"29\":131.2349243456,\"30\":148.4606695704,\"31\":139.3686831036},\"ret\":{\"0\":0.0071273742,\"1\":-0.0026343407,\"2\":-0.001916681,\"3\":-0.0016890091,\"4\":-0.0045721206,\"5\":0.0029105568,\"6\":0.0013087237,\"7\":0.0009342818,\"8\":0.0000186335,\"9\":0.0004921777,\"10\":-0.0016661756,\"11\":0.0012535101,\"12\":-0.0018168862,\"13\":-0.0001563153,\"14\":0.0024189279,\"15\":-0.0003318371,\"16\":-0.0062172776,\"17\":0.003236357,\"18\":0.002008755,\"19\":0.0018282017,\"20\":0.0053167224,\"21\":-0.0026007403,\"22\":-0.0012733244,\"23\":-0.0008972444,\"24\":-0.0000186245,\"25\":-0.0004789903,\"26\":0.0017436764,\"27\":-0.0011677716,\"28\":0.0019153812,\"29\":0.0001577511,\"30\":-0.0022628419,\"31\":0.0003373411}}", "rel_entropy": 0.0033081911285027, "formula": "count ~ mut * base1 * base2 - mut : base1 : base2", "df": 9}, "('pos0', 'pos1')": {"prob": 6.705037150494636e-08, "deviance": 51.09335460619775,