{"pos1": {"deviance": 418.260410729919, "prob": 2.452471046157465e-90, "stats": "{\"mut\":{\"0\":\"M\",\"1\":\"M\",\"2\":\"M\",\"3\":\"M\",\"4\":\"R\",\"5\":\"R\",\"6\":\"R\",\"7\":\"R\"},\"base\":{\"0\":\"A\",\"1\":\"C\",\"2\":\"G\",\"3\":\"T\",\"4\":\"A\",\"5\":\"C\",\"6\":\"G\",\"7\":\"T\"},\"count\":{\"0\":3474,\"1\":1646,\"2\":1495,\"3\":1208,\"4\":2251,\"5\":2197,\"6\":1915,\"7\":1460},\"fitted\":{\"0\":2862.5,\"1\":1921.5,\"2\":1705.0,\"3\":1334.0,\"4\":2862.5,\"5\":1921.5,\"6\":1705.0,\"7\":1334.0},\"ret\":{\"0\":0.0429889846,\"1\":-0.0162809482,\"2\":-0.0125591948,\"3\":-0.0076602802,\"4\":-0.0345751078,\"5\":0.0188143102,\"6\":0.0142165448,\"7\":0.0084220601}}", "rel_entropy": 0.013366368743765787, "df": 3, "formula": "count ~ mut * base - mut : base"}, "pos0": {"deviance": 253.3788867130787, "prob": 1.2161946454348199e-54, "stats": "{\"mut\":{\"0\":\"M\",\"1\":\"M\",\"2\":\"M\",\"3\":\"M\",\"4\":\"R\",\"5\":\"R\",\"6\":\"R\",\"7\":\"R\"},\"base\":{\"0\":\"A\",\"1\":\"C\",\"2\":\"G\",\"3\":\"T\",\"4\":\"A\",\"5\":\"C\",\"6\":\"G\",\"7\":\"T\"},\"count\":{\"0\":1712,\"1\":2192,\"2\":2350,\"3\":1569,\"4\":2232,\"5\":1578,\"6\":1998,\"7\":2015},\"fitted\":{\"0\":1972.0,\"1\":1885.0,\"2\":2174.0,\"3\":1792.0,\"4\":1972.0,\"5\":1885.0,\"6\":2174.0,\"7\":1792.0},\"ret\":{\"0\":-0.0154705864,\"1\":0.021139161,\"2\":0.0116924049,\"3\":-0.0133267568,\"4\":0.0176679488,\"5\":-0.0179292104,\"6\":-0.0107807345,\"7\":0.015105015}}", "rel_entropy": 0.008097241681997913, "df": 3, "formula": "count ~ mut * base - mut : base"}, "pos2": {"deviance": 328.6030915538262, "prob": 6.402312120377942e-71, "stats": "{\"mut\":{\"0\":\"M\",\"1\":\"M\",\"2\":\"M\",\"3\":\"M\",\"4\":\"R\",\"5\":\"R\",\"6\":\"R\",\"7\":\"R\"},\"base\":{\"0\":\"A\",\"1\":\"C\",\"2\":\"G\",\"3\":\"T\",\"4\":\"A\",\"5\":\"C\",\"6\":\"G\",\"7\":\"T\"},\"count\":{\"0\":1819,\"1\":2497,\"2\":2232,\"3\":1275,\"4\":2274,\"5\":1592,\"6\":2204,\"7\":1753},\"fitted\":{\"0\":2046.5,\"1\":2044.5,\"2\":2218.0,\"3\":1514.0,\"4\":2046.5,\"5\":2044.5,\"6\":2218.0,\"7\":1514.0},\"ret\":{\"0\":-0.0137005273,\"1\":0.0319086071,\"2\":0.0008976154,\"3\":-0.0140007954,\"4\":0.0153202689,\"5\":-0.0254543129,\"6\":-0.0008919675,\"7\":0.016422297}}", "rel_entropy": 0.010501185336630007, "df": 3, "formula": "count ~ mut * base - mut : base"}, "pos3": {"deviance": 45.90425865873402, "prob": 5.943645734393903e-10, "stats": "{\"mut\":{\"0\":\"M\",\"1\":\"M\",\"2\":\"M\",\"3\":\"M\",\"4\":\"R\",\"5\":\"R\",\"6\":\"R\",\"7\":\"R\"},\"base\":{\"0\":\"A\",\"1\":\"C\",\"2\":\"G\",\"3\":\"T\",\"4\":\"A\",\"5\":\"C\",\"6\":\"G\",\"7\":\"T\"},\"count\":{\"0\":2256,\"1\":2037,\"2\":1690,\"3\":1840,\"4\":2394,\"5\":1680,\"6\":1836,\"7\":1913},\"fitted\":{\"0\":2324.9999999989,\"1\":1858.5000001058,\"2\":1762.9999999993,\"3\":1876.4999999991,\"4\":2325.0000000012,\"5\":1858.5000001076,\"6\":1763.000000001,\"7\":1876.5000000009},\"ret\":{\"0\":-0.0043439759,\"1\":0.011939797,\"2\":-0.0045677715,\"3\":-0.0023100277,\"4\":0.0044748747,\"5\":-0.0108423585,\"6\":0.0047610192,\"7\":0.0023554073}}", "rel_entropy": 0.0014669646765541999, "df": 3, "formula": "count ~ mut * base - mut : base"}}