{"('pos2', 'pos3')": {"deviance": 67.47409870219929, "prob": 4.7526329900372607e-11, "stats": "{\"mut\":{\"0\":\"M\",\"1\":\"M\",\"2\":\"M\",\"3\":\"M\",\"4\":\"M\",\"5\":\"M\",\"6\":\"M\",\"7\":\"M\",\"8\":\"M\",\"9\":\"M\",\"10\":\"M\",\"11\":\"M\",\"12\":\"M\",\"13\":\"M\",\"14\":\"M\",\"15\":\"M\",\"16\":\"R\",\"17\":\"R\",\"18\":\"R\",\"19\":\"R\",\"20\":\"R\",\"21\":\"R\",\"22\":\"R\",\"23\":\"R\",\"24\":\"R\",\"25\":\"R\",\"26\":\"R\",\"27\":\"R\",\"28\":\"R\",\"29\":\"R\",\"30\":\"R\",\"31\":\"R\"},\"base1\":{\"0\":\"A\",\"1\":\"A\",\"2\":\"A\",\"3\":\"A\",\"4\":\"C\",\"5\":\"C\",\"6\":\"C\",\"7\":\"C\",\"8\":\"G\",\"9\":\"G\",\"10\":\"G\",\"11\":\"G\",\"12\":\"T\",\"13\":\"T\",\"14\":\"T\",\"15\":\"T\",\"16\":\"A\",\"17\":\"A\",\"18\":\"A\",\"19\":\"A\",\"20\":\"C\",\"21\":\"C\",\"22\":\"C\",\"23\":\"C\",\"24\":\"G\",\"25\":\"G\",\"26\":\"G\",\"27\":\"G\",\"28\":\"T\",\"29\":\"T\",\"30\":\"T\",\"31\":\"T\"},\"base2\":{\"0\":\"A\",\"1\":\"C\",\"2\":\"G\",\"3\":\"T\",\"4\":\"A\",\"5\":\"C\",\"6\":\"G\",\"7\":\"T\",\"8\":\"A\",\"9\":\"C\",\"10\":\"G\",\"11\":\"T\",\"12\":\"A\",\"13\":\"C\",\"14\":\"G\",\"15\":\"T\",\"16\":\"A\",\"17\":\"C\",\"18\":\"G\",\"19\":\"T\",\"20\":\"A\",\"21\":\"C\",\"22\":\"G\",\"23\":\"T\",\"24\":\"A\",\"25\":\"C\",\"26\":\"G\",\"27\":\"T\",\"28\":\"A\",\"29\":\"C\",\"30\":\"G\",\"31\":\"T\"},\"count\":{\"0\":758,\"1\":235,\"2\":465,\"3\":361,\"4\":655,\"5\":953,\"6\":203,\"7\":686,\"8\":641,\"9\":537,\"10\":618,\"11\":436,\"12\":202,\"13\":312,\"14\":404,\"15\":357,\"16\":828,\"17\":348,\"18\":574,\"19\":524,\"20\":526,\"21\":460,\"22\":137,\"23\":469,\"24\":631,\"25\":507,\"26\":629,\"27\":437,\"28\":409,\"29\":365,\"30\":496,\"31\":483},\"fitted\":{\"0\":686.9062327031,\"1\":278.3401350621,\"2\":469.377070086,\"3\":384.3765621487,\"4\":701.7552446235,\"5\":899.3763246075,\"6\":208.1823301038,\"7\":687.6861006653,\"8\":619.5748645463,\"9\":555.1479051027,\"10\":630.9687039136,\"11\":426.3085264374,\"12\":247.7636581271,\"13\":304.1356352277,\"14\":381.4718958966,\"15\":341.6288107486,\"16\":899.0937672969,\"17\":304.6598649379,\"18\":569.622929914,\"19\":500.6234378513,\"20\":479.2447553765,\"21\":513.6236753925,\"22\":131.8176698962,\"23\":467.3138993347,\"24\":652.4251354537,\"25\":488.8520948973,\"26\":616.0312960864,\"27\":446.6914735626,\"28\":363.2363418729,\"29\":372.8643647723,\"30\":518.5281041034,\"31\":498.3711892514},\"ret\":{\"0\":0.0047713203,\"1\":-0.002542229,\"2\":-0.000278448,\"3\":-0.0014477089,\"4\":-0.0028864816,\"5\":0.0035275103,\"6\":-0.0003270667,\"7\":-0.0001076334,\"8\":0.0013927766,\"9\":-0.0011407382,\"10\":-0.0008203058,\"11\":0.0006264099,\"12\":-0.0026364525,\"13\":0.0005090872,\"14\":0.0014815665,\"15\":0.0010042133,\"16\":-0.0043593134,\"17\":0.0029583453,\"18\":0.0002808286,\"19\":0.0015284445,\"20\":0.003129568,\"21\":-0.0032418257,\"22\":0.0003376512,\"23\":0.0001079598,\"24\":-0.0013466335,\"25\":0.0011811753,\"26\":0.0008375473,\"27\":-0.0006126531,\"28\":0.0031019133,\"29\":-0.0004973053,\"30\":-0.0014081221,\"31\":-0.0009671269}}", "rel_entropy": 0.0021562731273871687, "df": 9, "formula": "count ~ mut * base1 * base2 - mut : base1 : base2"}, "('pos1', 'pos2')": {"deviance": 512.4498387936778, "prob": 1.2399711884191261e-104, "stats": "{\"mut\":{\"0\":\"M\",\"1\":\"M\",\"2\":\"M\",\"3\":\"M\",\"4\":\"M\",\"5\":\"M\",\"6\":\"M\",\"7\":\"M\",\"8\":\"M\",\"9\":\"M\",\"10\":\"M\",\"11\":\"M\",\"12\":\"M\",\"13\":\"M\",\"14\":\"M\",\"15\":\"M\",\"16\":\"R\",\"17\":\"R\",\"18\":\"R\",\"19\":\"R\",\"20\":\"R\",\"21\":\"R\",\"22\":\"R\",\"23\":\"R\",\"24\":\"R\",\"25\":\"R\",\"26\":\"R\",\"27\":\"R\",\"28\":\"R\",\"29\":\"R\",\"30\":\"R\",\"31\":\"R\"},\"base1\":{\"0\":\"A\",\"1\":\"A\",\"2\":\"A\",\"3\":\"A\",\"4\":\"C\",\"5\":\"C\",\"6\":\"C\",\"7\":\"C\",\"8\":\"G\",\"9\":\"G\",\"10\":\"G\",\"11\":\"G\",\"12\":\"T\",\"13\":\"T\",\"14\":\"T\",\"15\":\"T\",\"16\":\"A\",\"17\":\"A\",\"18\":\"A\",\"19\":\"A\",\"20\":\"C\",\"21\":\"C\",\"22\":\"C\",\"23\":\"C\",\"24\":\"G\",\"25\":\"G\",\"26\":\"G\",\"27\":\"G\",\"28\":\"T\",\"29\":\"T\",\"30\":\"T\",\"31\":\"T\"},\"base2\":{\"0\":\"A\",\"1\":\"C\",\"2\":\"G\",\"3\":\"T\",\"4\":\"A\",\"5\":\"C\",\"6\":\"G\",\"7\":\"T\",\"8\":\"A\",\"9\":\"C\",\"10\":\"G\",\"11\":\"T\",\"12\":\"A\",\"13\":\"C\",\"14\":\"G\",\"15\":\"T\",\"16\":\"A\",\"17\":\"C\",\"18\":\"G\",\"19\":\"T\",\"20\":\"A\",\"21\":\"C\",\"22\":\"G\",\"23\":\"T\",\"24\":\"A\",\"25\":\"C\",\"26\":\"G\",\"27\":\"T\",\"28\":\"A\",\"29\":\"C\",\"30\":\"G\",\"31\":\"T\"},\"count\":{\"0\":485,\"1\":1595,\"2\":990,\"3\":404,\"4\":434,\"5\":323,\"6\":503,\"7\":386,\"8\":468,\"9\":327,\"10\":452,\"11\":248,\"12\":432,\"13\":252,\"14\":287,\"15\":237,\"16\":760,\"17\":394,\"18\":582,\"19\":515,\"20\":452,\"21\":521,\"22\":740,\"23\":484,\"24\":597,\"25\":363,\"26\":599,\"27\":356,\"28\":465,\"29\":314,\"30\":283,\"31\":398},\"fitted\":{\"0\":682.7668702037,\"1\":1361.8057773014,\"2\":946.5375475272,\"3\":482.8898049678,\"4\":340.7163795504,\"5\":445.3587126413,\"6\":544.1616178649,\"7\":315.7632899434,\"8\":422.4606507934,\"9\":372.8398266864,\"10\":473.3197645699,\"11\":226.3797579503,\"12\":373.0560994525,\"13\":316.9956833711,\"14\":267.981070038,\"15\":249.9671471385,\"16\":562.2331297967,\"17\":627.1942227007,\"18\":625.4624524728,\"19\":436.1101950322,\"20\":545.2836204496,\"21\":398.641287359,\"22\":698.8383821351,\"23\":554.2367100566,\"24\":642.5393492066,\"25\":317.1601733138,\"26\":577.6802354301,\"27\":377.6202420497,\"28\":523.9439005475,\"29\":249.0043166291,\"30\":302.018929962,\"31\":385.0328528615},\"ret\":{\"0\":-0.0106015736,\"1\":0.0161133269,\"2\":0.0028406852,\"3\":-0.0046058376,\"4\":0.0067126073,\"5\":-0.0066315069,\"6\":-0.0025286994,\"7\":0.0049550035,\"8\":0.0030621303,\"9\":-0.0027418329,\"10\":-0.0013314735,\"11\":0.0014458183,\"12\":0.0040504288,\"13\":-0.0036957488,\"14\":0.0012577275,\"15\":-0.0008069051,\"16\":0.014640509,\"17\":-0.0117073186,\"18\":-0.0026790321,\"19\":0.0054729677,\"20\":-0.0054202988,\"21\":0.0089138105,\"22\":0.0027068072,\"23\":-0.0041918299,\"24\":-0.0028049364,\"25\":0.0031320155,\"26\":0.0013874744,\"27\":-0.0013415031,\"28\":-0.0035470059,\"29\":0.0046544641,\"30\":-0.001176474,\"31\":0.0008425853}}", "rel_entropy": 0.01637638497998459, "df": 9, "formula": "count ~ mut * base1 * base2 - mut : base1 : base2"}, "('pos1', 'pos3')": {"deviance": 120.72506206137669, "prob": 9.493265761637852e-22,