{"pos2": {"stats": "{\"mut\":{\"0\":\"M\",\"1\":\"M\",\"2\":\"M\",\"3\":\"M\",\"4\":\"R\",\"5\":\"R\",\"6\":\"R\",\"7\":\"R\"},\"base\":{\"0\":\"A\",\"1\":\"C\",\"2\":\"G\",\"3\":\"T\",\"4\":\"A\",\"5\":\"C\",\"6\":\"G\",\"7\":\"T\"},\"count\":{\"0\":4902,\"1\":4777,\"2\":5501,\"3\":6640,\"4\":6546,\"5\":4301,\"6\":5304,\"7\":5669},\"fitted\":{\"0\":5724.0,\"1\":4539.0,\"2\":5402.5,\"3\":6154.5,\"4\":5724.0,\"5\":4539.0,\"6\":5402.5,\"7\":6154.5},\"ret\":{\"0\":-0.0174136222,\"1\":0.0055942579,\"2\":0.0022775557,\"3\":0.0115528152,\"4\":0.0201279472,\"5\":-0.0053081643,\"6\":-0.0022364013,\"7\":-0.0106742939}}", "deviance": 342.14582654908463, "df": 3, "rel_entropy": 0.003920094254687038, "formula": "count ~ mut * base - mut : base", "prob": 7.4866452335119527e-74}, "pos3": {"stats": "{\"mut\":{\"0\":\"M\",\"1\":\"M\",\"2\":\"M\",\"3\":\"M\",\"4\":\"R\",\"5\":\"R\",\"6\":\"R\",\"7\":\"R\"},\"base\":{\"0\":\"A\",\"1\":\"C\",\"2\":\"G\",\"3\":\"T\",\"4\":\"A\",\"5\":\"C\",\"6\":\"G\",\"7\":\"T\"},\"count\":{\"0\":7067,\"1\":4253,\"2\":5159,\"3\":5341,\"4\":6739,\"5\":4347,\"6\":4830,\"7\":5904},\"fitted\":{\"0\":6903.0,\"1\":4300.0,\"2\":4994.5000000001,\"3\":5622.5000000017,\"4\":6903.0,\"5\":4300.0,\"6\":4994.5,\"7\":5622.5000000017},\"ret\":{\"0\":0.0038023119,\"1\":-0.0010710861,\"2\":0.0038308832,\"3\":-0.006286262,\"4\":-0.0037130213,\"5\":0.0010828582,\"6\":-0.0037067084,\"7\":0.0066093525}}", "deviance": 47.85806713728273, "df": 3, "rel_entropy": 0.0005483279919487023, "formula": "count ~ mut * base - mut : base", "prob": 2.2828445382379102e-10}, "pos0": {"stats": "{\"mut\":{\"0\":\"M\",\"1\":\"M\",\"2\":\"M\",\"3\":\"M\",\"4\":\"R\",\"5\":\"R\",\"6\":\"R\",\"7\":\"R\"},\"base\":{\"0\":\"A\",\"1\":\"C\",\"2\":\"G\",\"3\":\"T\",\"4\":\"A\",\"5\":\"C\",\"6\":\"G\",\"7\":\"T\"},\"count\":{\"0\":6477,\"1\":4542,\"2\":5303,\"3\":5498,\"4\":6560,\"5\":4638,\"6\":4656,\"7\":5966},\"fitted\":{\"0\":6518.4999999999,\"1\":4590.0,\"2\":4979.5000000124,\"3\":5732.0000000003,\"4\":6518.5000000001,\"5\":4590.0000000001,\"6\":4979.5000000125,\"7\":5732.0000000004},\"ret\":{\"0\":-0.0009479288,\"1\":-0.001094137,\"2\":0.0076486678,\"3\":-0.0052510839,\"4\":0.0009539832,\"5\":0.0011056396,\"6\":-0.0071667378,\"7\":0.0054700422}}", "deviance": 62.705900201112115, "df": 3, "rel_entropy": 0.0007184452360347401, "formula": "count ~ mut * base - mut : base", "prob": 1.5522025512196767e-13}, "pos1": {"stats": "{\"mut\":{\"0\":\"M\",\"1\":\"M\",\"2\":\"M\",\"3\":\"M\",\"4\":\"R\",\"5\":\"R\",\"6\":\"R\",\"7\":\"R\"},\"base\":{\"0\":\"A\",\"1\":\"C\",\"2\":\"G\",\"3\":\"T\",\"4\":\"A\",\"5\":\"C\",\"6\":\"G\",\"7\":\"T\"},\"count\":{\"0\":5474,\"1\":6947,\"2\":4305,\"3\":5094,\"4\":7650,\"5\":859,\"6\":5227,\"7\":8084},\"fitted\":{\"0\":6561.9999999998,\"1\":3903.0000000267,\"2\":4765.9999999999,\"3\":6588.9999999998,\"4\":6562.0000000002,\"5\":3903.0000000269,\"6\":4766.0000000002,\"7\":6589.0000000002},\"ret\":{\"0\":-0.0227396563,\"1\":0.0917826088,\"2\":-0.0100354878,\"3\":-0.0300385167,\"4\":0.026892487,\"5\":-0.0297959591,\"6\":0.0110588804,\"7\":0.0378794321}}", "deviance": 6546.330664073134, "df": 3, "rel_entropy": 0.07500378854345938, "formula": "count ~ mut * base - mut : base", "prob": 0}}