{"('pos1', 'pos2')": {"stats": "{\"mut\":{\"0\":\"M\",\"1\":\"M\",\"2\":\"M\",\"3\":\"M\",\"4\":\"M\",\"5\":\"M\",\"6\":\"M\",\"7\":\"M\",\"8\":\"M\",\"9\":\"M\",\"10\":\"M\",\"11\":\"M\",\"12\":\"M\",\"13\":\"M\",\"14\":\"M\",\"15\":\"M\",\"16\":\"R\",\"17\":\"R\",\"18\":\"R\",\"19\":\"R\",\"20\":\"R\",\"21\":\"R\",\"22\":\"R\",\"23\":\"R\",\"24\":\"R\",\"25\":\"R\",\"26\":\"R\",\"27\":\"R\",\"28\":\"R\",\"29\":\"R\",\"30\":\"R\",\"31\":\"R\"},\"base1\":{\"0\":\"A\",\"1\":\"A\",\"2\":\"A\",\"3\":\"A\",\"4\":\"C\",\"5\":\"C\",\"6\":\"C\",\"7\":\"C\",\"8\":\"G\",\"9\":\"G\",\"10\":\"G\",\"11\":\"G\",\"12\":\"T\",\"13\":\"T\",\"14\":\"T\",\"15\":\"T\",\"16\":\"A\",\"17\":\"A\",\"18\":\"A\",\"19\":\"A\",\"20\":\"C\",\"21\":\"C\",\"22\":\"C\",\"23\":\"C\",\"24\":\"G\",\"25\":\"G\",\"26\":\"G\",\"27\":\"G\",\"28\":\"T\",\"29\":\"T\",\"30\":\"T\",\"31\":\"T\"},\"base2\":{\"0\":\"A\",\"1\":\"C\",\"2\":\"G\",\"3\":\"T\",\"4\":\"A\",\"5\":\"C\",\"6\":\"G\",\"7\":\"T\",\"8\":\"A\",\"9\":\"C\",\"10\":\"G\",\"11\":\"T\",\"12\":\"A\",\"13\":\"C\",\"14\":\"G\",\"15\":\"T\",\"16\":\"A\",\"17\":\"C\",\"18\":\"G\",\"19\":\"T\",\"20\":\"A\",\"21\":\"C\",\"22\":\"G\",\"23\":\"T\",\"24\":\"A\",\"25\":\"C\",\"26\":\"G\",\"27\":\"T\",\"28\":\"A\",\"29\":\"C\",\"30\":\"G\",\"31\":\"T\"},\"count\":{\"0\":1386,\"1\":1191,\"2\":1621,\"3\":1276,\"4\":1378,\"5\":1582,\"6\":1692,\"7\":2295,\"8\":1086,\"9\":1052,\"10\":1046,\"11\":1121,\"12\":1052,\"13\":952,\"14\":1142,\"15\":1948,\"16\":2586,\"17\":1425,\"18\":1826,\"19\":1813,\"20\":206,\"21\":216,\"22\":201,\"23\":236,\"24\":1592,\"25\":1118,\"26\":1284,\"27\":1233,\"28\":2162,\"29\":1542,\"30\":1993,\"31\":2387},\"fitted\":{\"0\":1435.4421723696,\"1\":1145.7115533156,\"2\":1489.1051383493,\"3\":1403.7411360552,\"4\":1364.5729176123,\"5\":1609.9884898251,\"6\":1690.7128596808,\"7\":2281.7257328822,\"8\":1051.6340484325,\"9\":1022.086114824,\"10\":1083.3729304629,\"11\":1147.9069062825,\"12\":1050.3508615864,\"13\":999.2138420362,\"14\":1237.8090715552,\"15\":1806.6262248517,\"16\":2536.557827631,\"17\":1470.2884466846,\"18\":1957.8948616935,\"19\":1685.258864016,\"20\":219.4270823926,\"21\":188.0115101814,\"22\":202.2871403205,\"23\":249.2742671197,\"24\":1626.365951568,\"25\":1147.9138851769,\"26\":1246.6270695381,\"27\":1206.0930937184,\"28\":2163.6491384136,\"29\":1494.786157964,\"30\":1897.1909284576,\"31\":2528.3737751676},\"ret\":{\"0\":-0.0011132157,\"1\":0.0010580196,\"2\":0.0031524023,\"3\":-0.0027897362,\"4\":0.0003091871,\"5\":-0.0006357422,\"6\":0.0000295057,\"7\":0.0003050597,\"8\":0.0008002165,\"9\":0.0006954039,\"10\":-0.0008414474,\"11\":-0.000609282,\"12\":0.0000378193,\"13\":-0.0010559211,\"14\":-0.0021081945,\"15\":0.003363115,\"16\":0.001143926,\"17\":-0.0010216241,\"18\":-0.0029181716,\"19\":0.0030353937,\"20\":-0.0002980666,\"21\":0.0006868801,\"22\":-0.0000294005,\"23\":-0.0002959299,\"24\":-0.0007791082,\"25\":-0.0006764594,\"26\":0.0008691022,\"27\":0.0006233922,\"28\":-0.0000377752,\"29\":0.0010988028,\"30\":0.0022499667,\"31\":-0.0031472394}}", "deviance": 96.08473162179136, "df": 9, "rel_entropy": 0.0011008791432377562, "formula": "count ~ mut * base1 * base2 - mut : base1 : base2", "prob": 9.719117923493287e-17}, "('pos1', 'pos3')": {"stats": "{\"mut\":{\"0\":\"M\",\"1\":\"M\",\"2\":\"M\",\"3\":\"M\",\"4\":\"M\",\"5\":\"M\",\"6\":\"M\",\"7\":\"M\",\"8\":\"M\",\"9\":\"M\",\"10\":\"M\",\"11\":\"M\",\"12\":\"M\",\"13\":\"M\",\"14\":\"M\",\"15\":\"M\",\"16\":\"R\",\"17\":\"R\",\"18\":\"R\",\"19\":\"R\",\"20\":\"R\",\"21\":\"R\",\"22\":\"R\",\"23\":\"R\",\"24\":\"R\",\"25\":\"R\",\"26\":\"R\",\"27\":\"R\",\"28\":\"R\",\"29\":\"R\",\"30\":\"R\",\"31\":\"R\"},\"base1\":{\"0\":\"A\",\"1\":\"A\",\"2\":\"A\",\"3\":\"A\",\"4\":\"C\",\"5\":\"C\",\"6\":\"C\",\"7\":\"C\",\"8\":\"G\",\"9\":\"G\",\"10\":\"G\",\"11\":\"G\",\"12\":\"T\",\"13\":\"T\",\"14\":\"T\",\"15\":\"T\",\"16\":\"A\",\"17\":\"A\",\"18\":\"A\",\"19\":\"A\",\"20\":\"C\",\"21\":\"C\",\"22\":\"C\",\"23\":\"C\",\"24\":\"G\",\"25\":\"G\",\"26\":\"G\",\"27\":\"G\",\"28\":\"T\",\"29\":\"T\",\"30\":\"T\",\"31\":\"T\"},\"base2\":{\"0\":\"A\",\"1\":\"C\",\"2\":\"G\",\"3\":\"T\",\"4\":\"A\",\"5\":\"C\",\"6\":\"G\",\"7\":\"T\",\"8\":\"A\",\"9\":\"C\",\"10\":\"G\",\"11\":\"T\",\"12\":\"A\",\"13\":\"C\",\"14\":\"G\",\"15\":\"T\",\"16\":\"A\",\"17\":\"C\",\"18\":\"G\",\"19\":\"T\",\"20\":\"A\",\"21\":\"C\",\"22\":\"G\",\"23\":\"T\",\"24\":\"A\",\"25\":\"C\",\"26\":\"G\",\"27\":\"T\",\"28\":\"A\",\"29\":\"C\",\"30\":\"G\",\"31\":\"T\"},\"count\":{\"0\":1945,\"1\":1054,\"2\":1118,\"3\":1357,\"4\":1934,\"5\":1600,\"6\":1823,\"7\":1590,\"8\":1506,\"9\":735,\"10\":1021,\"11\":1043,\"12\":1682,\"13\":864,\"14\":1197,\"15\":1351,\"16\":2457,\"17\":1586,\"18\":1547,\"19\":2060,\"20\":203,\"21\":203,\"22\":247,\"23\":206,\"24\":1657,\"25\":982,\"26\":1214,\"27\":1374,\"28\":2422,\"29\":1576,\"30\":1822,\"31\":2264},\"fitted\":{\"0\":1946.6706473086,\"1\":1040.4841371768,\"2\":1119.8919136816,\"3\":1366.953301833,\"4\":1924.2176519504,\"5\":1588.8578062636,\"6\":1846.6291160342,\"7\":1587.2954257518,\"8\":1507.3957303821,\"9\":734.1861605321,\"10\":1015.2539426482,\"11\":1048.1641664377,\"12\":1688.7159703589,\"13\":889.4718960275,\"14\":1177.2250276361,\"15\":1338.5871059775,\"16\":2455.3293526914,\"17\":1599.5158628232,\"18\":1545.1080863184,\"19\":2050.046698167,\"20\":212.78234805,\"21\":214.1421937368,\"22\":223.3708839665,\"23\":208.7045742486,\"24\":1655.604269618,\"25\":982.8138394679,\"26\":1219.7460573519,\"27\":1368.8358335623,\"28\":2415.2840296411,\"29\":1550.5281039725,\"30\":1841.7749723639,\"31\":2276.4128940225},\"ret\":{\"0\":-0.000038266,\"1\":0.0003117156,\"2\":-0.0000433161,\"3\":-0.0002272451,\"4\":0.000224729,\"5\":0.0002562138,\"6\":-0.0005379764,\"7\":0.0000620274,\"8\":-0.000031968,\"9\":0.0000186593,\"10\":0.0001320414,\"11\":-0.0001180436,\"12\":-0.0001535884,\"13\":-0.0005752439,\"14\":0.0004569235,\"15\":0.0002857532,\"16\":0.0000382955,\"17\":-0.0003084005,\"18\":0.0000433793,\"19\":0.0002286303,\"20\":-0.0002189266,\"21\":-0.00024856,\"22\":0.0005691346,\"23\":-0.0000615714,\"24\":0.0000319963,\"25\":-0.0000186412,\"26\":-0.0001313589,\"27\":0.0001185586,\"28\":0.0001541086,\"29\":0.0005884506,\"30\":-0.0004506973,\"31\":-0.0002836615}}", "deviance": 6.384705001465304, "df": 9, "rel_entropy": 7.315198214327799e-05, "formula": "count ~ mut * base1 * base2 - mut : base1 : base2", "prob": 0.70088293602059326},