{"pos2": {"df": 3, "rel_entropy": 0.0013066822516545082, "deviance": 17.26911263786598, "prob": 0.0006221469060842832, "formula": "count ~ mut * base - mut : base", "stats": "{\"mut\":{\"0\":\"M\",\"1\":\"M\",\"2\":\"M\",\"3\":\"M\",\"4\":\"R\",\"5\":\"R\",\"6\":\"R\",\"7\":\"R\"},\"base\":{\"0\":\"A\",\"1\":\"C\",\"2\":\"G\",\"3\":\"T\",\"4\":\"A\",\"5\":\"C\",\"6\":\"G\",\"7\":\"T\"},\"count\":{\"0\":899,\"1\":706,\"2\":736,\"3\":963,\"4\":998,\"5\":612,\"6\":801,\"7\":893},\"fitted\":{\"0\":948.5000000004,\"1\":659.0000000034,\"2\":768.5,\"3\":928.0,\"4\":948.5000000004,\"5\":659.0000000035,\"6\":768.5000000001,\"7\":928.0000000001},\"ret\":{\"0\":-0.0072919614,\"1\":0.0073604029,\"2\":-0.0048127856,\"3\":0.0053952598,\"4\":0.0076830726,\"5\":-0.0068527007,\"6\":0.0050208426,\"7\":-0.005195448}}"}, "pos3": {"df": 3, "rel_entropy": 0.0019958520062946235, "deviance": 26.37718011518974, "prob": 7.951315670587466e-06, "formula": "count ~ mut * base - mut : base", "stats": "{\"mut\":{\"0\":\"M\",\"1\":\"M\",\"2\":\"M\",\"3\":\"M\",\"4\":\"R\",\"5\":\"R\",\"6\":\"R\",\"7\":\"R\"},\"base\":{\"0\":\"A\",\"1\":\"C\",\"2\":\"G\",\"3\":\"T\",\"4\":\"A\",\"5\":\"C\",\"6\":\"G\",\"7\":\"T\"},\"count\":{\"0\":955,\"1\":633,\"2\":639,\"3\":1077,\"4\":984,\"5\":685,\"6\":739,\"7\":896},\"fitted\":{\"0\":969.4999999994,\"1\":658.9999999996,\"2\":689.0000000037,\"3\":986.5000000385,\"4\":969.5000000006,\"5\":659.0000000005,\"6\":689.0000000046,\"7\":986.5000000397},\"ret\":{\"0\":-0.0021778183,\"1\":-0.0038559655,\"2\":-0.0072851431,\"3\":0.0143053489,\"4\":0.002210638,\"5\":0.0040112414,\"6\":0.0078347252,\"7\":-0.0130471746}}"}, "pos1": {"df": 3, "rel_entropy": 0.0054729374125409205, "deviance": 72.3303408441408, "prob": 1.3525422863966323e-15, "formula": "count ~ mut * base - mut : base", "stats": "{\"mut\":{\"0\":\"M\",\"1\":\"M\",\"2\":\"M\",\"3\":\"M\",\"4\":\"R\",\"5\":\"R\",\"6\":\"R\",\"7\":\"R\"},\"base\":{\"0\":\"A\",\"1\":\"C\",\"2\":\"G\",\"3\":\"T\",\"4\":\"A\",\"5\":\"C\",\"6\":\"G\",\"7\":\"T\"},\"count\":{\"0\":1005,\"1\":306,\"2\":988,\"3\":1005,\"4\":1106,\"5\":166,\"6\":848,\"7\":1184},\"fitted\":{\"0\":1055.5,\"1\":236.0,\"2\":918.0,\"3\":1094.5,\"4\":1055.5,\"5\":236.0,\"6\":918.0,\"7\":1094.5},\"ret\":{\"0\":-0.007456444,\"1\":0.0120285274,\"2\":0.01098721,\"3\":-0.0129746742,\"4\":0.0078222243,\"5\":-0.0088386965,\"6\":-0.0101786635,\"7\":0.014083454}}"}, "pos0": {"df": 3, "rel_entropy": 0.004345994769778703, "deviance": 57.43666687739534, "prob": 2.0734518934783272e-12, "formula": "count ~ mut * base - mut : base", "stats": "{\"mut\":{\"0\":\"M\",\"1\":\"M\",\"2\":\"M\",\"3\":\"M\",\"4\":\"R\",\"5\":\"R\",\"6\":\"R\",\"7\":\"R\"},\"base\":{\"0\":\"A\",\"1\":\"C\",\"2\":\"G\",\"3\":\"T\",\"4\":\"A\",\"5\":\"C\",\"6\":\"G\",\"7\":\"T\"},\"count\":{\"0\":970,\"1\":547,\"2\":727,\"3\":1060,\"4\":948,\"5\":724,\"6\":804,\"7\":828},\"fitted\":{\"0\":959.0,\"1\":635.5,\"2\":765.5,\"3\":944.0,\"4\":959.0,\"5\":635.5,\"6\":765.5,\"7\":944.0},\"ret\":{\"0\":0.0016741596,\"1\":-0.0124137286,\"2\":-0.0056772382,\"3\":0.0185913896,\"4\":-0.0016550652,\"5\":0.0142848993,\"6\":0.0059703879,\"7\":-0.0164288096}}"}}