{"('pos1', 'pos2')": {"stats": "{\"mut\":{\"0\":\"M\",\"1\":\"M\",\"2\":\"M\",\"3\":\"M\",\"4\":\"M\",\"5\":\"M\",\"6\":\"M\",\"7\":\"M\",\"8\":\"M\",\"9\":\"M\",\"10\":\"M\",\"11\":\"M\",\"12\":\"M\",\"13\":\"M\",\"14\":\"M\",\"15\":\"M\",\"16\":\"R\",\"17\":\"R\",\"18\":\"R\",\"19\":\"R\",\"20\":\"R\",\"21\":\"R\",\"22\":\"R\",\"23\":\"R\",\"24\":\"R\",\"25\":\"R\",\"26\":\"R\",\"27\":\"R\",\"28\":\"R\",\"29\":\"R\",\"30\":\"R\",\"31\":\"R\"},\"base1\":{\"0\":\"A\",\"1\":\"A\",\"2\":\"A\",\"3\":\"A\",\"4\":\"C\",\"5\":\"C\",\"6\":\"C\",\"7\":\"C\",\"8\":\"G\",\"9\":\"G\",\"10\":\"G\",\"11\":\"G\",\"12\":\"T\",\"13\":\"T\",\"14\":\"T\",\"15\":\"T\",\"16\":\"A\",\"17\":\"A\",\"18\":\"A\",\"19\":\"A\",\"20\":\"C\",\"21\":\"C\",\"22\":\"C\",\"23\":\"C\",\"24\":\"G\",\"25\":\"G\",\"26\":\"G\",\"27\":\"G\",\"28\":\"T\",\"29\":\"T\",\"30\":\"T\",\"31\":\"T\"},\"base2\":{\"0\":\"A\",\"1\":\"C\",\"2\":\"G\",\"3\":\"T\",\"4\":\"A\",\"5\":\"C\",\"6\":\"G\",\"7\":\"T\",\"8\":\"A\",\"9\":\"C\",\"10\":\"G\",\"11\":\"T\",\"12\":\"A\",\"13\":\"C\",\"14\":\"G\",\"15\":\"T\",\"16\":\"A\",\"17\":\"C\",\"18\":\"G\",\"19\":\"T\",\"20\":\"A\",\"21\":\"C\",\"22\":\"G\",\"23\":\"T\",\"24\":\"A\",\"25\":\"C\",\"26\":\"G\",\"27\":\"T\",\"28\":\"A\",\"29\":\"C\",\"30\":\"G\",\"31\":\"T\"},\"count\":{\"0\":426,\"1\":167,\"2\":216,\"3\":196,\"4\":70,\"5\":90,\"6\":77,\"7\":69,\"8\":202,\"9\":220,\"10\":240,\"11\":326,\"12\":201,\"13\":229,\"14\":203,\"15\":372,\"16\":355,\"17\":199,\"18\":277,\"19\":275,\"20\":48,\"21\":40,\"22\":40,\"23\":38,\"24\":251,\"25\":169,\"26\":217,\"27\":211,\"28\":344,\"29\":204,\"30\":267,\"31\":369},\"fitted\":{\"0\":356.5667263402,\"1\":186.8700664995,\"2\":224.9323653119,\"3\":236.6308418484,\"4\":73.7858814065,\"5\":87.6864143687,\"6\":73.1275082837,\"7\":71.4001959411,\"8\":232.5954741678,\"9\":220.6346359791,\"10\":234.5115927194,\"11\":300.2582971337,\"12\":236.0519180855,\"13\":210.8088831527,\"14\":203.428533685,\"15\":354.7106650768,\"16\":424.4332736598,\"17\":179.1299335005,\"18\":268.0676346881,\"19\":234.3691581516,\"20\":44.2141185935,\"21\":42.3135856313,\"22\":43.8724917163,\"23\":35.5998040589,\"24\":220.4045258322,\"25\":168.3653640209,\"26\":222.4884072806,\"27\":236.7417028663,\"28\":308.9480819145,\"29\":222.1911168473,\"30\":266.571466315,\"31\":386.2893349232},\"ret\":{\"0\":0.0114698923,\"1\":-0.0028411161,\"2\":-0.0013245478,\"3\":-0.0055877393,\"4\":-0.0005579678,\"5\":0.0003546977,\"6\":0.0006012807,\"7\":-0.0003570511,\"8\":-0.0043112414,\"9\":-0.0000959023,\"10\":0.0008402143,\"11\":0.0040579445,\"12\":-0.004889546,\"13\":0.002868393,\"14\":-0.0000647824,\"15\":0.0026791783,\"16\":-0.0095968736,\"17\":0.0031679004,\"18\":0.0013740252,\"19\":0.0066533365,\"20\":0.000596781,\"21\":-0.0003403678,\"22\":-0.0005593708,\"23\":0.0003752041,\"24\":0.0049375106,\"25\":0.0000962213,\"26\":-0.0008202404,\"27\":-0.0036756261,\"28\":0.0055946027,\"29\":-0.0026369934,\"30\":0.0000649028,\"31\":-0.0025569789}}", "deviance": 72.89602430756943, "df": 9, "rel_entropy": 0.005515740338042481, "formula": "count ~ mut * base1 * base2 - mut : base1 : base2", "prob": 4.1074782191955379e-12}, "('pos1', 'pos3')": {"stats": "{\"mut\":{\"0\":\"M\",\"1\":\"M\",\"2\":\"M\",\"3\":\"M\",\"4\":\"M\",\"5\":\"M\",\"6\":\"M\",\"7\":\"M\",\"8\":\"M\",\"9\":\"M\",\"10\":\"M\",\"11\":\"M\",\"12\":\"M\",\"13\":\"M\",\"14\":\"M\",\"15\":\"M\",\"16\":\"R\",\"17\":\"R\",\"18\":\"R\",\"19\":\"R\",\"20\":\"R\",\"21\":\"R\",\"22\":\"R\",\"23\":\"R\",\"24\":\"R\",\"25\":\"R\",\"26\":\"R\",\"27\":\"R\",\"28\":\"R\",\"29\":\"R\",\"30\":\"R\",\"31\":\"R\"},\"base1\":{\"0\":\"A\",\"1\":\"A\",\"2\":\"A\",\"3\":\"A\",\"4\":\"C\",\"5\":\"C\",\"6\":\"C\",\"7\":\"C\",\"8\":\"G\",\"9\":\"G\",\"10\":\"G\",\"11\":\"G\",\"12\":\"T\",\"13\":\"T\",\"14\":\"T\",\"15\":\"T\",\"16\":\"A\",\"17\":\"A\",\"18\":\"A\",\"19\":\"A\",\"20\":\"C\",\"21\":\"C\",\"22\":\"C\",\"23\":\"C\",\"24\":\"G\",\"25\":\"G\",\"26\":\"G\",\"27\":\"G\",\"28\":\"T\",\"29\":\"T\",\"30\":\"T\",\"31\":\"T\"},\"base2\":{\"0\":\"A\",\"1\":\"C\",\"2\":\"G\",\"3\":\"T\",\"4\":\"A\",\"5\":\"C\",\"6\":\"G\",\"7\":\"T\",\"8\":\"A\",\"9\":\"C\",\"10\":\"G\",\"11\":\"T\",\"12\":\"A\",\"13\":\"C\",\"14\":\"G\",\"15\":\"T\",\"16\":\"A\",\"17\":\"C\",\"18\":\"G\",\"19\":\"T\",\"20\":\"A\",\"21\":\"C\",\"22\":\"G\",\"23\":\"T\",\"24\":\"A\",\"25\":\"C\",\"26\":\"G\",\"27\":\"T\",\"28\":\"A\",\"29\":\"C\",\"30\":\"G\",\"31\":\"T\"},\"count\":{\"0\":366,\"1\":179,\"2\":152,\"3\":308,\"4\":72,\"5\":85,\"6\":75,\"7\":74,\"8\":255,\"9\":169,\"10\":220,\"11\":344,\"12\":262,\"13\":200,\"14\":192,\"15\":351,\"16\":357,\"17\":238,\"18\":244,\"19\":267,\"20\":33,\"21\":44,\"22\":48,\"23\":41,\"24\":245,\"25\":159,\"26\":206,\"27\":238,\"28\":349,\"29\":244,\"30\":241,\"31\":350},\"fitted\":{\"0\":341.9887013687,\"1\":189.2145170182,\"2\":172.0807732683,\"3\":301.7160083447,\"4\":68.406461045,\"5\":81.7473296524,\"6\":75.7016778812,\"7\":80.1445314214,\"8\":267.207770355,\"9\":168.9519973309,\"10\":211.1480224759,\"11\":340.6922098383,\"12\":277.3970672313,\"13\":193.0861559985,\"14\":180.0695263746,\"15\":354.4472503956,\"16\":381.0112986313,\"17\":227.7854829818,\"18\":223.9192267317,\"19\":273.2839916553,\"20\":36.593538955,\"21\":47.2526703476,\"22\":47.2983221188,\"23\":34.8554685786,\"24\":232.792229645,\"25\":159.0480026691,\"26\":214.8519775241,\"27\":241.3077901617,\"28\":333.6029327687,\"29\":250.9138440015,\"30\":252.9304736254,\"31\":346.5527496044},\"ret\":{\"0\":0.0037583478,\"1\":-0.0015032851,\"2\":-0.00285422,\"3\":0.0009608024,\"4\":0.0005578566,\"5\":0.0005018976,\"6\":-0.0001056925,\"7\":-0.0008932695,\"8\":-0.001804564,\"9\":0.0000072654,\"10\":0.0013672804,\"11\":0.0005029958,\"12\":-0.0022641681,\"13\":0.0010647964,\"14\":0.0018639905,\"15\":-0.0005191332,\"16\":-0.0035166903,\"17\":0.0015799322,\"18\":0.0031712184,\"19\":-0.000939949,\"20\":-0.000516195,\"21\":-0.0004748879,\"22\":0.0001069699,\"23\":0.0010073915,\"24\":0.0018950377,\"25\":-0.0000072632,\"26\":-0.0013116023,\"27\":-0.0004971269,\"28\":0.0023830267,\"29\":-0.0010317346,\"30\":-0.0017621925,\"31\":0.0005242644}}", "deviance": 16.534526538973623, "df": 9, "rel_entropy": 0.0012510991630579314, "formula": "count ~ mut * base1 * base2 - mut : base1 : base2", "prob": 0.056524196631996593},