{"pos1": {"prob": 1.240045634036589e-49, "df": 3, "rel_entropy": 3.080944257483885e-05, "stats": "{\"group\":{\"8\":\"1\",\"9\":\"1\",\"10\":\"1\",\"11\":\"1\",\"12\":\"1\",\"13\":\"1\",\"14\":\"1\",\"15\":\"1\",\"0\":\"2\",\"1\":\"2\",\"2\":\"2\",\"3\":\"2\",\"4\":\"2\",\"5\":\"2\",\"6\":\"2\",\"7\":\"2\"},\"mut\":{\"8\":\"M\",\"9\":\"M\",\"10\":\"M\",\"11\":\"M\",\"12\":\"R\",\"13\":\"R\",\"14\":\"R\",\"15\":\"R\",\"0\":\"M\",\"1\":\"M\",\"2\":\"M\",\"3\":\"M\",\"4\":\"R\",\"5\":\"R\",\"6\":\"R\",\"7\":\"R\"},\"base\":{\"8\":\"A\",\"9\":\"C\",\"10\":\"G\",\"11\":\"T\",\"12\":\"A\",\"13\":\"C\",\"14\":\"G\",\"15\":\"T\",\"0\":\"A\",\"1\":\"C\",\"2\":\"G\",\"3\":\"T\",\"4\":\"A\",\"5\":\"C\",\"6\":\"G\",\"7\":\"T\"},\"count\":{\"8\":218788,\"9\":226112,\"10\":100817,\"11\":214600,\"12\":251749,\"13\":182552,\"14\":149201,\"15\":176815,\"0\":318688,\"1\":335235,\"2\":143675,\"3\":310174,\"4\":356895,\"5\":275720,\"6\":225645,\"7\":249512},\"fitted\":{\"8\":220661.5319876004,\"9\":224989.9880765499,\"10\":98698.9785863442,\"11\":215966.5013495052,\"12\":249875.4680123992,\"13\":183674.0119234494,\"14\":151319.0214136559,\"15\":175448.4986504951,\"0\":316814.468012404,\"1\":336357.0119234498,\"2\":145793.0214136559,\"3\":308807.4986504953,\"4\":358768.5319876004,\"5\":274597.9880765499,\"6\":223526.9785863445,\"7\":250878.5013495055},\"ret\":{\"8\":-0.000499322,\"9\":0.0003010577,\"10\":0.0005729348,\"11\":-0.0003645889,\"12\":0.0005033321,\"13\":-0.000299391,\"14\":-0.0005629091,\"15\":0.0003671691,\"0\":0.0005029366,\"1\":-0.0002998086,\"2\":-0.0005627573,\"3\":0.0003665565,\"4\":-0.0005001452,\"5\":0.0003009228,\"6\":0.0005695726,\"7\":-0.0003647506}}", "formula": "count ~ group * mut * base - group : mut : base", "deviance": 230.21912308075252}, "pos3": {"prob": 6.731750762860482e-07, "df": 3, "rel_entropy": 4.213004825766163e-06, "stats": "{\"group\":{\"8\":\"1\",\"9\":\"1\",\"10\":\"1\",\"11\":\"1\",\"12\":\"1\",\"13\":\"1\",\"14\":\"1\",\"15\":\"1\",\"0\":\"2\",\"1\":\"2\",\"2\":\"2\",\"3\":\"2\",\"4\":\"2\",\"5\":\"2\",\"6\":\"2\",\"7\":\"2\"},\"mut\":{\"8\":\"M\",\"9\":\"M\",\"10\":\"M\",\"11\":\"M\",\"12\":\"R\",\"13\":\"R\",\"14\":\"R\",\"15\":\"R\",\"0\":\"M\",\"1\":\"M\",\"2\":\"M\",\"3\":\"M\",\"4\":\"R\",\"5\":\"R\",\"6\":\"R\",\"7\":\"R\"},\"base\":{\"8\":\"A\",\"9\":\"C\",\"10\":\"G\",\"11\":\"T\",\"12\":\"A\",\"13\":\"C\",\"14\":\"G\",\"15\":\"T\",\"0\":\"A\",\"1\":\"C\",\"2\":\"G\",\"3\":\"T\",\"4\":\"A\",\"5\":\"C\",\"6\":\"G\",\"7\":\"T\"},\"count\":{\"8\":275461,\"9\":119421,\"10\":159027,\"11\":206408,\"12\":261982,\"13\":133488,\"14\":147777,\"15\":217070,\"0\":392282,\"1\":177171,\"2\":241838,\"3\":296481,\"4\":369736,\"5\":203046,\"6\":223456,\"7\":311534},\"fitted\":{\"8\":276142.9894666282,\"9\":118463.2815608076,\"10\":159272.763885993,\"11\":206437.9650865734,\"12\":261300.0105333728,\"13\":134445.7184391931,\"14\":147531.236114008,\"15\":217040.0349134283,\"0\":391600.0105333714,\"1\":178128.7184391933,\"2\":241592.2361140079,\"3\":296451.034913428,\"4\":370417.9894666295,\"5\":202088.281560808,\"6\":223701.7638859936,\"7\":311563.9650865745},\"ret\":{\"8\":-0.0001823111,\"9\":0.0002573698,\"10\":-0.0000657287,\"11\":-0.0000080197,\"12\":0.0001827747,\"13\":-0.0002554212,\"14\":0.0000658342,\"15\":0.0000080208,\"0\":0.0001826955,\"1\":-0.0002556461,\"2\":0.0000658129,\"3\":0.0000080207,\"4\":-0.0001823685,\"5\":0.0002569429,\"6\":-0.0000657433,\"7\":-0.0000080199}}", "formula": "count ~ group * mut * base - group : mut : base", "deviance": 31.481071887842738}, "pos0": {"prob": 1.787952702747643e-35, "df": 3, "rel_entropy": 2.20390050118341e-05, "stats": "{\"group\":{\"8\":\"1\",\"9\":\"1\",\"10\":\"1\",\"11\":\"1\",\"12\":\"1\",\"13\":\"1\",\"14\":\"1\",\"15\":\"1\",\"0\":\"2\",\"1\":\"2\",\"2\":\"2\",\"3\":\"2\",\"4\":\"2\",\"5\":\"2\",\"6\":\"2\",\"7\":\"2\"},\"mut\":{\"8\":\"M\",\"9\":\"M\",\"10\":\"M\",\"11\":\"M\",\"12\":\"R\",\"13\":\"R\",\"14\":\"R\",\"15\":\"R\",\"0\":\"M\",\"1\":\"M\",\"2\":\"M\",\"3\":\"M\",\"4\":\"R\",\"5\":\"R\",\"6\":\"R\",\"7\":\"R\"},\"base\":{\"8\":\"A\",\"9\":\"C\",\"10\":\"G\",\"11\":\"T\",\"12\":\"A\",\"13\":\"C\",\"14\":\"G\",\"15\":\"T\",\"0\":\"A\",\"1\":\"C\",\"2\":\"G\",\"3\":\"T\",\"4\":\"A\",\"5\":\"C\",\"6\":\"G\",\"7\":\"T\"},\"count\":{\"8\":244880,\"9\":211075,\"10\":139217,\"11\":165145,\"12\":262392,\"13\":130967,\"14\":152778,\"15\":214180,\"0\":343957,\"1\":328115,\"2\":205705,\"3\":229995,\"4\":370266,\"5\":195997,\"6\":232566,\"7\":308943},\"fitted\":{\"8\":245110.3326128903,\"9\":213301.3087906743,\"10\":138254.4191210174,\"11\":163650.9394754169,\"12\":262161.6673871092,\"13\":128740.691209325,\"14\":153740.5808789821,\"15\":215674.0605245834,\"0\":343726.6673871105,\"1\":325888.6912093242,\"2\":206667.5808789818,\"3\":231489.0605245834,\"4\":370496.3326128903,\"5\":198223.3087906748,\"6\":231603.4191210176,\"7\":307448.939475417},\"ret\":{\"8\":-0.0000616203,\"9\":-0.0005927581,\"10\":0.0002585327,\"11\":0.00040171,\"12\":0.0000616763,\"13\":0.0006010015,\"14\":-0.0002568296,\"15\":-0.0003985018,\"0\":0.0000616699,\"1\":0.0005979094,\"2\":-0.0002570369,\"3\":-0.0003985968,\"4\":-0.0000616301,\"5\":-0.0005925198,\"6\":0.0002581725,\"7\":0.0004008602}}", "formula": "count ~ group * mut * base - group : mut : base", "deviance": 164.6832913342086}, "pos2": {"prob": 3.4937171165574524e-68, "df": 3, "rel_entropy": 4.228384904630558e-05, "stats": "{\"group\":{\"8\":\"1\",\"9\":\"1\",\"10\":\"1\",\"11\":\"1\",\"12\":\"1\",\"13\":\"1\",\"14\":\"1\",\"15\":\"1\",\"0\":\"2\",\"1\":\"2\",\"2\":\"2\",\"3\":\"2\",\"4\":\"2\",\"5\":\"2\",\"6\":\"2\",\"7\":\"2\"},\"mut\":{\"8\":\"M\",\"9\":\"M\",\"10\":\"M\",\"11\":\"M\",\"12\":\"R\",\"13\":\"R\",\"14\":\"R\",\"15\":\"R\",\"0\":\"M\",\"1\":\"M\",\"2\":\"M\",\"3\":\"M\",\"4\":\"R\",\"5\":\"R\",\"6\":\"R\",\"7\":\"R\"},\"base\":{\"8\":\"A\",\"9\":\"C\",\"10\":\"G\",\"11\":\"T\",\"12\":\"A\",\"13\":\"C\",\"14\":\"G\",\"15\":\"T\",\"0\":\"A\",\"1\":\"C\",\"2\":\"G\",\"3\":\"T\",\"4\":\"A\",\"5\":\"C\",\"6\":\"G\",\"7\":\"T\"},\"count\":{\"8\":158330,\"9\":126662,\"10\":137275,\"11\":338050,\"12\":252589,\"13\":126200,\"14\":173148,\"15\":208380,\"0\":225958,\"1\":180819,\"2\":208048,\"3\":492947,\"4\":357989,\"5\":191761,\"6\":267455,\"7\":290567},\"fitted\":{\"8\":158582.0864795198,\"9\":124217.6512842912,\"10\":136278.2210787427,\"11\":341239.0411574452,\"12\":252336.9135204804,\"13\":128644.3487157084,\"14\":174144.778921257,\"15\":205190.9588425543,\"0\":225705.9135204774,\"1\":183263.3487157088,\"2\":209044.7789212566,\"3\":489757.958842555,\"4\":358241.0864795203,\"5\":189316.6512842912,\"6\":266458.2210787429,\"7\":293756.0411574457},\"ret\":{\"8\":-0.0000674181,\"9\":0.000660633,\"10\":0.0002677644,\"11\":-0.0008495561,\"12\":0.0000675054,\"13\":-0.0006479825,\"14\":-0.0002660261,\"15\":0.0008601559,\"0\":0.0000675094,\"1\":-0.0006498551,\"2\":-0.000266154,\"3\":0.00085633,\"4\":-0.000067448,\"5\":0.0006584433,\"6\":0.0002672895,\"7\":-0.0008489071}}", "formula": "count ~ group * mut * base - group : mut : base", "deviance": 315.9599731242558}}