{"pos2": {"stats": "{\"group\":{\"0\":\"1\",\"1\":\"1\",\"2\":\"1\",\"3\":\"1\",\"4\":\"1\",\"5\":\"1\",\"6\":\"1\",\"7\":\"1\",\"8\":\"2\",\"9\":\"2\",\"10\":\"2\",\"11\":\"2\",\"12\":\"2\",\"13\":\"2\",\"14\":\"2\",\"15\":\"2\"},\"mut\":{\"0\":\"M\",\"1\":\"M\",\"2\":\"M\",\"3\":\"M\",\"4\":\"R\",\"5\":\"R\",\"6\":\"R\",\"7\":\"R\",\"8\":\"M\",\"9\":\"M\",\"10\":\"M\",\"11\":\"M\",\"12\":\"R\",\"13\":\"R\",\"14\":\"R\",\"15\":\"R\"},\"base\":{\"0\":\"A\",\"1\":\"C\",\"2\":\"G\",\"3\":\"T\",\"4\":\"A\",\"5\":\"C\",\"6\":\"G\",\"7\":\"T\",\"8\":\"A\",\"9\":\"C\",\"10\":\"G\",\"11\":\"T\",\"12\":\"A\",\"13\":\"C\",\"14\":\"G\",\"15\":\"T\"},\"count\":{\"0\":158330,\"1\":126662,\"2\":137275,\"3\":338050,\"4\":252589,\"5\":126200,\"6\":173148,\"7\":208380,\"8\":225958,\"9\":180819,\"10\":208048,\"11\":492947,\"12\":357989,\"13\":191761,\"14\":267455,\"15\":290567},\"fitted\":{\"0\":158582.0864795192,\"1\":124217.6512842915,\"2\":136278.2210787429,\"3\":341239.0411574458,\"4\":252336.9135204795,\"5\":128644.3487157091,\"6\":174144.7789212579,\"7\":205190.9588425554,\"8\":225705.9135204794,\"9\":183263.3487157094,\"10\":209044.7789212577,\"11\":489757.9588425559,\"12\":358241.0864795209,\"13\":189316.6512842912,\"14\":266458.2210787439,\"15\":293756.0411574452},\"ret\":{\"0\":-0.0000674181,\"1\":0.000660633,\"2\":0.0002677644,\"3\":-0.0008495561,\"4\":0.0000675054,\"5\":-0.0006479825,\"6\":-0.0002660261,\"7\":0.0008601559,\"8\":0.0000675094,\"9\":-0.0006498551,\"10\":-0.000266154,\"11\":0.00085633,\"12\":-0.000067448,\"13\":0.0006584433,\"14\":0.0002672895,\"15\":-0.0008489071}}", "deviance": 315.9599731244693, "df": 3, "rel_entropy": 4.2283849046334156e-05, "formula": "count ~ group * mut * base - group : mut : base", "prob": 3.493717116185697e-68}, "pos3": {"stats": "{\"group\":{\"0\":\"1\",\"1\":\"1\",\"2\":\"1\",\"3\":\"1\",\"4\":\"1\",\"5\":\"1\",\"6\":\"1\",\"7\":\"1\",\"8\":\"2\",\"9\":\"2\",\"10\":\"2\",\"11\":\"2\",\"12\":\"2\",\"13\":\"2\",\"14\":\"2\",\"15\":\"2\"},\"mut\":{\"0\":\"M\",\"1\":\"M\",\"2\":\"M\",\"3\":\"M\",\"4\":\"R\",\"5\":\"R\",\"6\":\"R\",\"7\":\"R\",\"8\":\"M\",\"9\":\"M\",\"10\":\"M\",\"11\":\"M\",\"12\":\"R\",\"13\":\"R\",\"14\":\"R\",\"15\":\"R\"},\"base\":{\"0\":\"A\",\"1\":\"C\",\"2\":\"G\",\"3\":\"T\",\"4\":\"A\",\"5\":\"C\",\"6\":\"G\",\"7\":\"T\",\"8\":\"A\",\"9\":\"C\",\"10\":\"G\",\"11\":\"T\",\"12\":\"A\",\"13\":\"C\",\"14\":\"G\",\"15\":\"T\"},\"count\":{\"0\":275461,\"1\":119421,\"2\":159027,\"3\":206408,\"4\":261982,\"5\":133488,\"6\":147777,\"7\":217070,\"8\":392282,\"9\":177171,\"10\":241838,\"11\":296481,\"12\":369736,\"13\":203046,\"14\":223456,\"15\":311534},\"fitted\":{\"0\":276142.9894666282,\"1\":118463.281560807,\"2\":159272.7638859924,\"3\":206437.9650865723,\"4\":261300.0105333719,\"5\":134445.7184391926,\"6\":147531.2361140072,\"7\":217040.0349134272,\"8\":391600.0105333721,\"9\":178128.718439193,\"10\":241592.2361140079,\"11\":296451.0349134274,\"12\":370417.9894666275,\"13\":202088.2815608073,\"14\":223701.7638859924,\"15\":311563.9650865728},\"ret\":{\"0\":-0.0001823111,\"1\":0.0002573698,\"2\":-0.0000657287,\"3\":-0.0000080197,\"4\":0.0001827747,\"5\":-0.0002554212,\"6\":0.0000658342,\"7\":0.0000080208,\"8\":0.0001826955,\"9\":-0.0002556461,\"10\":0.0000658129,\"11\":0.0000080207,\"12\":-0.0001823685,\"13\":0.0002569429,\"14\":-0.0000657433,\"15\":-0.0000080199}}", "deviance": 31.48107188786799, "df": 3, "rel_entropy": 4.2130048257695415e-06, "formula": "count ~ group * mut * base - group : mut : base", "prob": 6.7317507627780211e-07}, "pos0": {"stats": "{\"group\":{\"0\":\"1\",\"1\":\"1\",\"2\":\"1\",\"3\":\"1\",\"4\":\"1\",\"5\":\"1\",\"6\":\"1\",\"7\":\"1\",\"8\":\"2\",\"9\":\"2\",\"10\":\"2\",\"11\":\"2\",\"12\":\"2\",\"13\":\"2\",\"14\":\"2\",\"15\":\"2\"},\"mut\":{\"0\":\"M\",\"1\":\"M\",\"2\":\"M\",\"3\":\"M\",\"4\":\"R\",\"5\":\"R\",\"6\":\"R\",\"7\":\"R\",\"8\":\"M\",\"9\":\"M\",\"10\":\"M\",\"11\":\"M\",\"12\":\"R\",\"13\":\"R\",\"14\":\"R\",\"15\":\"R\"},\"base\":{\"0\":\"A\",\"1\":\"C\",\"2\":\"G\",\"3\":\"T\",\"4\":\"A\",\"5\":\"C\",\"6\":\"G\",\"7\":\"T\",\"8\":\"A\",\"9\":\"C\",\"10\":\"G\",\"11\":\"T\",\"12\":\"A\",\"13\":\"C\",\"14\":\"G\",\"15\":\"T\"},\"count\":{\"0\":244880,\"1\":211075,\"2\":139217,\"3\":165145,\"4\":262392,\"5\":130967,\"6\":152778,\"7\":214180,\"8\":343957,\"9\":328115,\"10\":205705,\"11\":229995,\"12\":370266,\"13\":195997,\"14\":232566,\"15\":308943},\"fitted\":{\"0\":245110.3326128903,\"1\":213301.3087906754,\"2\":138254.4191210181,\"3\":163650.9394754172,\"4\":262161.6673871101,\"5\":128740.691209325,\"6\":153740.5808789823,\"7\":215674.0605245834,\"8\":343726.6673871093,\"9\":325888.6912093254,\"10\":206667.5808789822,\"11\":231489.0605245834,\"12\":370496.3326128909,\"13\":198223.3087906748,\"14\":231603.4191210176,\"15\":307448.939475417},\"ret\":{\"0\":-0.0000616203,\"1\":-0.0005927581,\"2\":0.0002585327,\"3\":0.00040171,\"4\":0.0000616763,\"5\":0.0006010015,\"6\":-0.0002568296,\"7\":-0.0003985018,\"8\":0.0000616699,\"9\":0.0005979094,\"10\":-0.0002570369,\"11\":-0.0003985968,\"12\":-0.0000616301,\"13\":-0.0005925198,\"14\":0.0002581725,\"15\":0.0004008602}}", "deviance": 164.68329133430365, "df": 3, "rel_entropy": 2.203900501184682e-05, "formula": "count ~ group * mut * base - group : mut : base", "prob": 1.7879527026631892e-35}, "pos1": {"stats": "{\"group\":{\"0\":\"1\",\"1\":\"1\",\"2\":\"1\",\"3\":\"1\",\"4\":\"1\",\"5\":\"1\",\"6\":\"1\",\"7\":\"1\",\"8\":\"2\",\"9\":\"2\",\"10\":\"2\",\"11\":\"2\",\"12\":\"2\",\"13\":\"2\",\"14\":\"2\",\"15\":\"2\"},\"mut\":{\"0\":\"M\",\"1\":\"M\",\"2\":\"M\",\"3\":\"M\",\"4\":\"R\",\"5\":\"R\",\"6\":\"R\",\"7\":\"R\",\"8\":\"M\",\"9\":\"M\",\"10\":\"M\",\"11\":\"M\",\"12\":\"R\",\"13\":\"R\",\"14\":\"R\",\"15\":\"R\"},\"base\":{\"0\":\"A\",\"1\":\"C\",\"2\":\"G\",\"3\":\"T\",\"4\":\"A\",\"5\":\"C\",\"6\":\"G\",\"7\":\"T\",\"8\":\"A\",\"9\":\"C\",\"10\":\"G\",\"11\":\"T\",\"12\":\"A\",\"13\":\"C\",\"14\":\"G\",\"15\":\"T\"},\"count\":{\"0\":218788,\"1\":226112,\"2\":100817,\"3\":214600,\"4\":251749,\"5\":182552,\"6\":149201,\"7\":176815,\"8\":318688,\"9\":335235,\"10\":143675,\"11\":310174,\"12\":356895,\"13\":275720,\"14\":225645,\"15\":249512},\"fitted\":{\"0\":220661.531987602,\"1\":224989.9880765511,\"2\":98698.9785863444,\"3\":215966.5013495056,\"4\":249875.4680124009,\"5\":183674.0119234494,\"6\":151319.0214136554,\"7\":175448.4986504945,\"8\":316814.4680124006,\"9\":336357.0119234498,\"10\":145793.0214136556,\"11\":308807.4986504947,\"12\":358768.5319875992,\"13\":274597.9880765504,\"14\":223526.9785863445,\"15\":250878.5013495055},\"ret\":{\"0\":-0.000499322,\"1\":0.0003010577,\"2\":0.0005729348,\"3\":-0.0003645889,\"4\":0.0005033321,\"5\":-0.000299391,\"6\":-0.0005629091,\"7\":0.0003671691,\"8\":0.0005029366,\"9\":-0.0002998086,\"10\":-0.0005627573,\"11\":0.0003665565,\"12\":-0.0005001452,\"13\":0.0003009228,\"14\":0.0005695726,\"15\":-0.0003647506}}", "deviance": 230.21912308073706, "df": 3, "rel_entropy": 3.080944257483678e-05, "formula": "count ~ group * mut * base - group : mut : base", "prob": 1.2400456340461177e-49}}