{"pos2": {"prob": 0.5692112743151176, "stats": "{\"strand\":{\"8\":\"+\",\"9\":\"+\",\"10\":\"+\",\"11\":\"+\",\"12\":\"+\",\"13\":\"+\",\"14\":\"+\",\"15\":\"+\",\"0\":\"-\",\"1\":\"-\",\"2\":\"-\",\"3\":\"-\",\"4\":\"-\",\"5\":\"-\",\"6\":\"-\",\"7\":\"-\"},\"mut\":{\"8\":\"M\",\"9\":\"M\",\"10\":\"M\",\"11\":\"M\",\"12\":\"R\",\"13\":\"R\",\"14\":\"R\",\"15\":\"R\",\"0\":\"M\",\"1\":\"M\",\"2\":\"M\",\"3\":\"M\",\"4\":\"R\",\"5\":\"R\",\"6\":\"R\",\"7\":\"R\"},\"base\":{\"8\":\"A\",\"9\":\"C\",\"10\":\"G\",\"11\":\"T\",\"12\":\"A\",\"13\":\"C\",\"14\":\"G\",\"15\":\"T\",\"0\":\"A\",\"1\":\"C\",\"2\":\"G\",\"3\":\"T\",\"4\":\"A\",\"5\":\"C\",\"6\":\"G\",\"7\":\"T\"},\"count\":{\"8\":225958,\"9\":180819,\"10\":208048,\"11\":492947,\"12\":357989,\"13\":191761,\"14\":267455,\"15\":290567,\"0\":225739,\"1\":179968,\"2\":206852,\"3\":488115,\"4\":356235,\"5\":190304,\"6\":265635,\"7\":288500},\"fitted\":{\"8\":226172.5059995003,\"9\":180914.9562577824,\"10\":208060.9385824192,\"11\":492623.5991603013,\"12\":357774.4940005015,\"13\":191665.0437422185,\"14\":267442.0614175833,\"15\":290890.4008397009,\"0\":225524.4940005046,\"1\":179872.0437422188,\"2\":206839.061417583,\"3\":488438.4008397021,\"4\":356449.505999501,\"5\":190399.9562577821,\"6\":265647.9385824192,\"7\":288176.5991603011},\"ret\":{\"8\":-0.0000485419,\"9\":-0.0000217191,\"10\":-0.0000029292,\"11\":0.0000732431,\"12\":0.0000485795,\"13\":0.0000217303,\"14\":0.0000029294,\"15\":-0.0000731784,\"0\":0.000048588,\"1\":0.0000217306,\"2\":0.0000029294,\"3\":-0.0000731949,\"4\":-0.0000485503,\"5\":-0.0000217194,\"6\":-0.0000029293,\"7\":0.0000732602}}", "deviance": 2.015425456304758, "formula": "count ~ strand * mut * base - strand : mut : base", "rel_entropy": 2.2814973247079144e-07, "df": 3}, "pos0": {"prob": 0.047842673616729454, "stats": "{\"strand\":{\"8\":\"+\",\"9\":\"+\",\"10\":\"+\",\"11\":\"+\",\"12\":\"+\",\"13\":\"+\",\"14\":\"+\",\"15\":\"+\",\"0\":\"-\",\"1\":\"-\",\"2\":\"-\",\"3\":\"-\",\"4\":\"-\",\"5\":\"-\",\"6\":\"-\",\"7\":\"-\"},\"mut\":{\"8\":\"M\",\"9\":\"M\",\"10\":\"M\",\"11\":\"M\",\"12\":\"R\",\"13\":\"R\",\"14\":\"R\",\"15\":\"R\",\"0\":\"M\",\"1\":\"M\",\"2\":\"M\",\"3\":\"M\",\"4\":\"R\",\"5\":\"R\",\"6\":\"R\",\"7\":\"R\"},\"base\":{\"8\":\"A\",\"9\":\"C\",\"10\":\"G\",\"11\":\"T\",\"12\":\"A\",\"13\":\"C\",\"14\":\"G\",\"15\":\"T\",\"0\":\"A\",\"1\":\"C\",\"2\":\"G\",\"3\":\"T\",\"4\":\"A\",\"5\":\"C\",\"6\":\"G\",\"7\":\"T\"},\"count\":{\"8\":343957,\"9\":328115,\"10\":205705,\"11\":229995,\"12\":370266,\"13\":195997,\"14\":232566,\"15\":308943,\"0\":343322,\"1\":324408,\"2\":204585,\"3\":228359,\"4\":368454,\"5\":195597,\"6\":229986,\"7\":306637},\"fitted\":{\"8\":344217.7006474325,\"9\":327536.9471499625,\"10\":206007.6035779484,\"11\":230009.7486246613,\"12\":370005.29935257,\"13\":196575.0528500402,\"14\":232263.396422054,\"15\":308928.2513753411,\"0\":343061.2993525694,\"1\":324986.0528500404,\"2\":204282.3964220537,\"3\":228344.2513753409,\"4\":368714.7006474333,\"5\":195018.9471499613,\"6\":230288.6035779485,\"7\":306651.7486246621},\"ret\":{\"8\":-0.0000590012,\"9\":0.0001309886,\"10\":-0.0000684602,\"11\":-0.000003339,\"12\":0.0000590443,\"13\":-0.0001306806,\"14\":0.0000685551,\"15\":0.0000033392,\"0\":0.000059046,\"1\":-0.0001307568,\"2\":0.0000685612,\"3\":0.0000033392,\"4\":-0.0000590027,\"5\":0.000131067,\"6\":-0.0000684655,\"7\":-0.0000033391}}", "deviance": 7.913079118233082, "formula": "count ~ strand * mut * base - strand : mut : base", "rel_entropy": 8.957745761310308e-07, "df": 3}, "pos1": {"prob": 0.48414997925205716, "stats": "{\"strand\":{\"8\":\"+\",\"9\":\"+\",\"10\":\"+\",\"11\":\"+\",\"12\":\"+\",\"13\":\"+\",\"14\":\"+\",\"15\":\"+\",\"0\":\"-\",\"1\":\"-\",\"2\":\"-\",\"3\":\"-\",\"4\":\"-\",\"5\":\"-\",\"6\":\"-\",\"7\":\"-\"},\"mut\":{\"8\":\"M\",\"9\":\"M\",\"10\":\"M\",\"11\":\"M\",\"12\":\"R\",\"13\":\"R\",\"14\":\"R\",\"15\":\"R\",\"0\":\"M\",\"1\":\"M\",\"2\":\"M\",\"3\":\"M\",\"4\":\"R\",\"5\":\"R\",\"6\":\"R\",\"7\":\"R\"},\"base\":{\"8\":\"A\",\"9\":\"C\",\"10\":\"G\",\"11\":\"T\",\"12\":\"A\",\"13\":\"C\",\"14\":\"G\",\"15\":\"T\",\"0\":\"A\",\"1\":\"C\",\"2\":\"G\",\"3\":\"T\",\"4\":\"A\",\"5\":\"C\",\"6\":\"G\",\"7\":\"T\"},\"count\":{\"8\":318688,\"9\":335235,\"10\":143675,\"11\":310174,\"12\":356895,\"13\":275720,\"14\":225645,\"15\":249512,\"0\":316687,\"1\":333827,\"2\":143102,\"3\":307058,\"4\":355308,\"5\":274289,\"6\":223398,\"7\":247679},\"fitted\":{\"8\":318534.6023562298,\"9\":335311.1798412229,\"10\":143938.6778631126,\"11\":309987.5399394377,\"12\":357048.3976437722,\"13\":275643.8201587785,\"14\":225381.3221368885,\"15\":249698.4600605638,\"0\":316840.3976437749,\"1\":333750.8201587791,\"2\":142838.3221368883,\"3\":307244.460060564,\"4\":355154.6023562292,\"5\":274365.1798412237,\"6\":223661.6778631131,\"7\":247492.5399394382},\"ret\":{\"8\":0.0000347381,\"9\":-0.0000172454,\"10\":-0.0000596429,\"11\":0.0000422279,\"12\":-0.0000347223,\"13\":0.0000172498,\"14\":0.0000597325,\"15\":-0.0000421995,\"0\":-0.0000347214,\"1\":0.0000172494,\"2\":0.0000597527,\"3\":-0.0000422024,\"4\":0.0000347373,\"5\":-0.000017245,\"6\":-0.0000596624,\"7\":0.0000422311}}", "deviance": 2.451336034099569, "formula": "count ~ strand * mut * base - strand : mut : base", "rel_entropy": 2.7749558219892733e-07, "df": 3}, "pos3": {"prob": 0.5857992021227791, "stats": "{\"strand\":{\"8\":\"+\",\"9\":\"+\",\"10\":\"+\",\"11\":\"+\",\"12\":\"+\",\"13\":\"+\",\"14\":\"+\",\"15\":\"+\",\"0\":\"-\",\"1\":\"-\",\"2\":\"-\",\"3\":\"-\",\"4\":\"-\",\"5\":\"-\",\"6\":\"-\",\"7\":\"-\"},\"mut\":{\"8\":\"M\",\"9\":\"M\",\"10\":\"M\",\"11\":\"M\",\"12\":\"R\",\"13\":\"R\",\"14\":\"R\",\"15\":\"R\",\"0\":\"M\",\"1\":\"M\",\"2\":\"M\",\"3\":\"M\",\"4\":\"R\",\"5\":\"R\",\"6\":\"R\",\"7\":\"R\"},\"base\":{\"8\":\"A\",\"9\":\"C\",\"10\":\"G\",\"11\":\"T\",\"12\":\"A\",\"13\":\"C\",\"14\":\"G\",\"15\":\"T\",\"0\":\"A\",\"1\":\"C\",\"2\":\"G\",\"3\":\"T\",\"4\":\"A\",\"5\":\"C\",\"6\":\"G\",\"7\":\"T\"},\"count\":{\"8\":392282,\"9\":177171,\"10\":241838,\"11\":296481,\"12\":369736,\"13\":203046,\"14\":223456,\"15\":311534,\"0\":390991,\"1\":175799,\"2\":241004,\"3\":292880,\"4\":368904,\"5\":201592,\"6\":221627,\"7\":308551},\"fitted\":{\"8\":392199.139803217,\"9\":177151.4129331487,\"10\":242123.7858540579,\"11\":296297.6614095768,\"12\":369818.8601967825,\"13\":203065.5870668519,\"14\":223170.2141459422,\"15\":311717.3385904239,\"0\":391073.8601967855,\"1\":175818.5870668517,\"2\":240718.2141459428,\"3\":293063.3385904244,\"4\":368821.1398032177,\"5\":201572.4129331492,\"6\":221912.7858540582,\"7\":308367.661409577},\"ret\":{\"8\":0.0000187618,\"9\":0.0000044348,\"10\":-0.0000646647,\"11\":0.0000415213,\"12\":-0.0000187577,\"13\":-0.0000044344,\"14\":0.0000647443,\"15\":-0.0000414963,\"0\":-0.0000187579,\"1\":-0.0000044343,\"2\":0.0000647413,\"3\":-0.0000414955,\"4\":0.0000187619,\"5\":0.0000044348,\"6\":-0.0000646612,\"7\":0.0000415208}}", "deviance": 1.9359839360448206, "formula": "count ~ strand * mut * base - strand : mut : base", "rel_entropy": 2.1915681162736383e-07, "df": 3}}