{"pos2": {"stats": "{\"strand\":{\"0\":\"+\",\"1\":\"+\",\"2\":\"+\",\"3\":\"+\",\"4\":\"+\",\"5\":\"+\",\"6\":\"+\",\"7\":\"+\",\"8\":\"-\",\"9\":\"-\",\"10\":\"-\",\"11\":\"-\",\"12\":\"-\",\"13\":\"-\",\"14\":\"-\",\"15\":\"-\"},\"mut\":{\"0\":\"M\",\"1\":\"M\",\"2\":\"M\",\"3\":\"M\",\"4\":\"R\",\"5\":\"R\",\"6\":\"R\",\"7\":\"R\",\"8\":\"M\",\"9\":\"M\",\"10\":\"M\",\"11\":\"M\",\"12\":\"R\",\"13\":\"R\",\"14\":\"R\",\"15\":\"R\"},\"base\":{\"0\":\"A\",\"1\":\"C\",\"2\":\"G\",\"3\":\"T\",\"4\":\"A\",\"5\":\"C\",\"6\":\"G\",\"7\":\"T\",\"8\":\"A\",\"9\":\"C\",\"10\":\"G\",\"11\":\"T\",\"12\":\"A\",\"13\":\"C\",\"14\":\"G\",\"15\":\"T\"},\"count\":{\"0\":225958,\"1\":180819,\"2\":208048,\"3\":492947,\"4\":357989,\"5\":191761,\"6\":267455,\"7\":290567,\"8\":225739,\"9\":179968,\"10\":206852,\"11\":488115,\"12\":356235,\"13\":190304,\"14\":265635,\"15\":288500},\"fitted\":{\"0\":226172.5059995039,\"1\":180914.9562577834,\"2\":208060.9385824196,\"3\":492623.5991603031,\"4\":357774.494000504,\"5\":191665.0437422185,\"6\":267442.0614175828,\"7\":290890.4008397009,\"8\":225524.4940005029,\"9\":179872.0437422185,\"10\":206839.0614175823,\"11\":488438.4008397004,\"12\":356449.5059994998,\"13\":190399.9562577831,\"14\":265647.9385824206,\"15\":288176.5991603027},\"ret\":{\"0\":-0.0000485419,\"1\":-0.0000217191,\"2\":-0.0000029292,\"3\":0.0000732431,\"4\":0.0000485795,\"5\":0.0000217303,\"6\":0.0000029294,\"7\":-0.0000731784,\"8\":0.000048588,\"9\":0.0000217306,\"10\":0.0000029294,\"11\":-0.0000731949,\"12\":-0.0000485503,\"13\":-0.0000217194,\"14\":-0.0000029293,\"15\":0.0000732602}}", "deviance": 2.0154254563156897, "df": 3, "rel_entropy": 2.2814973247202893e-07, "formula": "count ~ strand * mut * base - strand : mut : base", "prob": 0.56921127431285767}, "pos3": {"stats": "{\"strand\":{\"0\":\"+\",\"1\":\"+\",\"2\":\"+\",\"3\":\"+\",\"4\":\"+\",\"5\":\"+\",\"6\":\"+\",\"7\":\"+\",\"8\":\"-\",\"9\":\"-\",\"10\":\"-\",\"11\":\"-\",\"12\":\"-\",\"13\":\"-\",\"14\":\"-\",\"15\":\"-\"},\"mut\":{\"0\":\"M\",\"1\":\"M\",\"2\":\"M\",\"3\":\"M\",\"4\":\"R\",\"5\":\"R\",\"6\":\"R\",\"7\":\"R\",\"8\":\"M\",\"9\":\"M\",\"10\":\"M\",\"11\":\"M\",\"12\":\"R\",\"13\":\"R\",\"14\":\"R\",\"15\":\"R\"},\"base\":{\"0\":\"A\",\"1\":\"C\",\"2\":\"G\",\"3\":\"T\",\"4\":\"A\",\"5\":\"C\",\"6\":\"G\",\"7\":\"T\",\"8\":\"A\",\"9\":\"C\",\"10\":\"G\",\"11\":\"T\",\"12\":\"A\",\"13\":\"C\",\"14\":\"G\",\"15\":\"T\"},\"count\":{\"0\":392282,\"1\":177171,\"2\":241838,\"3\":296481,\"4\":369736,\"5\":203046,\"6\":223456,\"7\":311534,\"8\":390991,\"9\":175799,\"10\":241004,\"11\":292880,\"12\":368904,\"13\":201592,\"14\":221627,\"15\":308551},\"fitted\":{\"0\":392199.1398032163,\"1\":177151.4129331481,\"2\":242123.7858540575,\"3\":296297.6614095757,\"4\":369818.8601967818,\"5\":203065.5870668508,\"6\":223170.2141459414,\"7\":311717.3385904222,\"8\":391073.8601967827,\"9\":175818.5870668511,\"10\":240718.214145942,\"11\":293063.3385904233,\"12\":368821.1398032158,\"13\":201572.4129331485,\"14\":221912.7858540574,\"15\":308367.6614095759},\"ret\":{\"0\":0.0000187618,\"1\":0.0000044348,\"2\":-0.0000646647,\"3\":0.0000415213,\"4\":-0.0000187577,\"5\":-0.0000044344,\"6\":0.0000647443,\"7\":-0.0000414963,\"8\":-0.0000187579,\"9\":-0.0000044343,\"10\":0.0000647413,\"11\":-0.0000414955,\"12\":0.0000187619,\"13\":0.0000044348,\"14\":-0.0000646612,\"15\":0.0000415208}}", "deviance": 1.935983936056303, "df": 3, "rel_entropy": 2.1915681162866366e-07, "formula": "count ~ strand * mut * base - strand : mut : base", "prob": 0.58579920212035819}, "pos0": {"stats": "{\"strand\":{\"0\":\"+\",\"1\":\"+\",\"2\":\"+\",\"3\":\"+\",\"4\":\"+\",\"5\":\"+\",\"6\":\"+\",\"7\":\"+\",\"8\":\"-\",\"9\":\"-\",\"10\":\"-\",\"11\":\"-\",\"12\":\"-\",\"13\":\"-\",\"14\":\"-\",\"15\":\"-\"},\"mut\":{\"0\":\"M\",\"1\":\"M\",\"2\":\"M\",\"3\":\"M\",\"4\":\"R\",\"5\":\"R\",\"6\":\"R\",\"7\":\"R\",\"8\":\"M\",\"9\":\"M\",\"10\":\"M\",\"11\":\"M\",\"12\":\"R\",\"13\":\"R\",\"14\":\"R\",\"15\":\"R\"},\"base\":{\"0\":\"A\",\"1\":\"C\",\"2\":\"G\",\"3\":\"T\",\"4\":\"A\",\"5\":\"C\",\"6\":\"G\",\"7\":\"T\",\"8\":\"A\",\"9\":\"C\",\"10\":\"G\",\"11\":\"T\",\"12\":\"A\",\"13\":\"C\",\"14\":\"G\",\"15\":\"T\"},\"count\":{\"0\":343957,\"1\":328115,\"2\":205705,\"3\":229995,\"4\":370266,\"5\":195997,\"6\":232566,\"7\":308943,\"8\":343322,\"9\":324408,\"10\":204585,\"11\":228359,\"12\":368454,\"13\":195597,\"14\":229986,\"15\":306637},\"fitted\":{\"0\":344217.7006474313,\"1\":327536.9471499602,\"2\":206007.6035779473,\"3\":230009.7486246601,\"4\":370005.2993525674,\"5\":196575.0528500388,\"6\":232263.3964220528,\"7\":308928.2513753384,\"8\":343061.2993525676,\"9\":324986.0528500393,\"10\":204282.3964220523,\"11\":228344.2513753396,\"12\":368714.7006474307,\"13\":195018.947149961,\"14\":230288.6035779473,\"15\":306651.7486246599},\"ret\":{\"0\":-0.0000590012,\"1\":0.0001309886,\"2\":-0.0000684602,\"3\":-0.000003339,\"4\":0.0000590443,\"5\":-0.0001306806,\"6\":0.0000685551,\"7\":0.0000033392,\"8\":0.000059046,\"9\":-0.0001307568,\"10\":0.0000685612,\"11\":0.0000033392,\"12\":-0.0000590027,\"13\":0.000131067,\"14\":-0.0000684655,\"15\":-0.0000033391}}", "deviance": 7.913079118112844, "df": 3, "rel_entropy": 8.957745761174197e-07, "formula": "count ~ strand * mut * base - strand : mut : base", "prob": 0.047842673619310667}, "pos1": {"stats": "{\"strand\":{\"0\":\"+\",\"1\":\"+\",\"2\":\"+\",\"3\":\"+\",\"4\":\"+\",\"5\":\"+\",\"6\":\"+\",\"7\":\"+\",\"8\":\"-\",\"9\":\"-\",\"10\":\"-\",\"11\":\"-\",\"12\":\"-\",\"13\":\"-\",\"14\":\"-\",\"15\":\"-\"},\"mut\":{\"0\":\"M\",\"1\":\"M\",\"2\":\"M\",\"3\":\"M\",\"4\":\"R\",\"5\":\"R\",\"6\":\"R\",\"7\":\"R\",\"8\":\"M\",\"9\":\"M\",\"10\":\"M\",\"11\":\"M\",\"12\":\"R\",\"13\":\"R\",\"14\":\"R\",\"15\":\"R\"},\"base\":{\"0\":\"A\",\"1\":\"C\",\"2\":\"G\",\"3\":\"T\",\"4\":\"A\",\"5\":\"C\",\"6\":\"G\",\"7\":\"T\",\"8\":\"A\",\"9\":\"C\",\"10\":\"G\",\"11\":\"T\",\"12\":\"A\",\"13\":\"C\",\"14\":\"G\",\"15\":\"T\"},\"count\":{\"0\":318688,\"1\":335235,\"2\":143675,\"3\":310174,\"4\":356895,\"5\":275720,\"6\":225645,\"7\":249512,\"8\":316687,\"9\":333827,\"10\":143102,\"11\":307058,\"12\":355308,\"13\":274289,\"14\":223398,\"15\":247679},\"fitted\":{\"0\":318534.6023562286,\"1\":335311.1798412211,\"2\":143938.6778631116,\"3\":309987.539939436,\"4\":357048.397643771,\"5\":275643.8201587765,\"6\":225381.3221368869,\"7\":249698.460060562,\"8\":316840.3976437715,\"9\":333750.8201587761,\"10\":142838.322136887,\"11\":307244.4600605614,\"12\":355154.6023562266,\"13\":274365.1798412218,\"14\":223661.677863112,\"15\":247492.5399394365},\"ret\":{\"0\":0.0000347381,\"1\":-0.0000172454,\"2\":-0.0000596429,\"3\":0.0000422279,\"4\":-0.0000347223,\"5\":0.0000172498,\"6\":0.0000597325,\"7\":-0.0000421995,\"8\":-0.0000347214,\"9\":0.0000172494,\"10\":0.0000597527,\"11\":-0.0000422024,\"12\":0.0000347373,\"13\":-0.000017245,\"14\":-0.0000596624,\"15\":0.0000422311}}", "deviance": 2.451336034037638, "df": 3, "rel_entropy": 2.774955821919166e-07, "formula": "count ~ strand * mut * base - strand : mut : base", "prob": 0.48414997926341286}}