{"pos2": {"stats": "{\"mut\":{\"0\":\"M\",\"1\":\"M\",\"2\":\"M\",\"3\":\"M\",\"4\":\"R\",\"5\":\"R\",\"6\":\"R\",\"7\":\"R\"},\"base\":{\"0\":\"A\",\"1\":\"C\",\"2\":\"G\",\"3\":\"T\",\"4\":\"A\",\"5\":\"C\",\"6\":\"G\",\"7\":\"T\"},\"count\":{\"0\":2260,\"1\":1999,\"2\":2033,\"3\":4723,\"4\":3536,\"5\":1903,\"6\":2619,\"7\":2957},\"fitted\":{\"0\":2898.0,\"1\":1951.0,\"2\":2326.0,\"3\":3840.0,\"4\":2898.0,\"5\":1951.0,\"6\":2326.0,\"7\":3840.0},\"ret\":{\"0\":-0.0255089709,\"1\":0.0022054327,\"2\":-0.0124247879,\"3\":0.0443725795,\"4\":0.0319372067,\"5\":-0.0021518216,\"6\":0.0141046181,\"7\":-0.0350728825}}", "deviance": 769.3481451549613, "df": 3, "rel_entropy": 0.017461374152404934, "formula": "count ~ mut * base - mut : base", "prob": 1.9219313262917374e-166}, "pos3": {"stats": "{\"mut\":{\"0\":\"M\",\"1\":\"M\",\"2\":\"M\",\"3\":\"M\",\"4\":\"R\",\"5\":\"R\",\"6\":\"R\",\"7\":\"R\"},\"base\":{\"0\":\"A\",\"1\":\"C\",\"2\":\"G\",\"3\":\"T\",\"4\":\"A\",\"5\":\"C\",\"6\":\"G\",\"7\":\"T\"},\"count\":{\"0\":3978,\"1\":1697,\"2\":2387,\"3\":2953,\"4\":3679,\"5\":2087,\"6\":2206,\"7\":3043},\"fitted\":{\"0\":3828.5,\"1\":1892.0,\"2\":2296.5,\"3\":2998.0,\"4\":3828.5,\"5\":1892.0,\"6\":2296.5,\"7\":2998.0},\"ret\":{\"0\":0.0069170069,\"1\":-0.0083788882,\"2\":0.004187936,\"3\":-0.0020272616,\"4\":-0.0066519435,\"5\":0.0092928016,\"6\":-0.0040260055,\"7\":0.0020579232}}", "deviance": 60.431327386390464, "df": 3, "rel_entropy": 0.001371568937503188, "formula": "count ~ mut * base - mut : base", "prob": 4.7543512143075156e-13}, "pos0": {"stats": "{\"mut\":{\"0\":\"M\",\"1\":\"M\",\"2\":\"M\",\"3\":\"M\",\"4\":\"R\",\"5\":\"R\",\"6\":\"R\",\"7\":\"R\"},\"base\":{\"0\":\"A\",\"1\":\"C\",\"2\":\"G\",\"3\":\"T\",\"4\":\"A\",\"5\":\"C\",\"6\":\"G\",\"7\":\"T\"},\"count\":{\"0\":3500,\"1\":3074,\"2\":2054,\"3\":2387,\"4\":3672,\"5\":1892,\"6\":2330,\"7\":3121},\"fitted\":{\"0\":3586.0,\"1\":2483.0,\"2\":2192.0,\"3\":2754.0,\"4\":3586.0,\"5\":2483.0,\"6\":2192.0,\"7\":2754.0},\"ret\":{\"0\":-0.0038565785,\"1\":0.0297928422,\"2\":-0.0060627271,\"3\":-0.015496219,\"4\":0.0039502082,\"5\":-0.0233458059,\"6\":0.0064573574,\"7\":0.0177228405}}", "deviance": 403.67409519022317, "df": 3, "rel_entropy": 0.009161917730145783, "formula": "count ~ mut * base - mut : base", "prob": 3.5425123447131693e-87}, "pos1": {"stats": "{\"mut\":{\"0\":\"M\",\"1\":\"M\",\"2\":\"M\",\"3\":\"M\",\"4\":\"R\",\"5\":\"R\",\"6\":\"R\",\"7\":\"R\"},\"base\":{\"0\":\"A\",\"1\":\"C\",\"2\":\"G\",\"3\":\"T\",\"4\":\"A\",\"5\":\"C\",\"6\":\"G\",\"7\":\"T\"},\"count\":{\"0\":3022,\"1\":3236,\"2\":1544,\"3\":3213,\"4\":3597,\"5\":2657,\"6\":2209,\"7\":2552},\"fitted\":{\"0\":3309.5,\"1\":2946.5,\"2\":1876.5,\"3\":2882.5,\"4\":3309.5,\"5\":2946.5,\"6\":1876.5,\"7\":2882.5},\"ret\":{\"0\":-0.0124663682,\"1\":0.0137665835,\"2\":-0.0136690529,\"3\":0.0158312235,\"4\":0.0136015002,\"5\":-0.0124733496,\"6\":0.0163575883,\"7\":-0.0141073132}}", "deviance": 301.4061613294871, "df": 3, "rel_entropy": 0.006840811650691944, "formula": "count ~ mut * base - mut : base", "prob": 4.9366640916782279e-65}}