{"pos2": {"prob": 1.966388423432504e-11, "df": 3, "formula": "count ~ group * mut * base - group : mut : base", "rel_entropy": 3.0162808866478e-05, "deviance": 52.857306257616045, "stats": "{\"group\":{\"0\":\"1\",\"1\":\"1\",\"2\":\"1\",\"3\":\"1\",\"4\":\"1\",\"5\":\"1\",\"6\":\"1\",\"7\":\"1\",\"8\":\"2\",\"9\":\"2\",\"10\":\"2\",\"11\":\"2\",\"12\":\"2\",\"13\":\"2\",\"14\":\"2\",\"15\":\"2\"},\"mut\":{\"0\":\"M\",\"1\":\"M\",\"2\":\"M\",\"3\":\"M\",\"4\":\"R\",\"5\":\"R\",\"6\":\"R\",\"7\":\"R\",\"8\":\"M\",\"9\":\"M\",\"10\":\"M\",\"11\":\"M\",\"12\":\"R\",\"13\":\"R\",\"14\":\"R\",\"15\":\"R\"},\"base\":{\"0\":\"A\",\"1\":\"C\",\"2\":\"G\",\"3\":\"T\",\"4\":\"A\",\"5\":\"C\",\"6\":\"G\",\"7\":\"T\",\"8\":\"A\",\"9\":\"C\",\"10\":\"G\",\"11\":\"T\",\"12\":\"A\",\"13\":\"C\",\"14\":\"G\",\"15\":\"T\"},\"count\":{\"0\":50831,\"1\":32869,\"2\":31916,\"3\":75215,\"4\":64156,\"5\":31364,\"6\":42786,\"7\":52525,\"8\":67972,\"9\":43385,\"10\":42750,\"11\":93162,\"12\":81336,\"13\":42361,\"14\":58685,\"15\":64887},\"fitted\":{\"0\":51553.4200197063,\"1\":32581.3830761768,\"2\":31579.0655243168,\"3\":75117.1313797988,\"4\":63433.5799802926,\"5\":31651.616923823,\"6\":43122.9344756828,\"7\":52622.8686202007,\"8\":67249.5799802925,\"9\":43672.6169238229,\"10\":43086.9344756828,\"11\":93259.8686202004,\"12\":82058.420019707,\"13\":42073.3830761767,\"14\":58348.0655243167,\"15\":64789.131379799},\"ret\":{\"0\":-0.0008186882,\"1\":0.0003296995,\"2\":0.0003865848,\"3\":0.0001117694,\"4\":0.0008291693,\"5\":-0.0003267589,\"6\":-0.0003830344,\"7\":-0.0001115927,\"8\":0.0008289049,\"9\":-0.0003271716,\"10\":-0.0003830331,\"11\":-0.000111638,\"12\":-0.0008208521,\"13\":0.0003293743,\"14\":0.0003856487,\"15\":0.000111781}}"}, "pos3": {"prob": 2.052753609612602e-06, "df": 3, "formula": "count ~ group * mut * base - group : mut : base", "rel_entropy": 1.665137770219205e-05, "deviance": 29.179874285321347, "stats": "{\"group\":{\"0\":\"1\",\"1\":\"1\",\"2\":\"1\",\"3\":\"1\",\"4\":\"1\",\"5\":\"1\",\"6\":\"1\",\"7\":\"1\",\"8\":\"2\",\"9\":\"2\",\"10\":\"2\",\"11\":\"2\",\"12\":\"2\",\"13\":\"2\",\"14\":\"2\",\"15\":\"2\"},\"mut\":{\"0\":\"M\",\"1\":\"M\",\"2\":\"M\",\"3\":\"M\",\"4\":\"R\",\"5\":\"R\",\"6\":\"R\",\"7\":\"R\",\"8\":\"M\",\"9\":\"M\",\"10\":\"M\",\"11\":\"M\",\"12\":\"R\",\"13\":\"R\",\"14\":\"R\",\"15\":\"R\"},\"base\":{\"0\":\"A\",\"1\":\"C\",\"2\":\"G\",\"3\":\"T\",\"4\":\"A\",\"5\":\"C\",\"6\":\"G\",\"7\":\"T\",\"8\":\"A\",\"9\":\"C\",\"10\":\"G\",\"11\":\"T\",\"12\":\"A\",\"13\":\"C\",\"14\":\"G\",\"15\":\"T\"},\"count\":{\"0\":62700,\"1\":31326,\"2\":32712,\"3\":64093,\"4\":66087,\"5\":33163,\"6\":36454,\"7\":55127,\"8\":81851,\"9\":40741,\"10\":43569,\"11\":81108,\"12\":83744,\"13\":44704,\"14\":49168,\"15\":69653},\"fitted\":{\"0\":63201.0324083386,\"1\":30978.1556691602,\"2\":32567.2793085234,\"3\":64084.5326139783,\"4\":65585.9675916616,\"5\":33510.84433084,\"6\":36598.7206914767,\"7\":55135.4673860219,\"8\":81349.9675916618,\"9\":41088.8443308401,\"10\":43713.7206914768,\"11\":81116.467386022,\"12\":84245.0324083387,\"13\":44356.1556691602,\"14\":49023.2793085235,\"15\":69644.5326139782},\"ret\":{\"0\":-0.0005695516,\"1\":0.0003992125,\"2\":0.000165535,\"3\":0.0000096644,\"4\":0.0005740029,\"5\":-0.0003949244,\"6\":-0.0001648416,\"7\":-0.000009663,\"8\":0.0005735816,\"9\":-0.0003953068,\"10\":-0.0001648948,\"11\":-0.0000096633,\"12\":-0.0005701205,\"13\":0.0003985445,\"14\":0.0001654121,\"15\":0.0000096643}}"}, "pos0": {"prob": 0.37279761871640943, "df": 3, "formula": "count ~ group * mut * base - group : mut : base", "rel_entropy": 1.7830897699974634e-06, "deviance": 3.124686512943555, "stats": "{\"group\":{\"0\":\"1\",\"1\":\"1\",\"2\":\"1\",\"3\":\"1\",\"4\":\"1\",\"5\":\"1\",\"6\":\"1\",\"7\":\"1\",\"8\":\"2\",\"9\":\"2\",\"10\":\"2\",\"11\":\"2\",\"12\":\"2\",\"13\":\"2\",\"14\":\"2\",\"15\":\"2\"},\"mut\":{\"0\":\"M\",\"1\":\"M\",\"2\":\"M\",\"3\":\"M\",\"4\":\"R\",\"5\":\"R\",\"6\":\"R\",\"7\":\"R\",\"8\":\"M\",\"9\":\"M\",\"10\":\"M\",\"11\":\"M\",\"12\":\"R\",\"13\":\"R\",\"14\":\"R\",\"15\":\"R\"},\"base\":{\"0\":\"A\",\"1\":\"C\",\"2\":\"G\",\"3\":\"T\",\"4\":\"A\",\"5\":\"C\",\"6\":\"G\",\"7\":\"T\",\"8\":\"A\",\"9\":\"C\",\"10\":\"G\",\"11\":\"T\",\"12\":\"A\",\"13\":\"C\",\"14\":\"G\",\"15\":\"T\"},\"count\":{\"0\":68896,\"1\":27669,\"2\":34309,\"3\":59957,\"4\":66412,\"5\":32486,\"6\":38166,\"7\":53767,\"8\":87252,\"9\":36547,\"10\":45574,\"11\":77896,\"12\":84447,\"13\":43300,\"14\":50435,\"15\":69087},\"fitted\":{\"0\":68792.6885810763,\"1\":27579.7611763539,\"2\":34347.8275274565,\"3\":60110.7227151133,\"4\":66515.3114189237,\"5\":32575.238823646,\"6\":38127.1724725436,\"7\":53613.2772848867,\"8\":87355.3114189236,\"9\":36636.238823646,\"10\":45535.1724725436,\"11\":77742.2772848867,\"12\":84343.6885810763,\"13\":43210.7611763538,\"14\":50473.8275274565,\"15\":69240.7227151133},\"ret\":{\"0\":0.000117997,\"1\":0.0001020121,\"2\":-0.0000442885,\"3\":-0.000175218,\"4\":-0.0001178169,\"5\":-0.0001017079,\"6\":0.0000443361,\"7\":0.0001756938,\"8\":-0.0001178387,\"9\":-0.0001017234,\"10\":0.0000443324,\"11\":0.0001756158,\"12\":0.0001179807,\"13\":0.0001019526,\"14\":-0.0000442965,\"15\":-0.0001752476}}"}, "pos1": {"prob": 2.747489237899721e-35, "df": 3, "formula": "count ~ group * mut * base - group : mut : base", "rel_entropy": 9.348257182130642e-05, "deviance": 163.81885885965738, "stats": "{\"group\":{\"0\":\"1\",\"1\":\"1\",\"2\":\"1\",\"3\":\"1\",\"4\":\"1\",\"5\":\"1\",\"6\":\"1\",\"7\":\"1\",\"8\":\"2\",\"9\":\"2\",\"10\":\"2\",\"11\":\"2\",\"12\":\"2\",\"13\":\"2\",\"14\":\"2\",\"15\":\"2\"},\"mut\":{\"0\":\"M\",\"1\":\"M\",\"2\":\"M\",\"3\":\"M\",\"4\":\"R\",\"5\":\"R\",\"6\":\"R\",\"7\":\"R\",\"8\":\"M\",\"9\":\"M\",\"10\":\"M\",\"11\":\"M\",\"12\":\"R\",\"13\":\"R\",\"14\":\"R\",\"15\":\"R\"},\"base\":{\"0\":\"A\",\"1\":\"C\",\"2\":\"G\",\"3\":\"T\",\"4\":\"A\",\"5\":\"C\",\"6\":\"G\",\"7\":\"T\",\"8\":\"A\",\"9\":\"C\",\"10\":\"G\",\"11\":\"T\",\"12\":\"A\",\"13\":\"C\",\"14\":\"G\",\"15\":\"T\"},\"count\":{\"0\":52785,\"1\":49906,\"2\":40911,\"3\":47229,\"4\":63911,\"5\":44964,\"6\":36887,\"7\":45069,\"8\":68024,\"9\":62584,\"10\":53115,\"11\":63546,\"12\":81229,\"13\":60482,\"14\":49553,\"15\":56005},\"fitted\":{\"0\":53026.9994182131,\"1\":48982.2657811308,\"2\":40545.7836592076,\"3\":48275.9511414479,\"4\":63669.0005817866,\"5\":45887.7342188688,\"6\":37252.2163407921,\"7\":44022.0488585518,\"8\":67782.0005817867,\"9\":63507.7342188686,\"10\":53480.2163407919,\"11\":62499.0488585517,\"12\":81470.9994182128,\"13\":59558.2657811308,\"14\":49187.7836592076,\"15\":57051.9511414478},\"ret\":{\"0\":-0.0002755608,\"1\":0.0010641293,\"2\":0.0004186901,\"3\":-0.0011818257,\"4\":0.0002767162,\"5\":-0.0010435673,\"6\":-0.0004147685,\"7\":0.0012089741,\"8\":0.0002766844,\"9\":-0.0010465458,\"10\":-0.000415392,\"11\":0.0012048295,\"12\":-0.0002757814,\"13\":0.0010623841,\"14\":0.0004183621,\"15\":-0.0011838457}}"}}