{"pos2": {"stats": "{\"mut\":{\"0\":\"M\",\"1\":\"M\",\"2\":\"M\",\"3\":\"M\",\"4\":\"R\",\"5\":\"R\",\"6\":\"R\",\"7\":\"R\"},\"base\":{\"0\":\"A\",\"1\":\"C\",\"2\":\"G\",\"3\":\"T\",\"4\":\"A\",\"5\":\"C\",\"6\":\"G\",\"7\":\"T\"},\"count\":{\"0\":792,\"1\":694,\"2\":266,\"3\":1198,\"4\":1047,\"5\":727,\"6\":163,\"7\":1013},\"fitted\":{\"0\":919.5,\"1\":710.5,\"2\":214.5,\"3\":1105.5,\"4\":919.5,\"5\":710.5,\"6\":214.5,\"7\":1105.5},\"ret\":{\"0\":-0.0200374191,\"1\":-0.0027638829,\"2\":0.0097016318,\"3\":0.0163163089,\"4\":0.0230436123,\"5\":0.0028288346,\"6\":-0.0075852889,\"7\":-0.0150029586}}", "deviance": 76.70989103191857, "df": 3, "rel_entropy": 0.006500838223043947, "formula": "count ~ mut * base - mut : base", "prob": 1.5580425203117258e-16}, "pos3": {"stats": "{\"mut\":{\"0\":\"M\",\"1\":\"M\",\"2\":\"M\",\"3\":\"M\",\"4\":\"R\",\"5\":\"R\",\"6\":\"R\",\"7\":\"R\"},\"base\":{\"0\":\"A\",\"1\":\"C\",\"2\":\"G\",\"3\":\"T\",\"4\":\"A\",\"5\":\"C\",\"6\":\"G\",\"7\":\"T\"},\"count\":{\"0\":916,\"1\":634,\"2\":665,\"3\":735,\"4\":769,\"5\":682,\"6\":655,\"7\":844},\"fitted\":{\"0\":842.500000022,\"1\":657.9999999998,\"2\":659.9999999998,\"3\":789.5000000029,\"4\":842.5000000225,\"5\":658.0000000002,\"6\":660.0000000002,\"7\":789.5000000034},\"ret\":{\"0\":0.012985884,\"1\":-0.0039926931,\"2\":0.0008506596,\"3\":-0.0089108578,\"4\":-0.0118976933,\"5\":0.0041410955,\"6\":-0.0008442394,\"7\":0.0095490247}}", "deviance": 22.197925966232454, "df": 3, "rel_entropy": 0.001881180166629869, "formula": "count ~ mut * base - mut : base", "prob": 5.9328693252073577e-05}, "pos0": {"stats": "{\"mut\":{\"0\":\"M\",\"1\":\"M\",\"2\":\"M\",\"3\":\"M\",\"4\":\"R\",\"5\":\"R\",\"6\":\"R\",\"7\":\"R\"},\"base\":{\"0\":\"A\",\"1\":\"C\",\"2\":\"G\",\"3\":\"T\",\"4\":\"A\",\"5\":\"C\",\"6\":\"G\",\"7\":\"T\"},\"count\":{\"0\":880,\"1\":864,\"2\":501,\"3\":705,\"4\":795,\"5\":695,\"6\":590,\"7\":870},\"fitted\":{\"0\":837.5,\"1\":779.5,\"2\":545.5,\"3\":787.5,\"4\":837.5,\"5\":779.5,\"6\":545.5,\"7\":787.5},\"ret\":{\"0\":0.0073831469,\"1\":0.0150716863,\"2\":-0.0072260083,\"3\":-0.0132235975,\"4\":-0.0070174447,\"5\":-0.0135160823,\"6\":0.0078419732,\"7\":0.0146911799}}", "deviance": 47.257271403770034, "df": 3, "rel_entropy": 0.00400485350879407, "formula": "count ~ mut * base - mut : base", "prob": 3.0640997386119886e-10}, "pos1": {"stats": "{\"mut\":{\"0\":\"M\",\"1\":\"M\",\"2\":\"M\",\"3\":\"M\",\"4\":\"R\",\"5\":\"R\",\"6\":\"R\",\"7\":\"R\"},\"base\":{\"0\":\"A\",\"1\":\"C\",\"2\":\"G\",\"3\":\"T\",\"4\":\"A\",\"5\":\"C\",\"6\":\"G\",\"7\":\"T\"},\"count\":{\"0\":787,\"1\":732,\"2\":478,\"3\":953,\"4\":729,\"5\":760,\"6\":648,\"7\":813},\"fitted\":{\"0\":758.0,\"1\":746.0,\"2\":563.0,\"3\":883.0,\"4\":758.0,\"5\":746.0,\"6\":563.0,\"7\":883.0},\"ret\":{\"0\":0.0050081029,\"1\":-0.0023504751,\"2\":-0.0132599546,\"3\":0.0123227266,\"4\":-0.0048200064,\"5\":0.002395009,\"6\":0.0154433851,\"7\":-0.0113811858}}", "deviance": 39.61970114771513, "df": 3, "rel_entropy": 0.0033576017921792484, "formula": "count ~ mut * base - mut : base", "prob": 1.2828051458459682e-08}}