{"('pos2', 'pos3')": {"df": 9, "rel_entropy": 0.003216106484352162, "stats": "{\"mut\":{\"0\":\"M\",\"1\":\"M\",\"2\":\"M\",\"3\":\"M\",\"4\":\"M\",\"5\":\"M\",\"6\":\"M\",\"7\":\"M\",\"8\":\"M\",\"9\":\"M\",\"10\":\"M\",\"11\":\"M\",\"12\":\"M\",\"13\":\"M\",\"14\":\"M\",\"15\":\"M\",\"16\":\"R\",\"17\":\"R\",\"18\":\"R\",\"19\":\"R\",\"20\":\"R\",\"21\":\"R\",\"22\":\"R\",\"23\":\"R\",\"24\":\"R\",\"25\":\"R\",\"26\":\"R\",\"27\":\"R\",\"28\":\"R\",\"29\":\"R\",\"30\":\"R\",\"31\":\"R\"},\"base1\":{\"0\":\"A\",\"1\":\"A\",\"2\":\"A\",\"3\":\"A\",\"4\":\"C\",\"5\":\"C\",\"6\":\"C\",\"7\":\"C\",\"8\":\"G\",\"9\":\"G\",\"10\":\"G\",\"11\":\"G\",\"12\":\"T\",\"13\":\"T\",\"14\":\"T\",\"15\":\"T\",\"16\":\"A\",\"17\":\"A\",\"18\":\"A\",\"19\":\"A\",\"20\":\"C\",\"21\":\"C\",\"22\":\"C\",\"23\":\"C\",\"24\":\"G\",\"25\":\"G\",\"26\":\"G\",\"27\":\"G\",\"28\":\"T\",\"29\":\"T\",\"30\":\"T\",\"31\":\"T\"},\"base2\":{\"0\":\"A\",\"1\":\"C\",\"2\":\"G\",\"3\":\"T\",\"4\":\"A\",\"5\":\"C\",\"6\":\"G\",\"7\":\"T\",\"8\":\"A\",\"9\":\"C\",\"10\":\"G\",\"11\":\"T\",\"12\":\"A\",\"13\":\"C\",\"14\":\"G\",\"15\":\"T\",\"16\":\"A\",\"17\":\"C\",\"18\":\"G\",\"19\":\"T\",\"20\":\"A\",\"21\":\"C\",\"22\":\"G\",\"23\":\"T\",\"24\":\"A\",\"25\":\"C\",\"26\":\"G\",\"27\":\"T\",\"28\":\"A\",\"29\":\"C\",\"30\":\"G\",\"31\":\"T\"},\"count\":{\"0\":290,\"1\":130,\"2\":242,\"3\":130,\"4\":262,\"5\":169,\"6\":18,\"7\":245,\"8\":88,\"9\":50,\"10\":78,\"11\":50,\"12\":276,\"13\":285,\"14\":327,\"15\":310,\"16\":276,\"17\":213,\"18\":297,\"19\":261,\"20\":256,\"21\":174,\"22\":51,\"23\":246,\"24\":52,\"25\":41,\"26\":34,\"27\":36,\"28\":185,\"29\":254,\"30\":273,\"31\":301},\"fitted\":{\"0\":269.4773961497,\"1\":138.4041237835,\"2\":231.6173411348,\"3\":152.501138932,\"4\":279.0614661217,\"5\":159.5150652667,\"6\":33.9455959317,\"7\":221.4778726867,\"8\":92.739611149,\"9\":54.0183786457,\"10\":69.366278521,\"11\":49.8757316844,\"12\":274.7215265797,\"13\":282.0624323041,\"14\":330.0707844193,\"15\":311.145256697,\"16\":296.5226038503,\"17\":204.5958762165,\"18\":307.3826588652,\"19\":238.498861068,\"20\":238.9385338783,\"21\":183.4849347333,\"22\":35.054404082,\"23\":269.5221273133,\"24\":47.260388851,\"25\":36.9816213543,\"26\":42.633721479,\"27\":36.1242683156,\"28\":186.2784734203,\"29\":256.9375676959,\"30\":269.9292155807,\"31\":299.854743303},\"ret\":{\"0\":0.0036076201,\"1\":-0.001380278,\"2\":0.0017986387,\"3\":-0.003517439,\"4\":-0.0028015155,\"5\":0.0016544912,\"6\":-0.0019354191,\"7\":0.0041913904,\"8\":-0.0007824374,\"9\":-0.000655096,\"10\":0.0015508512,\"11\":0.0000210886,\"12\":0.0002171938,\"13\":0.0005004766,\"14\":-0.0005180433,\"15\":-0.0001937536,\"16\":-0.0033551582,\"17\":0.0014532906,\"18\":-0.0017297118,\"19\":0.0039882513,\"20\":0.0029926446,\"21\":-0.0015653295,\"22\":0.0032408717,\"23\":-0.0038075361,\"24\":0.0008423226,\"25\":0.000716812,\"26\":-0.0013040153,\"27\":-0.0000210262,\"28\":-0.0002159451,\"29\":-0.0004950357,\"30\":0.0005234213,\"31\":0.0001944815}}", "deviance": 37.95005651535551, "formula": "count ~ mut * base1 * base2 - mut : base1 : base2", "prob": 1.779466775153357e-05}, "('pos1', 'pos2')": {"df": 9, "rel_entropy": 0.0008636053763606139, "stats": "{\"mut\":{\"0\":\"M\",\"1\":\"M\",\"2\":\"M\",\"3\":\"M\",\"4\":\"M\",\"5\":\"M\",\"6\":\"M\",\"7\":\"M\",\"8\":\"M\",\"9\":\"M\",\"10\":\"M\",\"11\":\"M\",\"12\":\"M\",\"13\":\"M\",\"14\":\"M\",\"15\":\"M\",\"16\":\"R\",\"17\":\"R\",\"18\":\"R\",\"19\":\"R\",\"20\":\"R\",\"21\":\"R\",\"22\":\"R\",\"23\":\"R\",\"24\":\"R\",\"25\":\"R\",\"26\":\"R\",\"27\":\"R\",\"28\":\"R\",\"29\":\"R\",\"30\":\"R\",\"31\":\"R\"},\"base1\":{\"0\":\"A\",\"1\":\"A\",\"2\":\"A\",\"3\":\"A\",\"4\":\"C\",\"5\":\"C\",\"6\":\"C\",\"7\":\"C\",\"8\":\"G\",\"9\":\"G\",\"10\":\"G\",\"11\":\"G\",\"12\":\"T\",\"13\":\"T\",\"14\":\"T\",\"15\":\"T\",\"16\":\"A\",\"17\":\"A\",\"18\":\"A\",\"19\":\"A\",\"20\":\"C\",\"21\":\"C\",\"22\":\"C\",\"23\":\"C\",\"24\":\"G\",\"25\":\"G\",\"26\":\"G\",\"27\":\"G\",\"28\":\"T\",\"29\":\"T\",\"30\":\"T\",\"31\":\"T\"},\"base2\":{\"0\":\"A\",\"1\":\"C\",\"2\":\"G\",\"3\":\"T\",\"4\":\"A\",\"5\":\"C\",\"6\":\"G\",\"7\":\"T\",\"8\":\"A\",\"9\":\"C\",\"10\":\"G\",\"11\":\"T\",\"12\":\"A\",\"13\":\"C\",\"14\":\"G\",\"15\":\"T\",\"16\":\"A\",\"17\":\"C\",\"18\":\"G\",\"19\":\"T\",\"20\":\"A\",\"21\":\"C\",\"22\":\"G\",\"23\":\"T\",\"24\":\"A\",\"25\":\"C\",\"26\":\"G\",\"27\":\"T\",\"28\":\"A\",\"29\":\"C\",\"30\":\"G\",\"31\":\"T\"},\"count\":{\"0\":279,\"1\":160,\"2\":60,\"3\":288,\"4\":173,\"5\":209,\"6\":76,\"7\":274,\"8\":134,\"9\":121,\"10\":52,\"11\":171,\"12\":206,\"13\":204,\"14\":78,\"15\":465,\"16\":311,\"17\":155,\"18\":36,\"19\":227,\"20\":244,\"21\":192,\"22\":56,\"23\":268,\"24\":229,\"25\":192,\"26\":37,\"27\":190,\"28\":263,\"29\":188,\"30\":34,\"31\":328},\"fitted\":{\"0\":269.6472232065,\"1\":163.762305109,\"2\":62.3931260732,\"3\":291.1973456113,\"4\":174.0435257537,\"5\":192.3135952668,\"6\":80.8381816975,\"7\":284.8046972858,\"8\":130.2900461142,\"9\":131.0496046535,\"10\":49.1774757209,\"11\":167.4828735122,\"12\":218.0192049258,\"13\":206.874494975,\"14\":73.5912165092,\"15\":454.5150835908,\"16\":320.3527767935,\"17\":151.237694891,\"18\":33.6068739275,\"19\":223.8026543887,\"20\":242.9564742463,\"21\":208.6864047403,\"22\":51.1618183048,\"23\":257.1953027143,\"24\":232.7099538859,\"25\":181.9503953475,\"26\":39.82252428,\"27\":193.5171264879,\"28\":250.9807950744,\"29\":185.125505025,\"30\":38.4087834946,\"31\":338.4849164093},\"ret\":{\"0\":0.0016123958,\"1\":-0.000630297,\"2\":-0.0003977344,\"3\":-0.0005389369,\"4\":-0.0001763375,\"5\":0.0029474988,\"6\":-0.0007949865,\"7\":-0.0017961195,\"8\":0.0006376744,\"9\":-0.0016362762,\"10\":0.0004918672,\"11\":0.000602339,\"12\":-0.0019799388,\"13\":-0.0004838019,\"14\":0.000769201,\"15\":0.0017974461,\"16\":-0.0015618475,\"17\":0.0006455456,\"18\":0.0004197253,\"19\":0.0005457758,\"20\":0.0001772481,\"21\":-0.0027119934,\"22\":0.0008576369,\"23\":0.0018692433,\"24\":-0.0006237666,\"25\":0.0017495195,\"26\":-0.0004610249,\"27\":-0.0005906728,\"28\":0.0020851714,\"29\":0.0004909656,\"30\":-0.0007026224,\"31\":-0.001749292}}", "deviance": 10.190543441055244, "formula": "count ~ mut * base1 * base2 - mut : base1 : base2", "prob": 0.335281127280101}, "('pos1', 'pos3')": {"df": 9, "rel_entropy": 0.0014902484837702413,