{"pos1": {"rel_entropy": 0.0028128040682981604, "prob": 0.2888204535491373, "deviance": 3.7579062352463426, "formula": "count ~ strand * mut * base - strand : mut : base", "stats": "{\"strand\":{\"8\":\"+\",\"9\":\"+\",\"10\":\"+\",\"11\":\"+\",\"12\":\"+\",\"13\":\"+\",\"14\":\"+\",\"15\":\"+\",\"0\":\"-\",\"1\":\"-\",\"2\":\"-\",\"3\":\"-\",\"4\":\"-\",\"5\":\"-\",\"6\":\"-\",\"7\":\"-\"},\"mut\":{\"8\":\"M\",\"9\":\"M\",\"10\":\"M\",\"11\":\"M\",\"12\":\"R\",\"13\":\"R\",\"14\":\"R\",\"15\":\"R\",\"0\":\"M\",\"1\":\"M\",\"2\":\"M\",\"3\":\"M\",\"4\":\"R\",\"5\":\"R\",\"6\":\"R\",\"7\":\"R\"},\"base\":{\"8\":\"A\",\"9\":\"C\",\"10\":\"G\",\"11\":\"T\",\"12\":\"A\",\"13\":\"C\",\"14\":\"G\",\"15\":\"T\",\"0\":\"A\",\"1\":\"C\",\"2\":\"G\",\"3\":\"T\",\"4\":\"A\",\"5\":\"C\",\"6\":\"G\",\"7\":\"T\"},\"count\":{\"8\":30,\"9\":64,\"10\":47,\"11\":20,\"12\":48,\"13\":48,\"14\":42,\"15\":23,\"0\":48,\"1\":49,\"2\":50,\"3\":26,\"4\":64,\"5\":41,\"6\":26,\"7\":42},\"fitted\":{\"8\":30.953520421,\"9\":61.4723326606,\"10\":51.3674622103,\"11\":17.2066847081,\"12\":47.046479579,\"13\":50.5276673394,\"14\":37.6325377897,\"15\":25.7933152919,\"0\":47.046479579,\"1\":51.5276673394,\"2\":45.6325377897,\"3\":28.7933152919,\"4\":64.953520421,\"5\":38.4723326606,\"6\":30.3674622103,\"7\":39.2066847081},\"ret\":{\"8\":-0.0014052106,\"9\":0.0038606836,\"10\":-0.0062519385,\"11\":0.0045040215,\"12\":0.0014417943,\"13\":-0.0036876678,\"14\":0.006903629,\"15\":-0.0039465364,\"0\":0.0014417943,\"1\":-0.0036895676,\"2\":0.0068414667,\"3\":-0.0039718781,\"4\":-0.0014168968,\"5\":0.0039056008,\"6\":-0.0060436445,\"7\":0.0043271542}}", "df": 3}, "pos3": {"rel_entropy": 0.0007148670068306428, "prob": 0.8121236878093097, "deviance": 0.9550623211257387, "formula": "count ~ strand * mut * base - strand : mut : base", "stats": "{\"strand\":{\"8\":\"+\",\"9\":\"+\",\"10\":\"+\",\"11\":\"+\",\"12\":\"+\",\"13\":\"+\",\"14\":\"+\",\"15\":\"+\",\"0\":\"-\",\"1\":\"-\",\"2\":\"-\",\"3\":\"-\",\"4\":\"-\",\"5\":\"-\",\"6\":\"-\",\"7\":\"-\"},\"mut\":{\"8\":\"M\",\"9\":\"M\",\"10\":\"M\",\"11\":\"M\",\"12\":\"R\",\"13\":\"R\",\"14\":\"R\",\"15\":\"R\",\"0\":\"M\",\"1\":\"M\",\"2\":\"M\",\"3\":\"M\",\"4\":\"R\",\"5\":\"R\",\"6\":\"R\",\"7\":\"R\"},\"base\":{\"8\":\"A\",\"9\":\"C\",\"10\":\"G\",\"11\":\"T\",\"12\":\"A\",\"13\":\"C\",\"14\":\"G\",\"15\":\"T\",\"0\":\"A\",\"1\":\"C\",\"2\":\"G\",\"3\":\"T\",\"4\":\"A\",\"5\":\"C\",\"6\":\"G\",\"7\":\"T\"},\"count\":{\"8\":33,\"9\":42,\"10\":40,\"11\":46,\"12\":42,\"13\":40,\"14\":39,\"15\":40,\"0\":36,\"1\":45,\"2\":50,\"3\":42,\"4\":57,\"5\":43,\"6\":42,\"7\":31},\"fitted\":{\"8\":30.572124145,\"9\":41.7203633916,\"10\":41.3348170187,\"11\":47.3726954448,\"12\":44.4278758552,\"13\":40.2796366084,\"14\":37.6651829813,\"15\":38.6273045552,\"0\":38.4278758553,\"1\":45.2796366084,\"2\":48.6651829813,\"3\":40.6273045552,\"4\":54.5721241448,\"5\":42.7203633916,\"6\":43.3348170187,\"7\":32.3726954448},\"ret\":{\"8\":0.0037751873,\"9\":0.0004200175,\"10\":-0.0019656118,\"11\":-0.0020248691,\"12\":-0.003533375,\"13\":-0.0004171612,\"14\":0.0020332257,\"15\":0.0020910213,\"0\":-0.0035172319,\"1\":-0.0004173224,\"2\":0.0020253862,\"3\":0.0020892643,\"4\":0.0037142209,\"5\":0.0004199848,\"6\":-0.001967133,\"7\":-0.0020107366}}", "df": 3}, "pos0": {"rel_entropy": 0.0012951364848043212, "prob": 0.6302180376085653, "deviance": 1.7303023436985732, "formula": "count ~ strand * mut * base - strand : mut : base", "stats": "{\"strand\":{\"8\":\"+\",\"9\":\"+\",\"10\":\"+\",\"11\":\"+\",\"12\":\"+\",\"13\":\"+\",\"14\":\"+\",\"15\":\"+\",\"0\":\"-\",\"1\":\"-\",\"2\":\"-\",\"3\":\"-\",\"4\":\"-\",\"5\":\"-\",\"6\":\"-\",\"7\":\"-\"},\"mut\":{\"8\":\"M\",\"9\":\"M\",\"10\":\"M\",\"11\":\"M\",\"12\":\"R\",\"13\":\"R\",\"14\":\"R\",\"15\":\"R\",\"0\":\"M\",\"1\":\"M\",\"2\":\"M\",\"3\":\"M\",\"4\":\"R\",\"5\":\"R\",\"6\":\"R\",\"7\":\"R\"},\"base\":{\"8\":\"A\",\"9\":\"C\",\"10\":\"G\",\"11\":\"T\",\"12\":\"A\",\"13\":\"C\",\"14\":\"G\",\"15\":\"T\",\"0\":\"A\",\"1\":\"C\",\"2\":\"G\",\"3\":\"T\",\"4\":\"A\",\"5\":\"C\",\"6\":\"G\",\"7\":\"T\"},\"count\":{\"8\":50,\"9\":31,\"10\":42,\"11\":38,\"12\":40,\"13\":27,\"14\":51,\"15\":43,\"0\":50,\"1\":40,\"2\":49,\"3\":34,\"4\":50,\"5\":41,\"6\":45,\"7\":37},\"fitted\":{\"8\":47.4770670528,\"9\":29.7035997688,\"10\":45.3641314108,\"11\":38.4552017681,\"12\":42.5229329473,\"13\":28.2964002313,\"14\":47.6358685898,\"15\":42.5447982319,\"0\":52.5229329473,\"1\":41.2964002313,\"2\":45.6358685899,\"3\":33.5447982319,\"4\":47.4770670528,\"5\":39.7035997688,\"6\":48.3641314107,\"7\":37.4552017681},\"ret\":{\"8\":0.0038754648,\"9\":0.0019824668,\"10\":-0.0048445942,\"11\":-0.0006773906,\"12\":-0.0036625195,\"13\":-0.0018955669,\"14\":0.0052099106,\"15\":0.0006850723,\"0\":-0.0036846472,\"1\":-0.001909933,\"2\":0.0052173483,\"3\":0.0006860426,\"4\":0.0038754648,\"5\":0.0019720637,\"6\":-0.004856764,\"7\":-0.000677282}}", "df": 3}, "pos2": {"rel_entropy": 0.0005194971194804023, "prob": 0.8746029832600514, "deviance": 0.6940481516258175, "formula": "count ~ strand * mut * base - strand : mut : base", "stats": "{\"strand\":{\"8\":\"+\",\"9\":\"+\",\"10\":\"+\",\"11\":\"+\",\"12\":\"+\",\"13\":\"+\",\"14\":\"+\",\"15\":\"+\",\"0\":\"-\",\"1\":\"-\",\"2\":\"-\",\"3\":\"-\",\"4\":\"-\",\"5\":\"-\",\"6\":\"-\",\"7\":\"-\"},\"mut\":{\"8\":\"M\",\"9\":\"M\",\"10\":\"M\",\"11\":\"M\",\"12\":\"R\",\"13\":\"R\",\"14\":\"R\",\"15\":\"R\",\"0\":\"M\",\"1\":\"M\",\"2\":\"M\",\"3\":\"M\",\"4\":\"R\",\"5\":\"R\",\"6\":\"R\",\"7\":\"R\"},\"base\":{\"8\":\"A\",\"9\":\"C\",\"10\":\"G\",\"11\":\"T\",\"12\":\"A\",\"13\":\"C\",\"14\":\"G\",\"15\":\"T\",\"0\":\"A\",\"1\":\"C\",\"2\":\"G\",\"3\":\"T\",\"4\":\"A\",\"5\":\"C\",\"6\":\"G\",\"7\":\"T\"},\"count\":{\"8\":29,\"9\":40,\"10\":42,\"11\":50,\"12\":47,\"13\":30,\"14\":49,\"15\":35,\"0\":28,\"1\":40,\"2\":50,\"3\":55,\"4\":52,\"5\":32,\"6\":48,\"7\":41},\"fitted\":{\"8\":27.8112466333,\"9\":39.4772090505,\"10\":44.3510999033,\"11\":49.3604444129,\"12\":48.1887533667,\"13\":30.5227909495,\"14\":46.6489000967,\"15\":35.6395555871,\"0\":29.1887533667,\"1\":40.5227909495,\"2\":47.6489000967,\"3\":55.6395555871,\"4\":50.8112466333,\"5\":31.4772090505,\"6\":50.3510999033,\"7\":40.3604444129},\"ret\":{\"8\":0.001817073,\"9\":0.0007877805,\"10\":-0.0034246279,\"11\":0.0009635945,\"12\":-0.0017574383,\"13\":-0.0007758803,\"14\":0.003606851,\"15\":-0.0009487762,\"0\":-0.0017428309,\"1\":-0.000777551,\"2\":0.0036050493,\"3\":-0.0009518948,\"4\":0.0018002274,\"5\":0.0007890846,\"6\":-0.0034361284,\"7\":0.0009649645}}", "df": 3}}