{"pos2": {"stats": "{\"strand\":{\"0\":\"+\",\"1\":\"+\",\"2\":\"+\",\"3\":\"+\",\"4\":\"+\",\"5\":\"+\",\"6\":\"+\",\"7\":\"+\",\"8\":\"-\",\"9\":\"-\",\"10\":\"-\",\"11\":\"-\",\"12\":\"-\",\"13\":\"-\",\"14\":\"-\",\"15\":\"-\"},\"mut\":{\"0\":\"M\",\"1\":\"M\",\"2\":\"M\",\"3\":\"M\",\"4\":\"R\",\"5\":\"R\",\"6\":\"R\",\"7\":\"R\",\"8\":\"M\",\"9\":\"M\",\"10\":\"M\",\"11\":\"M\",\"12\":\"R\",\"13\":\"R\",\"14\":\"R\",\"15\":\"R\"},\"base\":{\"0\":\"A\",\"1\":\"C\",\"2\":\"G\",\"3\":\"T\",\"4\":\"A\",\"5\":\"C\",\"6\":\"G\",\"7\":\"T\",\"8\":\"A\",\"9\":\"C\",\"10\":\"G\",\"11\":\"T\",\"12\":\"A\",\"13\":\"C\",\"14\":\"G\",\"15\":\"T\"},\"count\":{\"0\":29,\"1\":40,\"2\":42,\"3\":50,\"4\":47,\"5\":30,\"6\":49,\"7\":35,\"8\":28,\"9\":40,\"10\":50,\"11\":55,\"12\":52,\"13\":32,\"14\":48,\"15\":41},\"fitted\":{\"0\":27.8112466333,\"1\":39.4772090505,\"2\":44.3510999033,\"3\":49.3604444129,\"4\":48.1887533667,\"5\":30.5227909495,\"6\":46.6489000967,\"7\":35.6395555871,\"8\":29.1887533667,\"9\":40.5227909495,\"10\":47.6489000967,\"11\":55.6395555871,\"12\":50.8112466333,\"13\":31.4772090505,\"14\":50.3510999033,\"15\":40.3604444129},\"ret\":{\"0\":0.001817073,\"1\":0.0007877805,\"2\":-0.0034246279,\"3\":0.0009635945,\"4\":-0.0017574383,\"5\":-0.0007758803,\"6\":0.003606851,\"7\":-0.0009487762,\"8\":-0.0017428309,\"9\":-0.000777551,\"10\":0.0036050493,\"11\":-0.0009518948,\"12\":0.0018002274,\"13\":0.0007890846,\"14\":-0.0034361284,\"15\":0.0009649645}}", "deviance": 0.694048151625815, "df": 3, "rel_entropy": 0.0005194971194804005, "formula": "count ~ strand * mut * base - strand : mut : base", "prob": 0.87460298326005192}, "pos3": {"stats": "{\"strand\":{\"0\":\"+\",\"1\":\"+\",\"2\":\"+\",\"3\":\"+\",\"4\":\"+\",\"5\":\"+\",\"6\":\"+\",\"7\":\"+\",\"8\":\"-\",\"9\":\"-\",\"10\":\"-\",\"11\":\"-\",\"12\":\"-\",\"13\":\"-\",\"14\":\"-\",\"15\":\"-\"},\"mut\":{\"0\":\"M\",\"1\":\"M\",\"2\":\"M\",\"3\":\"M\",\"4\":\"R\",\"5\":\"R\",\"6\":\"R\",\"7\":\"R\",\"8\":\"M\",\"9\":\"M\",\"10\":\"M\",\"11\":\"M\",\"12\":\"R\",\"13\":\"R\",\"14\":\"R\",\"15\":\"R\"},\"base\":{\"0\":\"A\",\"1\":\"C\",\"2\":\"G\",\"3\":\"T\",\"4\":\"A\",\"5\":\"C\",\"6\":\"G\",\"7\":\"T\",\"8\":\"A\",\"9\":\"C\",\"10\":\"G\",\"11\":\"T\",\"12\":\"A\",\"13\":\"C\",\"14\":\"G\",\"15\":\"T\"},\"count\":{\"0\":33,\"1\":42,\"2\":40,\"3\":46,\"4\":42,\"5\":40,\"6\":39,\"7\":40,\"8\":36,\"9\":45,\"10\":50,\"11\":42,\"12\":57,\"13\":43,\"14\":42,\"15\":31},\"fitted\":{\"0\":30.572124145,\"1\":41.7203633916,\"2\":41.3348170187,\"3\":47.3726954448,\"4\":44.4278758552,\"5\":40.2796366084,\"6\":37.6651829813,\"7\":38.6273045552,\"8\":38.4278758553,\"9\":45.2796366084,\"10\":48.6651829813,\"11\":40.6273045552,\"12\":54.5721241448,\"13\":42.7203633916,\"14\":43.3348170187,\"15\":32.3726954448},\"ret\":{\"0\":0.0037751873,\"1\":0.0004200175,\"2\":-0.0019656118,\"3\":-0.0020248691,\"4\":-0.003533375,\"5\":-0.0004171612,\"6\":0.0020332257,\"7\":0.0020910213,\"8\":-0.0035172319,\"9\":-0.0004173224,\"10\":0.0020253862,\"11\":0.0020892643,\"12\":0.0037142209,\"13\":0.0004199848,\"14\":-0.001967133,\"15\":-0.0020107366}}", "deviance": 0.9550623211257507, "df": 3, "rel_entropy": 0.0007148670068306517, "formula": "count ~ strand * mut * base - strand : mut : base", "prob": 0.81212368780930677}, "pos0": {"stats": "{\"strand\":{\"0\":\"+\",\"1\":\"+\",\"2\":\"+\",\"3\":\"+\",\"4\":\"+\",\"5\":\"+\",\"6\":\"+\",\"7\":\"+\",\"8\":\"-\",\"9\":\"-\",\"10\":\"-\",\"11\":\"-\",\"12\":\"-\",\"13\":\"-\",\"14\":\"-\",\"15\":\"-\"},\"mut\":{\"0\":\"M\",\"1\":\"M\",\"2\":\"M\",\"3\":\"M\",\"4\":\"R\",\"5\":\"R\",\"6\":\"R\",\"7\":\"R\",\"8\":\"M\",\"9\":\"M\",\"10\":\"M\",\"11\":\"M\",\"12\":\"R\",\"13\":\"R\",\"14\":\"R\",\"15\":\"R\"},\"base\":{\"0\":\"A\",\"1\":\"C\",\"2\":\"G\",\"3\":\"T\",\"4\":\"A\",\"5\":\"C\",\"6\":\"G\",\"7\":\"T\",\"8\":\"A\",\"9\":\"C\",\"10\":\"G\",\"11\":\"T\",\"12\":\"A\",\"13\":\"C\",\"14\":\"G\",\"15\":\"T\"},\"count\":{\"0\":50,\"1\":31,\"2\":42,\"3\":38,\"4\":40,\"5\":27,\"6\":51,\"7\":43,\"8\":50,\"9\":40,\"10\":49,\"11\":34,\"12\":50,\"13\":41,\"14\":45,\"15\":37},\"fitted\":{\"0\":47.4770670528,\"1\":29.7035997688,\"2\":45.3641314108,\"3\":38.4552017681,\"4\":42.5229329473,\"5\":28.2964002313,\"6\":47.6358685898,\"7\":42.5447982319,\"8\":52.5229329473,\"9\":41.2964002313,\"10\":45.6358685899,\"11\":33.5447982319,\"12\":47.4770670528,\"13\":39.7035997688,\"14\":48.3641314107,\"15\":37.4552017681},\"ret\":{\"0\":0.0038754648,\"1\":0.0019824668,\"2\":-0.0048445942,\"3\":-0.0006773906,\"4\":-0.0036625195,\"5\":-0.0018955669,\"6\":0.0052099106,\"7\":0.0006850723,\"8\":-0.0036846472,\"9\":-0.001909933,\"10\":0.0052173483,\"11\":0.0006860426,\"12\":0.0038754648,\"13\":0.0019720637,\"14\":-0.004856764,\"15\":-0.000677282}}", "deviance": 1.7303023436985865, "df": 3, "rel_entropy": 0.0012951364848043311, "formula": "count ~ strand * mut * base - strand : mut : base", "prob": 0.63021803760856243}, "pos1": {"stats": "{\"strand\":{\"0\":\"+\",\"1\":\"+\",\"2\":\"+\",\"3\":\"+\",\"4\":\"+\",\"5\":\"+\",\"6\":\"+\",\"7\":\"+\",\"8\":\"-\",\"9\":\"-\",\"10\":\"-\",\"11\":\"-\",\"12\":\"-\",\"13\":\"-\",\"14\":\"-\",\"15\":\"-\"},\"mut\":{\"0\":\"M\",\"1\":\"M\",\"2\":\"M\",\"3\":\"M\",\"4\":\"R\",\"5\":\"R\",\"6\":\"R\",\"7\":\"R\",\"8\":\"M\",\"9\":\"M\",\"10\":\"M\",\"11\":\"M\",\"12\":\"R\",\"13\":\"R\",\"14\":\"R\",\"15\":\"R\"},\"base\":{\"0\":\"A\",\"1\":\"C\",\"2\":\"G\",\"3\":\"T\",\"4\":\"A\",\"5\":\"C\",\"6\":\"G\",\"7\":\"T\",\"8\":\"A\",\"9\":\"C\",\"10\":\"G\",\"11\":\"T\",\"12\":\"A\",\"13\":\"C\",\"14\":\"G\",\"15\":\"T\"},\"count\":{\"0\":30,\"1\":64,\"2\":47,\"3\":20,\"4\":48,\"5\":48,\"6\":42,\"7\":23,\"8\":48,\"9\":49,\"10\":50,\"11\":26,\"12\":64,\"13\":41,\"14\":26,\"15\":42},\"fitted\":{\"0\":30.953520421,\"1\":61.4723326606,\"2\":51.3674622103,\"3\":17.2066847081,\"4\":47.046479579,\"5\":50.5276673394,\"6\":37.6325377897,\"7\":25.7933152919,\"8\":47.046479579,\"9\":51.5276673394,\"10\":45.6325377897,\"11\":28.7933152919,\"12\":64.953520421,\"13\":38.4723326606,\"14\":30.3674622103,\"15\":39.2066847081},\"ret\":{\"0\":-0.0014052106,\"1\":0.0038606836,\"2\":-0.0062519385,\"3\":0.0045040215,\"4\":0.0014417943,\"5\":-0.0036876678,\"6\":0.006903629,\"7\":-0.0039465364,\"8\":0.0014417943,\"9\":-0.0036895676,\"10\":0.0068414667,\"11\":-0.0039718781,\"12\":-0.0014168968,\"13\":0.0039056008,\"14\":-0.0060436445,\"15\":0.0043271542}}", "deviance": 3.7579062352463497, "df": 3, "rel_entropy": 0.002812804068298166, "formula": "count ~ strand * mut * base - strand : mut : base", "prob": 0.28882045354913671}}