{"pos1": {"deviance": 210.85692661373287, "rel_entropy": 2.0666651502184688e-05, "prob": 1.9009879175016483e-45, "stats": "{\"group\":{\"0\":\"1\",\"1\":\"1\",\"2\":\"1\",\"3\":\"1\",\"4\":\"1\",\"5\":\"1\",\"6\":\"1\",\"7\":\"1\",\"8\":\"2\",\"9\":\"2\",\"10\":\"2\",\"11\":\"2\",\"12\":\"2\",\"13\":\"2\",\"14\":\"2\",\"15\":\"2\"},\"mut\":{\"0\":\"M\",\"1\":\"M\",\"2\":\"M\",\"3\":\"M\",\"4\":\"R\",\"5\":\"R\",\"6\":\"R\",\"7\":\"R\",\"8\":\"M\",\"9\":\"M\",\"10\":\"M\",\"11\":\"M\",\"12\":\"R\",\"13\":\"R\",\"14\":\"R\",\"15\":\"R\"},\"base\":{\"0\":\"A\",\"1\":\"C\",\"2\":\"G\",\"3\":\"T\",\"4\":\"A\",\"5\":\"C\",\"6\":\"G\",\"7\":\"T\",\"8\":\"A\",\"9\":\"C\",\"10\":\"G\",\"11\":\"T\",\"12\":\"A\",\"13\":\"C\",\"14\":\"G\",\"15\":\"T\"},\"count\":{\"0\":316107,\"1\":260684,\"2\":209587,\"3\":222456,\"4\":254201,\"5\":249163,\"6\":205172,\"7\":300298,\"8\":467177,\"9\":415874,\"10\":324808,\"11\":333998,\"12\":371712,\"13\":400781,\"14\":332255,\"15\":437108},\"fitted\":{\"0\":317048.9476406722,\"1\":260085.4518831241,\"2\":206831.2272599381,\"3\":224868.373216271,\"4\":253259.0523593317,\"5\":249761.5481168774,\"6\":207927.7727400633,\"7\":297885.6267837315,\"8\":466235.052359332,\"9\":416472.5481168792,\"10\":327563.7727400631,\"11\":331585.6267837313,\"12\":372653.9476406702,\"13\":400182.4518831238,\"14\":329499.2272599384,\"15\":439520.3732162717},\"ret\":{\"0\":-0.0001843711,\"1\":0.0001174655,\"2\":0.0005437842,\"3\":-0.0004703406,\"4\":0.0001849886,\"5\":-0.0001171899,\"6\":-0.0005366056,\"7\":0.000474796,\"8\":0.000184832,\"9\":-0.0001172463,\"10\":-0.0005379226,\"11\":0.0004746023,\"12\":-0.0001844121,\"13\":0.0001174183,\"14\":0.000542454,\"15\":-0.0004715862}}", "formula": "count ~ group * mut * base - group : mut : base", "df": 3}, "pos0": {"deviance": 24.23308955612606, "rel_entropy": 2.375149940391245e-06, "prob": 2.233163479320893e-05, "stats": "{\"group\":{\"0\":\"1\",\"1\":\"1\",\"2\":\"1\",\"3\":\"1\",\"4\":\"1\",\"5\":\"1\",\"6\":\"1\",\"7\":\"1\",\"8\":\"2\",\"9\":\"2\",\"10\":\"2\",\"11\":\"2\",\"12\":\"2\",\"13\":\"2\",\"14\":\"2\",\"15\":\"2\"},\"mut\":{\"0\":\"M\",\"1\":\"M\",\"2\":\"M\",\"3\":\"M\",\"4\":\"R\",\"5\":\"R\",\"6\":\"R\",\"7\":\"R\",\"8\":\"M\",\"9\":\"M\",\"10\":\"M\",\"11\":\"M\",\"12\":\"R\",\"13\":\"R\",\"14\":\"R\",\"15\":\"R\"},\"base\":{\"0\":\"A\",\"1\":\"C\",\"2\":\"G\",\"3\":\"T\",\"4\":\"A\",\"5\":\"C\",\"6\":\"G\",\"7\":\"T\",\"8\":\"A\",\"9\":\"C\",\"10\":\"G\",\"11\":\"T\",\"12\":\"A\",\"13\":\"C\",\"14\":\"G\",\"15\":\"T\"},\"count\":{\"0\":250151,\"1\":247582,\"2\":200752,\"3\":310349,\"4\":268522,\"5\":227089,\"6\":204475,\"7\":308748,\"8\":367676,\"9\":403298,\"10\":324593,\"11\":446290,\"12\":394204,\"13\":365518,\"14\":333606,\"15\":448528},\"fitted\":{\"0\":250377.1239934796,\"1\":248584.5184957667,\"2\":200295.5698019475,\"3\":309576.7877088068,\"4\":268295.8760065213,\"5\":226086.4815042324,\"6\":204931.4301980518,\"7\":309520.212291191,\"8\":367449.8760065214,\"9\":402295.4815042325,\"10\":325049.4301980526,\"11\":447062.2122911906,\"12\":394430.123993477,\"13\":366520.5184957667,\"14\":333149.5698019466,\"15\":447755.7877088063},\"ret\":{\"0\":-0.000044306,\"1\":-0.0001961222,\"2\":0.0000895738,\"3\":0.0001515618,\"4\":0.0000443447,\"5\":0.0001969541,\"6\":-0.0000893722,\"7\":-0.0001511842,\"8\":0.0000443397,\"9\":0.0001967637,\"10\":-0.000089409,\"11\":-0.0001512424,\"12\":-0.0000443133,\"13\":-0.00019625,\"14\":0.0000895332,\"15\":0.0001515036}}", "formula": "count ~ group * mut * base - group : mut : base", "df": 3}, "pos2": {"deviance": 326.4002175436842, "rel_entropy": 3.199135856973673e-05, "prob": 1.919698795987321e-70, "stats": "{\"group\":{\"0\":\"1\",\"1\":\"1\",\"2\":\"1\",\"3\":\"1\",\"4\":\"1\",\"5\":\"1\",\"6\":\"1\",\"7\":\"1\",\"8\":\"2\",\"9\":\"2\",\"10\":\"2\",\"11\":\"2\",\"12\":\"2\",\"13\":\"2\",\"14\":\"2\",\"15\":\"2\"},\"mut\":{\"0\":\"M\",\"1\":\"M\",\"2\":\"M\",\"3\":\"M\",\"4\":\"R\",\"5\":\"R\",\"6\":\"R\",\"7\":\"R\",\"8\":\"M\",\"9\":\"M\",\"10\":\"M\",\"11\":\"M\",\"12\":\"R\",\"13\":\"R\",\"14\":\"R\",\"15\":\"R\"},\"base\":{\"0\":\"A\",\"1\":\"C\",\"2\":\"G\",\"3\":\"T\",\"4\":\"A\",\"5\":\"C\",\"6\":\"G\",\"7\":\"T\",\"8\":\"A\",\"9\":\"C\",\"10\":\"G\",\"11\":\"T\",\"12\":\"A\",\"13\":\"C\",\"14\":\"G\",\"15\":\"T\"},\"count\":{\"0\":229565,\"1\":190716,\"2\":353047,\"3\":235506,\"4\":368060,\"5\":249390,\"6\":40768,\"7\":350616,\"8\":328893,\"9\":283900,\"10\":602142,\"11\":326922,\"12\":536783,\"13\":402094,\"14\":79680,\"15\":523299},\"fitted\":{\"0\":233305.6365598399,\"1\":189584.8059391302,\"2\":351258.8781984231,\"3\":234684.6793025994,\"4\":364319.3634401545,\"5\":250521.1940608673,\"6\":42556.1218015756,\"7\":351437.3206973982,\"8\":325152.3634401545,\"9\":285031.1940608673,\"10\":603930.1218015712,\"11\":327743.3206973978,\"12\":540523.6365598408,\"13\":400962.8059391286,\"14\":77891.8781984245,\"15\":522477.6793025982},\"ret\":{\"0\":-0.0007273497,\"1\":0.0002224029,\"2\":0.0003514079,\"3\":0.0001612811,\"4\":0.0007370111,\"5\":-0.0002212413,\"6\":-0.0003430478,\"7\":-0.0001608114,\"8\":0.0007374613,\"9\":-0.0002213021,\"10\":-0.0003499978,\"11\":-0.0001607978,\"12\":-0.0007307165,\"13\":0.0002220552,\"14\":0.0003545101,\"15\":0.0001611262}}", "formula": "count ~ group * mut * base - group : mut : base", "df": 3}, "pos3": {"deviance": 62.91453655057762, "rel_entropy": 6.166422048321584e-06, "prob": 1.400692950661954e-13, "stats": "{\"group\":{\"0\":\"1\",\"1\":\"1\",\"2\":\"1\",\"3\":\"1\",\"4\":\"1\",\"5\":\"1\",\"6\":\"1\",\"7\":\"1\",\"8\":\"2\",\"9\":\"2\",\"10\":\"2\",\"11\":\"2\",\"12\":\"2\",\"13\":\"2\",\"14\":\"2\",\"15\":\"2\"},\"mut\":{\"0\":\"M\",\"1\":\"M\",\"2\":\"M\",\"3\":\"M\",\"4\":\"R\",\"5\":\"R\",\"6\":\"R\",\"7\":\"R\",\"8\":\"M\",\"9\":\"M\",\"10\":\"M\",\"11\":\"M\",\"12\":\"R\",\"13\":\"R\",\"14\":\"R\",\"15\":\"R\"},\"base\":{\"0\":\"A\",\"1\":\"C\",\"2\":\"G\",\"3\":\"T\",\"4\":\"A\",\"5\":\"C\",\"6\":\"G\",\"7\":\"T\",\"8\":\"A\",\"9\":\"C\",\"10\":\"G\",\"11\":\"T\",\"12\":\"A\",\"13\":\"C\",\"14\":\"G\",\"15\":\"T\"},\"count\":{\"0\":240223,\"1\":247396,\"2\":215706,\"3\":305509,\"4\":264321,\"5\":227660,\"6\":220705,\"7\":296148,\"8\":342344,\"9\":396772,\"10\":360567,\"11\":442174,\"12\":381312,\"13\":364533,\"14\":360899,\"15\":435112},\"fitted\":{\"0\":239472.3081477105,\"1\":247665.0814363137,\"2\":217342.1373085093,\"3\":304354.4731074712,\"4\":265071.6918522927,\"5\":227390.9185636878,\"6\":219068.8626914918,\"7\":297302.5268925305,\"8\":343094.6918522929,\"9\":396502.918563688,\"10\":358930.8626914922,\"11\":443328.5268925304,\"12\":380561.3081477092,\"13\":364802.0814363138,\"14\":362535.1373085095,\"15\":433957.4731074707},\"ret\":{\"0\":0.000147385,\"1\":-0.0000527181,\"2\":-0.0003195142,\"3\":0.0002267452,\"4\":-0.0001469461,\"5\":0.000052778,\"6\":0.0003219191,\"7\":-0.0002258765,\"8\":-0.0001469935,\"9\":0.0000527647,\"10\":0.0003214543,\"11\":-0.0002260216,\"12\":0.0001472997,\"13\":-0.0000527273,\"14\":-0.0003199996,\"15\":0.0002266173}}", "formula": "count ~ group * mut * base - group : mut : base", "df": 3}}