{"('pos1', 'pos2')": {"stats": "{\"mut\":{\"0\":\"M\",\"1\":\"M\",\"2\":\"M\",\"3\":\"M\",\"4\":\"M\",\"5\":\"M\",\"6\":\"M\",\"7\":\"M\",\"8\":\"M\",\"9\":\"M\",\"10\":\"M\",\"11\":\"M\",\"12\":\"M\",\"13\":\"M\",\"14\":\"M\",\"15\":\"M\",\"16\":\"R\",\"17\":\"R\",\"18\":\"R\",\"19\":\"R\",\"20\":\"R\",\"21\":\"R\",\"22\":\"R\",\"23\":\"R\",\"24\":\"R\",\"25\":\"R\",\"26\":\"R\",\"27\":\"R\",\"28\":\"R\",\"29\":\"R\",\"30\":\"R\",\"31\":\"R\"},\"base1\":{\"0\":\"A\",\"1\":\"A\",\"2\":\"A\",\"3\":\"A\",\"4\":\"C\",\"5\":\"C\",\"6\":\"C\",\"7\":\"C\",\"8\":\"G\",\"9\":\"G\",\"10\":\"G\",\"11\":\"G\",\"12\":\"T\",\"13\":\"T\",\"14\":\"T\",\"15\":\"T\",\"16\":\"A\",\"17\":\"A\",\"18\":\"A\",\"19\":\"A\",\"20\":\"C\",\"21\":\"C\",\"22\":\"C\",\"23\":\"C\",\"24\":\"G\",\"25\":\"G\",\"26\":\"G\",\"27\":\"G\",\"28\":\"T\",\"29\":\"T\",\"30\":\"T\",\"31\":\"T\"},\"base2\":{\"0\":\"A\",\"1\":\"C\",\"2\":\"G\",\"3\":\"T\",\"4\":\"A\",\"5\":\"C\",\"6\":\"G\",\"7\":\"T\",\"8\":\"A\",\"9\":\"C\",\"10\":\"G\",\"11\":\"T\",\"12\":\"A\",\"13\":\"C\",\"14\":\"G\",\"15\":\"T\",\"16\":\"A\",\"17\":\"C\",\"18\":\"G\",\"19\":\"T\",\"20\":\"A\",\"21\":\"C\",\"22\":\"G\",\"23\":\"T\",\"24\":\"A\",\"25\":\"C\",\"26\":\"G\",\"27\":\"T\",\"28\":\"A\",\"29\":\"C\",\"30\":\"G\",\"31\":\"T\"},\"count\":{\"0\":22283,\"1\":21831,\"2\":25550,\"3\":22644,\"4\":7883,\"5\":10297,\"6\":13908,\"7\":10636,\"8\":7929,\"9\":10237,\"10\":12714,\"11\":12167,\"12\":25093,\"13\":10332,\"14\":10252,\"15\":22179,\"16\":17404,\"17\":11036,\"18\":15552,\"19\":20565,\"20\":10934,\"21\":14108,\"22\":16965,\"23\":16482,\"24\":9783,\"25\":7931,\"26\":12520,\"27\":11896,\"28\":17652,\"29\":15970,\"30\":15395,\"31\":31742},\"fitted\":{\"0\":24413.7284738306,\"1\":19894.5480327529,\"2\":24391.2958616185,\"3\":23608.4276317991,\"4\":8463.7069067684,\"5\":10727.5038151101,\"6\":13195.7642377092,\"7\":10337.0250404127,\"8\":9462.6769632474,\"9\":9518.7938439924,\"10\":12909.4082126231,\"11\":11156.1209801374,\"12\":20847.8876561545,\"13\":12556.1543081449,\"14\":11927.5316880497,\"15\":22524.4263476513,\"16\":15273.2715261701,\"17\":12972.4519672473,\"18\":16710.7041383818,\"19\":19600.5723682012,\"20\":10353.2930932318,\"21\":13677.4961848901,\"22\":17677.2357622911,\"23\":16780.9749595876,\"24\":8249.3230367527,\"25\":8649.2061560077,\"26\":12324.5917873772,\"27\":12906.8790198628,\"28\":21897.1123438458,\"29\":13745.8456918553,\"30\":13719.4683119504,\"31\":31396.5736523491},\"ret\":{\"0\":-0.004137106,\"1\":0.0041225892,\"2\":0.0024108004,\"3\":-0.0019201311,\"4\":-0.0011391494,\"5\":-0.0008574372,\"6\":0.0014864096,\"7\":0.0006165398,\"8\":-0.0028504937,\"9\":0.0015139043,\"10\":-0.0003942541,\"11\":0.0021455955,\"12\":0.0094550258,\"13\":-0.0040953482,\"14\":-0.0031551262,\"15\":-0.000696859,\"16\":0.004620912,\"17\":-0.0036272573,\"18\":-0.0022720848,\"19\":0.0020082027,\"20\":0.001213118,\"21\":0.000888871,\"22\":-0.0014184453,\"23\":-0.0006023862,\"24\":0.0033914422,\"25\":-0.0013977795,\"26\":0.0004004091,\"27\":-0.0019725061,\"28\":-0.0077339668,\"29\":0.0048693878,\"30\":0.003606478,\"31\":0.0007061208}}", "deviance": 5101.1594274615545, "df": 9, "rel_entropy": 0.0051854752551096376, "formula": "count ~ mut * base1 * base2 - mut : base1 : base2", "prob": 0}, "('pos1', 'pos3')": {"stats": "{\"mut\":{\"0\":\"M\",\"1\":\"M\",\"2\":\"M\",\"3\":\"M\",\"4\":\"M\",\"5\":\"M\",\"6\":\"M\",\"7\":\"M\",\"8\":\"M\",\"9\":\"M\",\"10\":\"M\",\"11\":\"M\",\"12\":\"M\",\"13\":\"M\",\"14\":\"M\",\"15\":\"M\",\"16\":\"R\",\"17\":\"R\",\"18\":\"R\",\"19\":\"R\",\"20\":\"R\",\"21\":\"R\",\"22\":\"R\",\"23\":\"R\",\"24\":\"R\",\"25\":\"R\",\"26\":\"R\",\"27\":\"R\",\"28\":\"R\",\"29\":\"R\",\"30\":\"R\",\"31\":\"R\"},\"base1\":{\"0\":\"A\",\"1\":\"A\",\"2\":\"A\",\"3\":\"A\",\"4\":\"C\",\"5\":\"C\",\"6\":\"C\",\"7\":\"C\",\"8\":\"G\",\"9\":\"G\",\"10\":\"G\",\"11\":\"G\",\"12\":\"T\",\"13\":\"T\",\"14\":\"T\",\"15\":\"T\",\"16\":\"A\",\"17\":\"A\",\"18\":\"A\",\"19\":\"A\",\"20\":\"C\",\"21\":\"C\",\"22\":\"C\",\"23\":\"C\",\"24\":\"G\",\"25\":\"G\",\"26\":\"G\",\"27\":\"G\",\"28\":\"T\",\"29\":\"T\",\"30\":\"T\",\"31\":\"T\"},\"base2\":{\"0\":\"A\",\"1\":\"C\",\"2\":\"G\",\"3\":\"T\",\"4\":\"A\",\"5\":\"C\",\"6\":\"G\",\"7\":\"T\",\"8\":\"A\",\"9\":\"C\",\"10\":\"G\",\"11\":\"T\",\"12\":\"A\",\"13\":\"C\",\"14\":\"G\",\"15\":\"T\",\"16\":\"A\",\"17\":\"C\",\"18\":\"G\",\"19\":\"T\",\"20\":\"A\",\"21\":\"C\",\"22\":\"G\",\"23\":\"T\",\"24\":\"A\",\"25\":\"C\",\"26\":\"G\",\"27\":\"T\",\"28\":\"A\",\"29\":\"C\",\"30\":\"G\",\"31\":\"T\"},\"count\":{\"0\":28994,\"1\":16892,\"2\":12491,\"3\":33931,\"4\":11218,\"5\":9921,\"6\":7465,\"7\":14120,\"8\":11704,\"9\":8500,\"10\":7919,\"11\":14924,\"12\":25437,\"13\":10094,\"14\":8572,\"15\":23753,\"16\":19247,\"17\":12136,\"18\":10423,\"19\":22751,\"20\":15372,\"21\":13865,\"22\":11311,\"23\":17941,\"24\":11878,\"25\":8087,\"26\":8472,\"27\":13693,\"28\":21941,\"29\":16386,\"30\":13213,\"31\":29219},\"fitted\":{\"0\":29696.1540696672,\"1\":16385.9168356714,\"2\":12537.370682409,\"3\":33688.5584122523,\"4\":12069.777059438,\"5\":9566.9258518357,\"6\":7237.0896093641,\"7\":13850.2074793622,\"8\":12654.9240740378,\"9\":8025.5807916139,\"10\":7643.6920781386,\"11\":14722.8030562094,\"12\":22932.1447968567,\"13\":11428.5765208789,\"14\":9028.8476300883,\"15\":24466.431052176,\"16\":18544.8459303326,\"17\":12642.0831643286,\"18\":10376.629317591,\"19\":22993.4415877477,\"20\":14520.222940562,\"21\":14219.0741481643,\"22\":11538.9103906359,\"23\":18210.7925206378,\"24\":10927.0759259621,\"25\":8561.419208386,\"26\":8747.3079218613,\"27\":13894.1969437905,\"28\":24445.8552031433,\"29\":15051.4234791211,\"30\":12756.1523699117,\"31\":28505.5689478239},\"ret\":{\"0\":-0.0014105084,\"1\":0.0010446239,\"2\":-0.0000940997,\"3\":0.000494667,\"4\":-0.001669117,\"5\":0.0007330127,\"6\":0.0004705755,\"7\":0.0005538116,\"8\":-0.0018587564,\"9\":0.0009924839,\"10\":0.0005696778,\"11\":0.0004118272,\"12\":0.0053610326,\"13\":-0.0025482952,\"14\":-0.0009048929,\"15\":-0.0014290906,\"16\":0.0014542096,\"17\":-0.0010080215,\"18\":0.0000944846,\"19\":-0.00049029,\"20\":0.0017815391,\"21\":-0.0007108151,\"22\":-0.0004587485,\"23\":-0.0005444205,\"24\":0.0020150656,\"25\":-0.00093729,\"26\":-0.0005508148,\"27\":-0.0004060689,\"28\":-0.0048222135,\"29\":0.0028301551,\"30\":0.0009452344,\"31\":0.0014684475}}", "deviance": 1355.0086832057264, "df": 9, "rel_entropy": 0.0013774052932743676, "formula": "count ~ mut * base1 * base2 - mut : base1 : base2", "prob": 4.0587945193401701e-286},