{"pos3": {"deviance": 9.783620893864153, "rel_entropy": 2.3732597427407444e-06, "prob": 0.020497884646929983, "df": 3, "formula": "count ~ group * mut * base - group : mut : base", "stats": "{\"group\":{\"8\":\"1\",\"9\":\"1\",\"10\":\"1\",\"11\":\"1\",\"12\":\"1\",\"13\":\"1\",\"14\":\"1\",\"15\":\"1\",\"0\":\"2\",\"1\":\"2\",\"2\":\"2\",\"3\":\"2\",\"4\":\"2\",\"5\":\"2\",\"6\":\"2\",\"7\":\"2\"},\"mut\":{\"8\":\"M\",\"9\":\"M\",\"10\":\"M\",\"11\":\"M\",\"12\":\"R\",\"13\":\"R\",\"14\":\"R\",\"15\":\"R\",\"0\":\"M\",\"1\":\"M\",\"2\":\"M\",\"3\":\"M\",\"4\":\"R\",\"5\":\"R\",\"6\":\"R\",\"7\":\"R\"},\"base\":{\"8\":\"A\",\"9\":\"C\",\"10\":\"G\",\"11\":\"T\",\"12\":\"A\",\"13\":\"C\",\"14\":\"G\",\"15\":\"T\",\"0\":\"A\",\"1\":\"C\",\"2\":\"G\",\"3\":\"T\",\"4\":\"A\",\"5\":\"C\",\"6\":\"G\",\"7\":\"T\"},\"count\":{\"8\":240223,\"9\":247396,\"10\":215706,\"11\":305509,\"12\":264321,\"13\":227660,\"14\":220705,\"15\":296148,\"0\":5487,\"1\":5292,\"2\":4584,\"3\":6413,\"4\":5904,\"5\":4812,\"6\":4560,\"7\":6500},\"fitted\":{\"8\":240281.5405899371,\"9\":247422.3041274871,\"10\":215766.1618171126,\"11\":305363.9934654628,\"12\":264262.4594100625,\"13\":227633.6958725128,\"14\":220644.8381828873,\"15\":296293.0065345372,\"0\":5428.459410063,\"1\":5265.6958725129,\"2\":4523.8381828871,\"3\":6558.0065345373,\"4\":5962.5405899373,\"5\":4838.3041274871,\"6\":4620.1618171129,\"7\":6354.9934654626},\"ret\":{\"8\":-0.0000283975,\"9\":-0.0000127608,\"10\":-0.0000291834,\"11\":0.0000703666,\"12\":0.0000284041,\"13\":0.0000127622,\"14\":0.0000291915,\"15\":-0.0000703326,\"0\":0.0000285535,\"1\":0.0000127933,\"2\":0.0000293807,\"3\":-0.0000695663,\"4\":-0.0000282611,\"5\":-0.0000127267,\"6\":-0.0000289966,\"7\":0.0000711464}}"}, "pos0": {"deviance": 5.13276169948724, "rel_entropy": 1.2450785698487402e-06, "prob": 0.16232984050586716, "df": 3, "formula": "count ~ group * mut * base - group : mut : base", "stats": "{\"group\":{\"8\":\"1\",\"9\":\"1\",\"10\":\"1\",\"11\":\"1\",\"12\":\"1\",\"13\":\"1\",\"14\":\"1\",\"15\":\"1\",\"0\":\"2\",\"1\":\"2\",\"2\":\"2\",\"3\":\"2\",\"4\":\"2\",\"5\":\"2\",\"6\":\"2\",\"7\":\"2\"},\"mut\":{\"8\":\"M\",\"9\":\"M\",\"10\":\"M\",\"11\":\"M\",\"12\":\"R\",\"13\":\"R\",\"14\":\"R\",\"15\":\"R\",\"0\":\"M\",\"1\":\"M\",\"2\":\"M\",\"3\":\"M\",\"4\":\"R\",\"5\":\"R\",\"6\":\"R\",\"7\":\"R\"},\"base\":{\"8\":\"A\",\"9\":\"C\",\"10\":\"G\",\"11\":\"T\",\"12\":\"A\",\"13\":\"C\",\"14\":\"G\",\"15\":\"T\",\"0\":\"A\",\"1\":\"C\",\"2\":\"G\",\"3\":\"T\",\"4\":\"A\",\"5\":\"C\",\"6\":\"G\",\"7\":\"T\"},\"count\":{\"8\":250151,\"9\":247582,\"10\":200752,\"11\":310349,\"12\":268522,\"13\":227089,\"14\":204475,\"15\":308748,\"0\":5362,\"1\":5139,\"2\":4254,\"3\":7021,\"4\":5942,\"5\":4743,\"6\":4252,\"7\":6839},\"fitted\":{\"8\":250061.0746199479,\"9\":247565.2186395377,\"10\":200789.7193964282,\"11\":310417.9873440875,\"12\":268611.9253800524,\"13\":227105.7813604623,\"14\":204437.2806035725,\"15\":308679.0126559125,\"0\":5451.9253800527,\"1\":5155.7813604624,\"2\":4216.2806035723,\"3\":6952.0126559127,\"4\":5852.0746199475,\"5\":4726.2186395375,\"6\":4289.7193964277,\"7\":6907.9873440872},\"ret\":{\"8\":0.0000436351,\"9\":0.0000081417,\"10\":-0.0000182978,\"11\":-0.0000334655,\"12\":-0.00004362,\"13\":-0.0000081412,\"14\":0.0000183012,\"15\":0.0000334729,\"0\":-0.0000432655,\"1\":-0.0000081282,\"2\":0.0000183812,\"3\":0.0000336347,\"4\":0.0000439608,\"5\":0.0000081559,\"6\":-0.0000182189,\"7\":-0.0000333015}}"}, "pos1": {"deviance": 20.488307135649276, "rel_entropy": 4.969946714967174e-06, "prob": 0.00013444363883165366, "df": 3, "formula": "count ~ group * mut * base - group : mut : base", "stats": "{\"group\":{\"8\":\"1\",\"9\":\"1\",\"10\":\"1\",\"11\":\"1\",\"12\":\"1\",\"13\":\"1\",\"14\":\"1\",\"15\":\"1\",\"0\":\"2\",\"1\":\"2\",\"2\":\"2\",\"3\":\"2\",\"4\":\"2\",\"5\":\"2\",\"6\":\"2\",\"7\":\"2\"},\"mut\":{\"8\":\"M\",\"9\":\"M\",\"10\":\"M\",\"11\":\"M\",\"12\":\"R\",\"13\":\"R\",\"14\":\"R\",\"15\":\"R\",\"0\":\"M\",\"1\":\"M\",\"2\":\"M\",\"3\":\"M\",\"4\":\"R\",\"5\":\"R\",\"6\":\"R\",\"7\":\"R\"},\"base\":{\"8\":\"A\",\"9\":\"C\",\"10\":\"G\",\"11\":\"T\",\"12\":\"A\",\"13\":\"C\",\"14\":\"G\",\"15\":\"T\",\"0\":\"A\",\"1\":\"C\",\"2\":\"G\",\"3\":\"T\",\"4\":\"A\",\"5\":\"C\",\"6\":\"G\",\"7\":\"T\"},\"count\":{\"8\":316107,\"9\":260684,\"10\":209587,\"11\":222456,\"12\":254201,\"13\":249163,\"14\":205172,\"15\":300298,\"0\":6637,\"1\":5802,\"2\":4568,\"3\":4769,\"4\":5686,\"5\":5277,\"6\":4346,\"7\":6467},\"fitted\":{\"8\":315919.1186887164,\"9\":260819.6311728231,\"10\":209650.2076329149,\"11\":222445.042505548,\"12\":254388.8813112849,\"13\":249027.3688271781,\"14\":205108.7923670857,\"15\":300308.9574944534,\"0\":6824.8813112846,\"1\":5666.368827178,\"2\":4504.7923670854,\"3\":4779.9574944526,\"4\":5498.118688716,\"5\":5412.6311728221,\"6\":4409.2076329146,\"7\":6456.0425055475},\"ret\":{\"8\":0.0000911776,\"9\":-0.0000657843,\"10\":-0.0000306605,\"11\":0.0000053162,\"12\":-0.0000911169,\"13\":0.0000658193,\"14\":0.0000306699,\"15\":-0.0000053159,\"0\":-0.0000898842,\"1\":0.0000665827,\"2\":0.0000308793,\"3\":-0.0000053099,\"4\":0.0000926905,\"5\":-0.00006497,\"6\":-0.0000304443,\"7\":0.0000053205}}"}, "pos2": {"deviance": 20.748220962469276, "rel_entropy": 5.032995255836173e-06, "prob": 0.00011874212379163972, "df": 3, "formula": "count ~ group * mut * base - group : mut : base", "stats": "{\"group\":{\"8\":\"1\",\"9\":\"1\",\"10\":\"1\",\"11\":\"1\",\"12\":\"1\",\"13\":\"1\",\"14\":\"1\",\"15\":\"1\",\"0\":\"2\",\"1\":\"2\",\"2\":\"2\",\"3\":\"2\",\"4\":\"2\",\"5\":\"2\",\"6\":\"2\",\"7\":\"2\"},\"mut\":{\"8\":\"M\",\"9\":\"M\",\"10\":\"M\",\"11\":\"M\",\"12\":\"R\",\"13\":\"R\",\"14\":\"R\",\"15\":\"R\",\"0\":\"M\",\"1\":\"M\",\"2\":\"M\",\"3\":\"M\",\"4\":\"R\",\"5\":\"R\",\"6\":\"R\",\"7\":\"R\"},\"base\":{\"8\":\"A\",\"9\":\"C\",\"10\":\"G\",\"11\":\"T\",\"12\":\"A\",\"13\":\"C\",\"14\":\"G\",\"15\":\"T\",\"0\":\"A\",\"1\":\"C\",\"2\":\"G\",\"3\":\"T\",\"4\":\"A\",\"5\":\"C\",\"6\":\"G\",\"7\":\"T\"},\"count\":{\"8\":229565,\"9\":190716,\"10\":353047,\"11\":235506,\"12\":368060,\"13\":249390,\"14\":40768,\"15\":350616,\"0\":5046,\"1\":4111,\"2\":6939,\"3\":5680,\"4\":8084,\"5\":5274,\"6\":807,\"7\":7611},\"fitted\":{\"8\":229442.9730880747,\"9\":190667.0207551177,\"10\":353013.690598047,\"11\":235710.3155587536,\"12\":368182.0269119219,\"13\":249438.9792448794,\"14\":40801.3094019504,\"15\":350411.6844412428,\"0\":5168.0269119236,\"1\":4159.979244881,\"2\":6972.3094019507,\"3\":5475.6844412443,\"4\":7961.973088076,\"5\":5225.0207551189,\"6\":773.6905980493,\"7\":7815.3155587557},\"ret\":{\"8\":0.000059217,\"9\":0.0000237653,\"10\":0.0000161608,\"11\":-0.0000990806,\"12\":-0.0000591915,\"13\":-0.0000237599,\"14\":-0.0000161534,\"15\":0.0000991525,\"0\":-0.0000584968,\"1\":-0.0000236218,\"2\":-0.0000161214,\"3\":0.0001009503,\"4\":0.0000596527,\"5\":0.0000238733,\"6\":0.000016503,\"7\":-0.0000978165}}"}}