{"pos2": {"stats": "{\"strand\":{\"8\":\"+\",\"9\":\"+\",\"10\":\"+\",\"11\":\"+\",\"12\":\"+\",\"13\":\"+\",\"14\":\"+\",\"15\":\"+\",\"0\":\"-\",\"1\":\"-\",\"2\":\"-\",\"3\":\"-\",\"4\":\"-\",\"5\":\"-\",\"6\":\"-\",\"7\":\"-\"},\"mut\":{\"8\":\"M\",\"9\":\"M\",\"10\":\"M\",\"11\":\"M\",\"12\":\"R\",\"13\":\"R\",\"14\":\"R\",\"15\":\"R\",\"0\":\"M\",\"1\":\"M\",\"2\":\"M\",\"3\":\"M\",\"4\":\"R\",\"5\":\"R\",\"6\":\"R\",\"7\":\"R\"},\"base\":{\"8\":\"A\",\"9\":\"C\",\"10\":\"G\",\"11\":\"T\",\"12\":\"A\",\"13\":\"C\",\"14\":\"G\",\"15\":\"T\",\"0\":\"A\",\"1\":\"C\",\"2\":\"G\",\"3\":\"T\",\"4\":\"A\",\"5\":\"C\",\"6\":\"G\",\"7\":\"T\"},\"count\":{\"8\":90,\"9\":125,\"10\":76,\"11\":103,\"12\":107,\"13\":111,\"14\":30,\"15\":146,\"0\":102,\"1\":132,\"2\":77,\"3\":86,\"4\":130,\"5\":111,\"6\":28,\"7\":128},\"fitted\":{\"8\":88.3641796382,\"9\":126.8440388231,\"10\":76.9409292597,\"11\":101.850852279,\"12\":108.6358203618,\"13\":109.1559611769,\"14\":29.0590707403,\"15\":147.149147721,\"0\":103.6358203618,\"1\":130.1559611769,\"2\":76.0590707403,\"3\":87.149147721,\"4\":128.3641796382,\"5\":112.8440388231,\"6\":28.9409292597,\"7\":126.850852279},\"ret\":{\"8\":0.001043533,\"9\":-0.0011571234,\"10\":-0.0005911203,\"11\":0.0007304717,\"12\":-0.001026196,\"13\":0.0011754286,\"14\":0.000604299,\"15\":-0.0007235455,\"0\":-0.0010258165,\"1\":0.0011738563,\"2\":0.0005984359,\"3\":-0.0007215789,\"4\":0.0010405812,\"5\":-0.0011560613,\"6\":-0.0005849968,\"7\":0.0007296695}}", "rel_entropy": 0.00010983648831996142, "prob": 0.9508563800558643, "df": 3, "deviance": 0.3475226490443579, "formula": "count ~ strand * mut * base - strand : mut : base"}, "pos1": {"stats": "{\"strand\":{\"8\":\"+\",\"9\":\"+\",\"10\":\"+\",\"11\":\"+\",\"12\":\"+\",\"13\":\"+\",\"14\":\"+\",\"15\":\"+\",\"0\":\"-\",\"1\":\"-\",\"2\":\"-\",\"3\":\"-\",\"4\":\"-\",\"5\":\"-\",\"6\":\"-\",\"7\":\"-\"},\"mut\":{\"8\":\"M\",\"9\":\"M\",\"10\":\"M\",\"11\":\"M\",\"12\":\"R\",\"13\":\"R\",\"14\":\"R\",\"15\":\"R\",\"0\":\"M\",\"1\":\"M\",\"2\":\"M\",\"3\":\"M\",\"4\":\"R\",\"5\":\"R\",\"6\":\"R\",\"7\":\"R\"},\"base\":{\"8\":\"A\",\"9\":\"C\",\"10\":\"G\",\"11\":\"T\",\"12\":\"A\",\"13\":\"C\",\"14\":\"G\",\"15\":\"T\",\"0\":\"A\",\"1\":\"C\",\"2\":\"G\",\"3\":\"T\",\"4\":\"A\",\"5\":\"C\",\"6\":\"G\",\"7\":\"T\"},\"count\":{\"8\":87,\"9\":104,\"10\":117,\"11\":86,\"12\":93,\"13\":110,\"14\":95,\"15\":96,\"0\":87,\"1\":106,\"2\":124,\"3\":80,\"4\":67,\"5\":112,\"6\":104,\"7\":114},\"fitted\":{\"8\":93.7155347392,\"9\":103.9536403349,\"10\":116.0433939202,\"11\":80.2874310066,\"12\":86.2844652622,\"13\":110.0463596651,\"14\":95.9566060798,\"15\":101.7125689939,\"0\":80.2844652628,\"1\":106.0463596651,\"2\":124.9566060798,\"3\":85.7125689941,\"4\":73.7155347416,\"5\":111.9536403349,\"6\":103.0433939202,\"7\":108.2874310062},\"ret\":{\"8\":-0.0040891017,\"9\":0.000029311,\"10\":0.000607167,\"11\":0.0037364996,\"12\":0.0044060319,\"13\":-0.0000292983,\"14\":-0.0006016573,\"15\":-0.0035076223,\"0\":0.0044177508,\"1\":-0.0000292981,\"2\":-0.000602361,\"3\":-0.0034878808,\"4\":-0.0040454507,\"5\":0.0000293105,\"6\":0.0006074796,\"7\":0.0037045935}}", "rel_entropy": 0.0011454737797059631, "prob": 0.30499763615951136, "df": 3, "deviance": 3.624279038989667, "formula": "count ~ strand * mut * base - strand : mut : base"}, "pos3": {"stats": "{\"strand\":{\"8\":\"+\",\"9\":\"+\",\"10\":\"+\",\"11\":\"+\",\"12\":\"+\",\"13\":\"+\",\"14\":\"+\",\"15\":\"+\",\"0\":\"-\",\"1\":\"-\",\"2\":\"-\",\"3\":\"-\",\"4\":\"-\",\"5\":\"-\",\"6\":\"-\",\"7\":\"-\"},\"mut\":{\"8\":\"M\",\"9\":\"M\",\"10\":\"M\",\"11\":\"M\",\"12\":\"R\",\"13\":\"R\",\"14\":\"R\",\"15\":\"R\",\"0\":\"M\",\"1\":\"M\",\"2\":\"M\",\"3\":\"M\",\"4\":\"R\",\"5\":\"R\",\"6\":\"R\",\"7\":\"R\"},\"base\":{\"8\":\"A\",\"9\":\"C\",\"10\":\"G\",\"11\":\"T\",\"12\":\"A\",\"13\":\"C\",\"14\":\"G\",\"15\":\"T\",\"0\":\"A\",\"1\":\"C\",\"2\":\"G\",\"3\":\"T\",\"4\":\"A\",\"5\":\"C\",\"6\":\"G\",\"7\":\"T\"},\"count\":{\"8\":96,\"9\":91,\"10\":107,\"11\":100,\"12\":91,\"13\":116,\"14\":95,\"15\":92,\"0\":101,\"1\":98,\"2\":98,\"3\":100,\"4\":85,\"5\":83,\"6\":114,\"7\":115},\"fitted\":{\"8\":98.7712424743,\"9\":100.8399150953,\"10\":100.0321297877,\"11\":94.3567126427,\"12\":88.2287575257,\"13\":106.1600849047,\"14\":101.9678702123,\"15\":97.6432873573,\"0\":98.2287575257,\"1\":88.1600849047,\"2\":104.9678702123,\"3\":105.6432873573,\"4\":87.7712424743,\"5\":92.8399150953,\"6\":107.0321297877,\"7\":109.3567126427},\"ret\":{\"8\":-0.0017269261,\"9\":-0.0059060699,\"10\":0.0045544261,\"11\":0.0036717933,\"12\":0.0017789607,\"13\":0.0064996663,\"14\":-0.0042504318,\"15\":-0.0034620575,\"0\":0.0017762145,\"1\":0.0065547982,\"2\":-0.0042549362,\"3\":-0.0034701656,\"4\":-0.0017237837,\"5\":-0.005877998,\"6\":0.0045448226,\"7\":0.003657683}}", "rel_entropy": 0.002365996047001543, "prob": 0.05791896800348649, "df": 3, "deviance": 7.486011492712882, "formula": "count ~ strand * mut * base - strand : mut : base"}, "pos0": {"stats": "{\"strand\":{\"8\":\"+\",\"9\":\"+\",\"10\":\"+\",\"11\":\"+\",\"12\":\"+\",\"13\":\"+\",\"14\":\"+\",\"15\":\"+\",\"0\":\"-\",\"1\":\"-\",\"2\":\"-\",\"3\":\"-\",\"4\":\"-\",\"5\":\"-\",\"6\":\"-\",\"7\":\"-\"},\"mut\":{\"8\":\"M\",\"9\":\"M\",\"10\":\"M\",\"11\":\"M\",\"12\":\"R\",\"13\":\"R\",\"14\":\"R\",\"15\":\"R\",\"0\":\"M\",\"1\":\"M\",\"2\":\"M\",\"3\":\"M\",\"4\":\"R\",\"5\":\"R\",\"6\":\"R\",\"7\":\"R\"},\"base\":{\"8\":\"A\",\"9\":\"C\",\"10\":\"G\",\"11\":\"T\",\"12\":\"A\",\"13\":\"C\",\"14\":\"G\",\"15\":\"T\",\"0\":\"A\",\"1\":\"C\",\"2\":\"G\",\"3\":\"T\",\"4\":\"A\",\"5\":\"C\",\"6\":\"G\",\"7\":\"T\"},\"count\":{\"8\":116,\"9\":91,\"10\":99,\"11\":88,\"12\":97,\"13\":103,\"14\":88,\"15\":106,\"0\":128,\"1\":104,\"2\":94,\"3\":71,\"4\":91,\"5\":91,\"6\":102,\"7\":113},\"fitted\":{\"8\":120.4709899864,\"9\":97.4008989981,\"10\":94.3814905968,\"11\":81.7466204198,\"12\":92.5290100136,\"13\":96.5991010025,\"14\":92.6185094033,\"15\":112.253379581,\"0\":123.5290100136,\"1\":97.5991010025,\"2\":98.6185094033,\"3\":77.2533795821,\"4\":95.4709899864,\"5\":97.4008989981,\"6\":97.3814905968,\"7\":106.7466204192},\"ret\":{\"8\":-0.0027730589,\"9\":-0.0039101201,\"10\":0.0029897043,\"11\":0.0041003075,\"12\":0.0028933691,\"13\":0.0041772655,\"14\":-0.0028453811,\"15\":-0.0038406266,\"0\":0.0028767018,\"1\":0.0041759495,\"2\":-0.0028499578,\"3\":-0.0037883476,\"4\":-0.0027589293,\"5\":-0.0039101201,\"6\":0.002987572,\"7\":0.0040664161}}", "rel_entropy": 0.0015907443033559123, "prob": 0.1693883008637464, "df": 3, "deviance": 5.033114975818107, "formula": "count ~ strand * mut * base - strand : mut : base"}}