{"pos2": {"stats": "{\"strand\":{\"0\":\"+\",\"1\":\"+\",\"2\":\"+\",\"3\":\"+\",\"4\":\"+\",\"5\":\"+\",\"6\":\"+\",\"7\":\"+\",\"8\":\"-\",\"9\":\"-\",\"10\":\"-\",\"11\":\"-\",\"12\":\"-\",\"13\":\"-\",\"14\":\"-\",\"15\":\"-\"},\"mut\":{\"0\":\"M\",\"1\":\"M\",\"2\":\"M\",\"3\":\"M\",\"4\":\"R\",\"5\":\"R\",\"6\":\"R\",\"7\":\"R\",\"8\":\"M\",\"9\":\"M\",\"10\":\"M\",\"11\":\"M\",\"12\":\"R\",\"13\":\"R\",\"14\":\"R\",\"15\":\"R\"},\"base\":{\"0\":\"A\",\"1\":\"C\",\"2\":\"G\",\"3\":\"T\",\"4\":\"A\",\"5\":\"C\",\"6\":\"G\",\"7\":\"T\",\"8\":\"A\",\"9\":\"C\",\"10\":\"G\",\"11\":\"T\",\"12\":\"A\",\"13\":\"C\",\"14\":\"G\",\"15\":\"T\"},\"count\":{\"0\":90,\"1\":125,\"2\":76,\"3\":103,\"4\":107,\"5\":111,\"6\":30,\"7\":146,\"8\":102,\"9\":132,\"10\":77,\"11\":86,\"12\":130,\"13\":111,\"14\":28,\"15\":128},\"fitted\":{\"0\":88.3641796382,\"1\":126.8440388231,\"2\":76.9409292597,\"3\":101.850852279,\"4\":108.6358203618,\"5\":109.1559611769,\"6\":29.0590707403,\"7\":147.149147721,\"8\":103.6358203618,\"9\":130.1559611769,\"10\":76.0590707403,\"11\":87.149147721,\"12\":128.3641796382,\"13\":112.8440388231,\"14\":28.9409292597,\"15\":126.850852279},\"ret\":{\"0\":0.001043533,\"1\":-0.0011571234,\"2\":-0.0005911203,\"3\":0.0007304717,\"4\":-0.001026196,\"5\":0.0011754286,\"6\":0.000604299,\"7\":-0.0007235455,\"8\":-0.0010258165,\"9\":0.0011738563,\"10\":0.0005984359,\"11\":-0.0007215789,\"12\":0.0010405812,\"13\":-0.0011560613,\"14\":-0.0005849968,\"15\":0.0007296695}}", "deviance": 0.34752264904436525, "df": 3, "rel_entropy": 0.00010983648831996373, "formula": "count ~ strand * mut * base - strand : mut : base", "prob": 0.95085638005586282}, "pos3": {"stats": "{\"strand\":{\"0\":\"+\",\"1\":\"+\",\"2\":\"+\",\"3\":\"+\",\"4\":\"+\",\"5\":\"+\",\"6\":\"+\",\"7\":\"+\",\"8\":\"-\",\"9\":\"-\",\"10\":\"-\",\"11\":\"-\",\"12\":\"-\",\"13\":\"-\",\"14\":\"-\",\"15\":\"-\"},\"mut\":{\"0\":\"M\",\"1\":\"M\",\"2\":\"M\",\"3\":\"M\",\"4\":\"R\",\"5\":\"R\",\"6\":\"R\",\"7\":\"R\",\"8\":\"M\",\"9\":\"M\",\"10\":\"M\",\"11\":\"M\",\"12\":\"R\",\"13\":\"R\",\"14\":\"R\",\"15\":\"R\"},\"base\":{\"0\":\"A\",\"1\":\"C\",\"2\":\"G\",\"3\":\"T\",\"4\":\"A\",\"5\":\"C\",\"6\":\"G\",\"7\":\"T\",\"8\":\"A\",\"9\":\"C\",\"10\":\"G\",\"11\":\"T\",\"12\":\"A\",\"13\":\"C\",\"14\":\"G\",\"15\":\"T\"},\"count\":{\"0\":96,\"1\":91,\"2\":107,\"3\":100,\"4\":91,\"5\":116,\"6\":95,\"7\":92,\"8\":101,\"9\":98,\"10\":98,\"11\":100,\"12\":85,\"13\":83,\"14\":114,\"15\":115},\"fitted\":{\"0\":98.7712424743,\"1\":100.8399150953,\"2\":100.0321297877,\"3\":94.3567126427,\"4\":88.2287575257,\"5\":106.1600849047,\"6\":101.9678702123,\"7\":97.6432873573,\"8\":98.2287575257,\"9\":88.1600849047,\"10\":104.9678702123,\"11\":105.6432873573,\"12\":87.7712424743,\"13\":92.8399150953,\"14\":107.0321297877,\"15\":109.3567126427},\"ret\":{\"0\":-0.0017269261,\"1\":-0.0059060699,\"2\":0.0045544261,\"3\":0.0036717933,\"4\":0.0017789607,\"5\":0.0064996663,\"6\":-0.0042504318,\"7\":-0.0034620575,\"8\":0.0017762145,\"9\":0.0065547982,\"10\":-0.0042549362,\"11\":-0.0034701656,\"12\":-0.0017237837,\"13\":-0.005877998,\"14\":0.0045448226,\"15\":0.003657683}}", "deviance": 7.486011492712889, "df": 3, "rel_entropy": 0.002365996047001545, "formula": "count ~ strand * mut * base - strand : mut : base", "prob": 0.057918968003486365}, "pos0": {"stats": "{\"strand\":{\"0\":\"+\",\"1\":\"+\",\"2\":\"+\",\"3\":\"+\",\"4\":\"+\",\"5\":\"+\",\"6\":\"+\",\"7\":\"+\",\"8\":\"-\",\"9\":\"-\",\"10\":\"-\",\"11\":\"-\",\"12\":\"-\",\"13\":\"-\",\"14\":\"-\",\"15\":\"-\"},\"mut\":{\"0\":\"M\",\"1\":\"M\",\"2\":\"M\",\"3\":\"M\",\"4\":\"R\",\"5\":\"R\",\"6\":\"R\",\"7\":\"R\",\"8\":\"M\",\"9\":\"M\",\"10\":\"M\",\"11\":\"M\",\"12\":\"R\",\"13\":\"R\",\"14\":\"R\",\"15\":\"R\"},\"base\":{\"0\":\"A\",\"1\":\"C\",\"2\":\"G\",\"3\":\"T\",\"4\":\"A\",\"5\":\"C\",\"6\":\"G\",\"7\":\"T\",\"8\":\"A\",\"9\":\"C\",\"10\":\"G\",\"11\":\"T\",\"12\":\"A\",\"13\":\"C\",\"14\":\"G\",\"15\":\"T\"},\"count\":{\"0\":116,\"1\":91,\"2\":99,\"3\":88,\"4\":97,\"5\":103,\"6\":88,\"7\":106,\"8\":128,\"9\":104,\"10\":94,\"11\":71,\"12\":91,\"13\":91,\"14\":102,\"15\":113},\"fitted\":{\"0\":120.4709899864,\"1\":97.4008989981,\"2\":94.3814905968,\"3\":81.7466204198,\"4\":92.5290100136,\"5\":96.5991010025,\"6\":92.6185094033,\"7\":112.253379581,\"8\":123.5290100136,\"9\":97.5991010025,\"10\":98.6185094033,\"11\":77.2533795821,\"12\":95.4709899864,\"13\":97.4008989981,\"14\":97.3814905968,\"15\":106.7466204192},\"ret\":{\"0\":-0.0027730589,\"1\":-0.0039101201,\"2\":0.0029897043,\"3\":0.0041003075,\"4\":0.0028933691,\"5\":0.0041772655,\"6\":-0.0028453811,\"7\":-0.0038406266,\"8\":0.0028767018,\"9\":0.0041759495,\"10\":-0.0028499578,\"11\":-0.0037883476,\"12\":-0.0027589293,\"13\":-0.0039101201,\"14\":0.002987572,\"15\":0.0040664161}}", "deviance": 5.0331149758179965, "df": 3, "rel_entropy": 0.0015907443033558776, "formula": "count ~ strand * mut * base - strand : mut : base", "prob": 0.16938830086375423}, "pos1": {"stats": "{\"strand\":{\"0\":\"+\",\"1\":\"+\",\"2\":\"+\",\"3\":\"+\",\"4\":\"+\",\"5\":\"+\",\"6\":\"+\",\"7\":\"+\",\"8\":\"-\",\"9\":\"-\",\"10\":\"-\",\"11\":\"-\",\"12\":\"-\",\"13\":\"-\",\"14\":\"-\",\"15\":\"-\"},\"mut\":{\"0\":\"M\",\"1\":\"M\",\"2\":\"M\",\"3\":\"M\",\"4\":\"R\",\"5\":\"R\",\"6\":\"R\",\"7\":\"R\",\"8\":\"M\",\"9\":\"M\",\"10\":\"M\",\"11\":\"M\",\"12\":\"R\",\"13\":\"R\",\"14\":\"R\",\"15\":\"R\"},\"base\":{\"0\":\"A\",\"1\":\"C\",\"2\":\"G\",\"3\":\"T\",\"4\":\"A\",\"5\":\"C\",\"6\":\"G\",\"7\":\"T\",\"8\":\"A\",\"9\":\"C\",\"10\":\"G\",\"11\":\"T\",\"12\":\"A\",\"13\":\"C\",\"14\":\"G\",\"15\":\"T\"},\"count\":{\"0\":87,\"1\":104,\"2\":117,\"3\":86,\"4\":93,\"5\":110,\"6\":95,\"7\":96,\"8\":87,\"9\":106,\"10\":124,\"11\":80,\"12\":67,\"13\":112,\"14\":104,\"15\":114},\"fitted\":{\"0\":93.7155347392,\"1\":103.9536403349,\"2\":116.0433939202,\"3\":80.2874310066,\"4\":86.2844652622,\"5\":110.0463596651,\"6\":95.9566060798,\"7\":101.7125689939,\"8\":80.2844652628,\"9\":106.0463596651,\"10\":124.9566060798,\"11\":85.7125689941,\"12\":73.7155347416,\"13\":111.9536403349,\"14\":103.0433939202,\"15\":108.2874310062},\"ret\":{\"0\":-0.0040891017,\"1\":0.000029311,\"2\":0.000607167,\"3\":0.0037364996,\"4\":0.0044060319,\"5\":-0.0000292983,\"6\":-0.0006016573,\"7\":-0.0035076223,\"8\":0.0044177508,\"9\":-0.0000292981,\"10\":-0.000602361,\"11\":-0.0034878808,\"12\":-0.0040454507,\"13\":0.0000293105,\"14\":0.0006074796,\"15\":0.0037045935}}", "deviance": 3.6242790389896555, "df": 3, "rel_entropy": 0.0011454737797059595, "formula": "count ~ strand * mut * base - strand : mut : base", "prob": 0.30499763615951159}}