{"('pos1', 'pos2')": {"stats": "{\"mut\":{\"0\":\"M\",\"1\":\"M\",\"2\":\"M\",\"3\":\"M\",\"4\":\"M\",\"5\":\"M\",\"6\":\"M\",\"7\":\"M\",\"8\":\"M\",\"9\":\"M\",\"10\":\"M\",\"11\":\"M\",\"12\":\"M\",\"13\":\"M\",\"14\":\"M\",\"15\":\"M\",\"16\":\"R\",\"17\":\"R\",\"18\":\"R\",\"19\":\"R\",\"20\":\"R\",\"21\":\"R\",\"22\":\"R\",\"23\":\"R\",\"24\":\"R\",\"25\":\"R\",\"26\":\"R\",\"27\":\"R\",\"28\":\"R\",\"29\":\"R\",\"30\":\"R\",\"31\":\"R\"},\"base1\":{\"0\":\"A\",\"1\":\"A\",\"2\":\"A\",\"3\":\"A\",\"4\":\"C\",\"5\":\"C\",\"6\":\"C\",\"7\":\"C\",\"8\":\"G\",\"9\":\"G\",\"10\":\"G\",\"11\":\"G\",\"12\":\"T\",\"13\":\"T\",\"14\":\"T\",\"15\":\"T\",\"16\":\"A\",\"17\":\"A\",\"18\":\"A\",\"19\":\"A\",\"20\":\"C\",\"21\":\"C\",\"22\":\"C\",\"23\":\"C\",\"24\":\"G\",\"25\":\"G\",\"26\":\"G\",\"27\":\"G\",\"28\":\"T\",\"29\":\"T\",\"30\":\"T\",\"31\":\"T\"},\"base2\":{\"0\":\"A\",\"1\":\"C\",\"2\":\"G\",\"3\":\"T\",\"4\":\"A\",\"5\":\"C\",\"6\":\"G\",\"7\":\"T\",\"8\":\"A\",\"9\":\"C\",\"10\":\"G\",\"11\":\"T\",\"12\":\"A\",\"13\":\"C\",\"14\":\"G\",\"15\":\"T\",\"16\":\"A\",\"17\":\"C\",\"18\":\"G\",\"19\":\"T\",\"20\":\"A\",\"21\":\"C\",\"22\":\"G\",\"23\":\"T\",\"24\":\"A\",\"25\":\"C\",\"26\":\"G\",\"27\":\"T\",\"28\":\"A\",\"29\":\"C\",\"30\":\"G\",\"31\":\"T\"},\"count\":{\"0\":10,\"1\":4,\"2\":10,\"3\":6,\"4\":7,\"5\":14,\"6\":19,\"7\":24,\"8\":6,\"9\":16,\"10\":12,\"11\":13,\"12\":6,\"13\":6,\"14\":1,\"15\":7,\"16\":11,\"17\":10,\"18\":19,\"19\":8,\"20\":11,\"21\":11,\"22\":15,\"23\":11,\"24\":13,\"25\":7,\"26\":12,\"27\":10,\"28\":12,\"29\":2,\"30\":3,\"31\":6},\"fitted\":{\"0\":6.2844659208,\"1\":6.4776504087,\"2\":10.5836771764,\"3\":6.6542064942,\"4\":8.1517585847,\"5\":15.6333029471,\"6\":17.9157453791,\"7\":22.2991930892,\"8\":7.8934172082,\"9\":13.5467791471,\"10\":11.7323815528,\"11\":13.8274220919,\"12\":6.6703582864,\"13\":4.3422674972,\"14\":1.7681958918,\"15\":7.2191783248,\"16\":14.7155340793,\"17\":7.5223495913,\"18\":18.4163228236,\"19\":7.3457935058,\"20\":9.8482414153,\"21\":9.3666970529,\"22\":16.0842546209,\"23\":12.7008069108,\"24\":11.1065827918,\"25\":9.4532208529,\"26\":12.2676184472,\"27\":9.1725779081,\"28\":11.3296417136,\"29\":3.6577325032,\"30\":2.2318041082,\"31\":5.7808216752},\"ret\":{\"0\":0.0144255972,\"1\":-0.0059883664,\"2\":-0.0017617339,\"3\":-0.0019283803,\"4\":-0.0033113811,\"5\":-0.0047976571,\"6\":0.0034671473,\"7\":0.0054785096,\"8\":-0.0051106151,\"9\":0.0082703058,\"10\":0.0008405209,\"11\":-0.0024911703,\"12\":-0.0019735548,\"13\":0.0060253937,\"14\":-0.0017700614,\"15\":-0.000670239,\"16\":-0.0099412809,\"17\":0.0088418186,\"18\":0.0018410881,\"19\":0.0021195951,\"20\":0.0037783418,\"21\":0.0054909384,\"22\":-0.0032511158,\"23\":-0.0049114062,\"24\":0.0063551179,\"25\":-0.006531421,\"26\":-0.0008219812,\"27\":0.0026821963,\"28\":0.0021422683,\"29\":-0.0037496661,\"30\":0.0027559194,\"31\":0.0006934218}}", "deviance": 10.431608462706105, "df": 9, "rel_entropy": 0.016198149786810723, "formula": "count ~ mut * base1 * base2 - mut : base1 : base2", "prob": 0.31668640451152502}, "('pos1', 'pos3')": {"stats": "{\"mut\":{\"0\":\"M\",\"1\":\"M\",\"2\":\"M\",\"3\":\"M\",\"4\":\"M\",\"5\":\"M\",\"6\":\"M\",\"7\":\"M\",\"8\":\"M\",\"9\":\"M\",\"10\":\"M\",\"11\":\"M\",\"12\":\"M\",\"13\":\"M\",\"14\":\"M\",\"15\":\"M\",\"16\":\"R\",\"17\":\"R\",\"18\":\"R\",\"19\":\"R\",\"20\":\"R\",\"21\":\"R\",\"22\":\"R\",\"23\":\"R\",\"24\":\"R\",\"25\":\"R\",\"26\":\"R\",\"27\":\"R\",\"28\":\"R\",\"29\":\"R\",\"30\":\"R\",\"31\":\"R\"},\"base1\":{\"0\":\"A\",\"1\":\"A\",\"2\":\"A\",\"3\":\"A\",\"4\":\"C\",\"5\":\"C\",\"6\":\"C\",\"7\":\"C\",\"8\":\"G\",\"9\":\"G\",\"10\":\"G\",\"11\":\"G\",\"12\":\"T\",\"13\":\"T\",\"14\":\"T\",\"15\":\"T\",\"16\":\"A\",\"17\":\"A\",\"18\":\"A\",\"19\":\"A\",\"20\":\"C\",\"21\":\"C\",\"22\":\"C\",\"23\":\"C\",\"24\":\"G\",\"25\":\"G\",\"26\":\"G\",\"27\":\"G\",\"28\":\"T\",\"29\":\"T\",\"30\":\"T\",\"31\":\"T\"},\"base2\":{\"0\":\"A\",\"1\":\"C\",\"2\":\"G\",\"3\":\"T\",\"4\":\"A\",\"5\":\"C\",\"6\":\"G\",\"7\":\"T\",\"8\":\"A\",\"9\":\"C\",\"10\":\"G\",\"11\":\"T\",\"12\":\"A\",\"13\":\"C\",\"14\":\"G\",\"15\":\"T\",\"16\":\"A\",\"17\":\"C\",\"18\":\"G\",\"19\":\"T\",\"20\":\"A\",\"21\":\"C\",\"22\":\"G\",\"23\":\"T\",\"24\":\"A\",\"25\":\"C\",\"26\":\"G\",\"27\":\"T\",\"28\":\"A\",\"29\":\"C\",\"30\":\"G\",\"31\":\"T\"},\"count\":{\"0\":8,\"1\":6,\"2\":8,\"3\":8,\"4\":8,\"5\":21,\"6\":16,\"7\":19,\"8\":9,\"9\":12,\"10\":11,\"11\":15,\"12\":8,\"13\":3,\"14\":5,\"15\":4,\"16\":10,\"17\":11,\"18\":14,\"19\":13,\"20\":14,\"21\":13,\"22\":10,\"23\":11,\"24\":10,\"25\":10,\"26\":14,\"27\":8,\"28\":8,\"29\":6,\"30\":1,\"31\":8},\"fitted\":{\"0\":5.9965537828,\"1\":6.5739454993,\"2\":8.6394132367,\"3\":8.7900874812,\"4\":11.3310458228,\"5\":19.4730295958,\"6\":15.0512945042,\"7\":18.1446300771,\"8\":8.9701526396,\"9\":11.6655245701,\"10\":13.4131936072,\"11\":12.9511291832,\"12\":6.7022477548,\"13\":4.2875003348,\"14\":2.8960986519,\"15\":6.1141532585,\"16\":12.0034462172,\"17\":10.4260545007,\"18\":13.3605867633,\"19\":12.2099125188,\"20\":10.6689541772,\"21\":14.5269704042,\"22\":10.9487054958,\"23\":11.8553699229,\"24\":10.0298473604,\"25\":10.3344754299,\"26\":11.5868063928,\"27\":10.0488708168,\"28\":9.2977522452,\"29\":4.7124996652,\"30\":3.1039013481,\"31\":5.8858467415},\"ret\":{\"0\":0.0071616548,\"1\":-0.0017022618,\"2\":-0.0019103882,\"3\":-0.0023399533,\"4\":-0.0086485673,\"5\":0.0049233931,\"6\":0.0030372532,\"7\":0.0027180813,\"8\":0.0000928477,\"9\":0.0010534947,\"10\":-0.0067757112,\"11\":0.0068416407,\"12\":0.0043974804,\"13\":-0.0033269404,\"14\":0.0084794002,\"15\":-0.0052709556,\"16\":-0.0056710777,\"17\":0.0018306241,\"18\":0.0020325323,\"19\":0.0025314163,\"20\":0.0118138819,\"21\":-0.0044836916,\"22\":-0.0028147869,\"23\":-0.0025582054,\"24\":-0.0000925556,\"25\":-0.0010217498,\"26\":0.0082256634,\"27\":-0.0056650616,\"28\":-0.003734935,\"29\":0.0045007637,\"30\":-0.0035175771,\"31\":0.0076246194}}", "deviance": 11.418331739670915, "df": 9, "rel_entropy": 0.017730328788308873, "formula": "count ~ mut * base1 * base2 - mut : base1 : base2", "prob": 0.2481201853585992},