{"pos0": {"deviance": 4522.7320696500565, "stats": "{\"mut\":{\"0\":\"M\",\"1\":\"M\",\"2\":\"M\",\"3\":\"M\",\"4\":\"R\",\"5\":\"R\",\"6\":\"R\",\"7\":\"R\"},\"base\":{\"0\":\"A\",\"1\":\"C\",\"2\":\"G\",\"3\":\"T\",\"4\":\"A\",\"5\":\"C\",\"6\":\"G\",\"7\":\"T\"},\"count\":{\"0\":19356,\"1\":19273,\"2\":12223,\"3\":35385,\"4\":20917,\"5\":21230,\"6\":20361,\"7\":23729},\"fitted\":{\"0\":20136.4999999999,\"1\":20251.5,\"2\":16292.0000000001,\"3\":29557.0,\"4\":20136.4999999999,\"5\":20251.5,\"6\":16292.0000000001,\"7\":29557.0},\"ret\":{\"0\":-0.0044364624,\"1\":-0.0055339965,\"2\":-0.0203644452,\"3\":0.0369223559,\"4\":0.0046119098,\"5\":0.0058082233,\"6\":0.0263194814,\"7\":-0.0302157219}}", "df": 3, "rel_entropy": 0.013111344520478612, "prob": 0, "formula": "count ~ mut * base - mut : base"}, "pos2": {"deviance": 11469.433819401143, "stats": "{\"mut\":{\"0\":\"M\",\"1\":\"M\",\"2\":\"M\",\"3\":\"M\",\"4\":\"R\",\"5\":\"R\",\"6\":\"R\",\"7\":\"R\"},\"base\":{\"0\":\"A\",\"1\":\"C\",\"2\":\"G\",\"3\":\"T\",\"4\":\"A\",\"5\":\"C\",\"6\":\"G\",\"7\":\"T\"},\"count\":{\"0\":16149,\"1\":38200,\"2\":15594,\"3\":16294,\"4\":26700,\"5\":25105,\"6\":7075,\"7\":27357},\"fitted\":{\"0\":21424.4999999999,\"1\":31652.4999999996,\"2\":11334.5000000652,\"3\":21825.4999999999,\"4\":21424.5000000007,\"5\":31652.5000000007,\"6\":11334.5000000656,\"7\":21825.5000000007},\"ret\":{\"0\":-0.0264674725,\"1\":0.0416428109,\"2\":0.0288451165,\"3\":-0.0276125331,\"4\":0.0340771902,\"5\":-0.0337331214,\"6\":-0.0193323769,\"7\":0.0358301337}}", "df": 3, "rel_entropy": 0.03324974726451855, "prob": 0, "formula": "count ~ mut * base - mut : base"}, "pos1": {"deviance": 27196.228714539262, "stats": "{\"mut\":{\"0\":\"M\",\"1\":\"M\",\"2\":\"M\",\"3\":\"M\",\"4\":\"R\",\"5\":\"R\",\"6\":\"R\",\"7\":\"R\"},\"base\":{\"0\":\"A\",\"1\":\"C\",\"2\":\"G\",\"3\":\"T\",\"4\":\"A\",\"5\":\"C\",\"6\":\"G\",\"7\":\"T\"},\"count\":{\"0\":4422,\"1\":29325,\"2\":5000,\"3\":47490,\"4\":18382,\"5\":24812,\"6\":19634,\"7\":23409},\"fitted\":{\"0\":11402.0,\"1\":27068.5,\"2\":12317.0,\"3\":35449.5,\"4\":11402.0,\"5\":27068.5,\"6\":12317.0,\"7\":35449.5},\"ret\":{\"0\":-0.0242848417,\"1\":0.0136139017,\"2\":-0.0261356062,\"3\":0.0805138836,\"4\":0.0509000394,\"5\":-0.0125219914,\"6\":0.0530803911,\"7\":-0.0563242447}}", "df": 3, "rel_entropy": 0.07884153180925607, "prob": 0, "formula": "count ~ mut * base - mut : base"}, "pos3": {"deviance": 1554.049985665241, "stats": "{\"mut\":{\"0\":\"M\",\"1\":\"M\",\"2\":\"M\",\"3\":\"M\",\"4\":\"R\",\"5\":\"R\",\"6\":\"R\",\"7\":\"R\"},\"base\":{\"0\":\"A\",\"1\":\"C\",\"2\":\"G\",\"3\":\"T\",\"4\":\"A\",\"5\":\"C\",\"6\":\"G\",\"7\":\"T\"},\"count\":{\"0\":16799,\"1\":21892,\"2\":17433,\"3\":30113,\"4\":19147,\"5\":21031,\"6\":22371,\"7\":23688},\"fitted\":{\"0\":17973.0000000001,\"1\":21461.5,\"2\":19902.0,\"3\":26900.5,\"4\":17973.0,\"5\":21461.5,\"6\":19902.0,\"7\":26900.5},\"ret\":{\"0\":-0.0065795065,\"1\":0.0025208968,\"2\":-0.0133880624,\"3\":0.0196963642,\"4\":0.0070244463,\"5\":-0.0024708252,\"6\":0.0151685596,\"7\":-0.017466701}}", "df": 3, "rel_entropy": 0.004505171752453242, "prob": 0, "formula": "count ~ mut * base - mut : base"}}