{"('pos0', 'pos2')": {"deviance": 1089.3193450772887, "stats": "{\"mut\":{\"0\":\"M\",\"1\":\"M\",\"2\":\"M\",\"3\":\"M\",\"4\":\"M\",\"5\":\"M\",\"6\":\"M\",\"7\":\"M\",\"8\":\"M\",\"9\":\"M\",\"10\":\"M\",\"11\":\"M\",\"12\":\"M\",\"13\":\"M\",\"14\":\"M\",\"15\":\"M\",\"16\":\"R\",\"17\":\"R\",\"18\":\"R\",\"19\":\"R\",\"20\":\"R\",\"21\":\"R\",\"22\":\"R\",\"23\":\"R\",\"24\":\"R\",\"25\":\"R\",\"26\":\"R\",\"27\":\"R\",\"28\":\"R\",\"29\":\"R\",\"30\":\"R\",\"31\":\"R\"},\"base1\":{\"0\":\"A\",\"1\":\"A\",\"2\":\"A\",\"3\":\"A\",\"4\":\"C\",\"5\":\"C\",\"6\":\"C\",\"7\":\"C\",\"8\":\"G\",\"9\":\"G\",\"10\":\"G\",\"11\":\"G\",\"12\":\"T\",\"13\":\"T\",\"14\":\"T\",\"15\":\"T\",\"16\":\"A\",\"17\":\"A\",\"18\":\"A\",\"19\":\"A\",\"20\":\"C\",\"21\":\"C\",\"22\":\"C\",\"23\":\"C\",\"24\":\"G\",\"25\":\"G\",\"26\":\"G\",\"27\":\"G\",\"28\":\"T\",\"29\":\"T\",\"30\":\"T\",\"31\":\"T\"},\"base2\":{\"0\":\"A\",\"1\":\"C\",\"2\":\"G\",\"3\":\"T\",\"4\":\"A\",\"5\":\"C\",\"6\":\"G\",\"7\":\"T\",\"8\":\"A\",\"9\":\"C\",\"10\":\"G\",\"11\":\"T\",\"12\":\"A\",\"13\":\"C\",\"14\":\"G\",\"15\":\"T\",\"16\":\"A\",\"17\":\"C\",\"18\":\"G\",\"19\":\"T\",\"20\":\"A\",\"21\":\"C\",\"22\":\"G\",\"23\":\"T\",\"24\":\"A\",\"25\":\"C\",\"26\":\"G\",\"27\":\"T\",\"28\":\"A\",\"29\":\"C\",\"30\":\"G\",\"31\":\"T\"},\"count\":{\"0\":4217,\"1\":7702,\"2\":4233,\"3\":3204,\"4\":2649,\"5\":9868,\"6\":2971,\"7\":3785,\"8\":1503,\"9\":5829,\"10\":1951,\"11\":2940,\"12\":7780,\"13\":14801,\"14\":6439,\"15\":6365,\"16\":6897,\"17\":5760,\"18\":1685,\"19\":6575,\"20\":6399,\"21\":6547,\"22\":1910,\"23\":6374,\"24\":6179,\"25\":6196,\"26\":1920,\"27\":6066,\"28\":7225,\"29\":6602,\"30\":1560,\"31\":8342},\"fitted\":{\"0\":3942.6240656086,\"1\":7946.5694271718,\"2\":3988.899775327,\"3\":3477.9067318926,\"4\":3094.4702249741,\"5\":9465.8613235605,\"6\":3229.1742080749,\"7\":3483.4942433905,\"8\":1978.6171843849,\"9\":5726.4620378739,\"10\":2191.4633083245,\"11\":2326.4574694168,\"12\":7133.2885250325,\"13\":15061.1072113938,\"14\":6184.4627082736,\"15\":7006.1415553001,\"16\":7171.3759343914,\"17\":5515.4305728282,\"18\":1929.100224673,\"19\":6301.0932681074,\"20\":5953.5297750259,\"21\":6949.1386764395,\"22\":1651.8257919251,\"23\":6675.5057566095,\"24\":5703.3828156151,\"25\":6298.5379621261,\"26\":1679.5366916755,\"27\":6679.5425305832,\"28\":7871.7114749676,\"29\":6341.8927886062,\"30\":1814.5372917264,\"31\":7700.8584446999},\"ret\":{\"0\":0.0016449382,\"1\":-0.0013959593,\"2\":0.001457734,\"3\":-0.0015238584,\"4\":-0.0023872933,\"5\":0.0023804298,\"6\":-0.0014353875,\"7\":0.0018216825,\"8\":-0.0023958826,\"9\":0.0005998038,\"10\":-0.0013147473,\"11\":0.0039898468,\"12\":0.0039146736,\"13\":-0.0014949971,\"14\":0.0015057628,\"15\":-0.0035417947,\"16\":-0.0015599968,\"17\":0.001448992,\"18\":-0.0013217093,\"19\":0.0016221321,\"20\":0.002677131,\"21\":-0.0022627866,\"22\":0.001608208,\"23\":-0.001708037,\"24\":0.0028695292,\"25\":-0.0005896469,\"26\":0.0014895569,\"27\":-0.0033886827,\"28\":-0.0035911892,\"29\":0.0015386075,\"30\":-0.0013670797,\"31\":0.0038679432}}", "df": 9, "rel_entropy": 0.0031579233538889593, "prob": 9.351867494940188e-229, "formula": "count ~ mut * base1 * base2 - mut : base1 : base2"}, "('pos2', 'pos3')": {"deviance": 1118.5732503953475, "stats": "{\"mut\":{\"0\":\"M\",\"1\":\"M\",\"2\":\"M\",\"3\":\"M\",\"4\":\"M\",\"5\":\"M\",\"6\":\"M\",\"7\":\"M\",\"8\":\"M\",\"9\":\"M\",\"10\":\"M\",\"11\":\"M\",\"12\":\"M\",\"13\":\"M\",\"14\":\"M\",\"15\":\"M\",\"16\":\"R\",\"17\":\"R\",\"18\":\"R\",\"19\":\"R\",\"20\":\"R\",\"21\":\"R\",\"22\":\"R\",\"23\":\"R\",\"24\":\"R\",\"25\":\"R\",\"26\":\"R\",\"27\":\"R\",\"28\":\"R\",\"29\":\"R\",\"30\":\"R\",\"31\":\"R\"},\"base1\":{\"0\":\"A\",\"1\":\"A\",\"2\":\"A\",\"3\":\"A\",\"4\":\"C\",\"5\":\"C\",\"6\":\"C\",\"7\":\"C\",\"8\":\"G\",\"9\":\"G\",\"10\":\"G\",\"11\":\"G\",\"12\":\"T\",\"13\":\"T\",\"14\":\"T\",\"15\":\"T\",\"16\":\"A\",\"17\":\"A\",\"18\":\"A\",\"19\":\"A\",\"20\":\"C\",\"21\":\"C\",\"22\":\"C\",\"23\":\"C\",\"24\":\"G\",\"25\":\"G\",\"26\":\"G\",\"27\":\"G\",\"28\":\"T\",\"29\":\"T\",\"30\":\"T\",\"31\":\"T\"},\"base2\":{\"0\":\"A\",\"1\":\"C\",\"2\":\"G\",\"3\":\"T\",\"4\":\"A\",\"5\":\"C\",\"6\":\"G\",\"7\":\"T\",\"8\":\"A\",\"9\":\"C\",\"10\":\"G\",\"11\":\"T\",\"12\":\"A\",\"13\":\"C\",\"14\":\"G\",\"15\":\"T\",\"16\":\"A\",\"17\":\"C\",\"18\":\"G\",\"19\":\"T\",\"20\":\"A\",\"21\":\"C\",\"22\":\"G\",\"23\":\"T\",\"24\":\"A\",\"25\":\"C\",\"26\":\"G\",\"27\":\"T\",\"28\":\"A\",\"29\":\"C\",\"30\":\"G\",\"31\":\"T\"},\"count\":{\"0\":2935,\"1\":3115,\"2\":4127,\"3\":5972,\"4\":8648,\"5\":10999,\"6\":5035,\"7\":13518,\"8\":3666,\"9\":3519,\"10\":3140,\"11\":5269,\"12\":1550,\"13\":4259,\"14\":5131,\"15\":5354,\"16\":6007,\"17\":5595,\"18\":8840,\"19\":6258,\"20\":7774,\"21\":6891,\"22\":2253,\"23\":8187,\"24\":1552,\"25\":1747,\"26\":2197,\"27\":1579,\"28\":3814,\"29\":6798,\"30\":9081,\"31\":7664},\"fitted\":{\"0\":2885.5914058316,\"1\":3315.6335674818,\"2\":4644.1227490914,\"3\":5303.6522775953,\"4\":8909.123118947,\"5\":10818.2991291092,\"6\":4237.0937904819,\"7\":14235.4839614619,\"8\":3316.874594075,\"9\":3646.0595327246,\"10\":3583.3025765839,\"11\":5047.7632966165,\"12\":1687.4108811464,\"13\":4112.0077706844,\"14\":4968.4808838429,\"15\":5526.1004643263,\"16\":6056.4085941684,\"17\":5394.3664325182,\"18\":8322.8772509086,\"19\":6926.3477224047,\"20\":7512.876881053,\"21\":7071.7008708907,\"22\":3050.9062095181,\"23\":7469.5160385381,\"24\":1901.125405925,\"25\":1619.9404672754,\"26\":1753.6974234161,\"27\":1800.2367033835,\"28\":3676.5891188536,\"29\":6944.9922293156,\"30\":9243.5191161571,\"31\":7491.8995356737},\"ret\":{\"0\":0.0002889085,\"1\":-0.0011273408,\"2\":-0.002824771,\"3\":0.0041095696,\"4\":-0.0014915782,\"5\":0.0010564009,\"6\":0.0050368076,\"7\":-0.0040533142,\"8\":0.0021271999,\"9\":-0.0007237001,\"10\":-0.0024042751,\"11\":0.0013104331,\"12\":-0.0007633476,\"13\":0.0008673118,\"14\":0.0009575275,\"15\":-0.0009821325,\"16\":-0.0002852981,\"17\":0.001184638,\"18\":0.0030895387,\"19\":-0.0036817828,\"20\":0.0015399964,\"21\":-0.0010341979,\"22\":-0.0039603392,\"23\":0.00435364,\"24\":-0.0018258015,\"25\":0.0007648519,\"26\":0.0028707517,\"27\":-0.0012004628,\"28\":0.0008114111,\"29\":-0.0008431739,\"30\":-0.0009339493,\"31\":0.0010092084}}", "df": 9, "rel_entropy": 0.0032427300648078766, "prob": 4.557247116735403e-235, "formula": "count ~ mut * base1 * base2 - mut : base1 : base2"}, "('pos1', 'pos2')": {"deviance": 4496.659752926756,