{"('pos1', 'pos2')": {"stats": "{\"mut\":{\"0\":\"M\",\"1\":\"M\",\"2\":\"M\",\"3\":\"M\",\"4\":\"M\",\"5\":\"M\",\"6\":\"M\",\"7\":\"M\",\"8\":\"M\",\"9\":\"M\",\"10\":\"M\",\"11\":\"M\",\"12\":\"M\",\"13\":\"M\",\"14\":\"M\",\"15\":\"M\",\"16\":\"R\",\"17\":\"R\",\"18\":\"R\",\"19\":\"R\",\"20\":\"R\",\"21\":\"R\",\"22\":\"R\",\"23\":\"R\",\"24\":\"R\",\"25\":\"R\",\"26\":\"R\",\"27\":\"R\",\"28\":\"R\",\"29\":\"R\",\"30\":\"R\",\"31\":\"R\"},\"base1\":{\"0\":\"A\",\"1\":\"A\",\"2\":\"A\",\"3\":\"A\",\"4\":\"C\",\"5\":\"C\",\"6\":\"C\",\"7\":\"C\",\"8\":\"G\",\"9\":\"G\",\"10\":\"G\",\"11\":\"G\",\"12\":\"T\",\"13\":\"T\",\"14\":\"T\",\"15\":\"T\",\"16\":\"A\",\"17\":\"A\",\"18\":\"A\",\"19\":\"A\",\"20\":\"C\",\"21\":\"C\",\"22\":\"C\",\"23\":\"C\",\"24\":\"G\",\"25\":\"G\",\"26\":\"G\",\"27\":\"G\",\"28\":\"T\",\"29\":\"T\",\"30\":\"T\",\"31\":\"T\"},\"base2\":{\"0\":\"A\",\"1\":\"C\",\"2\":\"G\",\"3\":\"T\",\"4\":\"A\",\"5\":\"C\",\"6\":\"G\",\"7\":\"T\",\"8\":\"A\",\"9\":\"C\",\"10\":\"G\",\"11\":\"T\",\"12\":\"A\",\"13\":\"C\",\"14\":\"G\",\"15\":\"T\",\"16\":\"A\",\"17\":\"C\",\"18\":\"G\",\"19\":\"T\",\"20\":\"A\",\"21\":\"C\",\"22\":\"G\",\"23\":\"T\",\"24\":\"A\",\"25\":\"C\",\"26\":\"G\",\"27\":\"T\",\"28\":\"A\",\"29\":\"C\",\"30\":\"G\",\"31\":\"T\"},\"count\":{\"0\":94,\"1\":117,\"2\":186,\"3\":173,\"4\":206,\"5\":204,\"6\":261,\"7\":483,\"8\":84,\"9\":138,\"10\":159,\"11\":858,\"12\":252,\"13\":205,\"14\":216,\"15\":234,\"16\":177,\"17\":154,\"18\":239,\"19\":244,\"20\":151,\"21\":282,\"22\":378,\"23\":309,\"24\":155,\"25\":160,\"26\":290,\"27\":192,\"28\":232,\"29\":283,\"30\":223,\"31\":401},\"fitted\":{\"0\":110.1754687266,\"1\":97.9261358973,\"2\":147.8638569369,\"3\":214.0345384394,\"4\":177.8242073617,\"5\":218.9205514323,\"6\":278.5824402593,\"7\":478.6728009471,\"8\":137.9862998316,\"9\":157.9762685376,\"10\":231.4484096155,\"11\":711.5890220205,\"12\":210.0140240838,\"13\":189.1770441336,\"14\":164.105293189,\"15\":343.7036385938,\"16\":160.8245312734,\"17\":173.0738641028,\"18\":277.1361430632,\"19\":202.9654615608,\"20\":179.1757926384,\"21\":267.0794485679,\"22\":360.4175597409,\"23\":313.3271990533,\"24\":101.0137001865,\"25\":140.0237314644,\"26\":217.5515903878,\"27\":338.4109780054,\"28\":273.9859759163,\"29\":298.8229558665,\"30\":274.8947068111,\"31\":291.2963614073},\"ret\":{\"0\":-0.0019283296,\"1\":0.0026900999,\"2\":0.0055140279,\"3\":-0.0047574062,\"4\":0.0039145511,\"5\":-0.0018604824,\"6\":-0.0021983896,\"7\":0.0005615891,\"8\":-0.0053866097,\"9\":-0.0024103846,\"10\":-0.00771279,\"11\":0.0207409385,\"12\":0.0059338765,\"13\":0.0021275149,\"14\":0.0076680043,\"15\":-0.0116231686,\"16\":0.0021915946,\"17\":-0.0023232484,\"18\":-0.0045714254,\"19\":0.0058046907,\"20\":-0.0033377549,\"21\":0.0019805908,\"22\":0.0023261626,\"23\":-0.0005551912,\"24\":0.0085744431,\"25\":0.0027568351,\"26\":0.0107698995,\"27\":-0.0140593041,\"28\":-0.0049858883,\"29\":-0.0019892041,\"30\":-0.0060278101,\"31\":0.0165591372}}", "deviance": 377.50407808735434, "df": 9, "rel_entropy": 0.024386568351896277, "formula": "count ~ mut * base1 * base2 - mut : base1 : base2", "prob": 8.5919624161620406e-76}, "('pos1', 'pos3')": {"stats": "{\"mut\":{\"0\":\"M\",\"1\":\"M\",\"2\":\"M\",\"3\":\"M\",\"4\":\"M\",\"5\":\"M\",\"6\":\"M\",\"7\":\"M\",\"8\":\"M\",\"9\":\"M\",\"10\":\"M\",\"11\":\"M\",\"12\":\"M\",\"13\":\"M\",\"14\":\"M\",\"15\":\"M\",\"16\":\"R\",\"17\":\"R\",\"18\":\"R\",\"19\":\"R\",\"20\":\"R\",\"21\":\"R\",\"22\":\"R\",\"23\":\"R\",\"24\":\"R\",\"25\":\"R\",\"26\":\"R\",\"27\":\"R\",\"28\":\"R\",\"29\":\"R\",\"30\":\"R\",\"31\":\"R\"},\"base1\":{\"0\":\"A\",\"1\":\"A\",\"2\":\"A\",\"3\":\"A\",\"4\":\"C\",\"5\":\"C\",\"6\":\"C\",\"7\":\"C\",\"8\":\"G\",\"9\":\"G\",\"10\":\"G\",\"11\":\"G\",\"12\":\"T\",\"13\":\"T\",\"14\":\"T\",\"15\":\"T\",\"16\":\"A\",\"17\":\"A\",\"18\":\"A\",\"19\":\"A\",\"20\":\"C\",\"21\":\"C\",\"22\":\"C\",\"23\":\"C\",\"24\":\"G\",\"25\":\"G\",\"26\":\"G\",\"27\":\"G\",\"28\":\"T\",\"29\":\"T\",\"30\":\"T\",\"31\":\"T\"},\"base2\":{\"0\":\"A\",\"1\":\"C\",\"2\":\"G\",\"3\":\"T\",\"4\":\"A\",\"5\":\"C\",\"6\":\"G\",\"7\":\"T\",\"8\":\"A\",\"9\":\"C\",\"10\":\"G\",\"11\":\"T\",\"12\":\"A\",\"13\":\"C\",\"14\":\"G\",\"15\":\"T\",\"16\":\"A\",\"17\":\"C\",\"18\":\"G\",\"19\":\"T\",\"20\":\"A\",\"21\":\"C\",\"22\":\"G\",\"23\":\"T\",\"24\":\"A\",\"25\":\"C\",\"26\":\"G\",\"27\":\"T\",\"28\":\"A\",\"29\":\"C\",\"30\":\"G\",\"31\":\"T\"},\"count\":{\"0\":142,\"1\":155,\"2\":151,\"3\":122,\"4\":300,\"5\":383,\"6\":260,\"7\":211,\"8\":183,\"9\":449,\"10\":409,\"11\":198,\"12\":179,\"13\":243,\"14\":207,\"15\":278,\"16\":227,\"17\":158,\"18\":172,\"19\":257,\"20\":249,\"21\":336,\"22\":238,\"23\":297,\"24\":201,\"25\":212,\"26\":162,\"27\":222,\"28\":289,\"29\":257,\"30\":232,\"31\":361},\"fitted\":{\"0\":139.8893148868,\"1\":146.9703296669,\"2\":152.5591919776,\"3\":130.5811634687,\"4\":255.6254599471,\"5\":401.3140875953,\"6\":279.3240423141,\"7\":217.7364101435,\"8\":215.8172838354,\"9\":429.9145783231,\"10\":372.8173418567,\"11\":220.4507959847,\"12\":192.6679413307,\"13\":251.8010044146,\"14\":222.2994238516,\"15\":240.2316304031,\"16\":229.1106851132,\"17\":166.0296703331,\"18\":170.4408080224,\"19\":248.4188365313,\"20\":293.3745400529,\"21\":317.6859124047,\"22\":218.6759576859,\"23\":290.2635898565,\"24\":168.1827161646,\"25\":231.0854216769,\"26\":198.1826581433,\"27\":199.5492040153,\"28\":275.3320586693,\"29\":248.1989955854,\"30\":216.7005761484,\"31\":398.7683695969},\"ret\":{\"0\":0.0002747453,\"1\":0.0010652623,\"2\":-0.0002004131,\"3\":-0.0010714237,\"4\":0.0062042306,\"5\":-0.0023113304,\"6\":-0.0024082221,\"7\":-0.0008567328,\"8\":-0.0038998858,\"9\":0.0025197575,\"10\":0.0048946074,\"11\":-0.0027476335,\"12\":-0.0017017116,\"13\":-0.0011169733,\"14\":-0.0019070326,\"15\":0.0052445572,\"16\":-0.0002714383,\"17\":-0.0010119242,\"18\":0.0002023646,\"19\":0.0011276093,\"20\":-0.0052758786,\"21\":0.0024330898,\"22\":0.0026038456,\"23\":0.0008803593,\"24\":0.0046290748,\"25\":-0.0023610653,\"26\":-0.0042193839,\"27\":0.0030579938,\"28\":0.0018090068,\"29\":0.0011570067,\"30\":0.0020448613,\"31\":-0.0046408911}}", "deviance": 64.18676917040975, "df": 9, "rel_entropy": 0.004146432116951534, "formula": "count ~ mut * base1 * base2 - mut : base1 : base2", "prob": 2.0761303764849268e-10},