{"pos1": {"stats": "{\"mut\":{\"0\":\"M\",\"1\":\"M\",\"2\":\"M\",\"3\":\"M\",\"4\":\"R\",\"5\":\"R\",\"6\":\"R\",\"7\":\"R\"},\"base\":{\"0\":\"A\",\"1\":\"C\",\"2\":\"G\",\"3\":\"T\",\"4\":\"A\",\"5\":\"C\",\"6\":\"G\",\"7\":\"T\"},\"count\":{\"0\":218788,\"1\":226112,\"2\":100817,\"3\":214600,\"4\":251749,\"5\":182552,\"6\":149201,\"7\":176815},\"fitted\":{\"0\":235268.5000000024,\"1\":204332.0000000013,\"2\":125009.0000000008,\"3\":195707.5000000011,\"4\":235268.5000000019,\"5\":204332.0000000009,\"6\":125009.0000000006,\"7\":195707.5000000008},\"ret\":{\"0\":-0.0104491294,\"1\":0.0150605618,\"2\":-0.0142595744,\"3\":0.0130053544,\"4\":0.0112089447,\"5\":-0.0135309542,\"6\":0.0173578575,\"7\":-0.0118041326}}", "prob": 0, "deviance": 20038.695468613165, "formula": "count ~ mut * base - mut : base", "rel_entropy": 0.006588927864500322, "df": 3}, "pos3": {"stats": "{\"mut\":{\"0\":\"M\",\"1\":\"M\",\"2\":\"M\",\"3\":\"M\",\"4\":\"R\",\"5\":\"R\",\"6\":\"R\",\"7\":\"R\"},\"base\":{\"0\":\"A\",\"1\":\"C\",\"2\":\"G\",\"3\":\"T\",\"4\":\"A\",\"5\":\"C\",\"6\":\"G\",\"7\":\"T\"},\"count\":{\"0\":275461,\"1\":119421,\"2\":159027,\"3\":206408,\"4\":261982,\"5\":133488,\"6\":147777,\"7\":217070},\"fitted\":{\"0\":268721.5000000028,\"1\":126454.5000000914,\"2\":153402.0000000048,\"3\":211739.0000000012,\"4\":268721.5000000009,\"5\":126454.5000000905,\"6\":153402.0000000037,\"7\":211738.9999999997},\"ret\":{\"0\":0.0044871515,\"1\":-0.0044942864,\"2\":0.0037661211,\"3\":-0.0034612666,\"4\":-0.004375985,\"5\":0.0047516861,\"6\":-0.0036304502,\"7\":0.0035495416}}", "prob": 0, "deviance": 1801.9881474102222, "formula": "count ~ mut * base - mut : base", "rel_entropy": 0.0005925121190931619, "df": 3}, "pos0": {"stats": "{\"mut\":{\"0\":\"M\",\"1\":\"M\",\"2\":\"M\",\"3\":\"M\",\"4\":\"R\",\"5\":\"R\",\"6\":\"R\",\"7\":\"R\"},\"base\":{\"0\":\"A\",\"1\":\"C\",\"2\":\"G\",\"3\":\"T\",\"4\":\"A\",\"5\":\"C\",\"6\":\"G\",\"7\":\"T\"},\"count\":{\"0\":244880,\"1\":211075,\"2\":139217,\"3\":165145,\"4\":262392,\"5\":130967,\"6\":152778,\"7\":214180},\"fitted\":{\"0\":253635.9999999983,\"1\":171020.9999999998,\"2\":145997.4999999995,\"3\":189662.4999999997,\"4\":253635.9999999988,\"5\":171021.0000000001,\"6\":145997.4999999998,\"7\":189662.5000000001},\"ret\":{\"0\":-0.00565757,\"1\":0.0292088127,\"2\":-0.0043538105,\"3\":-0.0150330394,\"4\":0.0058563909,\"5\":-0.0229820994,\"6\":0.0045609723,\"7\":0.017123116}}", "prob": 0, "deviance": 26528.289433636524, "formula": "count ~ mut * base - mut : base", "rel_entropy": 0.00872277268351113, "df": 3}, "pos2": {"stats": "{\"mut\":{\"0\":\"M\",\"1\":\"M\",\"2\":\"M\",\"3\":\"M\",\"4\":\"R\",\"5\":\"R\",\"6\":\"R\",\"7\":\"R\"},\"base\":{\"0\":\"A\",\"1\":\"C\",\"2\":\"G\",\"3\":\"T\",\"4\":\"A\",\"5\":\"C\",\"6\":\"G\",\"7\":\"T\"},\"count\":{\"0\":158330,\"1\":126662,\"2\":137275,\"3\":338050,\"4\":252589,\"5\":126200,\"6\":173148,\"7\":208380},\"fitted\":{\"0\":205459.4999999995,\"1\":126430.9999999996,\"2\":155211.4999999997,\"3\":273215.0000000008,\"4\":205459.4999999999,\"5\":126430.9999999998,\"6\":155211.4999999999,\"7\":273215.0000000008},\"ret\":{\"0\":-0.0271305573,\"1\":0.000152049,\"2\":-0.0110859758,\"3\":0.0473372312,\"4\":0.0343036842,\"5\":-0.0001517715,\"6\":0.0124521232,\"7\":-0.0371221773}}", "prob": 0, "deviance": 57037.782537672, "formula": "count ~ mut * base - mut : base", "rel_entropy": 0.018754605821542855, "df": 3}}