{"('pos1', 'pos2')": {"stats": "{\"mut\":{\"0\":\"M\",\"1\":\"M\",\"2\":\"M\",\"3\":\"M\",\"4\":\"M\",\"5\":\"M\",\"6\":\"M\",\"7\":\"M\",\"8\":\"M\",\"9\":\"M\",\"10\":\"M\",\"11\":\"M\",\"12\":\"M\",\"13\":\"M\",\"14\":\"M\",\"15\":\"M\",\"16\":\"R\",\"17\":\"R\",\"18\":\"R\",\"19\":\"R\",\"20\":\"R\",\"21\":\"R\",\"22\":\"R\",\"23\":\"R\",\"24\":\"R\",\"25\":\"R\",\"26\":\"R\",\"27\":\"R\",\"28\":\"R\",\"29\":\"R\",\"30\":\"R\",\"31\":\"R\"},\"base1\":{\"0\":\"A\",\"1\":\"A\",\"2\":\"A\",\"3\":\"A\",\"4\":\"C\",\"5\":\"C\",\"6\":\"C\",\"7\":\"C\",\"8\":\"G\",\"9\":\"G\",\"10\":\"G\",\"11\":\"G\",\"12\":\"T\",\"13\":\"T\",\"14\":\"T\",\"15\":\"T\",\"16\":\"A\",\"17\":\"A\",\"18\":\"A\",\"19\":\"A\",\"20\":\"C\",\"21\":\"C\",\"22\":\"C\",\"23\":\"C\",\"24\":\"G\",\"25\":\"G\",\"26\":\"G\",\"27\":\"G\",\"28\":\"T\",\"29\":\"T\",\"30\":\"T\",\"31\":\"T\"},\"base2\":{\"0\":\"A\",\"1\":\"C\",\"2\":\"G\",\"3\":\"T\",\"4\":\"A\",\"5\":\"C\",\"6\":\"G\",\"7\":\"T\",\"8\":\"A\",\"9\":\"C\",\"10\":\"G\",\"11\":\"T\",\"12\":\"A\",\"13\":\"C\",\"14\":\"G\",\"15\":\"T\",\"16\":\"A\",\"17\":\"C\",\"18\":\"G\",\"19\":\"T\",\"20\":\"A\",\"21\":\"C\",\"22\":\"G\",\"23\":\"T\",\"24\":\"A\",\"25\":\"C\",\"26\":\"G\",\"27\":\"T\",\"28\":\"A\",\"29\":\"C\",\"30\":\"G\",\"31\":\"T\"},\"count\":{\"0\":51497,\"1\":37165,\"2\":36020,\"3\":94106,\"4\":36502,\"5\":37184,\"6\":49175,\"7\":103251,\"8\":28573,\"9\":18769,\"10\":21524,\"11\":31951,\"12\":41758,\"13\":33544,\"14\":30556,\"15\":108742,\"16\":97141,\"17\":36886,\"18\":50940,\"19\":66782,\"20\":49194,\"21\":36506,\"22\":48124,\"23\":48728,\"24\":50961,\"25\":23053,\"26\":40230,\"27\":34957,\"28\":55293,\"29\":29755,\"30\":33854,\"31\":57913},\"fitted\":{\"0\":53986.0606837257,\"1\":34760.5828856148,\"2\":35966.1328747236,\"3\":94075.2235559379,\"4\":37641.4330285487,\"5\":40421.5237031652,\"6\":47874.1185894472,\"7\":100174.9246788402,\"8\":25169.060162859,\"9\":17480.2625172542,\"10\":22482.6530595465,\"11\":35685.0242603405,\"12\":41533.4461248683,\"13\":33999.6308939665,\"14\":30952.0954762832,\"15\":108114.8275048832,\"16\":94651.9393162759,\"17\":39290.4171143855,\"18\":50993.8671252766,\"19\":66812.7764440627,\"20\":48054.5669714517,\"21\":33268.4762968353,\"22\":49424.8814105534,\"23\":51804.0753211605,\"24\":54364.9398371412,\"25\":24341.737482746,\"26\":39271.3469404537,\"27\":31222.9757396597,\"28\":55517.5538751319,\"29\":29299.3691060338,\"30\":33457.9045237171,\"31\":58540.1724951178},\"ret\":{\"0\":-0.0015985294,\"1\":0.001634661,\"2\":0.0000354506,\"3\":0.0000202425,\"4\":-0.0007378571,\"5\":-0.002041427,\"6\":0.0008670054,\"7\":0.0020536354,\"8\":0.0023834743,\"9\":0.0008780006,\"10\":-0.000616794,\"11\":-0.0023223658,\"12\":0.0001480697,\"13\":-0.0002976155,\"14\":-0.0002588066,\"15\":0.0004136354,\"16\":0.0016581932,\"17\":-0.0015317942,\"18\":-0.0000354054,\"19\":-0.0000202346,\"20\":0.0007581286,\"21\":0.0022294507,\"22\":-0.0008441278,\"23\":-0.001961606,\"24\":-0.0021669108,\"25\":-0.0008246585,\"26\":0.0006380627,\"27\":0.0025968776,\"28\":-0.0001473722,\"29\":0.00030195,\"30\":0.0002620163,\"31\":-0.0004102242}}", "deviance": 3233.2482098235073, "df": 9, "rel_entropy": 0.0010631250550176793, "formula": "count ~ mut * base1 * base2 - mut : base1 : base2", "prob": 0}, "('pos1', 'pos3')": {"stats": "{\"mut\":{\"0\":\"M\",\"1\":\"M\",\"2\":\"M\",\"3\":\"M\",\"4\":\"M\",\"5\":\"M\",\"6\":\"M\",\"7\":\"M\",\"8\":\"M\",\"9\":\"M\",\"10\":\"M\",\"11\":\"M\",\"12\":\"M\",\"13\":\"M\",\"14\":\"M\",\"15\":\"M\",\"16\":\"R\",\"17\":\"R\",\"18\":\"R\",\"19\":\"R\",\"20\":\"R\",\"21\":\"R\",\"22\":\"R\",\"23\":\"R\",\"24\":\"R\",\"25\":\"R\",\"26\":\"R\",\"27\":\"R\",\"28\":\"R\",\"29\":\"R\",\"30\":\"R\",\"31\":\"R\"},\"base1\":{\"0\":\"A\",\"1\":\"A\",\"2\":\"A\",\"3\":\"A\",\"4\":\"C\",\"5\":\"C\",\"6\":\"C\",\"7\":\"C\",\"8\":\"G\",\"9\":\"G\",\"10\":\"G\",\"11\":\"G\",\"12\":\"T\",\"13\":\"T\",\"14\":\"T\",\"15\":\"T\",\"16\":\"A\",\"17\":\"A\",\"18\":\"A\",\"19\":\"A\",\"20\":\"C\",\"21\":\"C\",\"22\":\"C\",\"23\":\"C\",\"24\":\"G\",\"25\":\"G\",\"26\":\"G\",\"27\":\"G\",\"28\":\"T\",\"29\":\"T\",\"30\":\"T\",\"31\":\"T\"},\"base2\":{\"0\":\"A\",\"1\":\"C\",\"2\":\"G\",\"3\":\"T\",\"4\":\"A\",\"5\":\"C\",\"6\":\"G\",\"7\":\"T\",\"8\":\"A\",\"9\":\"C\",\"10\":\"G\",\"11\":\"T\",\"12\":\"A\",\"13\":\"C\",\"14\":\"G\",\"15\":\"T\",\"16\":\"A\",\"17\":\"C\",\"18\":\"G\",\"19\":\"T\",\"20\":\"A\",\"21\":\"C\",\"22\":\"G\",\"23\":\"T\",\"24\":\"A\",\"25\":\"C\",\"26\":\"G\",\"27\":\"T\",\"28\":\"A\",\"29\":\"C\",\"30\":\"G\",\"31\":\"T\"},\"count\":{\"0\":80908,\"1\":33950,\"2\":45643,\"3\":58287,\"4\":70716,\"5\":38174,\"6\":53237,\"7\":63985,\"8\":41044,\"9\":15286,\"10\":20635,\"11\":23852,\"12\":82793,\"13\":32011,\"14\":39512,\"15\":60284,\"16\":90957,\"17\":41759,\"18\":46862,\"19\":72171,\"20\":58285,\"21\":36561,\"22\":37511,\"23\":50195,\"24\":51083,\"25\":25601,\"26\":33402,\"27\":39115,\"28\":61657,\"29\":29567,\"30\":30002,\"31\":55589},\"fitted\":{\"0\":82394.232056753,\"1\":32959.3626343578,\"2\":44784.379224457,\"3\":58650.0260844342,\"4\":73349.8243330451,\"5\":39205.3951875094,\"6\":52019.1966821738,\"7\":61537.583797276,\"8\":38366.2218136065,\"9\":15292.1114381154,\"10\":22752.1484940327,\"11\":24406.5182548908,\"12\":81350.7217967148,\"13\":31964.1307400252,\"14\":39471.2755998502,\"15\":61813.8718634107,\"16\":89470.7679432461,\"17\":42749.6373656424,\"18\":47720.6207755467,\"19\":71807.9739155665,\"20\":55651.1756669641,\"21\":35529.6048124925,\"22\":38728.8033178272,\"23\":52642.4162027395,\"24\":53760.7781865325,\"25\":25594.8885618945,\"26\":31284.8515067928,\"27\":38560.4817451228,\"28\":63099.2782032849,\"29\":29613.869259975,\"30\":30042.7244001524,\"31\":54059.1281365903},\"ret\":{\"0\":-0.0009685081,\"1\":0.000661157,\"2\":0.0005700251,\"3\":-0.000237993,\"4\":-0.0017005806,\"5\":-0.0006692655,\"6\":0.0008101543,\"7\":0.0016410601,\"8\":0.0018210332,\"9\":-0.0000040182,\"10\":-0.0013253941,\"11\":-0.0003604882,\"12\":0.0009568302,\"13\":0.0000308448,\"14\":0.000026795,\"15\":-0.000993521,\"16\":0.0009854498,\"17\":-0.0006438562,\"18\":-0.0005595361,\"19\":0.0002393358,\"20\":0.0017724118,\"21\":0.0006880174,\"22\":-0.0007881271,\"23\":-0.001571464,\"24\":-0.0017163588,\"25\":0.0000040195,\"26\":0.0014383621,\"27\":0.0003672721,\"28\":-0.0009375483,\"29\":-0.0000307978,\"30\":-0.000026763,\"31\":0.0010201785}}", "deviance": 1516.7607724876125, "df": 9, "rel_entropy": 0.0004987264432097443, "formula": "count ~ mut * base1 * base2 - mut : base1 : base2", "prob": 0},