{"pos2": {"stats": "{\"group\":{\"0\":\"1\",\"1\":\"1\",\"2\":\"1\",\"3\":\"1\",\"4\":\"1\",\"5\":\"1\",\"6\":\"1\",\"7\":\"1\",\"8\":\"2\",\"9\":\"2\",\"10\":\"2\",\"11\":\"2\",\"12\":\"2\",\"13\":\"2\",\"14\":\"2\",\"15\":\"2\"},\"mut\":{\"0\":\"M\",\"1\":\"M\",\"2\":\"M\",\"3\":\"M\",\"4\":\"R\",\"5\":\"R\",\"6\":\"R\",\"7\":\"R\",\"8\":\"M\",\"9\":\"M\",\"10\":\"M\",\"11\":\"M\",\"12\":\"R\",\"13\":\"R\",\"14\":\"R\",\"15\":\"R\"},\"base\":{\"0\":\"A\",\"1\":\"C\",\"2\":\"G\",\"3\":\"T\",\"4\":\"A\",\"5\":\"C\",\"6\":\"G\",\"7\":\"T\",\"8\":\"A\",\"9\":\"C\",\"10\":\"G\",\"11\":\"T\",\"12\":\"A\",\"13\":\"C\",\"14\":\"G\",\"15\":\"T\"},\"count\":{\"0\":5133,\"1\":3925,\"2\":5731,\"3\":3740,\"4\":4850,\"5\":4488,\"6\":5357,\"7\":3834,\"8\":127,\"9\":76,\"10\":145,\"11\":79,\"12\":117,\"13\":97,\"14\":115,\"15\":98},\"fitted\":{\"0\":5134.7759469496,\"1\":3920.5757748159,\"2\":5741.6610156364,\"3\":3731.9872625981,\"4\":4848.2240530504,\"5\":4492.4242251841,\"6\":5346.3389843636,\"7\":3842.0127374019,\"8\":125.2240530504,\"9\":80.4242251841,\"10\":134.3389843658,\"11\":87.012737405,\"12\":118.7759469496,\"13\":92.575774816,\"14\":125.6610156384,\"15\":89.9872626013},\"ret\":{\"0\":-0.0000468358,\"1\":0.000116763,\"2\":-0.000280943,\"3\":0.0002115777,\"4\":0.0000468525,\"5\":-0.0001166397,\"6\":0.0002814844,\"7\":-0.0002111304,\"8\":0.0000471745,\"9\":-0.0001134269,\"10\":0.0002920783,\"11\":-0.0002013063,\"12\":-0.000046492,\"13\":0.0001194423,\"14\":-0.0002689232,\"15\":0.0002204931}}", "deviance": 3.8039842792161016, "df": 3, "rel_entropy": 5.016860465309271e-05, "formula": "count ~ group * mut * base - group : mut : base", "prob": 0.28342303226982574}, "pos3": {"stats": "{\"group\":{\"0\":\"1\",\"1\":\"1\",\"2\":\"1\",\"3\":\"1\",\"4\":\"1\",\"5\":\"1\",\"6\":\"1\",\"7\":\"1\",\"8\":\"2\",\"9\":\"2\",\"10\":\"2\",\"11\":\"2\",\"12\":\"2\",\"13\":\"2\",\"14\":\"2\",\"15\":\"2\"},\"mut\":{\"0\":\"M\",\"1\":\"M\",\"2\":\"M\",\"3\":\"M\",\"4\":\"R\",\"5\":\"R\",\"6\":\"R\",\"7\":\"R\",\"8\":\"M\",\"9\":\"M\",\"10\":\"M\",\"11\":\"M\",\"12\":\"R\",\"13\":\"R\",\"14\":\"R\",\"15\":\"R\"},\"base\":{\"0\":\"A\",\"1\":\"C\",\"2\":\"G\",\"3\":\"T\",\"4\":\"A\",\"5\":\"C\",\"6\":\"G\",\"7\":\"T\",\"8\":\"A\",\"9\":\"C\",\"10\":\"G\",\"11\":\"T\",\"12\":\"A\",\"13\":\"C\",\"14\":\"G\",\"15\":\"T\"},\"count\":{\"0\":3561,\"1\":4232,\"2\":5752,\"3\":4984,\"4\":4929,\"5\":4571,\"6\":4793,\"7\":4236,\"8\":84,\"9\":89,\"10\":135,\"11\":119,\"12\":94,\"13\":114,\"14\":113,\"15\":106},\"fitted\":{\"0\":3570.5769025159,\"1\":4224.1016818278,\"2\":5752.3354129875,\"3\":4981.9860026686,\"4\":4919.423097484,\"5\":4578.8983181722,\"6\":4792.6645870124,\"7\":4238.0139973313,\"8\":74.423097484,\"9\":96.8983181722,\"10\":134.6645870124,\"11\":121.0139973314,\"12\":103.576902516,\"13\":106.1016818278,\"14\":113.3354129876,\"15\":103.9860026686},\"ret\":{\"0\":-0.0002522697,\"1\":0.0002085276,\"2\":-0.0000088469,\"3\":0.0000531337,\"4\":0.0002528545,\"5\":-0.0002081531,\"6\":0.0000088475,\"7\":-0.0000531103,\"8\":0.0002682063,\"9\":-0.0001996016,\"10\":0.0000088582,\"11\":-0.0000526784,\"12\":-0.0002405529,\"13\":0.0002159016,\"14\":-0.000008834,\"15\":0.0000536341}}", "deviance": 3.4815702187054827, "df": 3, "rel_entropy": 4.5916467328358864e-05, "formula": "count ~ group * mut * base - group : mut : base", "prob": 0.32316027983726875}, "pos0": {"stats": "{\"group\":{\"0\":\"1\",\"1\":\"1\",\"2\":\"1\",\"3\":\"1\",\"4\":\"1\",\"5\":\"1\",\"6\":\"1\",\"7\":\"1\",\"8\":\"2\",\"9\":\"2\",\"10\":\"2\",\"11\":\"2\",\"12\":\"2\",\"13\":\"2\",\"14\":\"2\",\"15\":\"2\"},\"mut\":{\"0\":\"M\",\"1\":\"M\",\"2\":\"M\",\"3\":\"M\",\"4\":\"R\",\"5\":\"R\",\"6\":\"R\",\"7\":\"R\",\"8\":\"M\",\"9\":\"M\",\"10\":\"M\",\"11\":\"M\",\"12\":\"R\",\"13\":\"R\",\"14\":\"R\",\"15\":\"R\"},\"base\":{\"0\":\"A\",\"1\":\"C\",\"2\":\"G\",\"3\":\"T\",\"4\":\"A\",\"5\":\"C\",\"6\":\"G\",\"7\":\"T\",\"8\":\"A\",\"9\":\"C\",\"10\":\"G\",\"11\":\"T\",\"12\":\"A\",\"13\":\"C\",\"14\":\"G\",\"15\":\"T\"},\"count\":{\"0\":4105,\"1\":5609,\"2\":4370,\"3\":4445,\"4\":4733,\"5\":5042,\"6\":4812,\"7\":3942,\"8\":116,\"9\":113,\"10\":88,\"11\":110,\"12\":98,\"13\":108,\"14\":121,\"15\":100},\"fitted\":{\"0\":4121.1062920572,\"1\":5605.5781249659,\"2\":4358.6834668407,\"3\":4443.6321161362,\"4\":4716.8937079428,\"5\":5045.421875034,\"6\":4823.3165331593,\"7\":3943.3678838638,\"8\":99.8937079428,\"9\":116.4218750341,\"10\":99.3165331593,\"11\":111.3678838638,\"12\":114.1062920572,\"13\":104.5781249659,\"14\":109.6834668407,\"15\":98.6321161362},\"ret\":{\"0\":-0.0004240024,\"1\":0.0000902859,\"2\":0.0002988819,\"3\":0.0000360861,\"4\":0.0004255581,\"5\":-0.0000902277,\"6\":-0.0002981443,\"7\":-0.0000360742,\"8\":0.0004573772,\"9\":-0.0000889187,\"10\":-0.0002808035,\"11\":-0.000035858,\"12\":-0.000393331,\"13\":0.0000917192,\"14\":0.0003133894,\"15\":0.0000363295}}", "deviance": 7.754326385338096, "df": 3, "rel_entropy": 0.00010226744019489998, "formula": "count ~ group * mut * base - group : mut : base", "prob": 0.051371505133924397}, "pos1": {"stats": "{\"group\":{\"0\":\"1\",\"1\":\"1\",\"2\":\"1\",\"3\":\"1\",\"4\":\"1\",\"5\":\"1\",\"6\":\"1\",\"7\":\"1\",\"8\":\"2\",\"9\":\"2\",\"10\":\"2\",\"11\":\"2\",\"12\":\"2\",\"13\":\"2\",\"14\":\"2\",\"15\":\"2\"},\"mut\":{\"0\":\"M\",\"1\":\"M\",\"2\":\"M\",\"3\":\"M\",\"4\":\"R\",\"5\":\"R\",\"6\":\"R\",\"7\":\"R\",\"8\":\"M\",\"9\":\"M\",\"10\":\"M\",\"11\":\"M\",\"12\":\"R\",\"13\":\"R\",\"14\":\"R\",\"15\":\"R\"},\"base\":{\"0\":\"A\",\"1\":\"C\",\"2\":\"G\",\"3\":\"T\",\"4\":\"A\",\"5\":\"C\",\"6\":\"G\",\"7\":\"T\",\"8\":\"A\",\"9\":\"C\",\"10\":\"G\",\"11\":\"T\",\"12\":\"A\",\"13\":\"C\",\"14\":\"G\",\"15\":\"T\"},\"count\":{\"0\":6124,\"1\":2954,\"2\":5096,\"3\":4355,\"4\":5668,\"5\":1750,\"6\":5442,\"7\":5669,\"8\":131,\"9\":57,\"10\":130,\"11\":109,\"12\":134,\"13\":36,\"14\":115,\"15\":142},\"fitted\":{\"0\":6116.466754023,\"1\":2952.278469555,\"2\":5106.2846866659,\"3\":4353.970089756,\"4\":5675.533245977,\"5\":1751.721530445,\"6\":5431.715313334,\"7\":5670.0299102439,\"8\":138.5332459771,\"9\":58.721530445,\"10\":119.7153133362,\"11\":110.029910244,\"12\":126.4667540231,\"13\":34.278469555,\"14\":125.2846866686,\"15\":140.970089756},\"ret\":{\"0\":0.0001988258,\"1\":0.0000454218,\"2\":-0.0002710045,\"3\":0.000027169,\"4\":-0.0001985715,\"5\":-0.0000453863,\"6\":0.0002715345,\"7\":-0.0000271633,\"8\":-0.0001932002,\"9\":-0.0000447364,\"10\":0.0002826105,\"11\":-0.0000270383,\"12\":0.0002045074,\"13\":0.0000465302,\"14\":-0.0002598254,\"15\":0.0000272648}}", "deviance": 2.800808755812, "df": 3, "rel_entropy": 3.6938288085724836e-05, "formula": "count ~ group * mut * base - group : mut : base", "prob": 0.42336679875302763}}