{"pos3": {"formula": "count ~ group * mut * base - group : mut : base", "deviance": 3.4815702187069584, "rel_entropy": 4.5916467328378326e-05, "stats": "{\"group\":{\"8\":\"1\",\"9\":\"1\",\"10\":\"1\",\"11\":\"1\",\"12\":\"1\",\"13\":\"1\",\"14\":\"1\",\"15\":\"1\",\"0\":\"2\",\"1\":\"2\",\"2\":\"2\",\"3\":\"2\",\"4\":\"2\",\"5\":\"2\",\"6\":\"2\",\"7\":\"2\"},\"mut\":{\"8\":\"M\",\"9\":\"M\",\"10\":\"M\",\"11\":\"M\",\"12\":\"R\",\"13\":\"R\",\"14\":\"R\",\"15\":\"R\",\"0\":\"M\",\"1\":\"M\",\"2\":\"M\",\"3\":\"M\",\"4\":\"R\",\"5\":\"R\",\"6\":\"R\",\"7\":\"R\"},\"base\":{\"8\":\"A\",\"9\":\"C\",\"10\":\"G\",\"11\":\"T\",\"12\":\"A\",\"13\":\"C\",\"14\":\"G\",\"15\":\"T\",\"0\":\"A\",\"1\":\"C\",\"2\":\"G\",\"3\":\"T\",\"4\":\"A\",\"5\":\"C\",\"6\":\"G\",\"7\":\"T\"},\"count\":{\"8\":3561,\"9\":4232,\"10\":5752,\"11\":4984,\"12\":4929,\"13\":4571,\"14\":4793,\"15\":4236,\"0\":84,\"1\":89,\"2\":135,\"3\":119,\"4\":94,\"5\":114,\"6\":113,\"7\":106},\"fitted\":{\"8\":3570.576902516,\"9\":4224.1016818278,\"10\":5752.3354129876,\"11\":4981.9860026687,\"12\":4919.423097484,\"13\":4578.8983181722,\"14\":4792.6645870124,\"15\":4238.0139973314,\"0\":74.423097484,\"1\":96.8983181722,\"2\":134.6645870124,\"3\":121.0139973314,\"4\":103.576902516,\"5\":106.1016818278,\"6\":113.3354129876,\"7\":103.9860026686},\"ret\":{\"8\":-0.0002522697,\"9\":0.0002085276,\"10\":-0.0000088469,\"11\":0.0000531337,\"12\":0.0002528545,\"13\":-0.0002081531,\"14\":0.0000088475,\"15\":-0.0000531103,\"0\":0.0002682063,\"1\":-0.0001996016,\"2\":0.0000088582,\"3\":-0.0000526784,\"4\":-0.0002405529,\"5\":0.0002159016,\"6\":-0.000008834,\"7\":0.0000536341}}", "df": 3, "prob": 0.32316027983707707}, "pos0": {"formula": "count ~ group * mut * base - group : mut : base", "deviance": 7.7543263853380715, "rel_entropy": 0.00010226744019489966, "stats": "{\"group\":{\"8\":\"1\",\"9\":\"1\",\"10\":\"1\",\"11\":\"1\",\"12\":\"1\",\"13\":\"1\",\"14\":\"1\",\"15\":\"1\",\"0\":\"2\",\"1\":\"2\",\"2\":\"2\",\"3\":\"2\",\"4\":\"2\",\"5\":\"2\",\"6\":\"2\",\"7\":\"2\"},\"mut\":{\"8\":\"M\",\"9\":\"M\",\"10\":\"M\",\"11\":\"M\",\"12\":\"R\",\"13\":\"R\",\"14\":\"R\",\"15\":\"R\",\"0\":\"M\",\"1\":\"M\",\"2\":\"M\",\"3\":\"M\",\"4\":\"R\",\"5\":\"R\",\"6\":\"R\",\"7\":\"R\"},\"base\":{\"8\":\"A\",\"9\":\"C\",\"10\":\"G\",\"11\":\"T\",\"12\":\"A\",\"13\":\"C\",\"14\":\"G\",\"15\":\"T\",\"0\":\"A\",\"1\":\"C\",\"2\":\"G\",\"3\":\"T\",\"4\":\"A\",\"5\":\"C\",\"6\":\"G\",\"7\":\"T\"},\"count\":{\"8\":4105,\"9\":5609,\"10\":4370,\"11\":4445,\"12\":4733,\"13\":5042,\"14\":4812,\"15\":3942,\"0\":116,\"1\":113,\"2\":88,\"3\":110,\"4\":98,\"5\":108,\"6\":121,\"7\":100},\"fitted\":{\"8\":4121.1062920572,\"9\":5605.5781249659,\"10\":4358.6834668407,\"11\":4443.6321161362,\"12\":4716.8937079428,\"13\":5045.421875034,\"14\":4823.3165331593,\"15\":3943.3678838638,\"0\":99.8937079428,\"1\":116.4218750341,\"2\":99.3165331593,\"3\":111.3678838638,\"4\":114.1062920572,\"5\":104.5781249659,\"6\":109.6834668407,\"7\":98.6321161362},\"ret\":{\"8\":-0.0004240024,\"9\":0.0000902859,\"10\":0.0002988819,\"11\":0.0000360861,\"12\":0.0004255581,\"13\":-0.0000902277,\"14\":-0.0002981443,\"15\":-0.0000360742,\"0\":0.0004573772,\"1\":-0.0000889187,\"2\":-0.0002808035,\"3\":-0.000035858,\"4\":-0.000393331,\"5\":0.0000917192,\"6\":0.0003133894,\"7\":0.0000363295}}", "df": 3, "prob": 0.05137150513392486}, "pos1": {"formula": "count ~ group * mut * base - group : mut : base", "deviance": 2.800808755813425, "rel_entropy": 3.693828808574363e-05, "stats": "{\"group\":{\"8\":\"1\",\"9\":\"1\",\"10\":\"1\",\"11\":\"1\",\"12\":\"1\",\"13\":\"1\",\"14\":\"1\",\"15\":\"1\",\"0\":\"2\",\"1\":\"2\",\"2\":\"2\",\"3\":\"2\",\"4\":\"2\",\"5\":\"2\",\"6\":\"2\",\"7\":\"2\"},\"mut\":{\"8\":\"M\",\"9\":\"M\",\"10\":\"M\",\"11\":\"M\",\"12\":\"R\",\"13\":\"R\",\"14\":\"R\",\"15\":\"R\",\"0\":\"M\",\"1\":\"M\",\"2\":\"M\",\"3\":\"M\",\"4\":\"R\",\"5\":\"R\",\"6\":\"R\",\"7\":\"R\"},\"base\":{\"8\":\"A\",\"9\":\"C\",\"10\":\"G\",\"11\":\"T\",\"12\":\"A\",\"13\":\"C\",\"14\":\"G\",\"15\":\"T\",\"0\":\"A\",\"1\":\"C\",\"2\":\"G\",\"3\":\"T\",\"4\":\"A\",\"5\":\"C\",\"6\":\"G\",\"7\":\"T\"},\"count\":{\"8\":6124,\"9\":2954,\"10\":5096,\"11\":4355,\"12\":5668,\"13\":1750,\"14\":5442,\"15\":5669,\"0\":131,\"1\":57,\"2\":130,\"3\":109,\"4\":134,\"5\":36,\"6\":115,\"7\":142},\"fitted\":{\"8\":6116.466754023,\"9\":2952.278469555,\"10\":5106.284686666,\"11\":4353.9700897561,\"12\":5675.533245977,\"13\":1751.721530445,\"14\":5431.715313334,\"15\":5670.029910244,\"0\":138.5332459771,\"1\":58.721530445,\"2\":119.7153133362,\"3\":110.029910244,\"4\":126.4667540231,\"5\":34.278469555,\"6\":125.2846866686,\"7\":140.970089756},\"ret\":{\"8\":0.0001988258,\"9\":0.0000454218,\"10\":-0.0002710045,\"11\":0.000027169,\"12\":-0.0001985715,\"13\":-0.0000453863,\"14\":0.0002715345,\"15\":-0.0000271633,\"0\":-0.0001932002,\"1\":-0.0000447364,\"2\":0.0002826105,\"3\":-0.0000270383,\"4\":0.0002045074,\"5\":0.0000465302,\"6\":-0.0002598254,\"7\":0.0000272648}}", "df": 3, "prob": 0.42336679875279315}, "pos2": {"formula": "count ~ group * mut * base - group : mut : base", "deviance": 3.8039842792154492, "rel_entropy": 5.0168604653084104e-05, "stats": "{\"group\":{\"8\":\"1\",\"9\":\"1\",\"10\":\"1\",\"11\":\"1\",\"12\":\"1\",\"13\":\"1\",\"14\":\"1\",\"15\":\"1\",\"0\":\"2\",\"1\":\"2\",\"2\":\"2\",\"3\":\"2\",\"4\":\"2\",\"5\":\"2\",\"6\":\"2\",\"7\":\"2\"},\"mut\":{\"8\":\"M\",\"9\":\"M\",\"10\":\"M\",\"11\":\"M\",\"12\":\"R\",\"13\":\"R\",\"14\":\"R\",\"15\":\"R\",\"0\":\"M\",\"1\":\"M\",\"2\":\"M\",\"3\":\"M\",\"4\":\"R\",\"5\":\"R\",\"6\":\"R\",\"7\":\"R\"},\"base\":{\"8\":\"A\",\"9\":\"C\",\"10\":\"G\",\"11\":\"T\",\"12\":\"A\",\"13\":\"C\",\"14\":\"G\",\"15\":\"T\",\"0\":\"A\",\"1\":\"C\",\"2\":\"G\",\"3\":\"T\",\"4\":\"A\",\"5\":\"C\",\"6\":\"G\",\"7\":\"T\"},\"count\":{\"8\":5133,\"9\":3925,\"10\":5731,\"11\":3740,\"12\":4850,\"13\":4488,\"14\":5357,\"15\":3834,\"0\":127,\"1\":76,\"2\":145,\"3\":79,\"4\":117,\"5\":97,\"6\":115,\"7\":98},\"fitted\":{\"8\":5134.7759469496,\"9\":3920.5757748159,\"10\":5741.6610156364,\"11\":3731.9872625981,\"12\":4848.2240530504,\"13\":4492.4242251841,\"14\":5346.3389843636,\"15\":3842.0127374019,\"0\":125.2240530504,\"1\":80.4242251841,\"2\":134.3389843658,\"3\":87.012737405,\"4\":118.7759469496,\"5\":92.575774816,\"6\":125.6610156384,\"7\":89.9872626013},\"ret\":{\"8\":-0.0000468358,\"9\":0.000116763,\"10\":-0.000280943,\"11\":0.0002115777,\"12\":0.0000468525,\"13\":-0.0001166397,\"14\":0.0002814844,\"15\":-0.0002111304,\"0\":0.0000471745,\"1\":-0.0001134269,\"2\":0.0002920783,\"3\":-0.0002013063,\"4\":-0.000046492,\"5\":0.0001194423,\"6\":-0.0002689232,\"7\":0.0002204931}}", "df": 3, "prob": 0.2834230322699017}}