{"pos2": {"stats": "{\"group\":{\"0\":\"1\",\"1\":\"1\",\"2\":\"1\",\"3\":\"1\",\"4\":\"1\",\"5\":\"1\",\"6\":\"1\",\"7\":\"1\",\"8\":\"2\",\"9\":\"2\",\"10\":\"2\",\"11\":\"2\",\"12\":\"2\",\"13\":\"2\",\"14\":\"2\",\"15\":\"2\"},\"mut\":{\"0\":\"M\",\"1\":\"M\",\"2\":\"M\",\"3\":\"M\",\"4\":\"R\",\"5\":\"R\",\"6\":\"R\",\"7\":\"R\",\"8\":\"M\",\"9\":\"M\",\"10\":\"M\",\"11\":\"M\",\"12\":\"R\",\"13\":\"R\",\"14\":\"R\",\"15\":\"R\"},\"base\":{\"0\":\"A\",\"1\":\"C\",\"2\":\"G\",\"3\":\"T\",\"4\":\"A\",\"5\":\"C\",\"6\":\"G\",\"7\":\"T\",\"8\":\"A\",\"9\":\"C\",\"10\":\"G\",\"11\":\"T\",\"12\":\"A\",\"13\":\"C\",\"14\":\"G\",\"15\":\"T\"},\"count\":{\"0\":1158,\"1\":1696,\"2\":2025,\"3\":2158,\"4\":1968,\"5\":1427,\"6\":2089,\"7\":1553,\"8\":1482,\"9\":636,\"10\":1046,\"11\":1364,\"12\":1420,\"13\":840,\"14\":1184,\"15\":1084},\"fitted\":{\"0\":1360.9854399644,\"1\":1578.115326751,\"2\":1983.6386638663,\"3\":2114.2605694182,\"4\":1765.0145600356,\"5\":1544.884673249,\"6\":2130.3613361337,\"7\":1596.7394305818,\"8\":1279.0145600356,\"9\":753.884673249,\"10\":1087.3613361337,\"11\":1407.7394305818,\"12\":1622.9854399644,\"13\":722.115326751,\"14\":1142.6386638663,\"15\":1040.2605694182},\"ret\":{\"0\":-0.0080862067,\"1\":0.0052824009,\"2\":0.0018067267,\"3\":0.0019104531,\"4\":0.0092621805,\"5\":-0.0048970176,\"6\":-0.001770739,\"7\":-0.0018648858,\"8\":0.0094380667,\"9\":-0.0046755717,\"10\":-0.0017537618,\"11\":-0.0018613391,\"12\":-0.0082026301,\"13\":0.0054916692,\"14\":0.001820193,\"15\":0.0019302358}}", "deviance": 177.1653446077708, "df": 3, "rel_entropy": 0.0038297739863331344, "formula": "count ~ group * mut * base - group : mut : base", "prob": 3.6107265616523883e-38}, "pos3": {"stats": "{\"group\":{\"0\":\"1\",\"1\":\"1\",\"2\":\"1\",\"3\":\"1\",\"4\":\"1\",\"5\":\"1\",\"6\":\"1\",\"7\":\"1\",\"8\":\"2\",\"9\":\"2\",\"10\":\"2\",\"11\":\"2\",\"12\":\"2\",\"13\":\"2\",\"14\":\"2\",\"15\":\"2\"},\"mut\":{\"0\":\"M\",\"1\":\"M\",\"2\":\"M\",\"3\":\"M\",\"4\":\"R\",\"5\":\"R\",\"6\":\"R\",\"7\":\"R\",\"8\":\"M\",\"9\":\"M\",\"10\":\"M\",\"11\":\"M\",\"12\":\"R\",\"13\":\"R\",\"14\":\"R\",\"15\":\"R\"},\"base\":{\"0\":\"A\",\"1\":\"C\",\"2\":\"G\",\"3\":\"T\",\"4\":\"A\",\"5\":\"C\",\"6\":\"G\",\"7\":\"T\",\"8\":\"A\",\"9\":\"C\",\"10\":\"G\",\"11\":\"T\",\"12\":\"A\",\"13\":\"C\",\"14\":\"G\",\"15\":\"T\"},\"count\":{\"0\":1491,\"1\":1865,\"2\":1762,\"3\":1919,\"4\":2089,\"5\":1541,\"6\":1695,\"7\":1712,\"8\":1334,\"9\":976,\"10\":1176,\"11\":1042,\"12\":1365,\"13\":929,\"14\":1072,\"15\":1162},\"fitted\":{\"0\":1605.5269158286,\"1\":1817.8465632132,\"2\":1775.7008164718,\"3\":1837.9257044979,\"4\":1974.4730841841,\"5\":1588.1534367868,\"6\":1681.2991835282,\"7\":1793.0742955026,\"8\":1219.4730842219,\"9\":1023.1534367871,\"10\":1162.2991835282,\"11\":1123.0742955101,\"12\":1479.5269158378,\"13\":881.8465632134,\"14\":1085.7008164718,\"15\":1080.9257045047},\"ret\":{\"0\":-0.0047704886,\"1\":0.0020648412,\"2\":-0.0005900486,\"3\":0.0035813548,\"4\":0.0050923473,\"5\":-0.0020080585,\"6\":0.0005947466,\"7\":-0.0034246922,\"8\":0.0051769974,\"9\":-0.0019909115,\"10\":0.0005958172,\"11\":-0.0033754803,\"12\":-0.0047546589,\"13\":0.0020921844,\"14\":-0.0005885864,\"15\":0.0036334404}}", "deviance": 61.47048184531294, "df": 3, "rel_entropy": 0.001328804190343989, "formula": "count ~ group * mut * base - group : mut : base", "prob": 2.8512026292017287e-13}, "pos0": {"stats": "{\"group\":{\"0\":\"1\",\"1\":\"1\",\"2\":\"1\",\"3\":\"1\",\"4\":\"1\",\"5\":\"1\",\"6\":\"1\",\"7\":\"1\",\"8\":\"2\",\"9\":\"2\",\"10\":\"2\",\"11\":\"2\",\"12\":\"2\",\"13\":\"2\",\"14\":\"2\",\"15\":\"2\"},\"mut\":{\"0\":\"M\",\"1\":\"M\",\"2\":\"M\",\"3\":\"M\",\"4\":\"R\",\"5\":\"R\",\"6\":\"R\",\"7\":\"R\",\"8\":\"M\",\"9\":\"M\",\"10\":\"M\",\"11\":\"M\",\"12\":\"R\",\"13\":\"R\",\"14\":\"R\",\"15\":\"R\"},\"base\":{\"0\":\"A\",\"1\":\"C\",\"2\":\"G\",\"3\":\"T\",\"4\":\"A\",\"5\":\"C\",\"6\":\"G\",\"7\":\"T\",\"8\":\"A\",\"9\":\"C\",\"10\":\"G\",\"11\":\"T\",\"12\":\"A\",\"13\":\"C\",\"14\":\"G\",\"15\":\"T\"},\"count\":{\"0\":2005,\"1\":1435,\"2\":1964,\"3\":1633,\"4\":1980,\"5\":1396,\"6\":1842,\"7\":1819,\"8\":1364,\"9\":787,\"10\":1449,\"11\":928,\"12\":1396,\"13\":882,\"14\":1088,\"15\":1162},\"fitted\":{\"0\":1992.0900896271,\"1\":1398.952275405,\"2\":2049.4464445352,\"3\":1596.5111904327,\"4\":1992.9099103729,\"5\":1432.047724595,\"6\":1756.5535554656,\"7\":1855.4888095673,\"8\":1376.9099103729,\"9\":823.0477245951,\"10\":1363.5535554681,\"11\":964.4888095673,\"12\":1383.0900896271,\"13\":845.9522754051,\"14\":1173.4464445417,\"15\":1125.5111904328},\"ret\":{\"0\":0.0005599504,\"1\":0.0015783925,\"2\":-0.0036160798,\"3\":0.0015954453,\"4\":-0.000556334,\"5\":-0.0015387017,\"6\":0.0037826108,\"7\":-0.0015619391,\"8\":-0.0005555209,\"9\":-0.001523845,\"10\":0.003807585,\"11\":-0.0015473286,\"12\":0.0005607425,\"13\":0.0015912268,\"14\":-0.0035562947,\"15\":0.0016028534}}", "deviance": 28.809017230532916, "df": 3, "rel_entropy": 0.0006227630183859255, "formula": "count ~ group * mut * base - group : mut : base", "prob": 2.4562024733609756e-06}, "pos1": {"stats": "{\"group\":{\"0\":\"1\",\"1\":\"1\",\"2\":\"1\",\"3\":\"1\",\"4\":\"1\",\"5\":\"1\",\"6\":\"1\",\"7\":\"1\",\"8\":\"2\",\"9\":\"2\",\"10\":\"2\",\"11\":\"2\",\"12\":\"2\",\"13\":\"2\",\"14\":\"2\",\"15\":\"2\"},\"mut\":{\"0\":\"M\",\"1\":\"M\",\"2\":\"M\",\"3\":\"M\",\"4\":\"R\",\"5\":\"R\",\"6\":\"R\",\"7\":\"R\",\"8\":\"M\",\"9\":\"M\",\"10\":\"M\",\"11\":\"M\",\"12\":\"R\",\"13\":\"R\",\"14\":\"R\",\"15\":\"R\"},\"base\":{\"0\":\"A\",\"1\":\"C\",\"2\":\"G\",\"3\":\"T\",\"4\":\"A\",\"5\":\"C\",\"6\":\"G\",\"7\":\"T\",\"8\":\"A\",\"9\":\"C\",\"10\":\"G\",\"11\":\"T\",\"12\":\"A\",\"13\":\"C\",\"14\":\"G\",\"15\":\"T\"},\"count\":{\"0\":1441,\"1\":2457,\"2\":2192,\"3\":947,\"4\":1983,\"5\":2093,\"6\":1754,\"7\":1207,\"8\":1960,\"9\":909,\"10\":948,\"11\":711,\"12\":1329,\"13\":1240,\"14\":1071,\"15\":888},\"fitted\":{\"0\":1730.7372320313,\"1\":2282.7607109882,\"2\":2074.0457867525,\"3\":949.4562702279,\"4\":1693.2627679686,\"5\":2267.2392890118,\"6\":1871.9542132474,\"7\":1204.543729772,\"8\":1670.2627679686,\"9\":1083.2392890118,\"10\":1065.9542132475,\"11\":708.543729772,\"12\":1618.7372320313,\"13\":1065.7607109882,\"14\":953.0457867525,\"15\":890.4562702279},\"ret\":{\"0\":-0.011414,\"1\":0.0078134878,\"2\":0.0052419584,\"3\":-0.0001060566,\"4\":0.0135418024,\"5\":-0.0072358689,\"6\":-0.0049354682,\"7\":0.0001063023,\"8\":0.0135550577,\"9\":-0.0068918187,\"10\":-0.004806444,\"11\":0.000106378,\"12\":-0.0113318124,\"13\":0.0081177676,\"14\":0.0054029298,\"15\":-0.0001060475}}", "deviance": 326.5108401786325, "df": 3, "rel_entropy": 0.0070581677513755405, "formula": "count ~ group * mut * base - group : mut : base", "prob": 1.8167067435937194e-70}}