{"pos2": {"stats": "{\"strand\":{\"0\":\"+\",\"1\":\"+\",\"2\":\"+\",\"3\":\"+\",\"4\":\"+\",\"5\":\"+\",\"6\":\"+\",\"7\":\"+\",\"8\":\"-\",\"9\":\"-\",\"10\":\"-\",\"11\":\"-\",\"12\":\"-\",\"13\":\"-\",\"14\":\"-\",\"15\":\"-\"},\"mut\":{\"0\":\"M\",\"1\":\"M\",\"2\":\"M\",\"3\":\"M\",\"4\":\"R\",\"5\":\"R\",\"6\":\"R\",\"7\":\"R\",\"8\":\"M\",\"9\":\"M\",\"10\":\"M\",\"11\":\"M\",\"12\":\"R\",\"13\":\"R\",\"14\":\"R\",\"15\":\"R\"},\"base\":{\"0\":\"A\",\"1\":\"C\",\"2\":\"G\",\"3\":\"T\",\"4\":\"A\",\"5\":\"C\",\"6\":\"G\",\"7\":\"T\",\"8\":\"A\",\"9\":\"C\",\"10\":\"G\",\"11\":\"T\",\"12\":\"A\",\"13\":\"C\",\"14\":\"G\",\"15\":\"T\"},\"count\":{\"0\":5046,\"1\":4111,\"2\":6939,\"3\":5680,\"4\":8084,\"5\":5274,\"6\":807,\"7\":7611,\"8\":5094,\"9\":4305,\"10\":6947,\"11\":5474,\"12\":8084,\"13\":5227,\"14\":859,\"15\":7650},\"fitted\":{\"0\":5064.5470583943,\"1\":4178.1472662952,\"2\":6917.1201924917,\"3\":5616.1854828188,\"4\":8065.4529416057,\"5\":5206.8527337049,\"6\":828.8798075083,\"7\":7674.8145171812,\"8\":5075.4529416057,\"9\":4237.8527337049,\"10\":6968.8798075083,\"11\":5537.8145171812,\"12\":8102.5470583943,\"13\":5294.1472662952,\"14\":837.1201924917,\"15\":7586.1854828189},\"ret\":{\"0\":-0.0002123252,\"1\":-0.0007638865,\"2\":0.0002513347,\"3\":0.0007360274,\"4\":0.0002129595,\"5\":0.0007750525,\"6\":-0.0002475967,\"7\":-0.0007288338,\"8\":0.0002131033,\"9\":0.0007761772,\"10\":-0.0002505439,\"11\":-0.0007276518,\"12\":-0.0002124715,\"13\":-0.0007652036,\"14\":0.0002541894,\"15\":0.0007349547}}", "deviance": 7.897131520414085, "df": 3, "rel_entropy": 4.5285872100732204e-05, "formula": "count ~ strand * mut * base - strand : mut : base", "prob": 0.04818622223187987}, "pos3": {"stats": "{\"strand\":{\"0\":\"+\",\"1\":\"+\",\"2\":\"+\",\"3\":\"+\",\"4\":\"+\",\"5\":\"+\",\"6\":\"+\",\"7\":\"+\",\"8\":\"-\",\"9\":\"-\",\"10\":\"-\",\"11\":\"-\",\"12\":\"-\",\"13\":\"-\",\"14\":\"-\",\"15\":\"-\"},\"mut\":{\"0\":\"M\",\"1\":\"M\",\"2\":\"M\",\"3\":\"M\",\"4\":\"R\",\"5\":\"R\",\"6\":\"R\",\"7\":\"R\",\"8\":\"M\",\"9\":\"M\",\"10\":\"M\",\"11\":\"M\",\"12\":\"R\",\"13\":\"R\",\"14\":\"R\",\"15\":\"R\"},\"base\":{\"0\":\"A\",\"1\":\"C\",\"2\":\"G\",\"3\":\"T\",\"4\":\"A\",\"5\":\"C\",\"6\":\"G\",\"7\":\"T\",\"8\":\"A\",\"9\":\"C\",\"10\":\"G\",\"11\":\"T\",\"12\":\"A\",\"13\":\"C\",\"14\":\"G\",\"15\":\"T\"},\"count\":{\"0\":5487,\"1\":5292,\"2\":4584,\"3\":6413,\"4\":5904,\"5\":4812,\"6\":4560,\"7\":6500,\"8\":5498,\"9\":5303,\"10\":4542,\"11\":6477,\"12\":5966,\"13\":4656,\"14\":4638,\"15\":6560},\"fitted\":{\"0\":5474.1754657093,\"1\":5335.1016563866,\"2\":4553.4080871403,\"3\":6413.3147907639,\"4\":5916.8245342907,\"5\":4768.8983436135,\"6\":4590.5919128597,\"7\":6499.6852092362,\"8\":5510.8245342907,\"9\":5259.8983436135,\"10\":4572.5919128597,\"11\":6476.6852092362,\"12\":5953.1754657093,\"13\":4699.1016563866,\"14\":4607.4080871403,\"15\":6560.3147907638},\"ret\":{\"0\":0.000147256,\"1\":-0.0004923282,\"2\":0.0003520329,\"3\":-0.0000036102,\"4\":-0.0001469243,\"5\":0.0004965576,\"6\":-0.0003496852,\"7\":0.0000036104,\"8\":-0.0001469126,\"9\":0.0004963503,\"10\":-0.0003496806,\"11\":0.0000036104,\"12\":0.0001472422,\"13\":-0.0004920564,\"14\":0.0003520191,\"15\":-0.0000036102}}", "deviance": 2.4188961801611955, "df": 3, "rel_entropy": 1.387109012387143e-05, "formula": "count ~ strand * mut * base - strand : mut : base", "prob": 0.49012679814634019}, "pos0": {"stats": "{\"strand\":{\"0\":\"+\",\"1\":\"+\",\"2\":\"+\",\"3\":\"+\",\"4\":\"+\",\"5\":\"+\",\"6\":\"+\",\"7\":\"+\",\"8\":\"-\",\"9\":\"-\",\"10\":\"-\",\"11\":\"-\",\"12\":\"-\",\"13\":\"-\",\"14\":\"-\",\"15\":\"-\"},\"mut\":{\"0\":\"M\",\"1\":\"M\",\"2\":\"M\",\"3\":\"M\",\"4\":\"R\",\"5\":\"R\",\"6\":\"R\",\"7\":\"R\",\"8\":\"M\",\"9\":\"M\",\"10\":\"M\",\"11\":\"M\",\"12\":\"R\",\"13\":\"R\",\"14\":\"R\",\"15\":\"R\"},\"base\":{\"0\":\"A\",\"1\":\"C\",\"2\":\"G\",\"3\":\"T\",\"4\":\"A\",\"5\":\"C\",\"6\":\"G\",\"7\":\"T\",\"8\":\"A\",\"9\":\"C\",\"10\":\"G\",\"11\":\"T\",\"12\":\"A\",\"13\":\"C\",\"14\":\"G\",\"15\":\"T\"},\"count\":{\"0\":5362,\"1\":5139,\"2\":4254,\"3\":7021,\"4\":5942,\"5\":4743,\"6\":4252,\"7\":6839,\"8\":5341,\"9\":5159,\"10\":4253,\"11\":7067,\"12\":5904,\"13\":4830,\"14\":4347,\"15\":6739},\"fitted\":{\"0\":5365.850526974,\"1\":5121.5812369223,\"2\":4230.3912036409,\"3\":7058.177032463,\"4\":5938.1494730262,\"5\":4760.4187630777,\"6\":4275.6087963591,\"7\":6801.8229675371,\"8\":5337.1494730262,\"9\":5176.4187630777,\"10\":4276.6087963591,\"11\":7029.8229675371,\"12\":5907.8505269739,\"13\":4812.5812369223,\"14\":4323.3912036409,\"15\":6776.177032463},\"ret\":{\"0\":-0.0000441456,\"1\":0.0002001141,\"2\":0.0002715221,\"3\":-0.0004252563,\"4\":0.0000441758,\"5\":-0.0001994088,\"6\":-0.000270019,\"7\":0.0004275444,\"8\":0.0000441774,\"9\":-0.0001994383,\"10\":-0.0002700192,\"11\":0.0004275067,\"12\":-0.0000441471,\"13\":0.0002001359,\"14\":0.0002715059,\"15\":-0.0004252094}}", "deviance": 1.5761618130011188, "df": 3, "rel_entropy": 9.038454290537657e-06, "formula": "count ~ strand * mut * base - strand : mut : base", "prob": 0.66480696553959473}, "pos1": {"stats": "{\"strand\":{\"0\":\"+\",\"1\":\"+\",\"2\":\"+\",\"3\":\"+\",\"4\":\"+\",\"5\":\"+\",\"6\":\"+\",\"7\":\"+\",\"8\":\"-\",\"9\":\"-\",\"10\":\"-\",\"11\":\"-\",\"12\":\"-\",\"13\":\"-\",\"14\":\"-\",\"15\":\"-\"},\"mut\":{\"0\":\"M\",\"1\":\"M\",\"2\":\"M\",\"3\":\"M\",\"4\":\"R\",\"5\":\"R\",\"6\":\"R\",\"7\":\"R\",\"8\":\"M\",\"9\":\"M\",\"10\":\"M\",\"11\":\"M\",\"12\":\"R\",\"13\":\"R\",\"14\":\"R\",\"15\":\"R\"},\"base\":{\"0\":\"A\",\"1\":\"C\",\"2\":\"G\",\"3\":\"T\",\"4\":\"A\",\"5\":\"C\",\"6\":\"G\",\"7\":\"T\",\"8\":\"A\",\"9\":\"C\",\"10\":\"G\",\"11\":\"T\",\"12\":\"A\",\"13\":\"C\",\"14\":\"G\",\"15\":\"T\"},\"count\":{\"0\":6637,\"1\":5802,\"2\":4568,\"3\":4769,\"4\":5686,\"5\":5277,\"6\":4346,\"7\":6467,\"8\":6640,\"9\":5501,\"10\":4777,\"11\":4902,\"12\":5669,\"13\":5304,\"14\":4301,\"15\":6546},\"fitted\":{\"0\":6639.796113893,\"1\":5720.0485895559,\"2\":4628.091940771,\"3\":4788.06335578,\"4\":5683.2038861069,\"5\":5358.9514104441,\"6\":4285.908059229,\"7\":6447.93664422,\"8\":6637.2038861069,\"9\":5582.9514104441,\"10\":4716.908059229,\"11\":4882.93664422,\"12\":5671.7961138931,\"13\":5222.0485895559,\"14\":4361.091940771,\"15\":6565.06335578},\"ret\":{\"0\":-0.0000320617,\"1\":0.000946597,\"2\":-0.0006846972,\"3\":-0.0002182007,\"4\":0.0000320764,\"5\":-0.0009326724,\"6\":0.0006940001,\"7\":0.0002189594,\"8\":0.0000320752,\"9\":-0.0009329637,\"10\":0.0006935625,\"11\":0.0002190628,\"12\":-0.0000320606,\"13\":0.0009472328,\"14\":-0.0006844208,\"15\":-0.0002183188}}", "deviance": 8.400116920812456, "df": 3, "rel_entropy": 4.817022731909152e-05, "formula": "count ~ strand * mut * base - strand : mut : base", "prob": 0.038427291672225097}}