{"pos1": {"stats": "{\"group\":{\"8\":\"1\",\"9\":\"1\",\"10\":\"1\",\"11\":\"1\",\"12\":\"1\",\"13\":\"1\",\"14\":\"1\",\"15\":\"1\",\"0\":\"2\",\"1\":\"2\",\"2\":\"2\",\"3\":\"2\",\"4\":\"2\",\"5\":\"2\",\"6\":\"2\",\"7\":\"2\"},\"mut\":{\"8\":\"M\",\"9\":\"M\",\"10\":\"M\",\"11\":\"M\",\"12\":\"R\",\"13\":\"R\",\"14\":\"R\",\"15\":\"R\",\"0\":\"M\",\"1\":\"M\",\"2\":\"M\",\"3\":\"M\",\"4\":\"R\",\"5\":\"R\",\"6\":\"R\",\"7\":\"R\"},\"base\":{\"8\":\"A\",\"9\":\"C\",\"10\":\"G\",\"11\":\"T\",\"12\":\"A\",\"13\":\"C\",\"14\":\"G\",\"15\":\"T\",\"0\":\"A\",\"1\":\"C\",\"2\":\"G\",\"3\":\"T\",\"4\":\"A\",\"5\":\"C\",\"6\":\"G\",\"7\":\"T\"},\"count\":{\"8\":66319,\"9\":57713,\"10\":28951,\"11\":37167,\"12\":64102,\"13\":45445,\"14\":36914,\"15\":43689,\"0\":1747,\"1\":1324,\"2\":680,\"3\":968,\"4\":1605,\"5\":1102,\"6\":932,\"7\":1080},\"fitted\":{\"8\":66357.9349918791,\"9\":57678.7136634948,\"10\":28921.9354758345,\"11\":37191.4158687907,\"12\":64063.0650081203,\"13\":45479.2863365049,\"14\":36943.0645241651,\"15\":43664.5841312089,\"0\":1708.0650081204,\"1\":1358.286336505,\"2\":709.0645241653,\"3\":943.5841312091,\"4\":1643.9349918794,\"5\":1067.713663495,\"6\":902.9354758347,\"7\":1104.4158687909},\"ret\":{\"8\":-0.0000998711,\"9\":0.0000879989,\"10\":0.000074612,\"11\":-0.0000626263,\"12\":0.0000999308,\"13\":-0.0000879396,\"14\":-0.0000745452,\"15\":0.0000626644,\"0\":0.0001010305,\"1\":-0.000086853,\"2\":-0.0000730248,\"3\":0.0000634505,\"4\":-0.000098708,\"5\":0.0000893704,\"6\":0.0000757621,\"7\":-0.0000619492}}", "df": 3, "prob": 0.06431559361566389, "rel_entropy": 9.302313799412348e-06, "formula": "count ~ group * mut * base - group : mut : base", "deviance": 7.250930351110739}, "pos0": {"stats": "{\"group\":{\"8\":\"1\",\"9\":\"1\",\"10\":\"1\",\"11\":\"1\",\"12\":\"1\",\"13\":\"1\",\"14\":\"1\",\"15\":\"1\",\"0\":\"2\",\"1\":\"2\",\"2\":\"2\",\"3\":\"2\",\"4\":\"2\",\"5\":\"2\",\"6\":\"2\",\"7\":\"2\"},\"mut\":{\"8\":\"M\",\"9\":\"M\",\"10\":\"M\",\"11\":\"M\",\"12\":\"R\",\"13\":\"R\",\"14\":\"R\",\"15\":\"R\",\"0\":\"M\",\"1\":\"M\",\"2\":\"M\",\"3\":\"M\",\"4\":\"R\",\"5\":\"R\",\"6\":\"R\",\"7\":\"R\"},\"base\":{\"8\":\"A\",\"9\":\"C\",\"10\":\"G\",\"11\":\"T\",\"12\":\"A\",\"13\":\"C\",\"14\":\"G\",\"15\":\"T\",\"0\":\"A\",\"1\":\"C\",\"2\":\"G\",\"3\":\"T\",\"4\":\"A\",\"5\":\"C\",\"6\":\"G\",\"7\":\"T\"},\"count\":{\"8\":64808,\"9\":34370,\"10\":36056,\"11\":54916,\"12\":66152,\"13\":32920,\"14\":38080,\"15\":52998,\"0\":1691,\"1\":860,\"2\":824,\"3\":1344,\"4\":1754,\"5\":823,\"6\":876,\"7\":1266},\"fitted\":{\"8\":64794.6809430846,\"9\":34370.4309178846,\"10\":36053.3424494517,\"11\":54931.545689579,\"12\":66165.3190569155,\"13\":32919.5690821153,\"14\":38082.6575505482,\"15\":52982.4543104209,\"0\":1704.3190569155,\"1\":859.5690821154,\"2\":826.6575505482,\"3\":1328.4543104209,\"4\":1740.6809430846,\"5\":823.4309178846,\"6\":873.3424494518,\"7\":1281.5456895791},\"ret\":{\"8\":0.0000341779,\"9\":-0.0000011057,\"10\":0.0000068191,\"11\":-0.0000398819,\"12\":-0.0000341709,\"13\":0.0000011057,\"14\":-0.0000068186,\"15\":0.0000398934,\"0\":-0.0000340405,\"1\":0.0000011059,\"2\":-0.0000068078,\"3\":0.00004012,\"4\":0.0000343048,\"5\":-0.0000011054,\"6\":0.0000068292,\"7\":-0.0000396446}}", "df": 3, "prob": 0.8945039333543696, "rel_entropy": 7.805399349163392e-07, "formula": "count ~ group * mut * base - group : mut : base", "deviance": 0.6084121463088484}, "pos2": {"stats": "{\"group\":{\"8\":\"1\",\"9\":\"1\",\"10\":\"1\",\"11\":\"1\",\"12\":\"1\",\"13\":\"1\",\"14\":\"1\",\"15\":\"1\",\"0\":\"2\",\"1\":\"2\",\"2\":\"2\",\"3\":\"2\",\"4\":\"2\",\"5\":\"2\",\"6\":\"2\",\"7\":\"2\"},\"mut\":{\"8\":\"M\",\"9\":\"M\",\"10\":\"M\",\"11\":\"M\",\"12\":\"R\",\"13\":\"R\",\"14\":\"R\",\"15\":\"R\",\"0\":\"M\",\"1\":\"M\",\"2\":\"M\",\"3\":\"M\",\"4\":\"R\",\"5\":\"R\",\"6\":\"R\",\"7\":\"R\"},\"base\":{\"8\":\"A\",\"9\":\"C\",\"10\":\"G\",\"11\":\"T\",\"12\":\"A\",\"13\":\"C\",\"14\":\"G\",\"15\":\"T\",\"0\":\"A\",\"1\":\"C\",\"2\":\"G\",\"3\":\"T\",\"4\":\"A\",\"5\":\"C\",\"6\":\"G\",\"7\":\"T\"},\"count\":{\"8\":69605,\"9\":30420,\"10\":39100,\"11\":51025,\"12\":64082,\"13\":31393,\"14\":42988,\"15\":51687,\"0\":1741,\"1\":871,\"2\":865,\"3\":1242,\"4\":1659,\"5\":767,\"6\":1023,\"7\":1270},\"fitted\":{\"8\":69578.1382441785,\"9\":30484.0096142934,\"10\":39067.3973974324,\"11\":51020.454744096,\"12\":64108.8617558218,\"13\":31328.9903857067,\"14\":43020.6026025677,\"15\":51691.5452559043,\"0\":1767.8617558216,\"1\":806.9903857153,\"2\":897.6026025677,\"3\":1246.5452559041,\"4\":1632.1382441784,\"5\":831.0096143025,\"6\":990.3973974324,\"7\":1265.4547440959},\"ret\":{\"8\":0.0000689359,\"9\":-0.000164065,\"10\":0.0000836875,\"11\":0.0000116629,\"12\":-0.0000689082,\"13\":0.0001644052,\"14\":-0.0000836209,\"15\":-0.0000116618,\"0\":-0.0000683963,\"1\":0.0001705854,\"2\":-0.0000821147,\"3\":-0.000011641,\"4\":0.0000694867,\"5\":-0.0001577433,\"6\":0.0000850146,\"7\":0.0000116833}}", "df": 3, "prob": 0.003683264159064402, "rel_entropy": 1.731027327528997e-05, "formula": "count ~ group * mut * base - group : mut : base", "deviance": 13.492942571529923}, "pos3": {"stats": "{\"group\":{\"8\":\"1\",\"9\":\"1\",\"10\":\"1\",\"11\":\"1\",\"12\":\"1\",\"13\":\"1\",\"14\":\"1\",\"15\":\"1\",\"0\":\"2\",\"1\":\"2\",\"2\":\"2\",\"3\":\"2\",\"4\":\"2\",\"5\":\"2\",\"6\":\"2\",\"7\":\"2\"},\"mut\":{\"8\":\"M\",\"9\":\"M\",\"10\":\"M\",\"11\":\"M\",\"12\":\"R\",\"13\":\"R\",\"14\":\"R\",\"15\":\"R\",\"0\":\"M\",\"1\":\"M\",\"2\":\"M\",\"3\":\"M\",\"4\":\"R\",\"5\":\"R\",\"6\":\"R\",\"7\":\"R\"},\"base\":{\"8\":\"A\",\"9\":\"C\",\"10\":\"G\",\"11\":\"T\",\"12\":\"A\",\"13\":\"C\",\"14\":\"G\",\"15\":\"T\",\"0\":\"A\",\"1\":\"C\",\"2\":\"G\",\"3\":\"T\",\"4\":\"A\",\"5\":\"C\",\"6\":\"G\",\"7\":\"T\"},\"count\":{\"8\":64047,\"9\":30854,\"10\":34563,\"11\":60686,\"12\":66403,\"13\":33392,\"14\":36691,\"15\":53664,\"0\":1743,\"1\":733,\"2\":783,\"3\":1460,\"4\":1771,\"5\":771,\"6\":875,\"7\":1302},\"fitted\":{\"8\":64063.7823454155,\"9\":30864.2543780056,\"10\":34542.0116331465,\"11\":60679.9516434319,\"12\":66386.2176545843,\"13\":33381.7456219943,\"14\":36711.9883668533,\"15\":53670.0483565681,\"0\":1726.2176545842,\"1\":722.7456219943,\"2\":803.9883668534,\"3\":1466.048356568,\"4\":1787.7823454157,\"5\":781.2543780057,\"6\":854.0116331466,\"7\":1295.951643432},\"ret\":{\"8\":-0.0000430549,\"9\":-0.0000263066,\"10\":0.0000538689,\"11\":0.0000155198,\"12\":0.000043066,\"13\":0.000026315,\"14\":-0.0000538371,\"15\":-0.0000155182,\"0\":0.0000432692,\"1\":0.0000264967,\"2\":-0.0000531434,\"3\":-0.000015487,\"4\":-0.0000428578,\"5\":-0.0000261375,\"6\":0.0000545089,\"7\":0.0000155552}}", "df": 3, "prob": 0.6237997847704808, "rel_entropy": 2.2572144086477667e-06, "formula": "count ~ group * mut * base - group : mut : base", "deviance": 1.7594444583951265}}