{"pos2": {"stats": "{\"group\":{\"0\":\"1\",\"1\":\"1\",\"2\":\"1\",\"3\":\"1\",\"4\":\"1\",\"5\":\"1\",\"6\":\"1\",\"7\":\"1\",\"8\":\"2\",\"9\":\"2\",\"10\":\"2\",\"11\":\"2\",\"12\":\"2\",\"13\":\"2\",\"14\":\"2\",\"15\":\"2\"},\"mut\":{\"0\":\"M\",\"1\":\"M\",\"2\":\"M\",\"3\":\"M\",\"4\":\"R\",\"5\":\"R\",\"6\":\"R\",\"7\":\"R\",\"8\":\"M\",\"9\":\"M\",\"10\":\"M\",\"11\":\"M\",\"12\":\"R\",\"13\":\"R\",\"14\":\"R\",\"15\":\"R\"},\"base\":{\"0\":\"A\",\"1\":\"C\",\"2\":\"G\",\"3\":\"T\",\"4\":\"A\",\"5\":\"C\",\"6\":\"G\",\"7\":\"T\",\"8\":\"A\",\"9\":\"C\",\"10\":\"G\",\"11\":\"T\",\"12\":\"A\",\"13\":\"C\",\"14\":\"G\",\"15\":\"T\"},\"count\":{\"0\":69605,\"1\":30420,\"2\":39100,\"3\":51025,\"4\":64082,\"5\":31393,\"6\":42988,\"7\":51687,\"8\":1741,\"9\":871,\"10\":865,\"11\":1242,\"12\":1659,\"13\":767,\"14\":1023,\"15\":1270},\"fitted\":{\"0\":69578.1382441771,\"1\":30484.0096142933,\"2\":39067.3973974322,\"3\":51020.4547440957,\"4\":64108.8617558213,\"5\":31328.9903857065,\"6\":43020.6026025674,\"7\":51691.5452559038,\"8\":1767.8617558216,\"9\":806.9903857153,\"10\":897.6026025677,\"11\":1246.5452559041,\"12\":1632.1382441784,\"13\":831.0096143025,\"14\":990.3973974324,\"15\":1265.4547440959},\"ret\":{\"0\":0.0000689359,\"1\":-0.000164065,\"2\":0.0000836875,\"3\":0.0000116629,\"4\":-0.0000689082,\"5\":0.0001644052,\"6\":-0.0000836209,\"7\":-0.0000116618,\"8\":-0.0000683963,\"9\":0.0001705854,\"10\":-0.0000821147,\"11\":-0.000011641,\"12\":0.0000694867,\"13\":-0.0001577433,\"14\":0.0000850146,\"15\":0.0000116833}}", "deviance": 13.492942571512055, "df": 3, "rel_entropy": 1.7310273275267045e-05, "formula": "count ~ group * mut * base - group : mut : base", "prob": 0.0036832641590951718}, "pos3": {"stats": "{\"group\":{\"0\":\"1\",\"1\":\"1\",\"2\":\"1\",\"3\":\"1\",\"4\":\"1\",\"5\":\"1\",\"6\":\"1\",\"7\":\"1\",\"8\":\"2\",\"9\":\"2\",\"10\":\"2\",\"11\":\"2\",\"12\":\"2\",\"13\":\"2\",\"14\":\"2\",\"15\":\"2\"},\"mut\":{\"0\":\"M\",\"1\":\"M\",\"2\":\"M\",\"3\":\"M\",\"4\":\"R\",\"5\":\"R\",\"6\":\"R\",\"7\":\"R\",\"8\":\"M\",\"9\":\"M\",\"10\":\"M\",\"11\":\"M\",\"12\":\"R\",\"13\":\"R\",\"14\":\"R\",\"15\":\"R\"},\"base\":{\"0\":\"A\",\"1\":\"C\",\"2\":\"G\",\"3\":\"T\",\"4\":\"A\",\"5\":\"C\",\"6\":\"G\",\"7\":\"T\",\"8\":\"A\",\"9\":\"C\",\"10\":\"G\",\"11\":\"T\",\"12\":\"A\",\"13\":\"C\",\"14\":\"G\",\"15\":\"T\"},\"count\":{\"0\":64047,\"1\":30854,\"2\":34563,\"3\":60686,\"4\":66403,\"5\":33392,\"6\":36691,\"7\":53664,\"8\":1743,\"9\":733,\"10\":783,\"11\":1460,\"12\":1771,\"13\":771,\"14\":875,\"15\":1302},\"fitted\":{\"0\":64063.7823454158,\"1\":30864.2543780056,\"2\":34542.0116331465,\"3\":60679.9516434318,\"4\":66386.2176545841,\"5\":33381.7456219942,\"6\":36711.9883668533,\"7\":53670.0483565677,\"8\":1726.2176545843,\"9\":722.7456219943,\"10\":803.9883668534,\"11\":1466.0483565681,\"12\":1787.7823454157,\"13\":781.2543780057,\"14\":854.0116331466,\"15\":1295.9516434319},\"ret\":{\"0\":-0.0000430549,\"1\":-0.0000263066,\"2\":0.0000538689,\"3\":0.0000155198,\"4\":0.000043066,\"5\":0.000026315,\"6\":-0.0000538371,\"7\":-0.0000155182,\"8\":0.0000432692,\"9\":0.0000264967,\"10\":-0.0000531434,\"11\":-0.000015487,\"12\":-0.0000428578,\"13\":-0.0000261375,\"14\":0.0000545089,\"15\":0.0000155552}}", "deviance": 1.7594444583893463, "df": 3, "rel_entropy": 2.257214408640351e-06, "formula": "count ~ group * mut * base - group : mut : base", "prob": 0.6237997847717498}, "pos0": {"stats": "{\"group\":{\"0\":\"1\",\"1\":\"1\",\"2\":\"1\",\"3\":\"1\",\"4\":\"1\",\"5\":\"1\",\"6\":\"1\",\"7\":\"1\",\"8\":\"2\",\"9\":\"2\",\"10\":\"2\",\"11\":\"2\",\"12\":\"2\",\"13\":\"2\",\"14\":\"2\",\"15\":\"2\"},\"mut\":{\"0\":\"M\",\"1\":\"M\",\"2\":\"M\",\"3\":\"M\",\"4\":\"R\",\"5\":\"R\",\"6\":\"R\",\"7\":\"R\",\"8\":\"M\",\"9\":\"M\",\"10\":\"M\",\"11\":\"M\",\"12\":\"R\",\"13\":\"R\",\"14\":\"R\",\"15\":\"R\"},\"base\":{\"0\":\"A\",\"1\":\"C\",\"2\":\"G\",\"3\":\"T\",\"4\":\"A\",\"5\":\"C\",\"6\":\"G\",\"7\":\"T\",\"8\":\"A\",\"9\":\"C\",\"10\":\"G\",\"11\":\"T\",\"12\":\"A\",\"13\":\"C\",\"14\":\"G\",\"15\":\"T\"},\"count\":{\"0\":64808,\"1\":34370,\"2\":36056,\"3\":54916,\"4\":66152,\"5\":32920,\"6\":38080,\"7\":52998,\"8\":1691,\"9\":860,\"10\":824,\"11\":1344,\"12\":1754,\"13\":823,\"14\":876,\"15\":1266},\"fitted\":{\"0\":64794.6809430842,\"1\":34370.4309178847,\"2\":36053.3424494517,\"3\":54931.5456895791,\"4\":66165.3190569156,\"5\":32919.5690821153,\"6\":38082.6575505482,\"7\":52982.4543104209,\"8\":1704.3190569155,\"9\":859.5690821154,\"10\":826.6575505482,\"11\":1328.4543104209,\"12\":1740.6809430846,\"13\":823.4309178846,\"14\":873.3424494518,\"15\":1281.5456895791},\"ret\":{\"0\":0.0000341779,\"1\":-0.0000011057,\"2\":0.0000068191,\"3\":-0.0000398819,\"4\":-0.0000341709,\"5\":0.0000011057,\"6\":-0.0000068186,\"7\":0.0000398934,\"8\":-0.0000340405,\"9\":0.0000011059,\"10\":-0.0000068078,\"11\":0.00004012,\"12\":0.0000343048,\"13\":-0.0000011054,\"14\":0.0000068292,\"15\":-0.0000396446}}", "deviance": 0.6084121462923795, "df": 3, "rel_entropy": 7.80539934895211e-07, "formula": "count ~ group * mut * base - group : mut : base", "prob": 0.89450393335815015}, "pos1": {"stats": "{\"group\":{\"0\":\"1\",\"1\":\"1\",\"2\":\"1\",\"3\":\"1\",\"4\":\"1\",\"5\":\"1\",\"6\":\"1\",\"7\":\"1\",\"8\":\"2\",\"9\":\"2\",\"10\":\"2\",\"11\":\"2\",\"12\":\"2\",\"13\":\"2\",\"14\":\"2\",\"15\":\"2\"},\"mut\":{\"0\":\"M\",\"1\":\"M\",\"2\":\"M\",\"3\":\"M\",\"4\":\"R\",\"5\":\"R\",\"6\":\"R\",\"7\":\"R\",\"8\":\"M\",\"9\":\"M\",\"10\":\"M\",\"11\":\"M\",\"12\":\"R\",\"13\":\"R\",\"14\":\"R\",\"15\":\"R\"},\"base\":{\"0\":\"A\",\"1\":\"C\",\"2\":\"G\",\"3\":\"T\",\"4\":\"A\",\"5\":\"C\",\"6\":\"G\",\"7\":\"T\",\"8\":\"A\",\"9\":\"C\",\"10\":\"G\",\"11\":\"T\",\"12\":\"A\",\"13\":\"C\",\"14\":\"G\",\"15\":\"T\"},\"count\":{\"0\":66319,\"1\":57713,\"2\":28951,\"3\":37167,\"4\":64102,\"5\":45445,\"6\":36914,\"7\":43689,\"8\":1747,\"9\":1324,\"10\":680,\"11\":968,\"12\":1605,\"13\":1102,\"14\":932,\"15\":1080},\"fitted\":{\"0\":66357.9349918789,\"1\":57678.7136634948,\"2\":28921.9354758345,\"3\":37191.4158687907,\"4\":64063.0650081202,\"5\":45479.2863365048,\"6\":36943.0645241652,\"7\":43664.5841312089,\"8\":1708.0650081205,\"9\":1358.286336505,\"10\":709.0645241653,\"11\":943.5841312091,\"12\":1643.9349918795,\"13\":1067.713663495,\"14\":902.9354758347,\"15\":1104.4158687909},\"ret\":{\"0\":-0.0000998711,\"1\":0.0000879989,\"2\":0.000074612,\"3\":-0.0000626263,\"4\":0.0000999308,\"5\":-0.0000879396,\"6\":-0.0000745452,\"7\":0.0000626644,\"8\":0.0001010305,\"9\":-0.000086853,\"10\":-0.0000730248,\"11\":0.0000634505,\"12\":-0.000098708,\"13\":0.0000893704,\"14\":0.0000757621,\"15\":-0.0000619492}}", "deviance": 7.250930351117624, "df": 3, "rel_entropy": 9.30231379942118e-06, "formula": "count ~ group * mut * base - group : mut : base", "prob": 0.064315593615466807}}