{"pos2": {"stats": "{\"strand\":{\"0\":\"+\",\"1\":\"+\",\"2\":\"+\",\"3\":\"+\",\"4\":\"+\",\"5\":\"+\",\"6\":\"+\",\"7\":\"+\",\"8\":\"-\",\"9\":\"-\",\"10\":\"-\",\"11\":\"-\",\"12\":\"-\",\"13\":\"-\",\"14\":\"-\",\"15\":\"-\"},\"mut\":{\"0\":\"M\",\"1\":\"M\",\"2\":\"M\",\"3\":\"M\",\"4\":\"R\",\"5\":\"R\",\"6\":\"R\",\"7\":\"R\",\"8\":\"M\",\"9\":\"M\",\"10\":\"M\",\"11\":\"M\",\"12\":\"R\",\"13\":\"R\",\"14\":\"R\",\"15\":\"R\"},\"base\":{\"0\":\"A\",\"1\":\"C\",\"2\":\"G\",\"3\":\"T\",\"4\":\"A\",\"5\":\"C\",\"6\":\"G\",\"7\":\"T\",\"8\":\"A\",\"9\":\"C\",\"10\":\"G\",\"11\":\"T\",\"12\":\"A\",\"13\":\"C\",\"14\":\"G\",\"15\":\"T\"},\"count\":{\"0\":89,\"1\":116,\"2\":75,\"3\":176,\"4\":158,\"5\":119,\"6\":47,\"7\":132,\"8\":109,\"9\":130,\"10\":57,\"11\":131,\"12\":142,\"13\":115,\"14\":36,\"15\":134},\"fitted\":{\"0\":97.4951157505,\"1\":119.7241857543,\"2\":74.60472312,\"3\":164.1759753787,\"4\":149.5048842523,\"5\":115.2758142457,\"6\":47.39527688,\"7\":143.8240246249,\"8\":100.5048842542,\"9\":126.2758142457,\"10\":57.39527688,\"11\":142.824024625,\"12\":150.495115748,\"13\":118.7241857543,\"14\":35.60472312,\"15\":122.1759753836},\"ret\":{\"0\":-0.0045944316,\"1\":-0.002075681,\"2\":0.000224418,\"3\":0.0069308842,\"4\":0.0049445205,\"5\":0.0021425291,\"6\":-0.0002228901,\"7\":-0.0064122833,\"8\":0.0050081708,\"9\":0.0021396214,\"10\":-0.0002230536,\"11\":-0.0064102433,\"12\":-0.0046719747,\"13\":-0.0020753989,\"14\":0.000225064,\"15\":0.0070093817}}", "deviance": 6.84725207983691, "df": 3, "rel_entropy": 0.0019386330916865543, "formula": "count ~ strand * mut * base - strand : mut : base", "prob": 0.076929055375804425}, "pos3": {"stats": "{\"strand\":{\"0\":\"+\",\"1\":\"+\",\"2\":\"+\",\"3\":\"+\",\"4\":\"+\",\"5\":\"+\",\"6\":\"+\",\"7\":\"+\",\"8\":\"-\",\"9\":\"-\",\"10\":\"-\",\"11\":\"-\",\"12\":\"-\",\"13\":\"-\",\"14\":\"-\",\"15\":\"-\"},\"mut\":{\"0\":\"M\",\"1\":\"M\",\"2\":\"M\",\"3\":\"M\",\"4\":\"R\",\"5\":\"R\",\"6\":\"R\",\"7\":\"R\",\"8\":\"M\",\"9\":\"M\",\"10\":\"M\",\"11\":\"M\",\"12\":\"R\",\"13\":\"R\",\"14\":\"R\",\"15\":\"R\"},\"base\":{\"0\":\"A\",\"1\":\"C\",\"2\":\"G\",\"3\":\"T\",\"4\":\"A\",\"5\":\"C\",\"6\":\"G\",\"7\":\"T\",\"8\":\"A\",\"9\":\"C\",\"10\":\"G\",\"11\":\"T\",\"12\":\"A\",\"13\":\"C\",\"14\":\"G\",\"15\":\"T\"},\"count\":{\"0\":105,\"1\":101,\"2\":131,\"3\":119,\"4\":108,\"5\":121,\"6\":105,\"7\":122,\"8\":110,\"9\":88,\"10\":113,\"11\":116,\"12\":100,\"13\":121,\"14\":108,\"15\":98},\"fitted\":{\"0\":108.2407982451,\"1\":97.3286718443,\"2\":125.9811510185,\"3\":124.4493788921,\"4\":104.7592017549,\"5\":124.6713281557,\"6\":110.0188489816,\"7\":116.5506211079,\"8\":106.7592017549,\"9\":91.6713281557,\"10\":118.0188489816,\"11\":110.5506211079,\"12\":103.2407982451,\"13\":117.3286718443,\"14\":102.9811510185,\"15\":103.4493788922},\"ret\":{\"0\":-0.0018073561,\"1\":0.0021176198,\"2\":0.0028978018,\"3\":-0.0030171517,\"4\":0.0018632035,\"5\":-0.0020479801,\"6\":-0.0027760998,\"7\":0.0031567569,\"8\":0.0018626823,\"9\":-0.002036699,\"10\":-0.0027806274,\"11\":0.0031605511,\"12\":-0.0018059978,\"13\":0.002111086,\"14\":0.0029100836,\"15\":-0.0030029798}}", "deviance": 2.8428833922070433, "df": 3, "rel_entropy": 0.0008048933726520508, "formula": "count ~ strand * mut * base - strand : mut : base", "prob": 0.41648911290470869}, "pos0": {"stats": "{\"strand\":{\"0\":\"+\",\"1\":\"+\",\"2\":\"+\",\"3\":\"+\",\"4\":\"+\",\"5\":\"+\",\"6\":\"+\",\"7\":\"+\",\"8\":\"-\",\"9\":\"-\",\"10\":\"-\",\"11\":\"-\",\"12\":\"-\",\"13\":\"-\",\"14\":\"-\",\"15\":\"-\"},\"mut\":{\"0\":\"M\",\"1\":\"M\",\"2\":\"M\",\"3\":\"M\",\"4\":\"R\",\"5\":\"R\",\"6\":\"R\",\"7\":\"R\",\"8\":\"M\",\"9\":\"M\",\"10\":\"M\",\"11\":\"M\",\"12\":\"R\",\"13\":\"R\",\"14\":\"R\",\"15\":\"R\"},\"base\":{\"0\":\"A\",\"1\":\"C\",\"2\":\"G\",\"3\":\"T\",\"4\":\"A\",\"5\":\"C\",\"6\":\"G\",\"7\":\"T\",\"8\":\"A\",\"9\":\"C\",\"10\":\"G\",\"11\":\"T\",\"12\":\"A\",\"13\":\"C\",\"14\":\"G\",\"15\":\"T\"},\"count\":{\"0\":123,\"1\":141,\"2\":113,\"3\":79,\"4\":112,\"5\":118,\"6\":98,\"7\":128,\"8\":119,\"9\":135,\"10\":89,\"11\":84,\"12\":106,\"13\":113,\"14\":114,\"15\":94},\"fitted\":{\"0\":123.83622582,\"1\":141.2197288029,\"2\":103.1373172967,\"3\":87.8067280804,\"4\":111.16377418,\"5\":117.7802711971,\"6\":107.8626827033,\"7\":119.1932719196,\"8\":118.16377418,\"9\":134.7802711971,\"10\":98.8626827033,\"11\":75.1932719196,\"12\":106.83622582,\"13\":113.2197288029,\"14\":104.1373172967,\"15\":102.8067280804},\"ret\":{\"0\":-0.0004719117,\"1\":-0.0001243249,\"2\":0.0058436575,\"3\":-0.0047279342,\"4\":0.0004752906,\"5\":0.0001245377,\"6\":-0.0053212714,\"7\":0.0051666739,\"8\":0.0004751856,\"9\":0.0001245231,\"10\":-0.005296431,\"11\":0.0052680767,\"12\":-0.0004716561,\"13\":-0.0001243009,\"14\":0.0058412452,\"15\":-0.0047668548}}", "deviance": 7.115232914673977, "df": 3, "rel_entropy": 0.0020145053552304577, "formula": "count ~ strand * mut * base - strand : mut : base", "prob": 0.06831420541342266}, "pos1": {"stats": "{\"strand\":{\"0\":\"+\",\"1\":\"+\",\"2\":\"+\",\"3\":\"+\",\"4\":\"+\",\"5\":\"+\",\"6\":\"+\",\"7\":\"+\",\"8\":\"-\",\"9\":\"-\",\"10\":\"-\",\"11\":\"-\",\"12\":\"-\",\"13\":\"-\",\"14\":\"-\",\"15\":\"-\"},\"mut\":{\"0\":\"M\",\"1\":\"M\",\"2\":\"M\",\"3\":\"M\",\"4\":\"R\",\"5\":\"R\",\"6\":\"R\",\"7\":\"R\",\"8\":\"M\",\"9\":\"M\",\"10\":\"M\",\"11\":\"M\",\"12\":\"R\",\"13\":\"R\",\"14\":\"R\",\"15\":\"R\"},\"base\":{\"0\":\"A\",\"1\":\"C\",\"2\":\"G\",\"3\":\"T\",\"4\":\"A\",\"5\":\"C\",\"6\":\"G\",\"7\":\"T\",\"8\":\"A\",\"9\":\"C\",\"10\":\"G\",\"11\":\"T\",\"12\":\"A\",\"13\":\"C\",\"14\":\"G\",\"15\":\"T\"},\"count\":{\"0\":77,\"1\":152,\"2\":99,\"3\":128,\"4\":81,\"5\":139,\"6\":107,\"7\":129,\"8\":79,\"9\":145,\"10\":76,\"11\":127,\"12\":98,\"13\":115,\"14\":97,\"15\":117},\"fitted\":{\"0\":73.5082262663,\"1\":156.743289205,\"2\":95.0423457602,\"3\":130.7061387685,\"4\":84.4917737337,\"5\":134.256710795,\"6\":110.9576542398,\"7\":126.2938612315,\"8\":82.4917737337,\"9\":140.256710795,\"10\":79.9576542399,\"11\":124.2938612315,\"12\":94.5082262663,\"13\":119.743289205,\"14\":93.0423457602,\"15\":119.7061387685},\"ret\":{\"0\":0.0020234562,\"1\":-0.0026448384,\"2\":0.0022870521,\"3\":-0.0015163814,\"4\":-0.001935791,\"5\":0.0027327915,\"6\":-0.0022005768,\"7\":0.001548656,\"8\":-0.0019347719,\"9\":0.0027308074,\"10\":-0.002184627,\"11\":0.0015489164,\"12\":0.0020133061,\"13\":-0.0026319805,\"14\":0.0022880278,\"15\":-0.0015149023}}", "deviance": 2.1514974862139216, "df": 3, "rel_entropy": 0.0006091442486449381, "formula": "count ~ strand * mut * base - strand : mut : base", "prob": 0.54156492486154595}}