{"pos0": {"formula": "count ~ mut * base - mut : base", "df": 3, "rel_entropy": 0.007547857614913403, "prob": 1.440465910674298e-281, "stats": "{\"mut\":{\"0\":\"M\",\"1\":\"M\",\"2\":\"M\",\"3\":\"M\",\"4\":\"R\",\"5\":\"R\",\"6\":\"R\",\"7\":\"R\"},\"base\":{\"0\":\"A\",\"1\":\"C\",\"2\":\"G\",\"3\":\"T\",\"4\":\"A\",\"5\":\"C\",\"6\":\"G\",\"7\":\"T\"},\"count\":{\"0\":9953,\"1\":11808,\"2\":9445,\"3\":11854,\"4\":12045,\"5\":8343,\"6\":7792,\"7\":14880},\"fitted\":{\"0\":10999.0,\"1\":10075.5,\"2\":8618.5,\"3\":13367.0,\"4\":10999.0,\"5\":10075.5,\"6\":8618.5,\"7\":13367.0},\"ret\":{\"0\":-0.0115490796,\"1\":0.0217554768,\"2\":0.0100432029,\"3\":-0.0165344332,\"4\":0.0127058913,\"5\":-0.0182790238,\"6\":-0.0091214434,\"7\":0.0185272667}}", "deviance": 1300.0429955926845}, "pos3": {"formula": "count ~ mut * base - mut : base", "df": 3, "rel_entropy": 0.02770960542472481, "prob": 0, "stats": "{\"mut\":{\"0\":\"M\",\"1\":\"M\",\"2\":\"M\",\"3\":\"M\",\"4\":\"R\",\"5\":\"R\",\"6\":\"R\",\"7\":\"R\"},\"base\":{\"0\":\"A\",\"1\":\"C\",\"2\":\"G\",\"3\":\"T\",\"4\":\"A\",\"5\":\"C\",\"6\":\"G\",\"7\":\"T\"},\"count\":{\"0\":7085,\"1\":9255,\"2\":15994,\"3\":10726,\"4\":11674,\"5\":8783,\"6\":7720,\"7\":14883},\"fitted\":{\"0\":9379.4999999996,\"1\":9018.9999999995,\"2\":11857.0000000243,\"3\":12804.4999999994,\"4\":9379.5000000007,\"5\":9019.0000000006,\"6\":11857.0000000257,\"7\":12804.5000000009},\"ret\":{\"0\":-0.0230802664,\"1\":0.0027759071,\"2\":0.0555843949,\"3\":-0.0220605337,\"4\":0.0296645517,\"5\":-0.0027041919,\"6\":-0.0384658992,\"7\":0.0259956429}}", "deviance": 4772.702438354601}, "pos1": {"formula": "count ~ mut * base - mut : base", "df": 3, "rel_entropy": 0.024929108908045134, "prob": 0, "stats": "{\"mut\":{\"0\":\"M\",\"1\":\"M\",\"2\":\"M\",\"3\":\"M\",\"4\":\"R\",\"5\":\"R\",\"6\":\"R\",\"7\":\"R\"},\"base\":{\"0\":\"A\",\"1\":\"C\",\"2\":\"G\",\"3\":\"T\",\"4\":\"A\",\"5\":\"C\",\"6\":\"G\",\"7\":\"T\"},\"count\":{\"0\":17694,\"1\":10351,\"2\":8297,\"3\":6718,\"4\":11258,\"5\":10218,\"6\":7302,\"7\":14282},\"fitted\":{\"0\":14476.000000001,\"1\":10284.5000000007,\"2\":7799.5000000005,\"3\":10500.0000000376,\"4\":14475.9999999992,\"5\":10284.4999999994,\"6\":7799.4999999996,\"7\":10500.0000000363},\"ret\":{\"0\":0.0412422019,\"1\":0.0007746695,\"2\":0.0059572667,\"3\":-0.0348369305,\"4\":-0.0328658719,\"5\":-0.0007696765,\"6\":-0.0055885352,\"7\":0.0510159849}}", "deviance": 4293.789718321694}, "pos2": {"formula": "count ~ mut * base - mut : base", "df": 3, "rel_entropy": 0.011348331249025758, "prob": 0, "stats": "{\"mut\":{\"0\":\"M\",\"1\":\"M\",\"2\":\"M\",\"3\":\"M\",\"4\":\"R\",\"5\":\"R\",\"6\":\"R\",\"7\":\"R\"},\"base\":{\"0\":\"A\",\"1\":\"C\",\"2\":\"G\",\"3\":\"T\",\"4\":\"A\",\"5\":\"C\",\"6\":\"G\",\"7\":\"T\"},\"count\":{\"0\":7438,\"1\":6454,\"2\":16393,\"3\":12775,\"4\":9531,\"5\":8694,\"6\":10547,\"7\":14288},\"fitted\":{\"0\":8484.5000000001,\"1\":7574.0,\"2\":13470.0,\"3\":13531.5,\"4\":8484.5,\"5\":7574.0,\"6\":13470.0,\"7\":13531.5},\"ret\":{\"0\":-0.0113693763,\"1\":-0.0119923021,\"2\":0.0373828591,\"3\":-0.0085339974,\"4\":0.0128720155,\"5\":0.0139224944,\"6\":-0.0299587132,\"7\":0.0090253512}}", "deviance": 1954.6365743321965}}