{"('pos0', 'pos3')": {"formula": "count ~ mut * base1 * base2 - mut : base1 : base2", "df": 9, "rel_entropy": 0.000951481049767064, "prob": 1.1576453911212363e-30, "stats": "{\"mut\":{\"0\":\"M\",\"1\":\"M\",\"2\":\"M\",\"3\":\"M\",\"4\":\"M\",\"5\":\"M\",\"6\":\"M\",\"7\":\"M\",\"8\":\"M\",\"9\":\"M\",\"10\":\"M\",\"11\":\"M\",\"12\":\"M\",\"13\":\"M\",\"14\":\"M\",\"15\":\"M\",\"16\":\"R\",\"17\":\"R\",\"18\":\"R\",\"19\":\"R\",\"20\":\"R\",\"21\":\"R\",\"22\":\"R\",\"23\":\"R\",\"24\":\"R\",\"25\":\"R\",\"26\":\"R\",\"27\":\"R\",\"28\":\"R\",\"29\":\"R\",\"30\":\"R\",\"31\":\"R\"},\"base1\":{\"0\":\"A\",\"1\":\"A\",\"2\":\"A\",\"3\":\"A\",\"4\":\"C\",\"5\":\"C\",\"6\":\"C\",\"7\":\"C\",\"8\":\"G\",\"9\":\"G\",\"10\":\"G\",\"11\":\"G\",\"12\":\"T\",\"13\":\"T\",\"14\":\"T\",\"15\":\"T\",\"16\":\"A\",\"17\":\"A\",\"18\":\"A\",\"19\":\"A\",\"20\":\"C\",\"21\":\"C\",\"22\":\"C\",\"23\":\"C\",\"24\":\"G\",\"25\":\"G\",\"26\":\"G\",\"27\":\"G\",\"28\":\"T\",\"29\":\"T\",\"30\":\"T\",\"31\":\"T\"},\"base2\":{\"0\":\"A\",\"1\":\"C\",\"2\":\"G\",\"3\":\"T\",\"4\":\"A\",\"5\":\"C\",\"6\":\"G\",\"7\":\"T\",\"8\":\"A\",\"9\":\"C\",\"10\":\"G\",\"11\":\"T\",\"12\":\"A\",\"13\":\"C\",\"14\":\"G\",\"15\":\"T\",\"16\":\"A\",\"17\":\"C\",\"18\":\"G\",\"19\":\"T\",\"20\":\"A\",\"21\":\"C\",\"22\":\"G\",\"23\":\"T\",\"24\":\"A\",\"25\":\"C\",\"26\":\"G\",\"27\":\"T\",\"28\":\"A\",\"29\":\"C\",\"30\":\"G\",\"31\":\"T\"},\"count\":{\"0\":1679,\"1\":2042,\"2\":3603,\"3\":2629,\"4\":1629,\"5\":2305,\"6\":5059,\"7\":2815,\"8\":1698,\"9\":2088,\"10\":3392,\"11\":2267,\"12\":2079,\"13\":2820,\"14\":3940,\"15\":3015,\"16\":3543,\"17\":2454,\"18\":2031,\"19\":4017,\"20\":2066,\"21\":1908,\"22\":1654,\"23\":2715,\"24\":2165,\"25\":1591,\"26\":1593,\"27\":2443,\"28\":3900,\"29\":2830,\"30\":2442,\"31\":5708},\"fitted\":{\"0\":1772.9943792869,\"1\":2108.5172226518,\"2\":3550.1566006075,\"3\":2521.3317974583,\"4\":1673.0451334452,\"5\":2473.199381953,\"6\":4919.1537358418,\"7\":2742.6017487839,\"8\":1642.2230214488,\"9\":2058.6018873064,\"10\":3540.3797848616,\"11\":2203.7953063881,\"12\":1996.7374658242,\"13\":2614.6815081357,\"14\":3984.3098786941,\"15\":3258.2711473957,\"16\":3449.0056207142,\"17\":2387.4827773482,\"18\":2083.8433993947,\"19\":4124.6682025449,\"20\":2021.9548665559,\"21\":1739.8006181102,\"22\":1793.846264177,\"23\":2787.3982512165,\"24\":2220.7769785516,\"25\":1620.3981126951,\"26\":1444.6202151633,\"27\":2506.204693612,\"28\":3982.2625341796,\"29\":3035.3184919001,\"30\":2397.6901213062,\"31\":5464.7288526286},\"ret\":{\"0\":-0.0010619788,\"1\":-0.0007600651,\"2\":0.0006181461,\"3\":0.0012765331,\"4\":-0.0005046471,\"5\":-0.0018851092,\"6\":0.00164672,\"7\":0.0008516666,\"8\":0.0006585421,\"9\":0.0003437881,\"10\":-0.0016863221,\"11\":0.0007443393,\"12\":0.00097462,\"13\":0.0024753453,\"14\":-0.0005116416,\"15\":-0.0027166124,\"16\":0.0011061739,\"17\":0.0007830393,\"18\":-0.0006057553,\"19\":-0.0012337501,\"20\":0.0005169695,\"21\":0.0020445876,\"22\":-0.0015588445,\"23\":-0.0008296538,\"24\":-0.0006394635,\"25\":-0.0003382467,\"26\":0.0018085428,\"27\":-0.000724581,\"28\":-0.0009452736,\"29\":-0.0023015815,\"30\":0.0005192384,\"31\":0.002886755}}", "deviance": 163.8830960118791}, "('pos0', 'pos2')": {"formula": "count ~ mut * base1 * base2 - mut : base1 : base2", "df": 9, "rel_entropy": 0.0006714939926200246, "prob": 1.0319122475572363e-20, "stats": "{\"mut\":{\"0\":\"M\",\"1\":\"M\",\"2\":\"M\",\"3\":\"M\",\"4\":\"M\",\"5\":\"M\",\"6\":\"M\",\"7\":\"M\",\"8\":\"M\",\"9\":\"M\",\"10\":\"M\",\"11\":\"M\",\"12\":\"M\",\"13\":\"M\",\"14\":\"M\",\"15\":\"M\",\"16\":\"R\",\"17\":\"R\",\"18\":\"R\",\"19\":\"R\",\"20\":\"R\",\"21\":\"R\",\"22\":\"R\",\"23\":\"R\",\"24\":\"R\",\"25\":\"R\",\"26\":\"R\",\"27\":\"R\",\"28\":\"R\",\"29\":\"R\",\"30\":\"R\",\"31\":\"R\"},\"base1\":{\"0\":\"A\",\"1\":\"A\",\"2\":\"A\",\"3\":\"A\",\"4\":\"C\",\"5\":\"C\",\"6\":\"C\",\"7\":\"C\",\"8\":\"G\",\"9\":\"G\",\"10\":\"G\",\"11\":\"G\",\"12\":\"T\",\"13\":\"T\",\"14\":\"T\",\"15\":\"T\",\"16\":\"A\",\"17\":\"A\",\"18\":\"A\",\"19\":\"A\",\"20\":\"C\",\"21\":\"C\",\"22\":\"C\",\"23\":\"C\",\"24\":\"G\",\"25\":\"G\",\"26\":\"G\",\"27\":\"G\",\"28\":\"T\",\"29\":\"T\",\"30\":\"T\",\"31\":\"T\"},\"base2\":{\"0\":\"A\",\"1\":\"C\",\"2\":\"G\",\"3\":\"T\",\"4\":\"A\",\"5\":\"C\",\"6\":\"G\",\"7\":\"T\",\"8\":\"A\",\"9\":\"C\",\"10\":\"G\",\"11\":\"T\",\"12\":\"A\",\"13\":\"C\",\"14\":\"G\",\"15\":\"T\",\"16\":\"A\",\"17\":\"C\",\"18\":\"G\",\"19\":\"T\",\"20\":\"A\",\"21\":\"C\",\"22\":\"G\",\"23\":\"T\",\"24\":\"A\",\"25\":\"C\",\"26\":\"G\",\"27\":\"T\",\"28\":\"A\",\"29\":\"C\",\"30\":\"G\",\"31\":\"T\"},\"count\":{\"0\":1881,\"1\":1258,\"2\":3989,\"3\":2825,\"4\":1770,\"5\":1918,\"6\":4317,\"7\":3803,\"8\":1470,\"9\":1349,\"10\":4054,\"11\":2572,\"12\":2317,\"13\":1929,\"14\":4033,\"15\":3575,\"16\":3027,\"17\":2302,\"18\":2773,\"19\":3943,\"20\":1565,\"21\":1971,\"22\":2137,\"23\":2670,\"24\":1674,\"25\":1455,\"26\":2273,\"27\":2390,\"28\":3265,\"29\":2966,\"30\":3364,\"31\":5285},\"fitted\":{\"0\":1949.5566676916,\"1\":1343.1829476192,\"2\":3783.2927871687,\"3\":2876.9675975259,\"4\":1771.8963045997,\"5\":1984.7530745067,\"6\":4427.5258573654,\"7\":3623.8247635298,\"8\":1522.9747226426,\"9\":1299.5827216169,\"10\":4076.0459285778,\"11\":2546.3966271632,\"12\":2193.5723050676,\"13\":1826.4812562598,\"14\":4106.1354268926,\"15\":3727.811011783,\"16\":2958.4433323084,\"17\":2216.8170523821,\"18\":2978.7072128434,\"19\":3891.0324024742,\"20\":1563.1036954003,\"21\":1904.2469254933,\"22\":2026.4741426361,\"23\":2849.1752364764,\"24\":1621.0252773576,\"25\":1504.4172783834,\"26\":2250.9540714223,\"27\":2415.6033728368,\"28\":3388.4276949338,\"29\":3068.5187437417,\"30\":3290.8645731074,\"31\":5132.1889882173},\"ret\":{\"0\":-0.0007818959,\"1\":-0.00095707,\"2\":0.0024524029,\"3\":-0.0005979493,\"4\":-0.0000220075,\"5\":-0.0007619336,\"6\":-0.0012672397,\"7\":0.0021311371,\"8\":-0.0006043024,\"9\":0.000584593,\"10\":-0.0002552973,\"11\":0.0002987884,\"12\":0.001472792,\"13\":0.0012232178,\"14\":-0.0008416188,\"15\":-0.0017375208,\"16\":0.000805213,\"17\":0.0010078842,\"18\":-0.0023041665,\"19\":0.0006074442,\"20\":0.0000220327,\"21\":0.0007885468,\"22\":0.0013177729,\"23\":-0.0020136949,\"24\":0.0006250702,\"25\":-0.0005642895,\"26\":0.0002572403,\"27\":-0.0002957176,\"28\":-0.0014067799,\"29\":-0.0011703063,\"30\":0.0008585943,\"31\":0.0018005543}}", "deviance": 115.65812528887304}, "('pos1', 'pos3')": {"formula": "count ~ mut * base1 * base2 - mut : base1 : base2", "df": 9, "rel_entropy": 0.0021213396243997765, "prob": 3.292694255427528e-73,