{"pos2": {"df": 3, "rel_entropy": 1.1900442945433668e-05, "deviance": 9.319189268797324, "stats": "{\"group\":{\"8\":\"1\",\"9\":\"1\",\"10\":\"1\",\"11\":\"1\",\"12\":\"1\",\"13\":\"1\",\"14\":\"1\",\"15\":\"1\",\"0\":\"2\",\"1\":\"2\",\"2\":\"2\",\"3\":\"2\",\"4\":\"2\",\"5\":\"2\",\"6\":\"2\",\"7\":\"2\"},\"mut\":{\"8\":\"M\",\"9\":\"M\",\"10\":\"M\",\"11\":\"M\",\"12\":\"R\",\"13\":\"R\",\"14\":\"R\",\"15\":\"R\",\"0\":\"M\",\"1\":\"M\",\"2\":\"M\",\"3\":\"M\",\"4\":\"R\",\"5\":\"R\",\"6\":\"R\",\"7\":\"R\"},\"base\":{\"8\":\"A\",\"9\":\"C\",\"10\":\"G\",\"11\":\"T\",\"12\":\"A\",\"13\":\"C\",\"14\":\"G\",\"15\":\"T\",\"0\":\"A\",\"1\":\"C\",\"2\":\"G\",\"3\":\"T\",\"4\":\"A\",\"5\":\"C\",\"6\":\"G\",\"7\":\"T\"},\"count\":{\"8\":47572,\"9\":40457,\"10\":50085,\"11\":52758,\"12\":44906,\"13\":36721,\"14\":45484,\"15\":63761,\"0\":1293,\"1\":984,\"2\":1208,\"3\":1417,\"4\":1131,\"5\":976,\"6\":1146,\"7\":1649},\"fitted\":{\"8\":47615.5207139002,\"9\":40413.5352121125,\"10\":50058.6288455149,\"11\":52784.3152284719,\"12\":44862.4792860996,\"13\":36764.4647878874,\"14\":45510.3711544848,\"15\":63734.6847715277,\"0\":1249.4792860997,\"1\":1027.4647878875,\"2\":1234.3711544849,\"3\":1390.684771528,\"4\":1174.5207139003,\"5\":932.5352121127,\"6\":1119.6288455151,\"7\":1675.315228472},\"ret\":{\"8\":-0.0001110996,\"9\":0.0001110672,\"10\":0.0000673688,\"11\":-0.0000671914,\"12\":0.0001112043,\"13\":-0.0001109419,\"14\":-0.0000673315,\"15\":0.0000672221,\"0\":0.000113064,\"1\":-0.0001086258,\"2\":-0.0000666264,\"3\":0.0000678401,\"4\":-0.0001090652,\"5\":0.0001135553,\"6\":0.000068138,\"7\":-0.0000666776}}", "formula": "count ~ group * mut * base - group : mut : base", "prob": 0.02533475732536619}, "pos0": {"df": 3, "rel_entropy": 8.660901951348821e-07, "deviance": 0.6782317674493457, "stats": "{\"group\":{\"8\":\"1\",\"9\":\"1\",\"10\":\"1\",\"11\":\"1\",\"12\":\"1\",\"13\":\"1\",\"14\":\"1\",\"15\":\"1\",\"0\":\"2\",\"1\":\"2\",\"2\":\"2\",\"3\":\"2\",\"4\":\"2\",\"5\":\"2\",\"6\":\"2\",\"7\":\"2\"},\"mut\":{\"8\":\"M\",\"9\":\"M\",\"10\":\"M\",\"11\":\"M\",\"12\":\"R\",\"13\":\"R\",\"14\":\"R\",\"15\":\"R\",\"0\":\"M\",\"1\":\"M\",\"2\":\"M\",\"3\":\"M\",\"4\":\"R\",\"5\":\"R\",\"6\":\"R\",\"7\":\"R\"},\"base\":{\"8\":\"A\",\"9\":\"C\",\"10\":\"G\",\"11\":\"T\",\"12\":\"A\",\"13\":\"C\",\"14\":\"G\",\"15\":\"T\",\"0\":\"A\",\"1\":\"C\",\"2\":\"G\",\"3\":\"T\",\"4\":\"A\",\"5\":\"C\",\"6\":\"G\",\"7\":\"T\"},\"count\":{\"8\":63933,\"9\":32524,\"10\":31881,\"11\":62534,\"12\":54789,\"13\":36218,\"14\":33440,\"15\":66425,\"0\":1671,\"1\":818,\"2\":802,\"3\":1611,\"4\":1409,\"5\":913,\"6\":830,\"7\":1750},\"fitted\":{\"8\":63945.6599747886,\"9\":32523.3635603462,\"10\":31886.6534565694,\"11\":62516.3230082947,\"12\":54776.3400252106,\"13\":36218.6364396533,\"14\":33434.3465434302,\"15\":66442.6769917045,\"0\":1658.3400252109,\"1\":818.6364396536,\"2\":796.3465434304,\"3\":1628.676991705,\"4\":1421.659974789,\"5\":912.3635603464,\"6\":835.6534565696,\"7\":1732.323008295},\"ret\":{\"8\":-0.0000323299,\"9\":0.0000016255,\"10\":-0.0000144375,\"11\":0.0000451528,\"12\":0.0000323369,\"13\":-0.0000016254,\"14\":0.00001444,\"15\":-0.0000451404,\"0\":0.0000324562,\"1\":-0.0000016248,\"2\":0.0000144899,\"3\":-0.0000449005,\"4\":-0.0000321887,\"5\":0.000001626,\"6\":-0.0000143898,\"7\":0.000045376}}", "formula": "count ~ group * mut * base - group : mut : base", "prob": 0.8783117170178836}, "pos1": {"df": 3, "rel_entropy": 2.935287412443118e-07, "deviance": 0.2298611831534556, "stats": "{\"group\":{\"8\":\"1\",\"9\":\"1\",\"10\":\"1\",\"11\":\"1\",\"12\":\"1\",\"13\":\"1\",\"14\":\"1\",\"15\":\"1\",\"0\":\"2\",\"1\":\"2\",\"2\":\"2\",\"3\":\"2\",\"4\":\"2\",\"5\":\"2\",\"6\":\"2\",\"7\":\"2\"},\"mut\":{\"8\":\"M\",\"9\":\"M\",\"10\":\"M\",\"11\":\"M\",\"12\":\"R\",\"13\":\"R\",\"14\":\"R\",\"15\":\"R\",\"0\":\"M\",\"1\":\"M\",\"2\":\"M\",\"3\":\"M\",\"4\":\"R\",\"5\":\"R\",\"6\":\"R\",\"7\":\"R\"},\"base\":{\"8\":\"A\",\"9\":\"C\",\"10\":\"G\",\"11\":\"T\",\"12\":\"A\",\"13\":\"C\",\"14\":\"G\",\"15\":\"T\",\"0\":\"A\",\"1\":\"C\",\"2\":\"G\",\"3\":\"T\",\"4\":\"A\",\"5\":\"C\",\"6\":\"G\",\"7\":\"T\"},\"count\":{\"8\":75279,\"9\":31691,\"10\":33122,\"11\":50780,\"12\":52745,\"13\":42621,\"14\":31611,\"15\":63895,\"0\":1915,\"1\":792,\"2\":878,\"3\":1317,\"4\":1326,\"5\":1080,\"6\":845,\"7\":1651},\"fitted\":{\"8\":75287.3872987331,\"9\":31684.4437322999,\"10\":33118.1265740488,\"11\":50782.0423949183,\"12\":52736.6127012672,\"13\":42627.5562677001,\"14\":31614.8734259513,\"15\":63892.9576050817,\"0\":1906.612701267,\"1\":798.5562677001,\"2\":881.8734259512,\"3\":1314.9576050817,\"4\":1334.387298733,\"5\":1073.4437322999,\"6\":841.1265740488,\"7\":1653.0423949183},\"ret\":{\"8\":-0.0000214197,\"9\":0.0000167462,\"10\":0.0000098932,\"11\":-0.0000052161,\"12\":0.0000214226,\"13\":-0.0000167432,\"14\":-0.000009892,\"15\":0.0000052163,\"0\":0.0000214679,\"1\":-0.0000166756,\"2\":-0.0000098708,\"3\":0.0000052203,\"4\":-0.0000213534,\"5\":0.0000167955,\"6\":0.0000099153,\"7\":-0.000005213}}", "formula": "count ~ group * mut * base - group : mut : base", "prob": 0.9726305311144824}, "pos3": {"df": 3, "rel_entropy": 1.5857874264549675e-05, "deviance": 12.418237905071791, "stats": "{\"group\":{\"8\":\"1\",\"9\":\"1\",\"10\":\"1\",\"11\":\"1\",\"12\":\"1\",\"13\":\"1\",\"14\":\"1\",\"15\":\"1\",\"0\":\"2\",\"1\":\"2\",\"2\":\"2\",\"3\":\"2\",\"4\":\"2\",\"5\":\"2\",\"6\":\"2\",\"7\":\"2\"},\"mut\":{\"8\":\"M\",\"9\":\"M\",\"10\":\"M\",\"11\":\"M\",\"12\":\"R\",\"13\":\"R\",\"14\":\"R\",\"15\":\"R\",\"0\":\"M\",\"1\":\"M\",\"2\":\"M\",\"3\":\"M\",\"4\":\"R\",\"5\":\"R\",\"6\":\"R\",\"7\":\"R\"},\"base\":{\"8\":\"A\",\"9\":\"C\",\"10\":\"G\",\"11\":\"T\",\"12\":\"A\",\"13\":\"C\",\"14\":\"G\",\"15\":\"T\",\"0\":\"A\",\"1\":\"C\",\"2\":\"G\",\"3\":\"T\",\"4\":\"A\",\"5\":\"C\",\"6\":\"G\",\"7\":\"T\"},\"count\":{\"8\":60006,\"9\":34106,\"10\":27933,\"11\":68827,\"12\":53994,\"13\":37992,\"14\":32749,\"15\":66137,\"0\":1621,\"1\":819,\"2\":640,\"3\":1822,\"4\":1357,\"5\":947,\"6\":870,\"7\":1728},\"fitted\":{\"8\":60060.0318955141,\"9\":34091.1241833811,\"10\":27880.2276801385,\"11\":68840.6162409661,\"12\":53939.9681044858,\"13\":38006.8758166188,\"14\":32801.7723198614,\"15\":66123.3837590338,\"0\":1566.9681044859,\"1\":833.8758166188,\"2\":692.7723198648,\"3\":1808.3837590339,\"4\":1411.0318955142,\"5\":932.1241833812,\"6\":817.2276801422,\"7\":1741.6162409661},\"ret\":{\"8\":-0.0001379335,\"9\":0.0000380006,\"10\":0.0001349061,\"11\":-0.000034772,\"12\":0.0001380647,\"13\":-0.0000379849,\"14\":-0.0001346702,\"15\":0.000034779,\"0\":0.0001403479,\"1\":-0.0000376514,\"2\":-0.0001295097,\"3\":0.000034906,\"4\":-0.0001353191,\"5\":0.0000382939,\"6\":0.0001390396,\"7\":-0.0000346391}}", "formula": "count ~ group * mut * base - group : mut : base", "prob": 0.006079527661431838}}