{"pos2": {"stats": "{\"group\":{\"0\":\"1\",\"1\":\"1\",\"2\":\"1\",\"3\":\"1\",\"4\":\"1\",\"5\":\"1\",\"6\":\"1\",\"7\":\"1\",\"8\":\"2\",\"9\":\"2\",\"10\":\"2\",\"11\":\"2\",\"12\":\"2\",\"13\":\"2\",\"14\":\"2\",\"15\":\"2\"},\"mut\":{\"0\":\"M\",\"1\":\"M\",\"2\":\"M\",\"3\":\"M\",\"4\":\"R\",\"5\":\"R\",\"6\":\"R\",\"7\":\"R\",\"8\":\"M\",\"9\":\"M\",\"10\":\"M\",\"11\":\"M\",\"12\":\"R\",\"13\":\"R\",\"14\":\"R\",\"15\":\"R\"},\"base\":{\"0\":\"A\",\"1\":\"C\",\"2\":\"G\",\"3\":\"T\",\"4\":\"A\",\"5\":\"C\",\"6\":\"G\",\"7\":\"T\",\"8\":\"A\",\"9\":\"C\",\"10\":\"G\",\"11\":\"T\",\"12\":\"A\",\"13\":\"C\",\"14\":\"G\",\"15\":\"T\"},\"count\":{\"0\":47572,\"1\":40457,\"2\":50085,\"3\":52758,\"4\":44906,\"5\":36721,\"6\":45484,\"7\":63761,\"8\":1293,\"9\":984,\"10\":1208,\"11\":1417,\"12\":1131,\"13\":976,\"14\":1146,\"15\":1649},\"fitted\":{\"0\":47615.5207139008,\"1\":40413.5352121126,\"2\":50058.6288455152,\"3\":52784.3152284721,\"4\":44862.4792860998,\"5\":36764.4647878874,\"6\":45510.3711544849,\"7\":63734.6847715281,\"8\":1249.4792860997,\"9\":1027.4647878875,\"10\":1234.3711544849,\"11\":1390.684771528,\"12\":1174.5207139003,\"13\":932.5352121127,\"14\":1119.6288455151,\"15\":1675.315228472},\"ret\":{\"0\":-0.0001110996,\"1\":0.0001110672,\"2\":0.0000673688,\"3\":-0.0000671914,\"4\":0.0001112043,\"5\":-0.0001109419,\"6\":-0.0000673315,\"7\":0.0000672221,\"8\":0.000113064,\"9\":-0.0001086258,\"10\":-0.0000666264,\"11\":0.0000678401,\"12\":-0.0001090652,\"13\":0.0001135553,\"14\":0.000068138,\"15\":-0.0000666776}}", "deviance": 9.319189268811314, "df": 3, "rel_entropy": 1.1900442945451534e-05, "formula": "count ~ group * mut * base - group : mut : base", "prob": 0.025334757325204769}, "pos3": {"stats": "{\"group\":{\"0\":\"1\",\"1\":\"1\",\"2\":\"1\",\"3\":\"1\",\"4\":\"1\",\"5\":\"1\",\"6\":\"1\",\"7\":\"1\",\"8\":\"2\",\"9\":\"2\",\"10\":\"2\",\"11\":\"2\",\"12\":\"2\",\"13\":\"2\",\"14\":\"2\",\"15\":\"2\"},\"mut\":{\"0\":\"M\",\"1\":\"M\",\"2\":\"M\",\"3\":\"M\",\"4\":\"R\",\"5\":\"R\",\"6\":\"R\",\"7\":\"R\",\"8\":\"M\",\"9\":\"M\",\"10\":\"M\",\"11\":\"M\",\"12\":\"R\",\"13\":\"R\",\"14\":\"R\",\"15\":\"R\"},\"base\":{\"0\":\"A\",\"1\":\"C\",\"2\":\"G\",\"3\":\"T\",\"4\":\"A\",\"5\":\"C\",\"6\":\"G\",\"7\":\"T\",\"8\":\"A\",\"9\":\"C\",\"10\":\"G\",\"11\":\"T\",\"12\":\"A\",\"13\":\"C\",\"14\":\"G\",\"15\":\"T\"},\"count\":{\"0\":60006,\"1\":34106,\"2\":27933,\"3\":68827,\"4\":53994,\"5\":37992,\"6\":32749,\"7\":66137,\"8\":1621,\"9\":819,\"10\":640,\"11\":1822,\"12\":1357,\"13\":947,\"14\":870,\"15\":1728},\"fitted\":{\"0\":60060.0318955151,\"1\":34091.1241833813,\"2\":27880.2276801386,\"3\":68840.6162409664,\"4\":53939.9681044861,\"5\":38006.8758166189,\"6\":32801.7723198616,\"7\":66123.3837590341,\"8\":1566.9681044859,\"9\":833.8758166188,\"10\":692.7723198648,\"11\":1808.3837590339,\"12\":1411.0318955142,\"13\":932.1241833812,\"14\":817.2276801423,\"15\":1741.6162409661},\"ret\":{\"0\":-0.0001379335,\"1\":0.0000380006,\"2\":0.0001349061,\"3\":-0.000034772,\"4\":0.0001380647,\"5\":-0.0000379849,\"6\":-0.0001346702,\"7\":0.000034779,\"8\":0.0001403479,\"9\":-0.0000376514,\"10\":-0.0001295097,\"11\":0.000034906,\"12\":-0.0001353191,\"13\":0.0000382939,\"14\":0.0001390396,\"15\":-0.0000346391}}", "deviance": 12.4182379050646, "df": 3, "rel_entropy": 1.585787426454049e-05, "formula": "count ~ group * mut * base - group : mut : base", "prob": 0.0060795276614521703}, "pos0": {"stats": "{\"group\":{\"0\":\"1\",\"1\":\"1\",\"2\":\"1\",\"3\":\"1\",\"4\":\"1\",\"5\":\"1\",\"6\":\"1\",\"7\":\"1\",\"8\":\"2\",\"9\":\"2\",\"10\":\"2\",\"11\":\"2\",\"12\":\"2\",\"13\":\"2\",\"14\":\"2\",\"15\":\"2\"},\"mut\":{\"0\":\"M\",\"1\":\"M\",\"2\":\"M\",\"3\":\"M\",\"4\":\"R\",\"5\":\"R\",\"6\":\"R\",\"7\":\"R\",\"8\":\"M\",\"9\":\"M\",\"10\":\"M\",\"11\":\"M\",\"12\":\"R\",\"13\":\"R\",\"14\":\"R\",\"15\":\"R\"},\"base\":{\"0\":\"A\",\"1\":\"C\",\"2\":\"G\",\"3\":\"T\",\"4\":\"A\",\"5\":\"C\",\"6\":\"G\",\"7\":\"T\",\"8\":\"A\",\"9\":\"C\",\"10\":\"G\",\"11\":\"T\",\"12\":\"A\",\"13\":\"C\",\"14\":\"G\",\"15\":\"T\"},\"count\":{\"0\":63933,\"1\":32524,\"2\":31881,\"3\":62534,\"4\":54789,\"5\":36218,\"6\":33440,\"7\":66425,\"8\":1671,\"9\":818,\"10\":802,\"11\":1611,\"12\":1409,\"13\":913,\"14\":830,\"15\":1750},\"fitted\":{\"0\":63945.6599747897,\"1\":32523.3635603466,\"2\":31886.6534565697,\"3\":62516.3230082953,\"4\":54776.3400252112,\"5\":36218.6364396538,\"6\":33434.3465434305,\"7\":66442.6769917052,\"8\":1658.340025211,\"9\":818.6364396536,\"10\":796.3465434304,\"11\":1628.676991705,\"12\":1421.659974789,\"13\":912.3635603464,\"14\":835.6534565696,\"15\":1732.323008295},\"ret\":{\"0\":-0.0000323299,\"1\":0.0000016255,\"2\":-0.0000144375,\"3\":0.0000451528,\"4\":0.0000323369,\"5\":-0.0000016254,\"6\":0.00001444,\"7\":-0.0000451404,\"8\":0.0000324562,\"9\":-0.0000016248,\"10\":0.0000144899,\"11\":-0.0000449005,\"12\":-0.0000321887,\"13\":0.000001626,\"14\":-0.0000143898,\"15\":0.000045376}}", "deviance": 0.6782317674677232, "df": 3, "rel_entropy": 8.660901951583499e-07, "formula": "count ~ group * mut * base - group : mut : base", "prob": 0.87831171701358224}, "pos1": {"stats": "{\"group\":{\"0\":\"1\",\"1\":\"1\",\"2\":\"1\",\"3\":\"1\",\"4\":\"1\",\"5\":\"1\",\"6\":\"1\",\"7\":\"1\",\"8\":\"2\",\"9\":\"2\",\"10\":\"2\",\"11\":\"2\",\"12\":\"2\",\"13\":\"2\",\"14\":\"2\",\"15\":\"2\"},\"mut\":{\"0\":\"M\",\"1\":\"M\",\"2\":\"M\",\"3\":\"M\",\"4\":\"R\",\"5\":\"R\",\"6\":\"R\",\"7\":\"R\",\"8\":\"M\",\"9\":\"M\",\"10\":\"M\",\"11\":\"M\",\"12\":\"R\",\"13\":\"R\",\"14\":\"R\",\"15\":\"R\"},\"base\":{\"0\":\"A\",\"1\":\"C\",\"2\":\"G\",\"3\":\"T\",\"4\":\"A\",\"5\":\"C\",\"6\":\"G\",\"7\":\"T\",\"8\":\"A\",\"9\":\"C\",\"10\":\"G\",\"11\":\"T\",\"12\":\"A\",\"13\":\"C\",\"14\":\"G\",\"15\":\"T\"},\"count\":{\"0\":75279,\"1\":31691,\"2\":33122,\"3\":50780,\"4\":52745,\"5\":42621,\"6\":31611,\"7\":63895,\"8\":1915,\"9\":792,\"10\":878,\"11\":1317,\"12\":1326,\"13\":1080,\"14\":845,\"15\":1651},\"fitted\":{\"0\":75287.3872987336,\"1\":31684.4437323,\"2\":33118.1265740489,\"3\":50782.0423949185,\"4\":52736.6127012671,\"5\":42627.5562677002,\"6\":31614.8734259513,\"7\":63892.9576050819,\"8\":1906.612701267,\"9\":798.5562677001,\"10\":881.8734259512,\"11\":1314.9576050817,\"12\":1334.387298733,\"13\":1073.4437322999,\"14\":841.1265740488,\"15\":1653.0423949183},\"ret\":{\"0\":-0.0000214197,\"1\":0.0000167462,\"2\":0.0000098932,\"3\":-0.0000052161,\"4\":0.0000214226,\"5\":-0.0000167432,\"6\":-0.000009892,\"7\":0.0000052163,\"8\":0.0000214679,\"9\":-0.0000166756,\"10\":-0.0000098708,\"11\":0.0000052203,\"12\":-0.0000213534,\"13\":0.0000167955,\"14\":0.0000099153,\"15\":-0.000005213}}", "deviance": 0.229861183145184, "df": 3, "rel_entropy": 2.935287412337491e-07, "formula": "count ~ group * mut * base - group : mut : base", "prob": 0.9726305311158927}}