{"pos2": {"df": 3, "deviance": 1160.7184175298169, "rel_entropy": 0.016559927203244548, "formula": "count ~ mut * base - mut : base", "stats": "{\"mut\":{\"0\":\"M\",\"1\":\"M\",\"2\":\"M\",\"3\":\"M\",\"4\":\"R\",\"5\":\"R\",\"6\":\"R\",\"7\":\"R\"},\"base\":{\"0\":\"A\",\"1\":\"C\",\"2\":\"G\",\"3\":\"T\",\"4\":\"A\",\"5\":\"C\",\"6\":\"G\",\"7\":\"T\"},\"count\":{\"0\":3678,\"1\":3135,\"2\":3133,\"3\":7577,\"4\":5840,\"5\":2861,\"6\":3901,\"7\":4921},\"fitted\":{\"0\":4759.0,\"1\":2998.0,\"2\":3517.0,\"3\":6249.0,\"4\":4759.0,\"5\":2998.0,\"6\":3517.0,\"7\":6249.0},\"ret\":{\"0\":-0.0270417311,\"1\":0.0039971361,\"2\":-0.0103358195,\"3\":0.0416611532,\"4\":0.0341096984,\"5\":-0.0038184371,\"6\":0.0115345396,\"7\":-0.0335466124}}", "prob": 2.4427290017891673e-251}, "pos1": {"df": 3, "deviance": 431.0677040627761, "rel_entropy": 0.0061500271651939754, "formula": "count ~ mut * base - mut : base", "stats": "{\"mut\":{\"0\":\"M\",\"1\":\"M\",\"2\":\"M\",\"3\":\"M\",\"4\":\"R\",\"5\":\"R\",\"6\":\"R\",\"7\":\"R\"},\"base\":{\"0\":\"A\",\"1\":\"C\",\"2\":\"G\",\"3\":\"T\",\"4\":\"A\",\"5\":\"C\",\"6\":\"G\",\"7\":\"T\"},\"count\":{\"0\":4965,\"1\":5143,\"2\":2379,\"3\":5036,\"4\":5907,\"5\":4070,\"6\":3314,\"7\":4232},\"fitted\":{\"0\":5436.0,\"1\":4606.5,\"2\":2846.5,\"3\":4634.0,\"4\":5436.0,\"5\":4606.5,\"6\":2846.5,\"7\":4634.0},\"ret\":{\"0\":-0.0128396661,\"1\":0.0161671843,\"2\":-0.0121787434,\"3\":0.0119543843,\"4\":0.0140055857,\"5\":-0.0143802196,\"6\":0.0143795553,\"7\":-0.0109580533}}", "prob": 4.121489588712218e-93}, "pos3": {"df": 3, "deviance": 69.67990642032888, "rel_entropy": 0.000994120675973419, "formula": "count ~ mut * base - mut : base", "stats": "{\"mut\":{\"0\":\"M\",\"1\":\"M\",\"2\":\"M\",\"3\":\"M\",\"4\":\"R\",\"5\":\"R\",\"6\":\"R\",\"7\":\"R\"},\"base\":{\"0\":\"A\",\"1\":\"C\",\"2\":\"G\",\"3\":\"T\",\"4\":\"A\",\"5\":\"C\",\"6\":\"G\",\"7\":\"T\"},\"count\":{\"0\":6478,\"1\":2831,\"2\":3646,\"3\":4568,\"4\":6102,\"5\":3044,\"6\":3269,\"7\":5108},\"fitted\":{\"0\":6290.0,\"1\":2937.5000000001,\"2\":3457.5000000021,\"3\":4838.0000000036,\"4\":6290.0,\"5\":2937.5000000001,\"6\":3457.5000000021,\"7\":4838.0000000035},\"ret\":{\"0\":0.0054437585,\"1\":-0.0029830977,\"2\":0.0055226706,\"3\":-0.007485068,\"4\":-0.0052834002,\"5\":0.0030932968,\"6\":-0.005229286,\"7\":0.0079152467}}", "prob": 4.998022156612225e-15}, "pos0": {"df": 3, "deviance": 491.5515220476041, "rel_entropy": 0.007012947583855563, "formula": "count ~ mut * base - mut : base", "stats": "{\"mut\":{\"0\":\"M\",\"1\":\"M\",\"2\":\"M\",\"3\":\"M\",\"4\":\"R\",\"5\":\"R\",\"6\":\"R\",\"7\":\"R\"},\"base\":{\"0\":\"A\",\"1\":\"C\",\"2\":\"G\",\"3\":\"T\",\"4\":\"A\",\"5\":\"C\",\"6\":\"G\",\"7\":\"T\"},\"count\":{\"0\":5737,\"1\":4671,\"2\":3319,\"3\":3796,\"4\":6089,\"5\":3042,\"6\":3552,\"7\":4840},\"fitted\":{\"0\":5913.0,\"1\":3856.5,\"2\":3435.5,\"3\":4318.0,\"4\":5913.0,\"5\":3856.5,\"6\":3435.5,\"7\":4318.0},\"ret\":{\"0\":-0.0049464791,\"1\":0.0255385779,\"2\":-0.0032671914,\"3\":-0.0139557592,\"4\":0.0050959797,\"5\":-0.0205929011,\"6\":0.0033799389,\"7\":0.0157607819}}", "prob": 3.232575099104973e-106}}