{"('pos1', 'pos2')": {"stats": "{\"mut\":{\"0\":\"M\",\"1\":\"M\",\"2\":\"M\",\"3\":\"M\",\"4\":\"M\",\"5\":\"M\",\"6\":\"M\",\"7\":\"M\",\"8\":\"M\",\"9\":\"M\",\"10\":\"M\",\"11\":\"M\",\"12\":\"M\",\"13\":\"M\",\"14\":\"M\",\"15\":\"M\",\"16\":\"R\",\"17\":\"R\",\"18\":\"R\",\"19\":\"R\",\"20\":\"R\",\"21\":\"R\",\"22\":\"R\",\"23\":\"R\",\"24\":\"R\",\"25\":\"R\",\"26\":\"R\",\"27\":\"R\",\"28\":\"R\",\"29\":\"R\",\"30\":\"R\",\"31\":\"R\"},\"base1\":{\"0\":\"A\",\"1\":\"A\",\"2\":\"A\",\"3\":\"A\",\"4\":\"C\",\"5\":\"C\",\"6\":\"C\",\"7\":\"C\",\"8\":\"G\",\"9\":\"G\",\"10\":\"G\",\"11\":\"G\",\"12\":\"T\",\"13\":\"T\",\"14\":\"T\",\"15\":\"T\",\"16\":\"A\",\"17\":\"A\",\"18\":\"A\",\"19\":\"A\",\"20\":\"C\",\"21\":\"C\",\"22\":\"C\",\"23\":\"C\",\"24\":\"G\",\"25\":\"G\",\"26\":\"G\",\"27\":\"G\",\"28\":\"T\",\"29\":\"T\",\"30\":\"T\",\"31\":\"T\"},\"base2\":{\"0\":\"A\",\"1\":\"C\",\"2\":\"G\",\"3\":\"T\",\"4\":\"A\",\"5\":\"C\",\"6\":\"G\",\"7\":\"T\",\"8\":\"A\",\"9\":\"C\",\"10\":\"G\",\"11\":\"T\",\"12\":\"A\",\"13\":\"C\",\"14\":\"G\",\"15\":\"T\",\"16\":\"A\",\"17\":\"C\",\"18\":\"G\",\"19\":\"T\",\"20\":\"A\",\"21\":\"C\",\"22\":\"G\",\"23\":\"T\",\"24\":\"A\",\"25\":\"C\",\"26\":\"G\",\"27\":\"T\",\"28\":\"A\",\"29\":\"C\",\"30\":\"G\",\"31\":\"T\"},\"count\":{\"0\":1168,\"1\":890,\"2\":816,\"3\":2091,\"4\":858,\"5\":947,\"6\":1130,\"7\":2208,\"8\":683,\"9\":473,\"10\":461,\"11\":762,\"12\":969,\"13\":825,\"14\":726,\"15\":2516,\"16\":2298,\"17\":851,\"18\":1211,\"19\":1547,\"20\":1152,\"21\":779,\"22\":989,\"23\":1150,\"24\":1088,\"25\":514,\"26\":884,\"27\":828,\"28\":1302,\"29\":717,\"30\":817,\"31\":1396},\"fitted\":{\"0\":1237.7686047829,\"1\":841.8999261385,\"2\":828.0321024745,\"3\":2057.2993666042,\"4\":896.0767047822,\"5\":993.4057512101,\"6\":1059.5614124051,\"7\":2193.9561316026,\"8\":579.8426300732,\"9\":444.8613264614,\"10\":507.1000181682,\"11\":847.1960252971,\"12\":964.3120603617,\"13\":854.83299619,\"14\":738.3064669522,\"15\":2478.548476496,\"16\":2228.2313952171,\"17\":899.1000738615,\"18\":1198.9678975255,\"19\":1580.7006333958,\"20\":1113.9232952178,\"21\":732.5942487899,\"22\":1059.4385875949,\"23\":1164.0438683974,\"24\":1191.1573699268,\"25\":542.1386735386,\"26\":837.8999818318,\"27\":742.8039747029,\"28\":1306.6879396383,\"29\":687.16700381,\"30\":804.6935330478,\"31\":1433.451523504},\"ret\":{\"0\":-0.001933581,\"1\":0.0014109649,\"2\":-0.0003408166,\"3\":0.0009694448,\"4\":-0.0010630601,\"5\":-0.0012927174,\"6\":0.0020752641,\"7\":0.0004020065,\"8\":0.0031910385,\"9\":0.0008277808,\"10\":-0.0012537239,\"11\":-0.0023044281,\"12\":0.0001340899,\"13\":-0.0008362226,\"14\":-0.0003482088,\"15\":0.0010766724,\"16\":0.0020216187,\"17\":-0.0013350986,\"18\":0.0003450401,\"19\":-0.000951287,\"20\":0.0011048391,\"21\":0.0013652182,\"22\":-0.001941542,\"23\":-0.0003982996,\"24\":-0.0028121806,\"25\":-0.0007817,\"26\":0.0013509547,\"27\":0.002565344,\"28\":-0.0001335251,\"29\":0.0008694691,\"30\":0.0003538234,\"31\":-0.0010545558}}", "deviance": 89.90154938375454, "df": 9, "rel_entropy": 0.0012826221164149196, "formula": "count ~ mut * base1 * base2 - mut : base1 : base2", "prob": 1.7038289167163151e-15}, "('pos1', 'pos3')": {"stats": "{\"mut\":{\"0\":\"M\",\"1\":\"M\",\"2\":\"M\",\"3\":\"M\",\"4\":\"M\",\"5\":\"M\",\"6\":\"M\",\"7\":\"M\",\"8\":\"M\",\"9\":\"M\",\"10\":\"M\",\"11\":\"M\",\"12\":\"M\",\"13\":\"M\",\"14\":\"M\",\"15\":\"M\",\"16\":\"R\",\"17\":\"R\",\"18\":\"R\",\"19\":\"R\",\"20\":\"R\",\"21\":\"R\",\"22\":\"R\",\"23\":\"R\",\"24\":\"R\",\"25\":\"R\",\"26\":\"R\",\"27\":\"R\",\"28\":\"R\",\"29\":\"R\",\"30\":\"R\",\"31\":\"R\"},\"base1\":{\"0\":\"A\",\"1\":\"A\",\"2\":\"A\",\"3\":\"A\",\"4\":\"C\",\"5\":\"C\",\"6\":\"C\",\"7\":\"C\",\"8\":\"G\",\"9\":\"G\",\"10\":\"G\",\"11\":\"G\",\"12\":\"T\",\"13\":\"T\",\"14\":\"T\",\"15\":\"T\",\"16\":\"A\",\"17\":\"A\",\"18\":\"A\",\"19\":\"A\",\"20\":\"C\",\"21\":\"C\",\"22\":\"C\",\"23\":\"C\",\"24\":\"G\",\"25\":\"G\",\"26\":\"G\",\"27\":\"G\",\"28\":\"T\",\"29\":\"T\",\"30\":\"T\",\"31\":\"T\"},\"base2\":{\"0\":\"A\",\"1\":\"C\",\"2\":\"G\",\"3\":\"T\",\"4\":\"A\",\"5\":\"C\",\"6\":\"G\",\"7\":\"T\",\"8\":\"A\",\"9\":\"C\",\"10\":\"G\",\"11\":\"T\",\"12\":\"A\",\"13\":\"C\",\"14\":\"G\",\"15\":\"T\",\"16\":\"A\",\"17\":\"C\",\"18\":\"G\",\"19\":\"T\",\"20\":\"A\",\"21\":\"C\",\"22\":\"G\",\"23\":\"T\",\"24\":\"A\",\"25\":\"C\",\"26\":\"G\",\"27\":\"T\",\"28\":\"A\",\"29\":\"C\",\"30\":\"G\",\"31\":\"T\"},\"count\":{\"0\":1990,\"1\":759,\"2\":991,\"3\":1225,\"4\":1533,\"5\":938,\"6\":1281,\"7\":1391,\"8\":994,\"9\":379,\"10\":444,\"11\":562,\"12\":1961,\"13\":755,\"14\":930,\"15\":1390,\"16\":2200,\"17\":932,\"18\":1054,\"19\":1721,\"20\":1315,\"21\":808,\"22\":820,\"23\":1127,\"24\":1169,\"25\":565,\"26\":686,\"27\":894,\"28\":1418,\"29\":739,\"30\":709,\"31\":1366},\"fitted\":{\"0\":1989.2482296789,\"1\":735.6667758135,\"2\":985.0071501129,\"3\":1255.077844395,\"4\":1644.670664367,\"5\":939.3105095258,\"6\":1227.4463881723,\"7\":1331.5724379486,\"8\":941.2735905126,\"9\":374.0798236917,\"10\":499.4422681205,\"11\":564.2043177267,\"12\":1902.8075154557,\"13\":781.9428909695,\"14\":934.104193645,\"15\":1417.14539993,\"16\":2200.7517703213,\"17\":955.3332241865,\"18\":1059.9928498874,\"19\":1690.922155605,\"20\":1203.3293356688,\"21\":806.6894904746,\"22\":873.5536118287,\"23\":1186.4275620528,\"24\":1221.7264094883,\"25\":569.9201763087,\"26\":630.5577319704,\"27\":891.7956822737,\"28\":1476.1924845446,\"29\":712.0571090306,\"30\":704.8958063552,\"31\":1338.85460007},\"ret\":{\"0\":0.000021455,\"1\":0.0006762371,\"2\":0.0001715187,\"3\":-0.000847872,\"4\":-0.0030756916,\"5\":-0.0000373679,\"6\":0.0015609558,\"7\":0.0017329903,\"8\":0.0015458639,\"9\":0.0001413112,\"10\":-0.0014907364,\"11\":-0.0000627748,\"12\":0.0016855956,\"13\":-0.0007553869,\"14\":-0.0001168511,\"15\":-0.0007670986,\"16\":-0.0000214473,\"17\":-0.0006575908,\"18\":-0.0001705152,\"19\":0.0008658273,\"20\":0.0033298814,\"21\":0.0000374243,\"22\":-0.0014802669,\"23\":-0.0016525059,\"24\":-0.0014715492,\"25\":-0.0001397842,\"26\":0.001649581,\"27\":0.0000629755,\"28\":-0.0016272931,\"29\":0.0007831511,\"30\":0.000117449,\"31\":0.0007823645}}", "deviance": 55.36213689720059, "df": 9, "rel_entropy": 0.0007898495819380327, "formula": "count ~ mut * base1 * base2 - mut : base1 : base2", "prob": 1.0389374906099292e-08},