{"pos2": {"stats": "{\"group\":{\"0\":\"1\",\"1\":\"1\",\"2\":\"1\",\"3\":\"1\",\"4\":\"1\",\"5\":\"1\",\"6\":\"1\",\"7\":\"1\",\"8\":\"2\",\"9\":\"2\",\"10\":\"2\",\"11\":\"2\",\"12\":\"2\",\"13\":\"2\",\"14\":\"2\",\"15\":\"2\"},\"mut\":{\"0\":\"M\",\"1\":\"M\",\"2\":\"M\",\"3\":\"M\",\"4\":\"R\",\"5\":\"R\",\"6\":\"R\",\"7\":\"R\",\"8\":\"M\",\"9\":\"M\",\"10\":\"M\",\"11\":\"M\",\"12\":\"R\",\"13\":\"R\",\"14\":\"R\",\"15\":\"R\"},\"base\":{\"0\":\"A\",\"1\":\"C\",\"2\":\"G\",\"3\":\"T\",\"4\":\"A\",\"5\":\"C\",\"6\":\"G\",\"7\":\"T\",\"8\":\"A\",\"9\":\"C\",\"10\":\"G\",\"11\":\"T\",\"12\":\"A\",\"13\":\"C\",\"14\":\"G\",\"15\":\"T\"},\"count\":{\"0\":6881,\"1\":8377,\"2\":10349,\"3\":17372,\"4\":12440,\"5\":8452,\"6\":11982,\"7\":10105,\"8\":165,\"9\":196,\"10\":220,\"11\":388,\"12\":269,\"13\":190,\"14\":283,\"15\":227},\"fitted\":{\"0\":6891.1302121171,\"1\":8380.7005898151,\"2\":10336.0855957452,\"3\":17371.0836023224,\"4\":12429.8697878828,\"5\":8448.2994101848,\"6\":11994.9144042547,\"7\":10105.9163976775,\"8\":154.8697878829,\"9\":192.2994101849,\"10\":232.9144042549,\"11\":388.9163976775,\"12\":279.1302121172,\"13\":193.7005898151,\"14\":270.0855957453,\"15\":226.0836023225},\"ret\":{\"0\":-0.0001151675,\"1\":-0.0000420926,\"2\":0.00014702,\"3\":0.0000104262,\"4\":0.0001152992,\"5\":0.0000421111,\"6\":-0.0001468491,\"7\":-0.0000104255,\"8\":0.000118942,\"9\":0.0000425044,\"10\":-0.0001427774,\"11\":-0.0000104136,\"12\":-0.0001131351,\"13\":-0.0000416972,\"14\":0.0001503863,\"15\":0.000010447}}", "deviance": 2.5627552904107507, "df": 3, "rel_entropy": 1.4578338550165825e-05, "formula": "count ~ group * mut * base - group : mut : base", "prob": 0.46405646903808395}, "pos3": {"stats": "{\"group\":{\"0\":\"1\",\"1\":\"1\",\"2\":\"1\",\"3\":\"1\",\"4\":\"1\",\"5\":\"1\",\"6\":\"1\",\"7\":\"1\",\"8\":\"2\",\"9\":\"2\",\"10\":\"2\",\"11\":\"2\",\"12\":\"2\",\"13\":\"2\",\"14\":\"2\",\"15\":\"2\"},\"mut\":{\"0\":\"M\",\"1\":\"M\",\"2\":\"M\",\"3\":\"M\",\"4\":\"R\",\"5\":\"R\",\"6\":\"R\",\"7\":\"R\",\"8\":\"M\",\"9\":\"M\",\"10\":\"M\",\"11\":\"M\",\"12\":\"R\",\"13\":\"R\",\"14\":\"R\",\"15\":\"R\"},\"base\":{\"0\":\"A\",\"1\":\"C\",\"2\":\"G\",\"3\":\"T\",\"4\":\"A\",\"5\":\"C\",\"6\":\"G\",\"7\":\"T\",\"8\":\"A\",\"9\":\"C\",\"10\":\"G\",\"11\":\"T\",\"12\":\"A\",\"13\":\"C\",\"14\":\"G\",\"15\":\"T\"},\"count\":{\"0\":11990,\"1\":9429,\"2\":11584,\"3\":9976,\"4\":12954,\"5\":9346,\"6\":10030,\"7\":10649,\"8\":276,\"9\":211,\"10\":254,\"11\":228,\"12\":319,\"13\":211,\"14\":206,\"15\":233},\"fitted\":{\"0\":11979.7586842117,\"1\":9427.7522226576,\"2\":11590.9437866358,\"3\":9980.5453064949,\"4\":12964.2413157884,\"5\":9347.2477773424,\"6\":10023.0562133642,\"7\":10644.4546935051,\"8\":286.2413157883,\"9\":212.2477773424,\"10\":247.0562133642,\"11\":223.4546935051,\"12\":308.7586842117,\"13\":209.7522226576,\"14\":212.9437866358,\"15\":237.5453064949},\"ret\":{\"0\":0.0001165661,\"1\":0.000014197,\"2\":-0.0000789764,\"3\":-0.0000517005,\"4\":-0.0001164703,\"5\":-0.0000141951,\"6\":0.0000790274,\"7\":0.0000517234,\"8\":-0.0001144066,\"9\":-0.0000141543,\"10\":0.0000801,\"11\":0.0000522347,\"12\":0.0001184277,\"13\":0.0000142382,\"14\":-0.0000776978,\"15\":-0.0000512144}}", "deviance": 1.3534449159537885, "df": 3, "rel_entropy": 7.69912689970982e-06, "formula": "count ~ group * mut * base - group : mut : base", "prob": 0.71648284449602084}, "pos0": {"stats": "{\"group\":{\"0\":\"1\",\"1\":\"1\",\"2\":\"1\",\"3\":\"1\",\"4\":\"1\",\"5\":\"1\",\"6\":\"1\",\"7\":\"1\",\"8\":\"2\",\"9\":\"2\",\"10\":\"2\",\"11\":\"2\",\"12\":\"2\",\"13\":\"2\",\"14\":\"2\",\"15\":\"2\"},\"mut\":{\"0\":\"M\",\"1\":\"M\",\"2\":\"M\",\"3\":\"M\",\"4\":\"R\",\"5\":\"R\",\"6\":\"R\",\"7\":\"R\",\"8\":\"M\",\"9\":\"M\",\"10\":\"M\",\"11\":\"M\",\"12\":\"R\",\"13\":\"R\",\"14\":\"R\",\"15\":\"R\"},\"base\":{\"0\":\"A\",\"1\":\"C\",\"2\":\"G\",\"3\":\"T\",\"4\":\"A\",\"5\":\"C\",\"6\":\"G\",\"7\":\"T\",\"8\":\"A\",\"9\":\"C\",\"10\":\"G\",\"11\":\"T\",\"12\":\"A\",\"13\":\"C\",\"14\":\"G\",\"15\":\"T\"},\"count\":{\"0\":10635,\"1\":16031,\"2\":9140,\"3\":7173,\"4\":12911,\"5\":8442,\"6\":10662,\"7\":10964,\"8\":227,\"9\":368,\"10\":195,\"11\":179,\"12\":296,\"13\":201,\"14\":224,\"15\":248},\"fitted\":{\"0\":10626.5843230417,\"1\":16026.9873071516,\"2\":9142.057627523,\"3\":7183.3707422837,\"4\":12919.4156769583,\"5\":8446.0126928485,\"6\":10659.942372477,\"7\":10953.6292577163,\"8\":235.4156769583,\"9\":372.0126928484,\"10\":192.942372477,\"11\":168.6292577164,\"12\":287.5843230417,\"13\":196.9873071516,\"14\":226.057627523,\"15\":258.3707422838},\"ret\":{\"0\":0.0000957837,\"1\":0.0000456585,\"2\":-0.0000234072,\"3\":-0.0001179036,\"4\":-0.0000957147,\"5\":-0.0000456419,\"6\":0.0000234121,\"7\":0.0001180446,\"8\":-0.0000940137,\"9\":-0.0000454056,\"10\":0.0000235342,\"11\":0.0001215448,\"12\":0.0000971333,\"13\":0.0000461146,\"14\":-0.0000233029,\"15\":-0.0001155885}}", "deviance": 1.8014644209045088, "df": 3, "rel_entropy": 1.0247704223767342e-05, "formula": "count ~ group * mut * base - group : mut : base", "prob": 0.61461631322680299}, "pos1": {"stats": "{\"group\":{\"0\":\"1\",\"1\":\"1\",\"2\":\"1\",\"3\":\"1\",\"4\":\"1\",\"5\":\"1\",\"6\":\"1\",\"7\":\"1\",\"8\":\"2\",\"9\":\"2\",\"10\":\"2\",\"11\":\"2\",\"12\":\"2\",\"13\":\"2\",\"14\":\"2\",\"15\":\"2\"},\"mut\":{\"0\":\"M\",\"1\":\"M\",\"2\":\"M\",\"3\":\"M\",\"4\":\"R\",\"5\":\"R\",\"6\":\"R\",\"7\":\"R\",\"8\":\"M\",\"9\":\"M\",\"10\":\"M\",\"11\":\"M\",\"12\":\"R\",\"13\":\"R\",\"14\":\"R\",\"15\":\"R\"},\"base\":{\"0\":\"A\",\"1\":\"C\",\"2\":\"G\",\"3\":\"T\",\"4\":\"A\",\"5\":\"C\",\"6\":\"G\",\"7\":\"T\",\"8\":\"A\",\"9\":\"C\",\"10\":\"G\",\"11\":\"T\",\"12\":\"A\",\"13\":\"C\",\"14\":\"G\",\"15\":\"T\"},\"count\":{\"0\":12584,\"1\":16592,\"2\":6370,\"3\":7433,\"4\":12443,\"5\":12386,\"6\":10351,\"7\":7799,\"8\":289,\"9\":352,\"10\":158,\"11\":170,\"12\":281,\"13\":272,\"14\":209,\"15\":207},\"fitted\":{\"0\":12585.9424276445,\"1\":16586.3986405928,\"2\":6387.5551209989,\"3\":7419.1038107637,\"4\":12441.0575723554,\"5\":12391.6013594072,\"6\":10333.4448790011,\"7\":7812.8961892363,\"8\":287.0575723555,\"9\":357.6013594072,\"10\":140.4448790113,\"11\":183.8961892381,\"12\":282.9424276446,\"13\":266.3986405929,\"14\":226.5551210122,\"15\":193.1038107647},\"ret\":{\"0\":-0.0000220975,\"1\":0.0000637379,\"2\":-0.0001994513,\"3\":0.0001582461,\"4\":0.0000221009,\"5\":-0.0000637127,\"6\":0.0001998956,\"7\":-0.0001579574,\"8\":0.0000221738,\"9\":-0.0000632254,\"10\":0.0002117187,\"11\":-0.0001519683,\"12\":-0.0000220231,\"13\":0.0000643924,\"14\":-0.00019178,\"15\":0.0001636549}}", "deviance": 5.924994984611554, "df": 3, "rel_entropy": 3.370457691255321e-05, "formula": "count ~ group * mut * base - group : mut : base", "prob": 0.11531695372754291}}