{"pos3": {"formula": "count ~ group * mut * base - group : mut : base", "rel_entropy": 0.00013458050566773466, "deviance": 107.35163943901591, "df": 3, "stats": "{\"group\":{\"0\":\"1\",\"1\":\"1\",\"2\":\"1\",\"3\":\"1\",\"4\":\"1\",\"5\":\"1\",\"6\":\"1\",\"7\":\"1\",\"8\":\"2\",\"9\":\"2\",\"10\":\"2\",\"11\":\"2\",\"12\":\"2\",\"13\":\"2\",\"14\":\"2\",\"15\":\"2\"},\"mut\":{\"0\":\"M\",\"1\":\"M\",\"2\":\"M\",\"3\":\"M\",\"4\":\"R\",\"5\":\"R\",\"6\":\"R\",\"7\":\"R\",\"8\":\"M\",\"9\":\"M\",\"10\":\"M\",\"11\":\"M\",\"12\":\"R\",\"13\":\"R\",\"14\":\"R\",\"15\":\"R\"},\"base\":{\"0\":\"A\",\"1\":\"C\",\"2\":\"G\",\"3\":\"T\",\"4\":\"A\",\"5\":\"C\",\"6\":\"G\",\"7\":\"T\",\"8\":\"A\",\"9\":\"C\",\"10\":\"G\",\"11\":\"T\",\"12\":\"A\",\"13\":\"C\",\"14\":\"G\",\"15\":\"T\"},\"count\":{\"0\":54810,\"1\":36010,\"2\":34627,\"3\":64821,\"4\":52731,\"5\":38276,\"6\":32775,\"7\":66486,\"8\":2007,\"9\":2548,\"10\":2195,\"11\":2401,\"12\":2332,\"13\":2318,\"14\":1749,\"15\":2752},\"fitted\":{\"0\":54612.7409273267,\"1\":36186.7659281883,\"2\":34785.8168369594,\"3\":64682.6763075262,\"4\":52928.2590726737,\"5\":38099.2340718118,\"6\":32616.1831630408,\"7\":66624.3236924739,\"8\":2204.2590727527,\"9\":2371.2340718255,\"10\":2036.1831630686,\"11\":2539.3236924751,\"12\":2134.7409274055,\"13\":2494.7659282041,\"14\":1907.8168369869,\"15\":2613.6763075277},\"ret\":{\"0\":0.0004954766,\"1\":-0.0004421181,\"2\":-0.0003972885,\"3\":0.0003471873,\"4\":-0.0004936617,\"5\":0.0004442289,\"6\":0.0003991668,\"7\":-0.0003464565,\"8\":-0.0004717629,\"9\":0.000459326,\"10\":0.0004133394,\"11\":-0.0003371944,\"12\":0.0005167623,\"13\":-0.0004271163,\"14\":-0.0003811447,\"15\":0.0003558363}}", "prob": 4.075890904146718e-23}, "pos1": {"formula": "count ~ group * mut * base - group : mut : base", "rel_entropy": 0.00016279161495241667, "deviance": 129.85496424878392, "df": 3, "stats": "{\"group\":{\"0\":\"1\",\"1\":\"1\",\"2\":\"1\",\"3\":\"1\",\"4\":\"1\",\"5\":\"1\",\"6\":\"1\",\"7\":\"1\",\"8\":\"2\",\"9\":\"2\",\"10\":\"2\",\"11\":\"2\",\"12\":\"2\",\"13\":\"2\",\"14\":\"2\",\"15\":\"2\"},\"mut\":{\"0\":\"M\",\"1\":\"M\",\"2\":\"M\",\"3\":\"M\",\"4\":\"R\",\"5\":\"R\",\"6\":\"R\",\"7\":\"R\",\"8\":\"M\",\"9\":\"M\",\"10\":\"M\",\"11\":\"M\",\"12\":\"R\",\"13\":\"R\",\"14\":\"R\",\"15\":\"R\"},\"base\":{\"0\":\"A\",\"1\":\"C\",\"2\":\"G\",\"3\":\"T\",\"4\":\"A\",\"5\":\"C\",\"6\":\"G\",\"7\":\"T\",\"8\":\"A\",\"9\":\"C\",\"10\":\"G\",\"11\":\"T\",\"12\":\"A\",\"13\":\"C\",\"14\":\"G\",\"15\":\"T\"},\"count\":{\"0\":51213,\"1\":38836,\"2\":30490,\"3\":69729,\"4\":51507,\"5\":43062,\"6\":31402,\"7\":64297,\"8\":1761,\"9\":2873,\"10\":2068,\"11\":2449,\"12\":2050,\"13\":2672,\"14\":1749,\"15\":2680},\"fitted\":{\"0\":51066.3687539925,\"1\":39046.4010426751,\"2\":30654.4359968262,\"3\":69500.7942065052,\"4\":51653.6312460068,\"5\":42851.5989573245,\"6\":31237.5640031736,\"7\":64525.2057934944,\"8\":1907.6312460251,\"9\":2662.5989573473,\"10\":1903.5640032186,\"11\":2677.2057935763,\"12\":1903.3687540116,\"13\":2882.4010427004,\"14\":1913.4359968723,\"15\":2451.7942065812},\"ret\":{\"0\":0.0003681734,\"1\":-0.0005261112,\"2\":-0.0004111799,\"3\":0.000573115,\"4\":-0.0003671238,\"5\":0.0005288281,\"6\":0.0004133709,\"7\":-0.0005711637,\"8\":-0.0003531398,\"9\":0.00054785,\"10\":0.0004296034,\"11\":-0.0005470664,\"12\":0.0003814572,\"13\":-0.000507795,\"14\":-0.0003940417,\"15\":0.0005980152}}", "prob": 5.8120425521453005e-28}, "pos2": {"formula": "count ~ group * mut * base - group : mut : base", "rel_entropy": 0.0002156189224584666, "deviance": 171.9940395909798, "df": 3, "stats": "{\"group\":{\"0\":\"1\",\"1\":\"1\",\"2\":\"1\",\"3\":\"1\",\"4\":\"1\",\"5\":\"1\",\"6\":\"1\",\"7\":\"1\",\"8\":\"2\",\"9\":\"2\",\"10\":\"2\",\"11\":\"2\",\"12\":\"2\",\"13\":\"2\",\"14\":\"2\",\"15\":\"2\"},\"mut\":{\"0\":\"M\",\"1\":\"M\",\"2\":\"M\",\"3\":\"M\",\"4\":\"R\",\"5\":\"R\",\"6\":\"R\",\"7\":\"R\",\"8\":\"M\",\"9\":\"M\",\"10\":\"M\",\"11\":\"M\",\"12\":\"R\",\"13\":\"R\",\"14\":\"R\",\"15\":\"R\"},\"base\":{\"0\":\"A\",\"1\":\"C\",\"2\":\"G\",\"3\":\"T\",\"4\":\"A\",\"5\":\"C\",\"6\":\"G\",\"7\":\"T\",\"8\":\"A\",\"9\":\"C\",\"10\":\"G\",\"11\":\"T\",\"12\":\"A\",\"13\":\"C\",\"14\":\"G\",\"15\":\"T\"},\"count\":{\"0\":37538,\"1\":28951,\"2\":57590,\"3\":66189,\"4\":43626,\"5\":37350,\"6\":45305,\"7\":63987,\"8\":993,\"9\":2230,\"10\":3721,\"11\":2207,\"12\":1583,\"13\":2270,\"14\":2704,\"15\":2594},\"fitted\":{\"0\":37353.2406171263,\"1\":29211.7856562268,\"2\":57725.7001277879,\"3\":65977.2735988587,\"4\":43810.7593828735,\"5\":37089.2143437733,\"6\":45169.2998722122,\"7\":64198.726401141,\"8\":1177.7593828735,\"9\":1969.2143437732,\"10\":3585.2998722122,\"11\":2418.7264011412,\"12\":1398.2406171265,\"13\":2530.7856562268,\"14\":2839.7001277879,\"15\":2382.2735988588},\"ret\":{\"0\":0.000464388,\"1\":-0.0006509362,\"2\":-0.0003398385,\"3\":0.000531709,\"4\":-0.000462266,\"5\":0.000656157,\"6\":0.0003407493,\"7\":-0.0005299818,\"8\":-0.0004248441,\"9\":0.0006953657,\"10\":0.0003465978,\"11\":-0.0005069142,\"12\":0.0004925846,\"13\":-0.0006189541,\"14\":-0.0003319766,\"15\":0.000553779}}", "prob": 4.722467707152622e-37}, "pos0": {"formula": "count ~ group * mut * base - group : mut : base", "rel_entropy": 0.00011757335558244086, "deviance": 93.7854439875791, "df": 3, "stats": "{\"group\":{\"0\":\"1\",\"1\":\"1\",\"2\":\"1\",\"3\":\"1\",\"4\":\"1\",\"5\":\"1\",\"6\":\"1\",\"7\":\"1\",\"8\":\"2\",\"9\":\"2\",\"10\":\"2\",\"11\":\"2\",\"12\":\"2\",\"13\":\"2\",\"14\":\"2\",\"15\":\"2\"},\"mut\":{\"0\":\"M\",\"1\":\"M\",\"2\":\"M\",\"3\":\"M\",\"4\":\"R\",\"5\":\"R\",\"6\":\"R\",\"7\":\"R\",\"8\":\"M\",\"9\":\"M\",\"10\":\"M\",\"11\":\"M\",\"12\":\"R\",\"13\":\"R\",\"14\":\"R\",\"15\":\"R\"},\"base\":{\"0\":\"A\",\"1\":\"C\",\"2\":\"G\",\"3\":\"T\",\"4\":\"A\",\"5\":\"C\",\"6\":\"G\",\"7\":\"T\",\"8\":\"A\",\"9\":\"C\",\"10\":\"G\",\"11\":\"T\",\"12\":\"A\",\"13\":\"C\",\"14\":\"G\",\"15\":\"T\"},\"count\":{\"0\":60838,\"1\":34573,\"2\":30586,\"3\":64271,\"4\":53894,\"5\":36853,\"6\":33297,\"7\":66224,\"8\":2326,\"9\":2309,\"10\":2288,\"11\":2228,\"12\":2253,\"13\":2239,\"14\":1993,\"15\":2666},\"fitted\":{\"0\":60727.0848847353,\"1\":34661.7160279761,\"2\":30797.7064971093,\"3\":64081.4925901799,\"4\":54004.9151152654,\"5\":36764.2839720238,\"6\":33085.2935028907,\"7\":66413.5074098201,\"8\":2436.915115266,\"9\":2220.283972024,\"10\":2076.2935030389,\"11\":2417.5074098446,\"12\":2142.0848847351,\"13\":2327.7160279762,\"14\":2204.7064972674,\"15\":2476.4925902052},\"ret\":{\"0\":0.0002783495,\"1\":-0.0002221513,\"2\":-0.0005289796,\"3\":0.0004758507,\"4\":-0.0002778099,\"5\":0.0002227044,\"6\":0.0005325029,\"7\":-0.0004744703,\"8\":-0.0002716687,\"9\":0.0002268222,\"10\":0.0005569943,\"11\":-0.0004560188,\"12\":0.0002851743,\"13\":-0.0002181425,\"14\":-0.0005044655,\"15\":0.0004928819}}", "prob": 3.367566768894476e-20}}