{"pos2": {"formula": "count ~ group * mut * base - group : mut : base", "df": 3, "stats": "{\"group\":{\"8\":\"1\",\"9\":\"1\",\"10\":\"1\",\"11\":\"1\",\"12\":\"1\",\"13\":\"1\",\"14\":\"1\",\"15\":\"1\",\"0\":\"2\",\"1\":\"2\",\"2\":\"2\",\"3\":\"2\",\"4\":\"2\",\"5\":\"2\",\"6\":\"2\",\"7\":\"2\"},\"mut\":{\"8\":\"M\",\"9\":\"M\",\"10\":\"M\",\"11\":\"M\",\"12\":\"R\",\"13\":\"R\",\"14\":\"R\",\"15\":\"R\",\"0\":\"M\",\"1\":\"M\",\"2\":\"M\",\"3\":\"M\",\"4\":\"R\",\"5\":\"R\",\"6\":\"R\",\"7\":\"R\"},\"base\":{\"8\":\"A\",\"9\":\"C\",\"10\":\"G\",\"11\":\"T\",\"12\":\"A\",\"13\":\"C\",\"14\":\"G\",\"15\":\"T\",\"0\":\"A\",\"1\":\"C\",\"2\":\"G\",\"3\":\"T\",\"4\":\"A\",\"5\":\"C\",\"6\":\"G\",\"7\":\"T\"},\"count\":{\"8\":878,\"9\":2196,\"10\":2384,\"11\":1460,\"12\":1223,\"13\":1734,\"14\":1978,\"15\":1983,\"0\":26,\"1\":50,\"2\":49,\"3\":48,\"4\":42,\"5\":26,\"6\":41,\"7\":64},\"fitted\":{\"8\":874.618105546,\"9\":2202.2066603514,\"10\":2382.4060460922,\"11\":1458.7691880105,\"12\":1226.381894454,\"13\":1727.7933396486,\"14\":1979.5939539078,\"15\":1984.2308119895,\"0\":29.381894454,\"1\":43.7933396486,\"2\":50.5939539078,\"3\":49.2308119895,\"4\":38.618105546,\"5\":32.2066603514,\"6\":39.4060460922,\"7\":62.7691880105},\"ret\":{\"8\":0.0002389243,\"9\":-0.0004370262,\"10\":0.0001124303,\"11\":0.0000868235,\"12\":-0.0002381348,\"13\":0.0004384286,\"14\":-0.0001123475,\"15\":-0.00008676,\"0\":-0.000224181,\"1\":0.0004672869,\"2\":-0.0001106034,\"3\":-0.0000856929,\"4\":0.0002486132,\"5\":-0.000392469,\"6\":0.0001146358,\"7\":0.0000876323}}", "deviance": 3.0508409285478324, "rel_entropy": 0.000107560320425463, "prob": 0.3838527360804607}, "pos0": {"formula": "count ~ group * mut * base - group : mut : base", "df": 3, "stats": "{\"group\":{\"8\":\"1\",\"9\":\"1\",\"10\":\"1\",\"11\":\"1\",\"12\":\"1\",\"13\":\"1\",\"14\":\"1\",\"15\":\"1\",\"0\":\"2\",\"1\":\"2\",\"2\":\"2\",\"3\":\"2\",\"4\":\"2\",\"5\":\"2\",\"6\":\"2\",\"7\":\"2\"},\"mut\":{\"8\":\"M\",\"9\":\"M\",\"10\":\"M\",\"11\":\"M\",\"12\":\"R\",\"13\":\"R\",\"14\":\"R\",\"15\":\"R\",\"0\":\"M\",\"1\":\"M\",\"2\":\"M\",\"3\":\"M\",\"4\":\"R\",\"5\":\"R\",\"6\":\"R\",\"7\":\"R\"},\"base\":{\"8\":\"A\",\"9\":\"C\",\"10\":\"G\",\"11\":\"T\",\"12\":\"A\",\"13\":\"C\",\"14\":\"G\",\"15\":\"T\",\"0\":\"A\",\"1\":\"C\",\"2\":\"G\",\"3\":\"T\",\"4\":\"A\",\"5\":\"C\",\"6\":\"G\",\"7\":\"T\"},\"count\":{\"8\":1795,\"9\":1907,\"10\":1815,\"11\":1401,\"12\":1695,\"13\":1705,\"14\":1492,\"15\":2026,\"0\":42,\"1\":50,\"2\":45,\"3\":36,\"4\":31,\"5\":42,\"6\":43,\"7\":57},\"fitted\":{\"8\":1799.2393174911,\"9\":1908.2373179994,\"10\":1811.6410236484,\"11\":1398.8823408611,\"12\":1690.7606825089,\"13\":1703.7626820006,\"14\":1495.3589763516,\"15\":2028.1176591389,\"0\":37.7606825089,\"1\":48.7626820006,\"2\":48.3589763516,\"3\":38.1176591389,\"4\":35.2393174911,\"5\":43.2373179994,\"6\":39.6410236484,\"7\":54.8823408611},\"ret\":{\"8\":-0.00029857,\"9\":-0.0000872174,\"10\":0.0002370673,\"11\":0.0001494332,\"12\":0.0002992968,\"13\":0.0000872773,\"14\":-0.0002365816,\"15\":-0.0001492422,\"0\":0.0003151072,\"1\":0.0000883433,\"2\":-0.0002284249,\"3\":-0.0001450934,\"4\":-0.0002801743,\"5\":-0.0000859852,\"6\":0.0002466105,\"7\":0.0001521646}}", "deviance": 1.8156165257779344, "rel_entropy": 6.401130044344713e-05, "prob": 0.6115425155832206}, "pos1": {"formula": "count ~ group * mut * base - group : mut : base", "df": 3, "stats": "{\"group\":{\"8\":\"1\",\"9\":\"1\",\"10\":\"1\",\"11\":\"1\",\"12\":\"1\",\"13\":\"1\",\"14\":\"1\",\"15\":\"1\",\"0\":\"2\",\"1\":\"2\",\"2\":\"2\",\"3\":\"2\",\"4\":\"2\",\"5\":\"2\",\"6\":\"2\",\"7\":\"2\"},\"mut\":{\"8\":\"M\",\"9\":\"M\",\"10\":\"M\",\"11\":\"M\",\"12\":\"R\",\"13\":\"R\",\"14\":\"R\",\"15\":\"R\",\"0\":\"M\",\"1\":\"M\",\"2\":\"M\",\"3\":\"M\",\"4\":\"R\",\"5\":\"R\",\"6\":\"R\",\"7\":\"R\"},\"base\":{\"8\":\"A\",\"9\":\"C\",\"10\":\"G\",\"11\":\"T\",\"12\":\"A\",\"13\":\"C\",\"14\":\"G\",\"15\":\"T\",\"0\":\"A\",\"1\":\"C\",\"2\":\"G\",\"3\":\"T\",\"4\":\"A\",\"5\":\"C\",\"6\":\"G\",\"7\":\"T\"},\"count\":{\"8\":2260,\"9\":1955,\"10\":1616,\"11\":1087,\"12\":1586,\"13\":2012,\"14\":1384,\"15\":1936,\"0\":55,\"1\":50,\"2\":40,\"3\":28,\"4\":41,\"5\":48,\"6\":32,\"7\":52},\"fitted\":{\"8\":2258.4215521779,\"9\":1956.4511873625,\"10\":1617.0327746681,\"11\":1086.0944857915,\"12\":1587.5784478221,\"13\":2010.5488126375,\"14\":1382.9672253319,\"15\":1936.9055142085,\"0\":56.5784478221,\"1\":48.5488126375,\"2\":38.9672253319,\"3\":28.9055142085,\"4\":39.4215521779,\"5\":49.4511873625,\"6\":33.0327746681,\"7\":51.0944857915},\"ret\":{\"8\":0.0001113383,\"9\":-0.000102288,\"10\":-0.0000727997,\"11\":0.0000638762,\"12\":-0.000111244,\"13\":0.0001023629,\"14\":0.0000728501,\"15\":-0.0000638346,\"0\":-0.0001097322,\"1\":0.0001038403,\"2\":0.0000737795,\"3\":-0.0000628388,\"4\":0.0001134984,\"5\":-0.0001008097,\"6\":-0.0000716725,\"7\":0.000064412}}", "deviance": 0.30457964606573906, "rel_entropy": 1.0738247287608907e-05, "prob": 0.9591648840088854}, "pos3": {"formula": "count ~ group * mut * base - group : mut : base", "df": 3, "stats": "{\"group\":{\"8\":\"1\",\"9\":\"1\",\"10\":\"1\",\"11\":\"1\",\"12\":\"1\",\"13\":\"1\",\"14\":\"1\",\"15\":\"1\",\"0\":\"2\",\"1\":\"2\",\"2\":\"2\",\"3\":\"2\",\"4\":\"2\",\"5\":\"2\",\"6\":\"2\",\"7\":\"2\"},\"mut\":{\"8\":\"M\",\"9\":\"M\",\"10\":\"M\",\"11\":\"M\",\"12\":\"R\",\"13\":\"R\",\"14\":\"R\",\"15\":\"R\",\"0\":\"M\",\"1\":\"M\",\"2\":\"M\",\"3\":\"M\",\"4\":\"R\",\"5\":\"R\",\"6\":\"R\",\"7\":\"R\"},\"base\":{\"8\":\"A\",\"9\":\"C\",\"10\":\"G\",\"11\":\"T\",\"12\":\"A\",\"13\":\"C\",\"14\":\"G\",\"15\":\"T\",\"0\":\"A\",\"1\":\"C\",\"2\":\"G\",\"3\":\"T\",\"4\":\"A\",\"5\":\"C\",\"6\":\"G\",\"7\":\"T\"},\"count\":{\"8\":1592,\"9\":1973,\"10\":1376,\"11\":1977,\"12\":1723,\"13\":1722,\"14\":1372,\"15\":2101,\"0\":34,\"1\":49,\"2\":40,\"3\":50,\"4\":37,\"5\":45,\"6\":41,\"7\":50},\"fitted\":{\"8\":1591.9702472718,\"9\":1971.9228304436,\"10\":1375.5311380234,\"11\":1978.5757842612,\"12\":1723.0297527282,\"13\":1723.0771695564,\"14\":1372.4688619766,\"15\":2099.4242157388,\"0\":34.0297527282,\"1\":50.0771695564,\"2\":40.4688619766,\"3\":48.4242157388,\"4\":36.9702472718,\"5\":43.9228304436,\"6\":40.5311380234,\"7\":51.5757842612},\"ret\":{\"8\":0.0000020979,\"9\":0.000075974,\"10\":0.000033066,\"11\":-0.0001110673,\"12\":-0.0000020979,\"13\":-0.0000759295,\"14\":-0.0000330547,\"15\":0.0001111533,\"0\":-0.000002097,\"1\":-0.0000751305,\"2\":-0.0000328681,\"3\":0.0001129001,\"4\":0.0000020988,\"5\":0.0000768771,\"6\":0.0000332508,\"7\":-0.0001093966}}", "deviance": 0.16384139725919372, "rel_entropy": 5.7763854625297465e-06, "prob": 0.9832039246912491}}