{"pos2": {"stats": "{\"group\":{\"0\":\"1\",\"1\":\"1\",\"2\":\"1\",\"3\":\"1\",\"4\":\"1\",\"5\":\"1\",\"6\":\"1\",\"7\":\"1\",\"8\":\"2\",\"9\":\"2\",\"10\":\"2\",\"11\":\"2\",\"12\":\"2\",\"13\":\"2\",\"14\":\"2\",\"15\":\"2\"},\"mut\":{\"0\":\"M\",\"1\":\"M\",\"2\":\"M\",\"3\":\"M\",\"4\":\"R\",\"5\":\"R\",\"6\":\"R\",\"7\":\"R\",\"8\":\"M\",\"9\":\"M\",\"10\":\"M\",\"11\":\"M\",\"12\":\"R\",\"13\":\"R\",\"14\":\"R\",\"15\":\"R\"},\"base\":{\"0\":\"A\",\"1\":\"C\",\"2\":\"G\",\"3\":\"T\",\"4\":\"A\",\"5\":\"C\",\"6\":\"G\",\"7\":\"T\",\"8\":\"A\",\"9\":\"C\",\"10\":\"G\",\"11\":\"T\",\"12\":\"A\",\"13\":\"C\",\"14\":\"G\",\"15\":\"T\"},\"count\":{\"0\":878,\"1\":2196,\"2\":2384,\"3\":1460,\"4\":1223,\"5\":1734,\"6\":1978,\"7\":1983,\"8\":26,\"9\":50,\"10\":49,\"11\":48,\"12\":42,\"13\":26,\"14\":41,\"15\":64},\"fitted\":{\"0\":874.618105546,\"1\":2202.2066603514,\"2\":2382.4060460922,\"3\":1458.7691880105,\"4\":1226.381894454,\"5\":1727.7933396486,\"6\":1979.5939539078,\"7\":1984.2308119895,\"8\":29.381894454,\"9\":43.7933396486,\"10\":50.5939539078,\"11\":49.2308119895,\"12\":38.618105546,\"13\":32.2066603514,\"14\":39.4060460922,\"15\":62.7691880105},\"ret\":{\"0\":0.0002389243,\"1\":-0.0004370262,\"2\":0.0001124303,\"3\":0.0000868235,\"4\":-0.0002381348,\"5\":0.0004384286,\"6\":-0.0001123475,\"7\":-0.00008676,\"8\":-0.000224181,\"9\":0.0004672869,\"10\":-0.0001106034,\"11\":-0.0000856929,\"12\":0.0002486132,\"13\":-0.000392469,\"14\":0.0001146358,\"15\":0.0000876323}}", "deviance": 3.050840928548025, "df": 3, "rel_entropy": 0.00010756032042546979, "formula": "count ~ group * mut * base - group : mut : base", "prob": 0.38385273608043036}, "pos3": {"stats": "{\"group\":{\"0\":\"1\",\"1\":\"1\",\"2\":\"1\",\"3\":\"1\",\"4\":\"1\",\"5\":\"1\",\"6\":\"1\",\"7\":\"1\",\"8\":\"2\",\"9\":\"2\",\"10\":\"2\",\"11\":\"2\",\"12\":\"2\",\"13\":\"2\",\"14\":\"2\",\"15\":\"2\"},\"mut\":{\"0\":\"M\",\"1\":\"M\",\"2\":\"M\",\"3\":\"M\",\"4\":\"R\",\"5\":\"R\",\"6\":\"R\",\"7\":\"R\",\"8\":\"M\",\"9\":\"M\",\"10\":\"M\",\"11\":\"M\",\"12\":\"R\",\"13\":\"R\",\"14\":\"R\",\"15\":\"R\"},\"base\":{\"0\":\"A\",\"1\":\"C\",\"2\":\"G\",\"3\":\"T\",\"4\":\"A\",\"5\":\"C\",\"6\":\"G\",\"7\":\"T\",\"8\":\"A\",\"9\":\"C\",\"10\":\"G\",\"11\":\"T\",\"12\":\"A\",\"13\":\"C\",\"14\":\"G\",\"15\":\"T\"},\"count\":{\"0\":1592,\"1\":1973,\"2\":1376,\"3\":1977,\"4\":1723,\"5\":1722,\"6\":1372,\"7\":2101,\"8\":34,\"9\":49,\"10\":40,\"11\":50,\"12\":37,\"13\":45,\"14\":41,\"15\":50},\"fitted\":{\"0\":1591.9702472718,\"1\":1971.9228304436,\"2\":1375.5311380234,\"3\":1978.5757842612,\"4\":1723.0297527282,\"5\":1723.0771695564,\"6\":1372.4688619766,\"7\":2099.4242157388,\"8\":34.0297527282,\"9\":50.0771695564,\"10\":40.4688619766,\"11\":48.4242157388,\"12\":36.9702472718,\"13\":43.9228304436,\"14\":40.5311380234,\"15\":51.5757842612},\"ret\":{\"0\":0.0000020979,\"1\":0.000075974,\"2\":0.000033066,\"3\":-0.0001110673,\"4\":-0.0000020979,\"5\":-0.0000759295,\"6\":-0.0000330547,\"7\":0.0001111533,\"8\":-0.000002097,\"9\":-0.0000751305,\"10\":-0.0000328681,\"11\":0.0001129001,\"12\":0.0000020988,\"13\":0.0000768771,\"14\":0.0000332508,\"15\":-0.0001093966}}", "deviance": 0.1638413972584581, "df": 3, "rel_entropy": 5.77638546250381e-06, "formula": "count ~ group * mut * base - group : mut : base", "prob": 0.98320392469135853}, "pos0": {"stats": "{\"group\":{\"0\":\"1\",\"1\":\"1\",\"2\":\"1\",\"3\":\"1\",\"4\":\"1\",\"5\":\"1\",\"6\":\"1\",\"7\":\"1\",\"8\":\"2\",\"9\":\"2\",\"10\":\"2\",\"11\":\"2\",\"12\":\"2\",\"13\":\"2\",\"14\":\"2\",\"15\":\"2\"},\"mut\":{\"0\":\"M\",\"1\":\"M\",\"2\":\"M\",\"3\":\"M\",\"4\":\"R\",\"5\":\"R\",\"6\":\"R\",\"7\":\"R\",\"8\":\"M\",\"9\":\"M\",\"10\":\"M\",\"11\":\"M\",\"12\":\"R\",\"13\":\"R\",\"14\":\"R\",\"15\":\"R\"},\"base\":{\"0\":\"A\",\"1\":\"C\",\"2\":\"G\",\"3\":\"T\",\"4\":\"A\",\"5\":\"C\",\"6\":\"G\",\"7\":\"T\",\"8\":\"A\",\"9\":\"C\",\"10\":\"G\",\"11\":\"T\",\"12\":\"A\",\"13\":\"C\",\"14\":\"G\",\"15\":\"T\"},\"count\":{\"0\":1795,\"1\":1907,\"2\":1815,\"3\":1401,\"4\":1695,\"5\":1705,\"6\":1492,\"7\":2026,\"8\":42,\"9\":50,\"10\":45,\"11\":36,\"12\":31,\"13\":42,\"14\":43,\"15\":57},\"fitted\":{\"0\":1799.2393174911,\"1\":1908.2373179994,\"2\":1811.6410236484,\"3\":1398.8823408611,\"4\":1690.7606825089,\"5\":1703.7626820006,\"6\":1495.3589763516,\"7\":2028.1176591389,\"8\":37.7606825089,\"9\":48.7626820006,\"10\":48.3589763516,\"11\":38.1176591389,\"12\":35.2393174911,\"13\":43.2373179994,\"14\":39.6410236484,\"15\":54.8823408611},\"ret\":{\"0\":-0.00029857,\"1\":-0.0000872174,\"2\":0.0002370673,\"3\":0.0001494332,\"4\":0.0002992968,\"5\":0.0000872773,\"6\":-0.0002365816,\"7\":-0.0001492422,\"8\":0.0003151072,\"9\":0.0000883433,\"10\":-0.0002284249,\"11\":-0.0001450934,\"12\":-0.0002801743,\"13\":-0.0000859852,\"14\":0.0002466105,\"15\":0.0001521646}}", "deviance": 1.815616525777438, "df": 3, "rel_entropy": 6.401130044342962e-05, "formula": "count ~ group * mut * base - group : mut : base", "prob": 0.61154251558332828}, "pos1": {"stats": "{\"group\":{\"0\":\"1\",\"1\":\"1\",\"2\":\"1\",\"3\":\"1\",\"4\":\"1\",\"5\":\"1\",\"6\":\"1\",\"7\":\"1\",\"8\":\"2\",\"9\":\"2\",\"10\":\"2\",\"11\":\"2\",\"12\":\"2\",\"13\":\"2\",\"14\":\"2\",\"15\":\"2\"},\"mut\":{\"0\":\"M\",\"1\":\"M\",\"2\":\"M\",\"3\":\"M\",\"4\":\"R\",\"5\":\"R\",\"6\":\"R\",\"7\":\"R\",\"8\":\"M\",\"9\":\"M\",\"10\":\"M\",\"11\":\"M\",\"12\":\"R\",\"13\":\"R\",\"14\":\"R\",\"15\":\"R\"},\"base\":{\"0\":\"A\",\"1\":\"C\",\"2\":\"G\",\"3\":\"T\",\"4\":\"A\",\"5\":\"C\",\"6\":\"G\",\"7\":\"T\",\"8\":\"A\",\"9\":\"C\",\"10\":\"G\",\"11\":\"T\",\"12\":\"A\",\"13\":\"C\",\"14\":\"G\",\"15\":\"T\"},\"count\":{\"0\":2260,\"1\":1955,\"2\":1616,\"3\":1087,\"4\":1586,\"5\":2012,\"6\":1384,\"7\":1936,\"8\":55,\"9\":50,\"10\":40,\"11\":28,\"12\":41,\"13\":48,\"14\":32,\"15\":52},\"fitted\":{\"0\":2258.4215521779,\"1\":1956.4511873625,\"2\":1617.0327746681,\"3\":1086.0944857915,\"4\":1587.5784478221,\"5\":2010.5488126375,\"6\":1382.9672253319,\"7\":1936.9055142085,\"8\":56.5784478221,\"9\":48.5488126375,\"10\":38.9672253319,\"11\":28.9055142085,\"12\":39.4215521779,\"13\":49.4511873625,\"14\":33.0327746681,\"15\":51.0944857915},\"ret\":{\"0\":0.0001113383,\"1\":-0.000102288,\"2\":-0.0000727997,\"3\":0.0000638762,\"4\":-0.000111244,\"5\":0.0001023629,\"6\":0.0000728501,\"7\":-0.0000638346,\"8\":-0.0001097322,\"9\":0.0001038403,\"10\":0.0000737795,\"11\":-0.0000628388,\"12\":0.0001134984,\"13\":-0.0001008097,\"14\":-0.0000716725,\"15\":0.000064412}}", "deviance": 0.3045796460657737, "df": 3, "rel_entropy": 1.0738247287610129e-05, "formula": "count ~ group * mut * base - group : mut : base", "prob": 0.95916488400887889}}