{"A": {"rel_entropy": 6.004329555920714e-07, "stats": "{\"count\":{\"3\":161,\"4\":211,\"5\":969,\"0\":7037,\"1\":9192,\"2\":42979},\"direction\":{\"3\":\"AtoT\",\"4\":\"AtoC\",\"5\":\"AtoG\",\"0\":\"AtoT\",\"1\":\"AtoC\",\"2\":\"AtoG\"},\"group\":{\"3\":\"2\",\"4\":\"2\",\"5\":\"2\",\"0\":\"1\",\"1\":\"1\",\"2\":\"1\"},\"fitted\":{\"3\":159.4166377645,\"4\":208.2515483328,\"5\":973.3318139028,\"0\":7038.5833622356,\"1\":9194.7484516673,\"2\":42974.6681860973},\"ret\":{\"3\":0.0000262795,\"4\":0.0000456904,\"5\":-0.0000713829,\"0\":-0.0000261472,\"1\":-0.0000453854,\"2\":0.0000715459}}", "deviance": 0.07271123005628866, "df": 2, "formula": "count ~ direction + group", "prob": 0.96429731388597095}, "C": {"rel_entropy": 6.568432528695919e-06, "stats": "{\"count\":{\"4\":394,\"3\":456,\"5\":3090,\"1\":15953,\"0\":18611,\"2\":133291},\"direction\":{\"4\":\"CtoA\",\"3\":\"CtoG\",\"5\":\"CtoT\",\"1\":\"CtoA\",\"0\":\"CtoG\",\"2\":\"CtoT\"},\"group\":{\"4\":\"2\",\"3\":\"2\",\"5\":\"2\",\"1\":\"1\",\"0\":\"1\",\"2\":\"1\"},\"fitted\":{\"4\":374.9071858902,\"3\":437.2885124713,\"5\":3127.8043016386,\"1\":15972.0928141098,\"0\":18629.7114875287,\"2\":133253.195698361},\"ret\":{\"4\":0.0001139203,\"3\":0.0001112153,\"5\":-0.0002187195,\"1\":-0.0001110707,\"0\":-0.0001088628,\"2\":0.0002200859}}", "deviance": 2.256847732534631, "df": 2, "formula": "count ~ direction + group", "prob": 0.32354280148457537}, "T": {"rel_entropy": 2.1616670938225863e-05, "stats": "{\"count\":{\"3\":173,\"5\":194,\"4\":1010,\"0\":6918,\"2\":9151,\"1\":43060},\"direction\":{\"3\":\"TtoA\",\"5\":\"TtoG\",\"4\":\"TtoC\",\"0\":\"TtoA\",\"2\":\"TtoG\",\"1\":\"TtoC\"},\"group\":{\"3\":\"2\",\"5\":\"2\",\"4\":\"2\",\"0\":\"1\",\"2\":\"1\",\"1\":\"1\"},\"fitted\":{\"3\":161.3774997521,\"5\":212.6741976003,\"4\":1002.9483026478,\"0\":6929.6225002478,\"2\":9132.3258023997,\"1\":43067.0516973521},\"ret\":{\"3\":0.0001988452,\"5\":-0.0002946688,\"4\":0.0001169542,\"0\":-0.0001919272,\"2\":0.0003089492,\"1\":-0.0001165359}}", "deviance": 2.615876583576588, "df": 2, "formula": "count ~ direction + group", "prob": 0.27037692045898315}, "G": {"rel_entropy": 9.066249442438462e-06, "stats": "{\"count\":{\"5\":397,\"4\":427,\"3\":3050,\"2\":15926,\"1\":18529,\"0\":134750},\"direction\":{\"5\":\"GtoT\",\"4\":\"GtoC\",\"3\":\"GtoA\",\"2\":\"GtoT\",\"1\":\"GtoC\",\"0\":\"GtoA\"},\"group\":{\"5\":\"2\",\"4\":\"2\",\"3\":\"2\",\"2\":\"1\",\"1\":\"1\",\"0\":\"1\"},\"fitted\":{\"5\":365.355138405,\"4\":424.2891627523,\"3\":3084.3556988427,\"2\":15957.644861595,\"1\":18531.7108372477,\"0\":134715.6443011571},\"ret\":{\"5\":0.0001905336,\"4\":0.0000157124,\"3\":-0.0001973876,\"2\":-0.0001826534,\"1\":-0.0000156613,\"0\":0.0001985225}}", "deviance": 3.138354774495613, "df": 2, "formula": "count ~ direction + group", "prob": 0.20821639338759354}}