{"G": {"stats": "{\"count\":{\"4\":397,\"5\":427,\"3\":3050,\"1\":15926,\"2\":18529,\"0\":134750},\"direction\":{\"4\":\"GtoT\",\"5\":\"GtoC\",\"3\":\"GtoA\",\"1\":\"GtoT\",\"2\":\"GtoC\",\"0\":\"GtoA\"},\"group\":{\"4\":\"2\",\"5\":\"2\",\"3\":\"2\",\"1\":\"1\",\"2\":\"1\",\"0\":\"1\"},\"fitted\":{\"4\":365.355138405,\"5\":424.2891627523,\"3\":3084.3556988427,\"1\":15957.644861595,\"2\":18531.7108372477,\"0\":134715.6443011579},\"ret\":{\"4\":0.0001905336,\"5\":0.0000157124,\"3\":-0.0001973876,\"1\":-0.0001826534,\"2\":-0.0000156613,\"0\":0.0001985225}}", "prob": 0.20821639339159698, "deviance": 3.1383547744571585, "df": 2, "formula": "count ~ direction + group", "rel_entropy": 9.066249442327372e-06}, "T": {"stats": "{\"count\":{\"4\":173,\"3\":194,\"5\":1010,\"1\":6918,\"0\":9151,\"2\":43060},\"direction\":{\"4\":\"TtoA\",\"3\":\"TtoG\",\"5\":\"TtoC\",\"1\":\"TtoA\",\"0\":\"TtoG\",\"2\":\"TtoC\"},\"group\":{\"4\":\"2\",\"3\":\"2\",\"5\":\"2\",\"1\":\"1\",\"0\":\"1\",\"2\":\"1\"},\"fitted\":{\"4\":161.3774997521,\"3\":212.6741976003,\"5\":1002.9483026478,\"1\":6929.6225002479,\"0\":9132.3258023998,\"2\":43067.0516973522},\"ret\":{\"4\":0.0001988452,\"3\":-0.0002946688,\"5\":0.0001169542,\"1\":-0.0001919272,\"0\":0.0003089492,\"2\":-0.0001165359}}", "prob": 0.2703769204596485, "deviance": 2.6158765835716657, "df": 2, "formula": "count ~ direction + group", "rel_entropy": 2.1616670938185185e-05}, "A": {"stats": "{\"count\":{\"5\":161,\"4\":211,\"3\":969,\"2\":7037,\"1\":9192,\"0\":42979},\"direction\":{\"5\":\"AtoT\",\"4\":\"AtoC\",\"3\":\"AtoG\",\"2\":\"AtoT\",\"1\":\"AtoC\",\"0\":\"AtoG\"},\"group\":{\"5\":\"2\",\"4\":\"2\",\"3\":\"2\",\"2\":\"1\",\"1\":\"1\",\"0\":\"1\"},\"fitted\":{\"5\":159.4166377645,\"4\":208.2515483328,\"3\":973.3318139028,\"2\":7038.5833622356,\"1\":9194.7484516673,\"0\":42974.6681860971},\"ret\":{\"5\":0.0000262795,\"4\":0.0000456904,\"3\":-0.0000713829,\"2\":-0.0000261472,\"1\":-0.0000453854,\"0\":0.0000715459}}", "prob": 0.964297313886241, "deviance": 0.07271123005572866, "df": 2, "formula": "count ~ direction + group", "rel_entropy": 6.00432955587447e-07}, "C": {"stats": "{\"count\":{\"4\":394,\"5\":456,\"3\":3090,\"1\":15953,\"2\":18611,\"0\":133291},\"direction\":{\"4\":\"CtoA\",\"5\":\"CtoG\",\"3\":\"CtoT\",\"1\":\"CtoA\",\"2\":\"CtoG\",\"0\":\"CtoT\"},\"group\":{\"4\":\"2\",\"5\":\"2\",\"3\":\"2\",\"1\":\"1\",\"2\":\"1\",\"0\":\"1\"},\"fitted\":{\"4\":374.9071858902,\"5\":437.2885124713,\"3\":3127.8043016386,\"1\":15972.0928141098,\"2\":18629.7114875287,\"0\":133253.1956983605},\"ret\":{\"4\":0.0001139203,\"5\":0.0001112153,\"3\":-0.0002187195,\"1\":-0.0001110707,\"2\":-0.0001088628,\"0\":0.0002200859}}", "prob": 0.32354280149192033, "deviance": 2.256847732489227, "df": 2, "formula": "count ~ direction + group", "rel_entropy": 6.568432528563774e-06}}