{"pos2": {"rel_entropy": 0.002406175823905171, "deviance": 135.40032596279178, "stats": "{\"mut\":{\"0\":\"M\",\"1\":\"M\",\"2\":\"M\",\"3\":\"M\",\"4\":\"R\",\"5\":\"R\",\"6\":\"R\",\"7\":\"R\"},\"base\":{\"0\":\"A\",\"1\":\"C\",\"2\":\"G\",\"3\":\"T\",\"4\":\"A\",\"5\":\"C\",\"6\":\"G\",\"7\":\"T\"},\"count\":{\"0\":3190,\"1\":3037,\"2\":3779,\"3\":4062,\"4\":4002,\"5\":2924,\"6\":3615,\"7\":3527},\"fitted\":{\"0\":3596.0,\"1\":2980.5,\"2\":3697.0,\"3\":3794.5,\"4\":3596.0,\"5\":2980.5,\"6\":3697.0,\"7\":3794.5},\"ret\":{\"0\":-0.0135828059,\"1\":0.0020270177,\"2\":0.0029465004,\"3\":0.0098349043,\"4\":0.0152154685,\"5\":-0.0019889487,\"6\":-0.002881853,\"7\":-0.0091641076}}", "prob": 3.7077922711220523e-29, "formula": "count ~ mut * base - mut : base", "df": 3}, "pos0": {"rel_entropy": 0.0006136303059327888, "deviance": 34.530204575449886, "stats": "{\"mut\":{\"0\":\"M\",\"1\":\"M\",\"2\":\"M\",\"3\":\"M\",\"4\":\"R\",\"5\":\"R\",\"6\":\"R\",\"7\":\"R\"},\"base\":{\"0\":\"A\",\"1\":\"C\",\"2\":\"G\",\"3\":\"T\",\"4\":\"A\",\"5\":\"C\",\"6\":\"G\",\"7\":\"T\"},\"count\":{\"0\":3879,\"1\":3189,\"2\":3655,\"3\":3345,\"4\":3917,\"5\":3190,\"6\":3290,\"7\":3671},\"fitted\":{\"0\":3898.0,\"1\":3189.5,\"2\":3472.5000000016,\"3\":3508.0000000006,\"4\":3898.0,\"5\":3189.5,\"6\":3472.5000000016,\"7\":3508.0000000006},\"ret\":{\"0\":-0.000673643,\"1\":-0.0000177694,\"2\":0.0066538898,\"3\":-0.005656562,\"4\":0.0006769346,\"5\":0.0000177722,\"6\":-0.0063128373,\"7\":0.0059258455}}", "prob": 1.5309903538048062e-07, "formula": "count ~ mut * base - mut : base", "df": 3}, "pos1": {"rel_entropy": 0.08253113719433013, "deviance": 4644.1921521993445, "stats": "{\"mut\":{\"0\":\"M\",\"1\":\"M\",\"2\":\"M\",\"3\":\"M\",\"4\":\"R\",\"5\":\"R\",\"6\":\"R\",\"7\":\"R\"},\"base\":{\"0\":\"A\",\"1\":\"C\",\"2\":\"G\",\"3\":\"T\",\"4\":\"A\",\"5\":\"C\",\"6\":\"G\",\"7\":\"T\"},\"count\":{\"0\":3381,\"1\":5126,\"2\":2667,\"3\":2894,\"4\":4806,\"5\":727,\"6\":3624,\"7\":4911},\"fitted\":{\"0\":4093.4999999999,\"1\":2926.500000007,\"2\":3145.4999999999,\"3\":3902.4999999999,\"4\":4093.5000000001,\"5\":2926.5000000071,\"6\":3145.5000000001,\"7\":3902.5000000001},\"ret\":{\"0\":-0.0229792672,\"1\":0.1021189088,\"2\":-0.0156420474,\"3\":-0.0307521181,\"4\":0.0274095027,\"5\":-0.0359840187,\"6\":0.0182392108,\"7\":0.0401209664}}", "prob": 0, "formula": "count ~ mut * base - mut : base", "df": 3}, "pos3": {"rel_entropy": 0.0011508395917676705, "deviance": 64.76004550795035, "stats": "{\"mut\":{\"0\":\"M\",\"1\":\"M\",\"2\":\"M\",\"3\":\"M\",\"4\":\"R\",\"5\":\"R\",\"6\":\"R\",\"7\":\"R\"},\"base\":{\"0\":\"A\",\"1\":\"C\",\"2\":\"G\",\"3\":\"T\",\"4\":\"A\",\"5\":\"C\",\"6\":\"G\",\"7\":\"T\"},\"count\":{\"0\":4209,\"1\":2995,\"2\":3631,\"3\":3233,\"4\":4068,\"5\":3005,\"6\":3236,\"7\":3759},\"fitted\":{\"0\":4138.5000000002,\"1\":3000.0000000002,\"2\":3433.5000000034,\"3\":3496.0000000284,\"4\":4138.4999999997,\"5\":2999.9999999998,\"6\":3433.500000003,\"7\":3496.000000028},\"ret\":{\"0\":0.0025269089,\"1\":-0.0001775601,\"2\":0.0072175989,\"3\":-0.0089866919,\"4\":-0.002484222,\"5\":0.0001778563,\"6\":-0.0068136052,\"7\":0.0096905549}}", "prob": 5.6452839494901105e-14, "formula": "count ~ mut * base - mut : base", "df": 3}}