{"('pos1', 'pos2')": {"rel_entropy": 0.0013497039838121284, "deviance": 75.95054257707609, "stats": "{\"mut\":{\"0\":\"M\",\"1\":\"M\",\"2\":\"M\",\"3\":\"M\",\"4\":\"M\",\"5\":\"M\",\"6\":\"M\",\"7\":\"M\",\"8\":\"M\",\"9\":\"M\",\"10\":\"M\",\"11\":\"M\",\"12\":\"M\",\"13\":\"M\",\"14\":\"M\",\"15\":\"M\",\"16\":\"R\",\"17\":\"R\",\"18\":\"R\",\"19\":\"R\",\"20\":\"R\",\"21\":\"R\",\"22\":\"R\",\"23\":\"R\",\"24\":\"R\",\"25\":\"R\",\"26\":\"R\",\"27\":\"R\",\"28\":\"R\",\"29\":\"R\",\"30\":\"R\",\"31\":\"R\"},\"base1\":{\"0\":\"A\",\"1\":\"A\",\"2\":\"A\",\"3\":\"A\",\"4\":\"C\",\"5\":\"C\",\"6\":\"C\",\"7\":\"C\",\"8\":\"G\",\"9\":\"G\",\"10\":\"G\",\"11\":\"G\",\"12\":\"T\",\"13\":\"T\",\"14\":\"T\",\"15\":\"T\",\"16\":\"A\",\"17\":\"A\",\"18\":\"A\",\"19\":\"A\",\"20\":\"C\",\"21\":\"C\",\"22\":\"C\",\"23\":\"C\",\"24\":\"G\",\"25\":\"G\",\"26\":\"G\",\"27\":\"G\",\"28\":\"T\",\"29\":\"T\",\"30\":\"T\",\"31\":\"T\"},\"base2\":{\"0\":\"A\",\"1\":\"C\",\"2\":\"G\",\"3\":\"T\",\"4\":\"A\",\"5\":\"C\",\"6\":\"G\",\"7\":\"T\",\"8\":\"A\",\"9\":\"C\",\"10\":\"G\",\"11\":\"T\",\"12\":\"A\",\"13\":\"C\",\"14\":\"G\",\"15\":\"T\",\"16\":\"A\",\"17\":\"C\",\"18\":\"G\",\"19\":\"T\",\"20\":\"A\",\"21\":\"C\",\"22\":\"G\",\"23\":\"T\",\"24\":\"A\",\"25\":\"C\",\"26\":\"G\",\"27\":\"T\",\"28\":\"A\",\"29\":\"C\",\"30\":\"G\",\"31\":\"T\"},\"count\":{\"0\":941,\"1\":661,\"2\":1011,\"3\":768,\"4\":969,\"5\":1203,\"6\":1389,\"7\":1565,\"8\":693,\"9\":610,\"10\":710,\"11\":654,\"12\":587,\"13\":563,\"14\":669,\"15\":1075,\"16\":1463,\"17\":976,\"18\":1202,\"19\":1165,\"20\":169,\"21\":176,\"22\":199,\"23\":183,\"24\":1020,\"25\":819,\"26\":943,\"27\":842,\"28\":1350,\"29\":953,\"30\":1271,\"31\":1337},\"fitted\":{\"0\":907.0197299566,\"1\":674.412020195,\"2\":936.5558040572,\"3\":863.0124457912,\"4\":974.5283661629,\"5\":1204.2980715611,\"6\":1394.7915732265,\"7\":1552.3819890495,\"8\":663.3929430205,\"9\":603.394135478,\"10\":716.6559672964,\"11\":683.5569542051,\"12\":645.0589608599,\"13\":554.8957727659,\"14\":730.9966554199,\"15\":963.0486109543,\"16\":1496.9802700434,\"17\":962.587979805,\"18\":1276.4441959428,\"19\":1069.9875542088,\"20\":163.4716338371,\"21\":174.7019284388,\"22\":193.2084267735,\"23\":195.6180109505,\"24\":1049.6070569795,\"25\":825.605864522,\"26\":936.3440327036,\"27\":812.4430457949,\"28\":1291.9410391401,\"29\":961.1042272341,\"30\":1209.0033445801,\"31\":1448.9513890457},\"ret\":{\"0\":0.0012300604,\"1\":-0.0004719137,\"2\":0.0027483458,\"3\":-0.0031837874,\"4\":-0.0001959289,\"5\":-0.0000461107,\"6\":-0.0002054141,\"7\":0.0004502827,\"8\":0.0010754236,\"9\":0.0002360639,\"10\":-0.0002354621,\"11\":-0.0010274566,\"12\":-0.001967729,\"13\":0.0002901309,\"14\":-0.002107265,\"15\":0.0042017328,\"16\":-0.001193903,\"17\":0.000479991,\"18\":-0.002567169,\"19\":0.0035225793,\"20\":0.0001997729,\"21\":0.0000463066,\"22\":0.0002088969,\"23\":-0.0004336798,\"24\":-0.001037301,\"25\":-0.0002338416,\"26\":0.0002374029,\"27\":0.0010693843,\"28\":0.0021091986,\"29\":-0.0002868198,\"30\":0.0022590179,\"31\":-0.0038211046}}", "prob": 1.025530161326874e-12, "formula": "count ~ mut * base1 * base2 - mut : base1 : base2", "df": 9}, "('pos0', 'pos1')": {"rel_entropy": 0.001139785100506986, "deviance": 64.13798717572911, "stats": "{\"mut\":{\"0\":\"M\",\"1\":\"M\",\"2\":\"M\",\"3\":\"M\",\"4\":\"M\",\"5\":\"M\",\"6\":\"M\",\"7\":\"M\",\"8\":\"M\",\"9\":\"M\",\"10\":\"M\",\"11\":\"M\",\"12\":\"M\",\"13\":\"M\",\"14\":\"M\",\"15\":\"M\",\"16\":\"R\",\"17\":\"R\",\"18\":\"R\",\"19\":\"R\",\"20\":\"R\",\"21\":\"R\",\"22\":\"R\",\"23\":\"R\",\"24\":\"R\",\"25\":\"R\",\"26\":\"R\",\"27\":\"R\",\"28\":\"R\",\"29\":\"R\",\"30\":\"R\",\"31\":\"R\"},\"base1\":{\"0\":\"A\",\"1\":\"A\",\"2\":\"A\",\"3\":\"A\",\"4\":\"C\",\"5\":\"C\",\"6\":\"C\",\"7\":\"C\",\"8\":\"G\",\"9\":\"G\",\"10\":\"G\",\"11\":\"G\",\"12\":\"T\",\"13\":\"T\",\"14\":\"T\",\"15\":\"T\",\"16\":\"A\",\"17\":\"A\",\"18\":\"A\",\"19\":\"A\",\"20\":\"C\",\"21\":\"C\",\"22\":\"C\",\"23\":\"C\",\"24\":\"G\",\"25\":\"G\",\"26\":\"G\",\"27\":\"G\",\"28\":\"T\",\"29\":\"T\",\"30\":\"T\",\"31\":\"T\"},\"base2\":{\"0\":\"A\",\"1\":\"C\",\"2\":\"G\",\"3\":\"T\",\"4\":\"A\",\"5\":\"C\",\"6\":\"G\",\"7\":\"T\",\"8\":\"A\",\"9\":\"C\",\"10\":\"G\",\"11\":\"T\",\"12\":\"A\",\"13\":\"C\",\"14\":\"G\",\"15\":\"T\",\"16\":\"A\",\"17\":\"C\",\"18\":\"G\",\"19\":\"T\",\"20\":\"A\",\"21\":\"C\",\"22\":\"G\",\"23\":\"T\",\"24\":\"A\",\"25\":\"C\",\"26\":\"G\",\"27\":\"T\",\"28\":\"A\",\"29\":\"C\",\"30\":\"G\",\"31\":\"T\"},\"count\":{\"0\":928,\"1\":1185,\"2\":921,\"3\":845,\"4\":830,\"5\":1518,\"6\":90,\"7\":751,\"8\":867,\"9\":1285,\"10\":839,\"11\":664,\"12\":756,\"13\":1138,\"14\":817,\"15\":634,\"16\":1332,\"17\":160,\"18\":1175,\"19\":1250,\"20\":1396,\"21\":229,\"22\":225,\"23\":1340,\"24\":1172,\"25\":169,\"26\":931,\"27\":1018,\"28\":906,\"29\":169,\"30\":1293,\"31\":1303},\"fitted\":{\"0\":969.7706724448,\"1\":1189.1446639839,\"2\":907.5907728697,\"3\":812.4938907017,\"4\":847.8903760636,\"5\":1505.8846367128,\"6\":121.1706434901,\"7\":714.0543437334,\"8\":900.5249849334,\"9\":1292.9704900235,\"10\":788.6840324984,\"11\":672.8204925447,\"12\":662.8139665582,\"13\":1138.0002092797,\"14\":849.5545511418,\"15\":694.6312730202,\"16\":1290.2293275553,\"17\":155.8553360161,\"18\":1188.4092271304,\"19\":1282.5061092983,\"20\":1378.1096239364,\"21\":241.1153632872,\"22\":193.8293565099,\"23\":1376.9456562666,\"24\":1138.4750150666,\"25\":161.0295099765,\"26\":981.3159675016,\"27\":1009.1795074553,\"28\":999.1860334418,\"29\":168.9997907203,\"30\":1260.4454488582,\"31\":1242.3687269798},\"ret\":{\"0\":-0.0014521568,\"1\":-0.0001470512,\"2\":0.0004800896,\"3\":0.0011781297,\"4\":-0.0006290977,\"5\":0.0004323276,\"6\":-0.0009512765,\"7\":0.0013465092,\"8\":-0.0011690736,\"9\":-0.0002824095,\"10\":0.0018441817,\"11\":-0.0003114309,\"12\":0.0035346014,\"13\":-0.0000000074,\"14\":-0.0011345852,\"15\":-0.002058026,\"16\":0.0015083753,\"17\":0.0001492498,\"18\":-0.0004738872,\"19\":-0.0011405544,\"20\":0.0006399631,\"21\":-0.000419596,\"22\":0.0011925115,\"23\":-0.0012953336,\"24\":0.0012089074,\"25\":0.0002901824,\"26\":-0.0017416615,\"27\":0.0003148609,\"28\":-0.0031525063,\"29\":0.0000000074,\"30\":0.0011718576,\"31\":0.0022066843}}", "prob": 2.121922103214661e-10, "formula": "count ~ mut * base1 * base2 - mut : base1 : base2", "df": 9}, "('pos2', 'pos3')": {"rel_entropy": 0.000295318884723161, "deviance": 16.618184281141716,