{"A": {"rel_entropy": 2.8306046115467632e-05, "stats": "{\"count\":{\"3\":4604,\"2\":4719,\"0\":4791,\"1\":4902,\"5\":17327,\"4\":17523},\"direction\":{\"3\":\"AtoC\",\"2\":\"AtoC\",\"0\":\"AtoT\",\"1\":\"AtoT\",\"5\":\"AtoG\",\"4\":\"AtoG\"},\"strand\":{\"3\":\"-\",\"2\":\"+\",\"0\":\"+\",\"1\":\"-\",\"5\":\"-\",\"4\":\"+\"},\"fitted\":{\"3\":4644.19223629,\"2\":4678.8077637099,\"0\":4864.4946533992,\"1\":4828.5053466008,\"5\":17360.3024171091,\"4\":17489.6975828908},\"ret\":{\"3\":-0.0007429142,\"2\":0.0007493479,\"0\":-0.0013540386,\"1\":0.0013747293,\"5\":-0.0006176522,\"4\":0.0006188338}}", "deviance": 3.049466960111559, "df": 2, "formula": "count ~ direction + strand", "prob": 0.21767906494698183}, "C": {"rel_entropy": 1.937987888507947e-05, "stats": "{\"count\":{\"0\":4493,\"1\":4656,\"3\":5839,\"2\":5865,\"4\":21776,\"5\":21820},\"direction\":{\"0\":\"CtoG\",\"1\":\"CtoG\",\"3\":\"CtoA\",\"2\":\"CtoA\",\"4\":\"CtoT\",\"5\":\"CtoT\"},\"strand\":{\"0\":\"+\",\"1\":\"-\",\"3\":\"-\",\"2\":\"+\",\"4\":\"+\",\"5\":\"-\"},\"fitted\":{\"0\":4561.6528728142,\"1\":4587.3471271859,\"3\":5868.4348864994,\"2\":5835.5651135006,\"4\":21736.7820136852,\"5\":21859.2179863148},\"ret\":{\"0\":-0.0010571715,\"1\":0.0010731594,\"3\":-0.0004555686,\"2\":0.0004578659,\"4\":0.0006090606,\"5\":-0.0006079657}}", "deviance": 2.4980276285289733, "df": 2, "formula": "count ~ direction + strand", "prob": 0.28678748317170294}}