{"C": {"df": 2, "stats": "{\"count\":{\"3\":4493,\"2\":4656,\"0\":5839,\"1\":5865,\"5\":21776,\"4\":21820},\"direction\":{\"3\":\"CtoG\",\"2\":\"CtoG\",\"0\":\"CtoA\",\"1\":\"CtoA\",\"5\":\"CtoT\",\"4\":\"CtoT\"},\"strand\":{\"3\":\"+\",\"2\":\"-\",\"0\":\"-\",\"1\":\"+\",\"5\":\"+\",\"4\":\"-\"},\"fitted\":{\"3\":4561.6528728142,\"2\":4587.3471271859,\"0\":5868.4348864995,\"1\":5835.5651135006,\"5\":21736.7820136853,\"4\":21859.2179863149},\"ret\":{\"3\":-0.0010571715,\"2\":0.0010731594,\"0\":-0.0004555686,\"1\":0.0004578659,\"5\":0.0006090606,\"4\":-0.0006079657}}", "prob": 0.28678748317050173, "rel_entropy": 1.937987888514446e-05, "deviance": 2.4980276285373506, "formula": "count ~ direction + strand"}, "A": {"df": 2, "stats": "{\"count\":{\"4\":4604,\"5\":4719,\"3\":4791,\"2\":4902,\"0\":17327,\"1\":17523},\"direction\":{\"4\":\"AtoC\",\"5\":\"AtoC\",\"3\":\"AtoT\",\"2\":\"AtoT\",\"0\":\"AtoG\",\"1\":\"AtoG\"},\"strand\":{\"4\":\"-\",\"5\":\"+\",\"3\":\"+\",\"2\":\"-\",\"0\":\"-\",\"1\":\"+\"},\"fitted\":{\"4\":4644.19223629,\"5\":4678.8077637099,\"3\":4864.4946533992,\"2\":4828.5053466008,\"0\":17360.302417109,\"1\":17489.6975828909},\"ret\":{\"4\":-0.0007429142,\"5\":0.0007493479,\"3\":-0.0013540386,\"2\":0.0013747293,\"0\":-0.0006176522,\"1\":0.0006188338}}", "prob": 0.2176790649470592, "rel_entropy": 2.8306046115461035e-05, "deviance": 3.0494669601108484, "formula": "count ~ direction + strand"}}