{"pos2": {"stats": "{\"mut\":{\"0\":\"M\",\"1\":\"M\",\"2\":\"M\",\"3\":\"M\",\"4\":\"R\",\"5\":\"R\",\"6\":\"R\",\"7\":\"R\"},\"base\":{\"0\":\"A\",\"1\":\"C\",\"2\":\"G\",\"3\":\"T\",\"4\":\"A\",\"5\":\"C\",\"6\":\"G\",\"7\":\"T\"},\"count\":{\"0\":26,\"1\":50,\"2\":49,\"3\":48,\"4\":42,\"5\":26,\"6\":41,\"7\":64},\"fitted\":{\"0\":34.0,\"1\":38.0,\"2\":45.0,\"3\":56.0,\"4\":34.0,\"5\":38.0,\"6\":45.0,\"7\":56.0},\"ret\":{\"0\":-0.0201585655,\"1\":0.0396585037,\"2\":0.0120599208,\"3\":-0.0213850654,\"4\":0.0256502368,\"5\":-0.0285165612,\"6\":-0.0110309461,\"7\":0.0246994483}}", "deviance": 14.516064325102299, "df": 3, "rel_entropy": 0.020976971568066907, "formula": "count ~ mut * base - mut : base", "prob": 0.0022805833671437747}, "pos3": {"stats": "{\"mut\":{\"0\":\"M\",\"1\":\"M\",\"2\":\"M\",\"3\":\"M\",\"4\":\"R\",\"5\":\"R\",\"6\":\"R\",\"7\":\"R\"},\"base\":{\"0\":\"A\",\"1\":\"C\",\"2\":\"G\",\"3\":\"T\",\"4\":\"A\",\"5\":\"C\",\"6\":\"G\",\"7\":\"T\"},\"count\":{\"0\":34,\"1\":49,\"2\":40,\"3\":50,\"4\":37,\"5\":45,\"6\":41,\"7\":50},\"fitted\":{\"0\":35.5,\"1\":47.0,\"2\":40.5,\"3\":50.0,\"4\":35.5,\"5\":47.0,\"6\":40.5,\"7\":50.0},\"ret\":{\"0\":-0.0042423521,\"1\":0.0059016246,\"2\":-0.0014361295,\"3\":1.925242239e-16,\"4\":0.0044255867,\"5\":-0.0056555781,\"6\":0.0014539705,\"7\":-4.813105598e-17}}", "deviance": 0.3094084745404061, "df": 3, "rel_entropy": 0.0004471220730352689, "formula": "count ~ mut * base - mut : base", "prob": 0.95824939693419264}, "pos0": {"stats": "{\"mut\":{\"0\":\"M\",\"1\":\"M\",\"2\":\"M\",\"3\":\"M\",\"4\":\"R\",\"5\":\"R\",\"6\":\"R\",\"7\":\"R\"},\"base\":{\"0\":\"A\",\"1\":\"C\",\"2\":\"G\",\"3\":\"T\",\"4\":\"A\",\"5\":\"C\",\"6\":\"G\",\"7\":\"T\"},\"count\":{\"0\":42,\"1\":50,\"2\":45,\"3\":36,\"4\":31,\"5\":42,\"6\":43,\"7\":57},\"fitted\":{\"0\":36.5,\"1\":46.0,\"2\":44.0,\"3\":46.5,\"4\":36.5,\"5\":46.0,\"6\":44.0,\"7\":46.5},\"ret\":{\"0\":0.0170375983,\"1\":0.0120493655,\"2\":0.0029227703,\"3\":-0.026628906,\"4\":-0.0146331698,\"5\":-0.011042817,\"6\":-0.0028570789,\"7\":0.0335408683}}", "deviance": 7.18893251157703, "df": 3, "rel_entropy": 0.010388630797076633, "formula": "count ~ mut * base - mut : base", "prob": 0.066113541942796922}, "pos1": {"stats": "{\"mut\":{\"0\":\"M\",\"1\":\"M\",\"2\":\"M\",\"3\":\"M\",\"4\":\"R\",\"5\":\"R\",\"6\":\"R\",\"7\":\"R\"},\"base\":{\"0\":\"A\",\"1\":\"C\",\"2\":\"G\",\"3\":\"T\",\"4\":\"A\",\"5\":\"C\",\"6\":\"G\",\"7\":\"T\"},\"count\":{\"0\":55,\"1\":50,\"2\":40,\"3\":28,\"4\":41,\"5\":48,\"6\":32,\"7\":52},\"fitted\":{\"0\":48.0,\"1\":49.0,\"2\":36.0,\"3\":40.0,\"4\":48.0,\"5\":49.0,\"6\":36.0,\"7\":40.0},\"ret\":{\"0\":0.0216395075,\"1\":0.0029194664,\"2\":0.0121804064,\"3\":-0.0288638683,\"4\":-0.0186785743,\"5\":-0.0028604791,\"6\":-0.0108932287,\"7\":0.0394304675}}", "deviance": 10.29259852596694, "df": 3, "rel_entropy": 0.01487369729185974, "formula": "count ~ mut * base - mut : base", "prob": 0.016235886672534477}}