{"('pos1', 'pos2')": {"stats": "{\"mut\":{\"0\":\"M\",\"1\":\"M\",\"2\":\"M\",\"3\":\"M\",\"4\":\"M\",\"5\":\"M\",\"6\":\"M\",\"7\":\"M\",\"8\":\"M\",\"9\":\"M\",\"10\":\"M\",\"11\":\"M\",\"12\":\"M\",\"13\":\"M\",\"14\":\"M\",\"15\":\"M\",\"16\":\"R\",\"17\":\"R\",\"18\":\"R\",\"19\":\"R\",\"20\":\"R\",\"21\":\"R\",\"22\":\"R\",\"23\":\"R\",\"24\":\"R\",\"25\":\"R\",\"26\":\"R\",\"27\":\"R\",\"28\":\"R\",\"29\":\"R\",\"30\":\"R\",\"31\":\"R\"},\"base1\":{\"0\":\"A\",\"1\":\"A\",\"2\":\"A\",\"3\":\"A\",\"4\":\"C\",\"5\":\"C\",\"6\":\"C\",\"7\":\"C\",\"8\":\"G\",\"9\":\"G\",\"10\":\"G\",\"11\":\"G\",\"12\":\"T\",\"13\":\"T\",\"14\":\"T\",\"15\":\"T\",\"16\":\"A\",\"17\":\"A\",\"18\":\"A\",\"19\":\"A\",\"20\":\"C\",\"21\":\"C\",\"22\":\"C\",\"23\":\"C\",\"24\":\"G\",\"25\":\"G\",\"26\":\"G\",\"27\":\"G\",\"28\":\"T\",\"29\":\"T\",\"30\":\"T\",\"31\":\"T\"},\"base2\":{\"0\":\"A\",\"1\":\"C\",\"2\":\"G\",\"3\":\"T\",\"4\":\"A\",\"5\":\"C\",\"6\":\"G\",\"7\":\"T\",\"8\":\"A\",\"9\":\"C\",\"10\":\"G\",\"11\":\"T\",\"12\":\"A\",\"13\":\"C\",\"14\":\"G\",\"15\":\"T\",\"16\":\"A\",\"17\":\"C\",\"18\":\"G\",\"19\":\"T\",\"20\":\"A\",\"21\":\"C\",\"22\":\"G\",\"23\":\"T\",\"24\":\"A\",\"25\":\"C\",\"26\":\"G\",\"27\":\"T\",\"28\":\"A\",\"29\":\"C\",\"30\":\"G\",\"31\":\"T\"},\"count\":{\"0\":12,\"1\":17,\"2\":13,\"3\":13,\"4\":4,\"5\":15,\"6\":20,\"7\":11,\"8\":4,\"9\":11,\"10\":10,\"11\":15,\"12\":6,\"13\":7,\"14\":6,\"15\":9,\"16\":15,\"17\":3,\"18\":8,\"19\":15,\"20\":11,\"21\":7,\"22\":12,\"23\":18,\"24\":3,\"25\":7,\"26\":8,\"27\":14,\"28\":13,\"29\":9,\"30\":13,\"31\":17},\"fitted\":{\"0\":12.5921442883,\"1\":14.6879053908,\"2\":13.2950391102,\"3\":14.4249112107,\"4\":5.6822343169,\"5\":14.4896882636,\"6\":17.4809383802,\"7\":12.3471390393,\"8\":2.9760069618,\"9\":12.6103836393,\"10\":10.6833538578,\"11\":13.7302555412,\"12\":4.749614433,\"13\":8.2120227063,\"14\":7.5406686519,\"15\":7.4976942089,\"16\":14.4078557117,\"17\":5.3120946092,\"18\":7.7049608898,\"19\":13.5750887893,\"20\":9.3177656831,\"21\":7.5103117364,\"22\":14.5190616198,\"23\":16.6528609607,\"24\":4.0239930382,\"25\":5.3896163607,\"26\":7.3166461422,\"27\":15.2697444588,\"28\":14.250385567,\"29\":7.7879772937,\"30\":11.4593313481,\"31\":18.5023057911},\"ret\":{\"0\":-0.0016705145,\"1\":0.0071826941,\"2\":-0.0008431818,\"3\":-0.0039077887,\"4\":-0.0040583834,\"5\":0.0015005618,\"6\":0.0077815735,\"7\":-0.0036728907,\"8\":0.0034186347,\"9\":-0.0043435789,\"10\":-0.0019104544,\"11\":0.0038344669,\"12\":0.0040525323,\"13\":-0.0032307046,\"14\":-0.0039633189,\"15\":0.0047504664,\"16\":0.0017460957,\"17\":-0.0049541093,\"18\":0.0008688358,\"19\":0.0043271876,\"20\":0.0052765794,\"21\":-0.0014236063,\"22\":-0.0066088693,\"23\":0.0040468644,\"24\":-0.0025462059,\"25\":0.0052891665,\"26\":0.002064497,\"27\":-0.0035127883,\"28\":-0.0034504332,\"29\":0.0037624007,\"30\":0.0047395518,\"31\":-0.0041606772}}", "deviance": 7.186145565375131, "df": 9, "rel_entropy": 0.010384603418172156, "formula": "count ~ mut * base1 * base2 - mut : base1 : base2", "prob": 0.61774586018626731}, "('pos1', 'pos3')": {"stats": "{\"mut\":{\"0\":\"M\",\"1\":\"M\",\"2\":\"M\",\"3\":\"M\",\"4\":\"M\",\"5\":\"M\",\"6\":\"M\",\"7\":\"M\",\"8\":\"M\",\"9\":\"M\",\"10\":\"M\",\"11\":\"M\",\"12\":\"M\",\"13\":\"M\",\"14\":\"M\",\"15\":\"M\",\"16\":\"R\",\"17\":\"R\",\"18\":\"R\",\"19\":\"R\",\"20\":\"R\",\"21\":\"R\",\"22\":\"R\",\"23\":\"R\",\"24\":\"R\",\"25\":\"R\",\"26\":\"R\",\"27\":\"R\",\"28\":\"R\",\"29\":\"R\",\"30\":\"R\",\"31\":\"R\"},\"base1\":{\"0\":\"A\",\"1\":\"A\",\"2\":\"A\",\"3\":\"A\",\"4\":\"C\",\"5\":\"C\",\"6\":\"C\",\"7\":\"C\",\"8\":\"G\",\"9\":\"G\",\"10\":\"G\",\"11\":\"G\",\"12\":\"T\",\"13\":\"T\",\"14\":\"T\",\"15\":\"T\",\"16\":\"A\",\"17\":\"A\",\"18\":\"A\",\"19\":\"A\",\"20\":\"C\",\"21\":\"C\",\"22\":\"C\",\"23\":\"C\",\"24\":\"G\",\"25\":\"G\",\"26\":\"G\",\"27\":\"G\",\"28\":\"T\",\"29\":\"T\",\"30\":\"T\",\"31\":\"T\"},\"base2\":{\"0\":\"A\",\"1\":\"C\",\"2\":\"G\",\"3\":\"T\",\"4\":\"A\",\"5\":\"C\",\"6\":\"G\",\"7\":\"T\",\"8\":\"A\",\"9\":\"C\",\"10\":\"G\",\"11\":\"T\",\"12\":\"A\",\"13\":\"C\",\"14\":\"G\",\"15\":\"T\",\"16\":\"A\",\"17\":\"C\",\"18\":\"G\",\"19\":\"T\",\"20\":\"A\",\"21\":\"C\",\"22\":\"G\",\"23\":\"T\",\"24\":\"A\",\"25\":\"C\",\"26\":\"G\",\"27\":\"T\",\"28\":\"A\",\"29\":\"C\",\"30\":\"G\",\"31\":\"T\"},\"count\":{\"0\":11,\"1\":14,\"2\":12,\"3\":18,\"4\":12,\"5\":14,\"6\":12,\"7\":12,\"8\":5,\"9\":13,\"10\":11,\"11\":11,\"12\":6,\"13\":8,\"14\":5,\"15\":9,\"16\":15,\"17\":10,\"18\":7,\"19\":9,\"20\":5,\"21\":22,\"22\":11,\"23\":10,\"24\":5,\"25\":5,\"26\":13,\"27\":9,\"28\":12,\"29\":8,\"30\":10,\"31\":22},\"fitted\":{\"0\":14.395372285,\"1\":14.1098292042,\"2\":10.6244345544,\"3\":15.8703639565,\"4\":8.3001438859,\"5\":18.8345452993,\"6\":11.3579905021,\"7\":11.5073203133,\"8\":5.3550226333,\"9\":10.2609913094,\"10\":12.9852779737,\"11\":11.3987080835,\"12\":5.9494611964,\"13\":5.7946341871,\"14\":5.0322969698,\"15\":11.2236076467,\"16\":11.604627715,\"17\":9.8901707958,\"18\":8.3755654456,\"19\":11.1296360435,\"20\":8.6998561157,\"21\":17.1654547007,\"22\":11.6420094979,\"23\":10.4926796867,\"24\":4.6449773667,\"25\":7.7390086906,\"26\":11.0147220263,\"27\":8.6012919165,\"28\":12.0505388036,\"29\":10.2053658129,\"30\":9.9677030302,\"31\":19.7763923533},\"ret\":{\"0\":-0.0085523891,\"1\":-0.0003161868,\"2\":0.0042225487,\"3\":0.0065506625,\"4\":0.0127849873,\"5\":-0.0120025872,\"6\":0.0019069992,\"7\":0.0014539862,\"8\":-0.0009912864,\"9\":0.0088895918,\"10\":-0.0052749444,\"11\":-0.0011319429,\"12\":0.0001466845,\"13\":0.0074568599,\"14\":-0.0000930437,\"15\":-0.0057432176,\"16\":0.0111262822,\"17\":0.0003191814,\"18\":-0.0036296506,\"19\":-0.0055245144,\"20\":-0.0080038811,\"21\":0.0157779127,\"22\":-0.0018033893,\"23\":-0.0013899638,\"24\":0.0010643268,\"25\":-0.0063126545,\"26\":0.0062263467,\"27\":0.0011786401,\"28\":-0.0001457592,\"29\":-0.0056294127,\"30\":0.0000934949,\"31\":0.0067750801}}", "deviance": 13.444702771808249, "df": 9, "rel_entropy": 0.019428761230936776, "formula": "count ~ mut * base1 * base2 - mut : base1 : base2", "prob": 0.14349451787790551},