{"pos2": {"stats": "{\"group\":{\"0\":\"1\",\"1\":\"1\",\"2\":\"1\",\"3\":\"1\",\"4\":\"1\",\"5\":\"1\",\"6\":\"1\",\"7\":\"1\",\"8\":\"2\",\"9\":\"2\",\"10\":\"2\",\"11\":\"2\",\"12\":\"2\",\"13\":\"2\",\"14\":\"2\",\"15\":\"2\"},\"mut\":{\"0\":\"M\",\"1\":\"M\",\"2\":\"M\",\"3\":\"M\",\"4\":\"R\",\"5\":\"R\",\"6\":\"R\",\"7\":\"R\",\"8\":\"M\",\"9\":\"M\",\"10\":\"M\",\"11\":\"M\",\"12\":\"R\",\"13\":\"R\",\"14\":\"R\",\"15\":\"R\"},\"base\":{\"0\":\"A\",\"1\":\"C\",\"2\":\"G\",\"3\":\"T\",\"4\":\"A\",\"5\":\"C\",\"6\":\"G\",\"7\":\"T\",\"8\":\"A\",\"9\":\"C\",\"10\":\"G\",\"11\":\"T\",\"12\":\"A\",\"13\":\"C\",\"14\":\"G\",\"15\":\"T\"},\"count\":{\"0\":993,\"1\":2230,\"2\":3721,\"3\":2207,\"4\":1583,\"5\":2270,\"6\":2704,\"7\":2594,\"8\":27,\"9\":50,\"10\":68,\"11\":49,\"12\":29,\"13\":46,\"14\":52,\"15\":67},\"fitted\":{\"0\":998.0211438953,\"1\":2231.8772434138,\"2\":3718.921693717,\"3\":2202.1799189739,\"4\":1577.9788561047,\"5\":2268.1227565862,\"6\":2706.078306283,\"7\":2598.820081026,\"8\":21.9788561047,\"9\":48.1227565862,\"10\":70.078306283,\"11\":53.8200810261,\"12\":34.0211438953,\"13\":47.8772434138,\"14\":49.921693717,\"15\":62.1799189739},\"ret\":{\"0\":-0.0002679771,\"1\":-0.0001003988,\"2\":0.0001112299,\"3\":0.0002581783,\"4\":0.000269081,\"5\":0.0001004826,\"6\":-0.0001111561,\"7\":-0.0002576569,\"8\":0.0002972398,\"9\":0.0001023751,\"10\":-0.0001095334,\"11\":-0.0002459867,\"12\":-0.0002477745,\"13\":-0.0000984457,\"14\":0.000113482,\"15\":0.0002676434}}", "deviance": 3.019666080011301, "df": 3, "rel_entropy": 8.078293418970843e-05, "formula": "count ~ group * mut * base - group : mut : base", "prob": 0.38860298098572088}, "pos3": {"stats": "{\"group\":{\"0\":\"1\",\"1\":\"1\",\"2\":\"1\",\"3\":\"1\",\"4\":\"1\",\"5\":\"1\",\"6\":\"1\",\"7\":\"1\",\"8\":\"2\",\"9\":\"2\",\"10\":\"2\",\"11\":\"2\",\"12\":\"2\",\"13\":\"2\",\"14\":\"2\",\"15\":\"2\"},\"mut\":{\"0\":\"M\",\"1\":\"M\",\"2\":\"M\",\"3\":\"M\",\"4\":\"R\",\"5\":\"R\",\"6\":\"R\",\"7\":\"R\",\"8\":\"M\",\"9\":\"M\",\"10\":\"M\",\"11\":\"M\",\"12\":\"R\",\"13\":\"R\",\"14\":\"R\",\"15\":\"R\"},\"base\":{\"0\":\"A\",\"1\":\"C\",\"2\":\"G\",\"3\":\"T\",\"4\":\"A\",\"5\":\"C\",\"6\":\"G\",\"7\":\"T\",\"8\":\"A\",\"9\":\"C\",\"10\":\"G\",\"11\":\"T\",\"12\":\"A\",\"13\":\"C\",\"14\":\"G\",\"15\":\"T\"},\"count\":{\"0\":2007,\"1\":2548,\"2\":2195,\"3\":2401,\"4\":2332,\"5\":2318,\"6\":1749,\"7\":2752,\"8\":42,\"9\":57,\"10\":41,\"11\":54,\"12\":49,\"13\":47,\"14\":33,\"15\":65},\"fitted\":{\"0\":2006.7212734721,\"1\":2550.272804792,\"2\":2194.6667883754,\"3\":2399.3391333604,\"4\":2332.2787265278,\"5\":2315.727195208,\"6\":1749.3332116245,\"7\":2753.6608666396,\"8\":42.2787265279,\"9\":54.727195208,\"10\":41.3332116245,\"11\":55.6608666396,\"12\":48.7212734721,\"13\":49.272804792,\"14\":32.6667883755,\"15\":63.3391333604},\"ret\":{\"0\":0.0000149142,\"1\":-0.0001215512,\"2\":0.0000178297,\"3\":0.0000888947,\"4\":-0.0000149122,\"5\":0.000121665,\"6\":-0.0000178266,\"7\":-0.0000888371,\"8\":-0.0000148639,\"9\":0.0001240963,\"10\":-0.0000177563,\"11\":-0.0000875247,\"12\":0.0000149557,\"13\":-0.0001187566,\"14\":0.000017919,\"15\":0.000090019}}", "deviance": 0.3089382426610333, "df": 3, "rel_entropy": 8.264800499225076e-06, "formula": "count ~ group * mut * base - group : mut : base", "prob": 0.95833876595690592}, "pos0": {"stats": "{\"group\":{\"0\":\"1\",\"1\":\"1\",\"2\":\"1\",\"3\":\"1\",\"4\":\"1\",\"5\":\"1\",\"6\":\"1\",\"7\":\"1\",\"8\":\"2\",\"9\":\"2\",\"10\":\"2\",\"11\":\"2\",\"12\":\"2\",\"13\":\"2\",\"14\":\"2\",\"15\":\"2\"},\"mut\":{\"0\":\"M\",\"1\":\"M\",\"2\":\"M\",\"3\":\"M\",\"4\":\"R\",\"5\":\"R\",\"6\":\"R\",\"7\":\"R\",\"8\":\"M\",\"9\":\"M\",\"10\":\"M\",\"11\":\"M\",\"12\":\"R\",\"13\":\"R\",\"14\":\"R\",\"15\":\"R\"},\"base\":{\"0\":\"A\",\"1\":\"C\",\"2\":\"G\",\"3\":\"T\",\"4\":\"A\",\"5\":\"C\",\"6\":\"G\",\"7\":\"T\",\"8\":\"A\",\"9\":\"C\",\"10\":\"G\",\"11\":\"T\",\"12\":\"A\",\"13\":\"C\",\"14\":\"G\",\"15\":\"T\"},\"count\":{\"0\":2326,\"1\":2309,\"2\":2288,\"3\":2228,\"4\":2253,\"5\":2239,\"6\":1993,\"7\":2666,\"8\":57,\"9\":44,\"10\":50,\"11\":43,\"12\":49,\"13\":49,\"14\":43,\"15\":53},\"fitted\":{\"0\":2329.2118790542,\"1\":2305.9615320898,\"2\":2288.4015889832,\"3\":2227.4249998729,\"4\":2249.7881209458,\"5\":2242.0384679103,\"6\":1992.5984110168,\"7\":2666.5750001271,\"8\":53.7881209459,\"9\":47.0384679104,\"10\":49.5984110168,\"11\":43.5750001271,\"12\":52.2118790543,\"13\":45.9615320899,\"14\":43.4015889832,\"15\":52.4249998729},\"ret\":{\"0\":-0.0001717316,\"1\":0.0001626789,\"2\":-0.000021485,\"3\":0.0000307691,\"4\":0.0001719727,\"5\":-0.0001624616,\"6\":0.000021489,\"7\":-0.0000307618,\"8\":0.0001768818,\"9\":-0.0001572043,\"10\":0.0000215736,\"11\":-0.0000305612,\"12\":-0.0001664525,\"13\":0.0001678309,\"14\":-0.0000213871,\"15\":0.0000309332}}", "deviance": 0.825506850038176, "df": 3, "rel_entropy": 2.2084185394279722e-05, "formula": "count ~ group * mut * base - group : mut : base", "prob": 0.84335690439061917}, "pos1": {"stats": "{\"group\":{\"0\":\"1\",\"1\":\"1\",\"2\":\"1\",\"3\":\"1\",\"4\":\"1\",\"5\":\"1\",\"6\":\"1\",\"7\":\"1\",\"8\":\"2\",\"9\":\"2\",\"10\":\"2\",\"11\":\"2\",\"12\":\"2\",\"13\":\"2\",\"14\":\"2\",\"15\":\"2\"},\"mut\":{\"0\":\"M\",\"1\":\"M\",\"2\":\"M\",\"3\":\"M\",\"4\":\"R\",\"5\":\"R\",\"6\":\"R\",\"7\":\"R\",\"8\":\"M\",\"9\":\"M\",\"10\":\"M\",\"11\":\"M\",\"12\":\"R\",\"13\":\"R\",\"14\":\"R\",\"15\":\"R\"},\"base\":{\"0\":\"A\",\"1\":\"C\",\"2\":\"G\",\"3\":\"T\",\"4\":\"A\",\"5\":\"C\",\"6\":\"G\",\"7\":\"T\",\"8\":\"A\",\"9\":\"C\",\"10\":\"G\",\"11\":\"T\",\"12\":\"A\",\"13\":\"C\",\"14\":\"G\",\"15\":\"T\"},\"count\":{\"0\":1761,\"1\":2873,\"2\":2068,\"3\":2449,\"4\":2050,\"5\":2672,\"6\":1749,\"7\":2680,\"8\":36,\"9\":62,\"10\":40,\"11\":56,\"12\":48,\"13\":51,\"14\":31,\"15\":64},\"fitted\":{\"0\":1758.0587657809,\"1\":2876.1300869426,\"2\":2069.3469017897,\"3\":2447.4642454868,\"4\":2052.9412342191,\"5\":2668.8699130574,\"6\":1747.6530982103,\"7\":2681.5357545132,\"8\":38.9412342193,\"9\":58.8699130574,\"10\":38.6530982103,\"11\":57.5357545132,\"12\":45.0587657811,\"13\":54.1300869427,\"14\":32.3469017897,\"15\":62.4642454868},\"ret\":{\"0\":0.000157501,\"1\":-0.0001673827,\"2\":-0.0000720419,\"3\":0.0000821956,\"4\":-0.0001572566,\"5\":0.0001675721,\"6\":0.0000720931,\"7\":-0.0000821463,\"8\":-0.0001512708,\"9\":0.0001718493,\"10\":0.0000733066,\"11\":-0.0000810633,\"12\":0.0001623973,\"13\":-0.0001625356,\"14\":-0.0000705437,\"15\":0.0000831718}}", "deviance": 0.9661145445964565, "df": 3, "rel_entropy": 2.5845760957636612e-05, "formula": "count ~ group * mut * base - group : mut : base", "prob": 0.80945044704540325}}