{"pos2": {"stats": "{\"group\":{\"0\":\"1\",\"1\":\"1\",\"2\":\"1\",\"3\":\"1\",\"4\":\"1\",\"5\":\"1\",\"6\":\"1\",\"7\":\"1\",\"8\":\"2\",\"9\":\"2\",\"10\":\"2\",\"11\":\"2\",\"12\":\"2\",\"13\":\"2\",\"14\":\"2\",\"15\":\"2\"},\"mut\":{\"0\":\"M\",\"1\":\"M\",\"2\":\"M\",\"3\":\"M\",\"4\":\"R\",\"5\":\"R\",\"6\":\"R\",\"7\":\"R\",\"8\":\"M\",\"9\":\"M\",\"10\":\"M\",\"11\":\"M\",\"12\":\"R\",\"13\":\"R\",\"14\":\"R\",\"15\":\"R\"},\"base\":{\"0\":\"A\",\"1\":\"C\",\"2\":\"G\",\"3\":\"T\",\"4\":\"A\",\"5\":\"C\",\"6\":\"G\",\"7\":\"T\",\"8\":\"A\",\"9\":\"C\",\"10\":\"G\",\"11\":\"T\",\"12\":\"A\",\"13\":\"C\",\"14\":\"G\",\"15\":\"T\"},\"count\":{\"0\":89202,\"1\":82226,\"2\":25497,\"3\":129955,\"4\":114245,\"5\":84311,\"6\":16463,\"7\":111861,\"8\":792,\"9\":694,\"10\":266,\"11\":1198,\"12\":1047,\"13\":727,\"14\":163,\"15\":1013},\"fitted\":{\"0\":89189.9122488783,\"1\":82220.1079428331,\"2\":25502.7383048454,\"3\":129967.2415034416,\"4\":114257.0877511208,\"5\":84316.8920571662,\"6\":16457.2616951544,\"7\":111848.7584965575,\"8\":804.0877511212,\"9\":699.8920571664,\"10\":260.2616951545,\"11\":1185.758496558,\"12\":1034.9122488788,\"13\":721.1079428336,\"14\":168.7383048455,\"15\":1025.241503442},\"ret\":{\"0\":0.0000183255,\"1\":0.0000089323,\"2\":-0.0000086979,\"3\":-0.0000185564,\"4\":-0.0000183232,\"5\":-0.0000089316,\"6\":0.0000087004,\"7\":0.0000185583,\"8\":-0.0000181858,\"9\":-0.0000088943,\"10\":0.0000087941,\"11\":0.0000186528,\"12\":0.0000184308,\"13\":0.0000089684,\"14\":-0.0000085493,\"15\":-0.0000184461}}", "deviance": 1.0262490439483347, "df": 3, "rel_entropy": 7.778621137770478e-07, "formula": "count ~ group * mut * base - group : mut : base", "prob": 0.79490081667698809}, "pos3": {"stats": "{\"group\":{\"0\":\"1\",\"1\":\"1\",\"2\":\"1\",\"3\":\"1\",\"4\":\"1\",\"5\":\"1\",\"6\":\"1\",\"7\":\"1\",\"8\":\"2\",\"9\":\"2\",\"10\":\"2\",\"11\":\"2\",\"12\":\"2\",\"13\":\"2\",\"14\":\"2\",\"15\":\"2\"},\"mut\":{\"0\":\"M\",\"1\":\"M\",\"2\":\"M\",\"3\":\"M\",\"4\":\"R\",\"5\":\"R\",\"6\":\"R\",\"7\":\"R\",\"8\":\"M\",\"9\":\"M\",\"10\":\"M\",\"11\":\"M\",\"12\":\"R\",\"13\":\"R\",\"14\":\"R\",\"15\":\"R\"},\"base\":{\"0\":\"A\",\"1\":\"C\",\"2\":\"G\",\"3\":\"T\",\"4\":\"A\",\"5\":\"C\",\"6\":\"G\",\"7\":\"T\",\"8\":\"A\",\"9\":\"C\",\"10\":\"G\",\"11\":\"T\",\"12\":\"A\",\"13\":\"C\",\"14\":\"G\",\"15\":\"T\"},\"count\":{\"0\":95373,\"1\":69697,\"2\":77033,\"3\":84777,\"4\":81468,\"5\":76644,\"6\":75056,\"7\":93712,\"8\":916,\"9\":634,\"10\":665,\"11\":735,\"12\":769,\"13\":682,\"14\":655,\"15\":844},\"fitted\":{\"0\":95381.3348866004,\"1\":69705.0729779875,\"2\":77030.3578003079,\"3\":84763.2343351041,\"4\":81459.6651133996,\"5\":76635.9270220122,\"6\":75058.6421996921,\"7\":93725.7656648956,\"8\":907.6651133997,\"9\":625.9270220124,\"10\":667.6421996921,\"11\":748.7656648958,\"12\":777.3348866003,\"13\":690.0729779876,\"14\":652.3578003079,\"15\":830.2343351042},\"ret\":{\"0\":-0.0000126346,\"1\":-0.0000122374,\"2\":0.0000040055,\"3\":0.0000208695,\"4\":0.0000126358,\"5\":0.0000122387,\"6\":-0.0000040053,\"7\":-0.0000208663,\"8\":0.000012693,\"9\":0.0000123167,\"10\":-0.0000039975,\"11\":-0.0000206748,\"12\":-0.0000125671,\"13\":-0.0000121662,\"14\":0.0000040135,\"15\":0.0000210399}}", "deviance": 0.8750815823899503, "df": 3, "rel_entropy": 6.632822835930254e-07, "formula": "count ~ group * mut * base - group : mut : base", "prob": 0.83143664801302697}, "pos0": {"stats": "{\"group\":{\"0\":\"1\",\"1\":\"1\",\"2\":\"1\",\"3\":\"1\",\"4\":\"1\",\"5\":\"1\",\"6\":\"1\",\"7\":\"1\",\"8\":\"2\",\"9\":\"2\",\"10\":\"2\",\"11\":\"2\",\"12\":\"2\",\"13\":\"2\",\"14\":\"2\",\"15\":\"2\"},\"mut\":{\"0\":\"M\",\"1\":\"M\",\"2\":\"M\",\"3\":\"M\",\"4\":\"R\",\"5\":\"R\",\"6\":\"R\",\"7\":\"R\",\"8\":\"M\",\"9\":\"M\",\"10\":\"M\",\"11\":\"M\",\"12\":\"R\",\"13\":\"R\",\"14\":\"R\",\"15\":\"R\"},\"base\":{\"0\":\"A\",\"1\":\"C\",\"2\":\"G\",\"3\":\"T\",\"4\":\"A\",\"5\":\"C\",\"6\":\"G\",\"7\":\"T\",\"8\":\"A\",\"9\":\"C\",\"10\":\"G\",\"11\":\"T\",\"12\":\"A\",\"13\":\"C\",\"14\":\"G\",\"15\":\"T\"},\"count\":{\"0\":96393,\"1\":95440,\"2\":57761,\"3\":77286,\"4\":84050,\"5\":76476,\"6\":69235,\"7\":97119,\"8\":880,\"9\":864,\"10\":501,\"11\":705,\"12\":795,\"13\":695,\"14\":590,\"15\":870},\"fitted\":{\"0\":96379.600157315,\"1\":95439.6841395665,\"2\":57766.5580207719,\"3\":77294.1576823476,\"4\":84063.3998426857,\"5\":76476.3158604338,\"6\":69229.4419792282,\"7\":97110.8423176527,\"8\":893.3998426858,\"9\":864.3158604337,\"10\":495.441979228,\"11\":696.8423176525,\"12\":781.6001573142,\"13\":694.6841395663,\"14\":595.558020772,\"15\":878.1576823475},\"ret\":{\"0\":0.0000203147,\"1\":0.0000004788,\"2\":-0.0000084252,\"3\":-0.0000123658,\"4\":-0.0000203116,\"5\":-0.0000004788,\"6\":0.0000084259,\"7\":0.000012367,\"8\":-0.0000201602,\"9\":-0.0000004787,\"10\":0.0000084727,\"11\":0.0000124386,\"12\":0.0000204864,\"13\":0.0000004789,\"14\":-0.0000083861,\"15\":-0.0000123089}}", "deviance": 0.7225043987219512, "df": 3, "rel_entropy": 5.476339316632441e-07, "formula": "count ~ group * mut * base - group : mut : base", "prob": 0.86789835330615217}, "pos1": {"stats": "{\"group\":{\"0\":\"1\",\"1\":\"1\",\"2\":\"1\",\"3\":\"1\",\"4\":\"1\",\"5\":\"1\",\"6\":\"1\",\"7\":\"1\",\"8\":\"2\",\"9\":\"2\",\"10\":\"2\",\"11\":\"2\",\"12\":\"2\",\"13\":\"2\",\"14\":\"2\",\"15\":\"2\"},\"mut\":{\"0\":\"M\",\"1\":\"M\",\"2\":\"M\",\"3\":\"M\",\"4\":\"R\",\"5\":\"R\",\"6\":\"R\",\"7\":\"R\",\"8\":\"M\",\"9\":\"M\",\"10\":\"M\",\"11\":\"M\",\"12\":\"R\",\"13\":\"R\",\"14\":\"R\",\"15\":\"R\"},\"base\":{\"0\":\"A\",\"1\":\"C\",\"2\":\"G\",\"3\":\"T\",\"4\":\"A\",\"5\":\"C\",\"6\":\"G\",\"7\":\"T\",\"8\":\"A\",\"9\":\"C\",\"10\":\"G\",\"11\":\"T\",\"12\":\"A\",\"13\":\"C\",\"14\":\"G\",\"15\":\"T\"},\"count\":{\"0\":85027,\"1\":78661,\"2\":53271,\"3\":109921,\"4\":79299,\"5\":84267,\"6\":69173,\"7\":94141,\"8\":787,\"9\":732,\"10\":478,\"11\":953,\"12\":729,\"13\":760,\"14\":648,\"15\":813},\"fitted\":{\"0\":85028.5104060812,\"1\":78671.5346686083,\"2\":53258.4625530761,\"3\":109921.4923722368,\"4\":79297.4895939203,\"5\":84256.4653313928,\"6\":69185.5374469246,\"7\":94140.5076277643,\"8\":785.4895939199,\"9\":721.4653313922,\"10\":490.5374469241,\"11\":952.5076277638,\"12\":730.5104060801,\"13\":770.5346686078,\"14\":635.4625530759,\"15\":813.4923722362},\"ret\":{\"0\":-0.0000022897,\"1\":-0.0000159688,\"2\":0.0000190082,\"3\":-0.0000007464,\"4\":0.0000022897,\"5\":0.0000159708,\"6\":-0.0000190042,\"7\":0.0000007464,\"8\":0.0000022919,\"9\":0.0000160859,\"10\":-0.0000187609,\"11\":0.0000007466,\"12\":-0.0000022873,\"13\":-0.0000158602,\"14\":0.0000191922,\"15\":-0.0000007462}}", "deviance": 0.8813161973885271, "df": 3, "rel_entropy": 6.68007911187981e-07, "formula": "count ~ group * mut * base - group : mut : base", "prob": 0.82993413850436826}}