{"pos0": {"deviance": 0.7225043986861422, "rel_entropy": 5.476339316361022e-07, "stats": "{\"group\":{\"8\":\"1\",\"9\":\"1\",\"10\":\"1\",\"11\":\"1\",\"12\":\"1\",\"13\":\"1\",\"14\":\"1\",\"15\":\"1\",\"0\":\"2\",\"1\":\"2\",\"2\":\"2\",\"3\":\"2\",\"4\":\"2\",\"5\":\"2\",\"6\":\"2\",\"7\":\"2\"},\"mut\":{\"8\":\"M\",\"9\":\"M\",\"10\":\"M\",\"11\":\"M\",\"12\":\"R\",\"13\":\"R\",\"14\":\"R\",\"15\":\"R\",\"0\":\"M\",\"1\":\"M\",\"2\":\"M\",\"3\":\"M\",\"4\":\"R\",\"5\":\"R\",\"6\":\"R\",\"7\":\"R\"},\"base\":{\"8\":\"A\",\"9\":\"C\",\"10\":\"G\",\"11\":\"T\",\"12\":\"A\",\"13\":\"C\",\"14\":\"G\",\"15\":\"T\",\"0\":\"A\",\"1\":\"C\",\"2\":\"G\",\"3\":\"T\",\"4\":\"A\",\"5\":\"C\",\"6\":\"G\",\"7\":\"T\"},\"count\":{\"8\":96393,\"9\":95440,\"10\":57761,\"11\":77286,\"12\":84050,\"13\":76476,\"14\":69235,\"15\":97119,\"0\":880,\"1\":864,\"2\":501,\"3\":705,\"4\":795,\"5\":695,\"6\":590,\"7\":870},\"fitted\":{\"8\":96379.6001573145,\"9\":95439.6841395667,\"10\":57766.5580207721,\"11\":77294.1576823476,\"12\":84063.399842686,\"13\":76476.3158604339,\"14\":69229.4419792282,\"15\":97110.8423176529,\"0\":893.3998426858,\"1\":864.3158604337,\"2\":495.441979228,\"3\":696.8423176525,\"4\":781.6001573142,\"5\":694.6841395663,\"6\":595.558020772,\"7\":878.1576823475},\"ret\":{\"8\":0.0000203147,\"9\":0.0000004788,\"10\":-0.0000084252,\"11\":-0.0000123658,\"12\":-0.0000203116,\"13\":-0.0000004788,\"14\":0.0000084259,\"15\":0.000012367,\"0\":-0.0000201602,\"1\":-0.0000004787,\"2\":0.0000084727,\"3\":0.0000124386,\"4\":0.0000204864,\"5\":0.0000004789,\"6\":-0.0000083861,\"7\":-0.0000123089}}", "prob": 0.8678983533146133, "formula": "count ~ group * mut * base - group : mut : base", "df": 3}, "pos1": {"deviance": 0.8813161974126311, "rel_entropy": 6.68007911206251e-07, "stats": "{\"group\":{\"8\":\"1\",\"9\":\"1\",\"10\":\"1\",\"11\":\"1\",\"12\":\"1\",\"13\":\"1\",\"14\":\"1\",\"15\":\"1\",\"0\":\"2\",\"1\":\"2\",\"2\":\"2\",\"3\":\"2\",\"4\":\"2\",\"5\":\"2\",\"6\":\"2\",\"7\":\"2\"},\"mut\":{\"8\":\"M\",\"9\":\"M\",\"10\":\"M\",\"11\":\"M\",\"12\":\"R\",\"13\":\"R\",\"14\":\"R\",\"15\":\"R\",\"0\":\"M\",\"1\":\"M\",\"2\":\"M\",\"3\":\"M\",\"4\":\"R\",\"5\":\"R\",\"6\":\"R\",\"7\":\"R\"},\"base\":{\"8\":\"A\",\"9\":\"C\",\"10\":\"G\",\"11\":\"T\",\"12\":\"A\",\"13\":\"C\",\"14\":\"G\",\"15\":\"T\",\"0\":\"A\",\"1\":\"C\",\"2\":\"G\",\"3\":\"T\",\"4\":\"A\",\"5\":\"C\",\"6\":\"G\",\"7\":\"T\"},\"count\":{\"8\":85027,\"9\":78661,\"10\":53271,\"11\":109921,\"12\":79299,\"13\":84267,\"14\":69173,\"15\":94141,\"0\":787,\"1\":732,\"2\":478,\"3\":953,\"4\":729,\"5\":760,\"6\":648,\"7\":813},\"fitted\":{\"8\":85028.5104060804,\"9\":78671.534668608,\"10\":53258.462553076,\"11\":109921.4923722364,\"12\":79297.48959392,\"13\":84256.4653313925,\"14\":69185.5374469244,\"15\":94140.507627764,\"0\":785.4895939199,\"1\":721.4653313922,\"2\":490.5374469241,\"3\":952.5076277638,\"4\":730.5104060801,\"5\":770.5346686078,\"6\":635.4625530759,\"7\":813.4923722362},\"ret\":{\"8\":-0.0000022897,\"9\":-0.0000159688,\"10\":0.0000190082,\"11\":-0.0000007464,\"12\":0.0000022897,\"13\":0.0000159708,\"14\":-0.0000190042,\"15\":0.0000007464,\"0\":0.0000022919,\"1\":0.0000160859,\"2\":-0.0000187609,\"3\":0.0000007466,\"4\":-0.0000022873,\"5\":-0.0000158602,\"6\":0.0000191922,\"7\":-0.0000007462}}", "prob": 0.8299341384985581, "formula": "count ~ group * mut * base - group : mut : base", "df": 3}, "pos2": {"deviance": 1.0262490440040608, "rel_entropy": 7.778621138192863e-07, "stats": "{\"group\":{\"8\":\"1\",\"9\":\"1\",\"10\":\"1\",\"11\":\"1\",\"12\":\"1\",\"13\":\"1\",\"14\":\"1\",\"15\":\"1\",\"0\":\"2\",\"1\":\"2\",\"2\":\"2\",\"3\":\"2\",\"4\":\"2\",\"5\":\"2\",\"6\":\"2\",\"7\":\"2\"},\"mut\":{\"8\":\"M\",\"9\":\"M\",\"10\":\"M\",\"11\":\"M\",\"12\":\"R\",\"13\":\"R\",\"14\":\"R\",\"15\":\"R\",\"0\":\"M\",\"1\":\"M\",\"2\":\"M\",\"3\":\"M\",\"4\":\"R\",\"5\":\"R\",\"6\":\"R\",\"7\":\"R\"},\"base\":{\"8\":\"A\",\"9\":\"C\",\"10\":\"G\",\"11\":\"T\",\"12\":\"A\",\"13\":\"C\",\"14\":\"G\",\"15\":\"T\",\"0\":\"A\",\"1\":\"C\",\"2\":\"G\",\"3\":\"T\",\"4\":\"A\",\"5\":\"C\",\"6\":\"G\",\"7\":\"T\"},\"count\":{\"8\":89202,\"9\":82226,\"10\":25497,\"11\":129955,\"12\":114245,\"13\":84311,\"14\":16463,\"15\":111861,\"0\":792,\"1\":694,\"2\":266,\"3\":1198,\"4\":1047,\"5\":727,\"6\":163,\"7\":1013},\"fitted\":{\"8\":89189.912248879,\"9\":82220.1079428338,\"10\":25502.7383048456,\"11\":129967.2415034423,\"12\":114257.0877511214,\"13\":84316.8920571667,\"14\":16457.2616951545,\"15\":111848.7584965583,\"0\":804.0877511212,\"1\":699.8920571664,\"2\":260.2616951545,\"3\":1185.758496558,\"4\":1034.9122488789,\"5\":721.1079428336,\"6\":168.7383048455,\"7\":1025.241503442},\"ret\":{\"8\":0.0000183255,\"9\":0.0000089323,\"10\":-0.0000086979,\"11\":-0.0000185564,\"12\":-0.0000183232,\"13\":-0.0000089316,\"14\":0.0000087004,\"15\":0.0000185583,\"0\":-0.0000181858,\"1\":-0.0000088943,\"2\":0.0000087941,\"3\":0.0000186528,\"4\":0.0000184308,\"5\":0.0000089684,\"6\":-0.0000085493,\"7\":-0.0000184461}}", "prob": 0.7949008166635063, "formula": "count ~ group * mut * base - group : mut : base", "df": 3}, "pos3": {"deviance": 0.8750815823601625, "rel_entropy": 6.632822835704473e-07, "stats": "{\"group\":{\"8\":\"1\",\"9\":\"1\",\"10\":\"1\",\"11\":\"1\",\"12\":\"1\",\"13\":\"1\",\"14\":\"1\",\"15\":\"1\",\"0\":\"2\",\"1\":\"2\",\"2\":\"2\",\"3\":\"2\",\"4\":\"2\",\"5\":\"2\",\"6\":\"2\",\"7\":\"2\"},\"mut\":{\"8\":\"M\",\"9\":\"M\",\"10\":\"M\",\"11\":\"M\",\"12\":\"R\",\"13\":\"R\",\"14\":\"R\",\"15\":\"R\",\"0\":\"M\",\"1\":\"M\",\"2\":\"M\",\"3\":\"M\",\"4\":\"R\",\"5\":\"R\",\"6\":\"R\",\"7\":\"R\"},\"base\":{\"8\":\"A\",\"9\":\"C\",\"10\":\"G\",\"11\":\"T\",\"12\":\"A\",\"13\":\"C\",\"14\":\"G\",\"15\":\"T\",\"0\":\"A\",\"1\":\"C\",\"2\":\"G\",\"3\":\"T\",\"4\":\"A\",\"5\":\"C\",\"6\":\"G\",\"7\":\"T\"},\"count\":{\"8\":95373,\"9\":69697,\"10\":77033,\"11\":84777,\"12\":81468,\"13\":76644,\"14\":75056,\"15\":93712,\"0\":916,\"1\":634,\"2\":665,\"3\":735,\"4\":769,\"5\":682,\"6\":655,\"7\":844},\"fitted\":{\"8\":95381.3348866,\"9\":69705.0729779875,\"10\":77030.3578003078,\"11\":84763.2343351041,\"12\":81459.6651133996,\"13\":76635.9270220122,\"14\":75058.6421996919,\"15\":93725.7656648956,\"0\":907.6651133997,\"1\":625.9270220124,\"2\":667.6421996921,\"3\":748.7656648958,\"4\":777.3348866003,\"5\":690.0729779876,\"6\":652.3578003079,\"7\":830.2343351042},\"ret\":{\"8\":-0.0000126346,\"9\":-0.0000122374,\"10\":0.0000040055,\"11\":0.0000208695,\"12\":0.0000126358,\"13\":0.0000122387,\"14\":-0.0000040053,\"15\":-0.0000208663,\"0\":0.000012693,\"1\":0.0000123167,\"2\":-0.0000039975,\"3\":-0.0000206748,\"4\":-0.0000125671,\"5\":-0.0000121662,\"6\":0.0000040135,\"7\":0.0000210399}}", "prob": 0.831436648020204, "formula": "count ~ group * mut * base - group : mut : base", "df": 3}}