{"('pos1', 'pos2')": {"deviance": 4968.375375308222, "rel_entropy": 0.0038209101933291563, "formula": "count ~ mut * base1 * base2 - mut : base1 : base2", "prob": 0, "stats": "{\"mut\":{\"0\":\"M\",\"1\":\"M\",\"2\":\"M\",\"3\":\"M\",\"4\":\"M\",\"5\":\"M\",\"6\":\"M\",\"7\":\"M\",\"8\":\"M\",\"9\":\"M\",\"10\":\"M\",\"11\":\"M\",\"12\":\"M\",\"13\":\"M\",\"14\":\"M\",\"15\":\"M\",\"16\":\"R\",\"17\":\"R\",\"18\":\"R\",\"19\":\"R\",\"20\":\"R\",\"21\":\"R\",\"22\":\"R\",\"23\":\"R\",\"24\":\"R\",\"25\":\"R\",\"26\":\"R\",\"27\":\"R\",\"28\":\"R\",\"29\":\"R\",\"30\":\"R\",\"31\":\"R\"},\"base1\":{\"0\":\"A\",\"1\":\"A\",\"2\":\"A\",\"3\":\"A\",\"4\":\"C\",\"5\":\"C\",\"6\":\"C\",\"7\":\"C\",\"8\":\"G\",\"9\":\"G\",\"10\":\"G\",\"11\":\"G\",\"12\":\"T\",\"13\":\"T\",\"14\":\"T\",\"15\":\"T\",\"16\":\"A\",\"17\":\"A\",\"18\":\"A\",\"19\":\"A\",\"20\":\"C\",\"21\":\"C\",\"22\":\"C\",\"23\":\"C\",\"24\":\"G\",\"25\":\"G\",\"26\":\"G\",\"27\":\"G\",\"28\":\"T\",\"29\":\"T\",\"30\":\"T\",\"31\":\"T\"},\"base2\":{\"0\":\"A\",\"1\":\"C\",\"2\":\"G\",\"3\":\"T\",\"4\":\"A\",\"5\":\"C\",\"6\":\"G\",\"7\":\"T\",\"8\":\"A\",\"9\":\"C\",\"10\":\"G\",\"11\":\"T\",\"12\":\"A\",\"13\":\"C\",\"14\":\"G\",\"15\":\"T\",\"16\":\"A\",\"17\":\"C\",\"18\":\"G\",\"19\":\"T\",\"20\":\"A\",\"21\":\"C\",\"22\":\"G\",\"23\":\"T\",\"24\":\"A\",\"25\":\"C\",\"26\":\"G\",\"27\":\"T\",\"28\":\"A\",\"29\":\"C\",\"30\":\"G\",\"31\":\"T\"},\"count\":{\"0\":33216,\"1\":16239,\"2\":17491,\"3\":19626,\"4\":5723,\"5\":10128,\"6\":6963,\"7\":8865,\"8\":21975,\"9\":24005,\"10\":21593,\"11\":37180,\"12\":21591,\"13\":25976,\"14\":20495,\"15\":34012,\"16\":34023,\"17\":22184,\"18\":27982,\"19\":26187,\"20\":3500,\"21\":3675,\"22\":4376,\"23\":4083,\"24\":24405,\"25\":18717,\"26\":21277,\"27\":18446,\"28\":31062,\"29\":23139,\"30\":29210,\"31\":32812},\"fitted\":{\"0\":28367.6071760223,\"1\":17972.609911593,\"2\":17691.3698065141,\"3\":22540.4131058692,\"4\":5979.3791626958,\"5\":9516.2858996024,\"6\":6992.1565553894,\"7\":9191.1783823123,\"8\":24822.4125314767,\"9\":24821.4502076651,\"10\":21485.7122368113,\"11\":33623.4250240463,\"12\":23335.6011298038,\"13\":24037.6539811392,\"14\":20372.7614012849,\"15\":34327.9834877716,\"16\":38871.3928239764,\"17\":20450.3900884068,\"18\":27781.6301934857,\"19\":23272.5868941305,\"20\":3243.6208373041,\"21\":4286.7141003975,\"22\":4346.8434446106,\"23\":3756.8216176877,\"24\":21557.587468523,\"25\":17900.5497923347,\"26\":21384.2877631884,\"27\":22002.5749759534,\"28\":29317.3988701959,\"29\":25077.3460188606,\"30\":29332.2385987149,\"31\":32496.016512228},\"ret\":{\"0\":0.0080610595,\"1\":-0.0025335047,\"2\":-0.0003064354,\"3\":-0.0041794744,\"4\":-0.0003857574,\"5\":0.0009704849,\"6\":-0.0000447518,\"7\":-0.0004926832,\"8\":-0.0041181927,\"9\":-0.0012348925,\"10\":0.0001654298,\"11\":0.0057499647,\"12\":-0.0025804545,\"13\":0.0030984537,\"14\":0.0001885772,\"15\":-0.0004837681,\"16\":-0.0069715663,\"17\":0.002776407,\"18\":0.000309296,\"19\":0.004752282,\"20\":0.0004095241,\"21\":-0.0008702989,\"22\":0.0000449955,\"23\":0.0005228674,\"24\":0.0046568653,\"25\":0.0012839883,\"26\":-0.0001646038,\"27\":-0.0050022612,\"28\":0.0027616593,\"29\":-0.0028630448,\"30\":-0.000187622,\"31\":0.0004883671}}", "df": 9}, "('pos0', 'pos3')": {"deviance": 367.3999973264347, "rel_entropy": 0.0002825475711417219, "formula": "count ~ mut * base1 * base2 - mut : base1 : base2", "prob": 1.222222067252105e-73, "stats": "{\"mut\":{\"0\":\"M\",\"1\":\"M\",\"2\":\"M\",\"3\":\"M\",\"4\":\"M\",\"5\":\"M\",\"6\":\"M\",\"7\":\"M\",\"8\":\"M\",\"9\":\"M\",\"10\":\"M\",\"11\":\"M\",\"12\":\"M\",\"13\":\"M\",\"14\":\"M\",\"15\":\"M\",\"16\":\"R\",\"17\":\"R\",\"18\":\"R\",\"19\":\"R\",\"20\":\"R\",\"21\":\"R\",\"22\":\"R\",\"23\":\"R\",\"24\":\"R\",\"25\":\"R\",\"26\":\"R\",\"27\":\"R\",\"28\":\"R\",\"29\":\"R\",\"30\":\"R\",\"31\":\"R\"},\"base1\":{\"0\":\"A\",\"1\":\"A\",\"2\":\"A\",\"3\":\"A\",\"4\":\"C\",\"5\":\"C\",\"6\":\"C\",\"7\":\"C\",\"8\":\"G\",\"9\":\"G\",\"10\":\"G\",\"11\":\"G\",\"12\":\"T\",\"13\":\"T\",\"14\":\"T\",\"15\":\"T\",\"16\":\"A\",\"17\":\"A\",\"18\":\"A\",\"19\":\"A\",\"20\":\"C\",\"21\":\"C\",\"22\":\"C\",\"23\":\"C\",\"24\":\"G\",\"25\":\"G\",\"26\":\"G\",\"27\":\"G\",\"28\":\"T\",\"29\":\"T\",\"30\":\"T\",\"31\":\"T\"},\"base2\":{\"0\":\"A\",\"1\":\"C\",\"2\":\"G\",\"3\":\"T\",\"4\":\"A\",\"5\":\"C\",\"6\":\"G\",\"7\":\"T\",\"8\":\"A\",\"9\":\"C\",\"10\":\"G\",\"11\":\"T\",\"12\":\"A\",\"13\":\"C\",\"14\":\"G\",\"15\":\"T\",\"16\":\"A\",\"17\":\"C\",\"18\":\"G\",\"19\":\"T\",\"20\":\"A\",\"21\":\"C\",\"22\":\"G\",\"23\":\"T\",\"24\":\"A\",\"25\":\"C\",\"26\":\"G\",\"27\":\"T\",\"28\":\"A\",\"29\":\"C\",\"30\":\"G\",\"31\":\"T\"},\"count\":{\"0\":30073,\"1\":16959,\"2\":17804,\"3\":32400,\"4\":14403,\"5\":13931,\"6\":12755,\"7\":17648,\"8\":18711,\"9\":15432,\"10\":18084,\"11\":23377,\"12\":24015,\"13\":17304,\"14\":17413,\"15\":34769,\"16\":30039,\"17\":17826,\"18\":20201,\"19\":24375,\"20\":20482,\"21\":16743,\"22\":18324,\"23\":17699,\"24\":20600,\"25\":16514,\"26\":18488,\"27\":20036,\"28\":25253,\"29\":16406,\"30\":18083,\"31\":24009},\"fitted\":{\"0\":29259.2464275265,\"1\":17407.5674577602,\"2\":18333.6137080092,\"3\":32235.572406703,\"4\":14696.0767377378,\"5\":13333.3086255382,\"6\":12961.0678831733,\"7\":17746.5467535512,\"8\":18662.5468011757,\"9\":15602.8222244065,\"10\":17203.6356415569,\"11\":24134.9953328647,\"12\":24584.1300335587,\"13\":17282.3016922957,\"14\":17557.6827672644,\"15\":34076.8855068809,\"16\":30852.7535724724,\"17\":17377.4325422398,\"18\":19671.3862919909,\"19\":24539.4275932967,\"20\":20188.923262262,\"21\":17340.691374463,\"22\":18117.9321168266,\"23\":17600.4532464486,\"24\":20648.4531988241,\"25\":16343.1777755933,\"26\":19368.3643584512,\"27\":19278.0046671359,\"28\":24683.8699664412,\"29\":16427.6983077042,\"30\":17938.3172327355,\"31\":24701.1144931189},\"ret\":{\"0\":0.0012688741,\"1\":-0.0006809715,\"2\":-0.000802714,\"3\":0.0002535487,\"4\":-0.0004462541,\"5\":0.0009396082,\"6\":-0.0003144184,\"7\":-0.0001511524,\"8\":0.0000746222,\"9\":-0.0002612968,\"10\":0.0013881517,\"11\":-0.0011473642,\"12\":-0.0008651629,\"13\":0.0000333949,\"14\":-0.000221616,\"15\":0.0010752742,\"16\":-0.001234975,\"17\":0.0006987673,\"18\":0.0008254634,\"19\":-0.0002520556,\"20\":0.0004540353,\"21\":-0.0009032762,\"22\":0.0003187471,\"23\":0.0001519976,\"24\":-0.000074438,\"25\":0.0002641087,\"26\":-0.0013228305,\"27\":0.0011884927,\"28\":0.0008853895,\"29\":-0.000033352,\"30\":0.0002234305,\"31\":-0.0010494808}}", "df": 9}, "('pos2', 'pos3')": {"deviance": 3383.5304263268386, "rel_entropy": 0.002602091210668546, "formula": "count ~ mut * base1 * base2 - mut : base1 : base2", "prob": 0,