{"pos2": {"stats": "{\"group\":{\"0\":\"1\",\"1\":\"1\",\"2\":\"1\",\"3\":\"1\",\"4\":\"1\",\"5\":\"1\",\"6\":\"1\",\"7\":\"1\",\"8\":\"2\",\"9\":\"2\",\"10\":\"2\",\"11\":\"2\",\"12\":\"2\",\"13\":\"2\",\"14\":\"2\",\"15\":\"2\"},\"mut\":{\"0\":\"M\",\"1\":\"M\",\"2\":\"M\",\"3\":\"M\",\"4\":\"R\",\"5\":\"R\",\"6\":\"R\",\"7\":\"R\",\"8\":\"M\",\"9\":\"M\",\"10\":\"M\",\"11\":\"M\",\"12\":\"R\",\"13\":\"R\",\"14\":\"R\",\"15\":\"R\"},\"base\":{\"0\":\"A\",\"1\":\"C\",\"2\":\"G\",\"3\":\"T\",\"4\":\"A\",\"5\":\"C\",\"6\":\"G\",\"7\":\"T\",\"8\":\"A\",\"9\":\"C\",\"10\":\"G\",\"11\":\"T\",\"12\":\"A\",\"13\":\"C\",\"14\":\"G\",\"15\":\"T\"},\"count\":{\"0\":3163,\"1\":5073,\"2\":4089,\"3\":3601,\"4\":4056,\"5\":3928,\"6\":4762,\"7\":3180,\"8\":853,\"9\":270,\"10\":990,\"11\":319,\"12\":696,\"13\":544,\"14\":654,\"15\":538},\"fitted\":{\"0\":3293.0932666082,\"1\":4892.0554316546,\"2\":4268.727754227,\"3\":3472.1235475102,\"4\":3925.9067333918,\"5\":4108.9445683454,\"6\":4582.272245773,\"7\":3308.8764524898,\"8\":722.9067333919,\"9\":450.9445683939,\"10\":810.2722457731,\"11\":447.8764524901,\"12\":826.0932666082,\"13\":363.0554316878,\"14\":833.727754227,\"15\":409.1235475102},\"ret\":{\"0\":-0.0034723032,\"1\":0.0050182589,\"2\":-0.0047905528,\"3\":0.0035744412,\"4\":0.0036012993,\"5\":-0.0048180809,\"6\":0.0049898473,\"7\":-0.0034408278,\"8\":0.0038444785,\"9\":-0.0037718996,\"10\":0.0054017676,\"11\":-0.0029481723,\"12\":-0.0032483163,\"13\":0.0059916708,\"14\":-0.0043248424,\"15\":0.0040126011}}", "deviance": 412.6415190354362, "df": 3, "rel_entropy": 0.005619369199197029, "formula": "count ~ group * mut * base - group : mut : base", "prob": 4.0439691818998445e-89}, "pos3": {"stats": "{\"group\":{\"0\":\"1\",\"1\":\"1\",\"2\":\"1\",\"3\":\"1\",\"4\":\"1\",\"5\":\"1\",\"6\":\"1\",\"7\":\"1\",\"8\":\"2\",\"9\":\"2\",\"10\":\"2\",\"11\":\"2\",\"12\":\"2\",\"13\":\"2\",\"14\":\"2\",\"15\":\"2\"},\"mut\":{\"0\":\"M\",\"1\":\"M\",\"2\":\"M\",\"3\":\"M\",\"4\":\"R\",\"5\":\"R\",\"6\":\"R\",\"7\":\"R\",\"8\":\"M\",\"9\":\"M\",\"10\":\"M\",\"11\":\"M\",\"12\":\"R\",\"13\":\"R\",\"14\":\"R\",\"15\":\"R\"},\"base\":{\"0\":\"A\",\"1\":\"C\",\"2\":\"G\",\"3\":\"T\",\"4\":\"A\",\"5\":\"C\",\"6\":\"G\",\"7\":\"T\",\"8\":\"A\",\"9\":\"C\",\"10\":\"G\",\"11\":\"T\",\"12\":\"A\",\"13\":\"C\",\"14\":\"G\",\"15\":\"T\"},\"count\":{\"0\":3156,\"1\":4403,\"2\":3612,\"3\":4755,\"4\":4261,\"5\":3899,\"6\":4115,\"7\":3651,\"8\":712,\"9\":459,\"10\":799,\"11\":462,\"12\":688,\"13\":541,\"14\":593,\"15\":610},\"fitted\":{\"0\":3244.9816690621,\"1\":4332.5407393085,\"2\":3728.6962593288,\"3\":4619.7813323006,\"4\":4172.0183309379,\"5\":3969.4592606915,\"6\":3998.3037406712,\"7\":3786.2186676994,\"8\":623.0183309379,\"9\":529.4592606915,\"10\":682.3037406712,\"11\":597.2186676994,\"12\":776.9816690621,\"13\":470.5407393085,\"14\":709.6962593288,\"15\":474.7813323006},\"ret\":{\"0\":-0.0023899762,\"1\":0.0019345548,\"2\":-0.0031280857,\"3\":0.0037362057,\"4\":0.0024491748,\"5\":-0.0019019008,\"6\":0.0032242865,\"7\":-0.0036162665,\"8\":0.0025888823,\"9\":-0.0017852696,\"10\":0.0034358571,\"11\":-0.003230306,\"12\":-0.0022791156,\"13\":0.0020560348,\"14\":-0.0029014083,\"15\":0.0041635476}}", "deviance": 173.02157110695853, "df": 3, "rel_entropy": 0.00235621488052836, "formula": "count ~ group * mut * base - group : mut : base", "prob": 2.8334923808353876e-37}, "pos0": {"stats": "{\"group\":{\"0\":\"1\",\"1\":\"1\",\"2\":\"1\",\"3\":\"1\",\"4\":\"1\",\"5\":\"1\",\"6\":\"1\",\"7\":\"1\",\"8\":\"2\",\"9\":\"2\",\"10\":\"2\",\"11\":\"2\",\"12\":\"2\",\"13\":\"2\",\"14\":\"2\",\"15\":\"2\"},\"mut\":{\"0\":\"M\",\"1\":\"M\",\"2\":\"M\",\"3\":\"M\",\"4\":\"R\",\"5\":\"R\",\"6\":\"R\",\"7\":\"R\",\"8\":\"M\",\"9\":\"M\",\"10\":\"M\",\"11\":\"M\",\"12\":\"R\",\"13\":\"R\",\"14\":\"R\",\"15\":\"R\"},\"base\":{\"0\":\"A\",\"1\":\"C\",\"2\":\"G\",\"3\":\"T\",\"4\":\"A\",\"5\":\"C\",\"6\":\"G\",\"7\":\"T\",\"8\":\"A\",\"9\":\"C\",\"10\":\"G\",\"11\":\"T\",\"12\":\"A\",\"13\":\"C\",\"14\":\"G\",\"15\":\"T\"},\"count\":{\"0\":3891,\"1\":4354,\"2\":4214,\"3\":3467,\"4\":3970,\"5\":4387,\"6\":4194,\"7\":3375,\"8\":718,\"9\":649,\"10\":530,\"11\":535,\"12\":621,\"13\":637,\"14\":595,\"15\":579},\"fitted\":{\"0\":3938.3715384229,\"1\":4361.5244380411,\"2\":4184.3125922432,\"3\":3441.791431293,\"4\":3922.6284615772,\"5\":4379.4755619589,\"6\":4223.6874077569,\"7\":3400.2085687071,\"8\":670.6284615804,\"9\":641.4755619589,\"10\":559.6874077571,\"11\":560.2085687071,\"12\":668.3715384263,\"13\":644.5244380411,\"14\":565.3125922434,\"15\":553.7914312931},\"ret\":{\"0\":-0.0012824243,\"1\":-0.0002047593,\"2\":0.0008114303,\"3\":0.0006890909,\"4\":0.0012979746,\"5\":0.0002051122,\"6\":-0.0008057204,\"7\":-0.0006840312,\"8\":0.0013347473,\"9\":0.0002061335,\"10\":-0.0007867347,\"11\":-0.000670898,\"12\":-0.0012433722,\"13\":-0.0002037353,\"14\":0.0008294375,\"15\":0.0007019774}}", "deviance": 14.262559467694704, "df": 3, "rel_entropy": 0.00019422812217690795, "formula": "count ~ group * mut * base - group : mut : base", "prob": 0.002568698367515848}, "pos1": {"stats": "{\"group\":{\"0\":\"1\",\"1\":\"1\",\"2\":\"1\",\"3\":\"1\",\"4\":\"1\",\"5\":\"1\",\"6\":\"1\",\"7\":\"1\",\"8\":\"2\",\"9\":\"2\",\"10\":\"2\",\"11\":\"2\",\"12\":\"2\",\"13\":\"2\",\"14\":\"2\",\"15\":\"2\"},\"mut\":{\"0\":\"M\",\"1\":\"M\",\"2\":\"M\",\"3\":\"M\",\"4\":\"R\",\"5\":\"R\",\"6\":\"R\",\"7\":\"R\",\"8\":\"M\",\"9\":\"M\",\"10\":\"M\",\"11\":\"M\",\"12\":\"R\",\"13\":\"R\",\"14\":\"R\",\"15\":\"R\"},\"base\":{\"0\":\"A\",\"1\":\"C\",\"2\":\"G\",\"3\":\"T\",\"4\":\"A\",\"5\":\"C\",\"6\":\"G\",\"7\":\"T\",\"8\":\"A\",\"9\":\"C\",\"10\":\"G\",\"11\":\"T\",\"12\":\"A\",\"13\":\"C\",\"14\":\"G\",\"15\":\"T\"},\"count\":{\"0\":3550,\"1\":3352,\"2\":5230,\"3\":3794,\"4\":4860,\"5\":1467,\"6\":4711,\"7\":4888,\"8\":556,\"9\":357,\"10\":583,\"11\":936,\"12\":781,\"13\":170,\"14\":681,\"15\":800},\"fitted\":{\"0\":3526.413166916,\"1\":3337.5723947438,\"2\":5141.0320421732,\"3\":3920.9823961668,\"4\":4883.5868330839,\"5\":1481.4276052561,\"6\":4799.9679578267,\"7\":4761.0176038332,\"8\":579.5868330839,\"9\":371.4276052562,\"10\":671.9679578267,\"11\":809.0176038332,\"12\":757.4131669161,\"13\":155.5723947438,\"14\":592.0320421733,\"15\":926.9823961668},\"ret\":{\"0\":0.0006445566,\"1\":0.0003937995,\"2\":0.0024439855,\"3\":-0.003401886,\"4\":-0.0006408591,\"5\":-0.0003910317,\"6\":-0.002400542,\"7\":0.0035042197,\"8\":-0.0006291601,\"9\":-0.0003852188,\"10\":-0.002255139,\"11\":0.0037167429,\"12\":0.0006523135,\"13\":0.0004106339,\"14\":0.0025967168,\"15\":-0.0032099978}}", "deviance": 77.03999222505031, "df": 3, "rel_entropy": 0.0010491337867013061, "formula": "count ~ group * mut * base - group : mut : base", "prob": 1.323755609047059e-16}}