{"('pos1', 'pos2')": {"prob": 2.2849758962431596e-11, "formula": "count ~ mut * base1 * base2 - mut : base1 : base2", "deviance": 69.10041890183845, "rel_entropy": 0.0018793630032049187, "df": 9, "stats": "{\"mut\":{\"0\":\"M\",\"1\":\"M\",\"2\":\"M\",\"3\":\"M\",\"4\":\"M\",\"5\":\"M\",\"6\":\"M\",\"7\":\"M\",\"8\":\"M\",\"9\":\"M\",\"10\":\"M\",\"11\":\"M\",\"12\":\"M\",\"13\":\"M\",\"14\":\"M\",\"15\":\"M\",\"16\":\"R\",\"17\":\"R\",\"18\":\"R\",\"19\":\"R\",\"20\":\"R\",\"21\":\"R\",\"22\":\"R\",\"23\":\"R\",\"24\":\"R\",\"25\":\"R\",\"26\":\"R\",\"27\":\"R\",\"28\":\"R\",\"29\":\"R\",\"30\":\"R\",\"31\":\"R\"},\"base1\":{\"0\":\"A\",\"1\":\"A\",\"2\":\"A\",\"3\":\"A\",\"4\":\"C\",\"5\":\"C\",\"6\":\"C\",\"7\":\"C\",\"8\":\"G\",\"9\":\"G\",\"10\":\"G\",\"11\":\"G\",\"12\":\"T\",\"13\":\"T\",\"14\":\"T\",\"15\":\"T\",\"16\":\"A\",\"17\":\"A\",\"18\":\"A\",\"19\":\"A\",\"20\":\"C\",\"21\":\"C\",\"22\":\"C\",\"23\":\"C\",\"24\":\"G\",\"25\":\"G\",\"26\":\"G\",\"27\":\"G\",\"28\":\"T\",\"29\":\"T\",\"30\":\"T\",\"31\":\"T\"},\"base2\":{\"0\":\"A\",\"1\":\"C\",\"2\":\"G\",\"3\":\"T\",\"4\":\"A\",\"5\":\"C\",\"6\":\"G\",\"7\":\"T\",\"8\":\"A\",\"9\":\"C\",\"10\":\"G\",\"11\":\"T\",\"12\":\"A\",\"13\":\"C\",\"14\":\"G\",\"15\":\"T\",\"16\":\"A\",\"17\":\"C\",\"18\":\"G\",\"19\":\"T\",\"20\":\"A\",\"21\":\"C\",\"22\":\"G\",\"23\":\"T\",\"24\":\"A\",\"25\":\"C\",\"26\":\"G\",\"27\":\"T\",\"28\":\"A\",\"29\":\"C\",\"30\":\"G\",\"31\":\"T\"},\"count\":{\"0\":706,\"1\":478,\"2\":752,\"3\":333,\"4\":803,\"5\":911,\"6\":1094,\"7\":764,\"8\":775,\"9\":431,\"10\":781,\"11\":406,\"12\":257,\"13\":255,\"14\":197,\"15\":249,\"16\":888,\"17\":432,\"18\":714,\"19\":607,\"20\":580,\"21\":557,\"22\":926,\"23\":589,\"24\":704,\"25\":430,\"26\":700,\"27\":426,\"28\":471,\"29\":336,\"30\":377,\"31\":455},\"fitted\":{\"0\":731.3112531178,\"1\":457.5529909722,\"2\":681.7952156147,\"3\":398.3405402953,\"4\":787.59557854,\"5\":898.5741707742,\"6\":1162.850778087,\"7\":722.9794725988,\"8\":755.0425668243,\"9\":477.341299051,\"10\":765.4141508566,\"11\":395.2019832681,\"12\":267.050601518,\"13\":241.5315392026,\"14\":213.9398554416,\"15\":235.4780038378,\"16\":862.6887468822,\"17\":452.4470090278,\"18\":784.2047843853,\"19\":541.6594597047,\"20\":595.40442146,\"21\":569.4258292258,\"22\":857.149221913,\"23\":630.0205274012,\"24\":723.9574331757,\"25\":383.658700949,\"26\":715.5858491434,\"27\":436.7980167319,\"28\":460.949398482,\"29\":349.4684607974,\"30\":360.0601445584,\"31\":468.5219961622},\"ret\":{\"0\":-0.0013527029,\"1\":0.0011367068,\"2\":0.0040089888,\"3\":-0.003245315,\"4\":0.0008460669,\"5\":0.0006805565,\"6\":-0.0036320189,\"7\":0.0022934528,\"8\":0.0010998096,\"9\":-0.0023942176,\"10\":0.0008563679,\"11\":0.0005953115,\"12\":-0.0005362844,\"13\":0.0007526756,\"14\":-0.0008839625,\"15\":0.0007562561,\"16\":0.0013968119,\"17\":-0.0010866986,\"18\":-0.0036425196,\"19\":0.0037604446,\"20\":-0.0008269913,\"21\":-0.0006684756,\"22\":0.0038916888,\"23\":-0.0021570465,\"24\":-0.0010704844,\"25\":0.0026671941,\"26\":-0.0008384938,\"27\":-0.0005800389,\"28\":0.0005526211,\"29\":-0.0007183162,\"30\":0.0009427892,\"31\":-0.000724813}}"}, "('pos0', 'pos3')": {"prob": 7.489617883426349e-06, "formula": "count ~ mut * base1 * base2 - mut : base1 : base2", "deviance": 40.03460286586845, "rel_entropy": 0.0010888436375616963, "df": 9, "stats": "{\"mut\":{\"0\":\"M\",\"1\":\"M\",\"2\":\"M\",\"3\":\"M\",\"4\":\"M\",\"5\":\"M\",\"6\":\"M\",\"7\":\"M\",\"8\":\"M\",\"9\":\"M\",\"10\":\"M\",\"11\":\"M\",\"12\":\"M\",\"13\":\"M\",\"14\":\"M\",\"15\":\"M\",\"16\":\"R\",\"17\":\"R\",\"18\":\"R\",\"19\":\"R\",\"20\":\"R\",\"21\":\"R\",\"22\":\"R\",\"23\":\"R\",\"24\":\"R\",\"25\":\"R\",\"26\":\"R\",\"27\":\"R\",\"28\":\"R\",\"29\":\"R\",\"30\":\"R\",\"31\":\"R\"},\"base1\":{\"0\":\"A\",\"1\":\"A\",\"2\":\"A\",\"3\":\"A\",\"4\":\"C\",\"5\":\"C\",\"6\":\"C\",\"7\":\"C\",\"8\":\"G\",\"9\":\"G\",\"10\":\"G\",\"11\":\"G\",\"12\":\"T\",\"13\":\"T\",\"14\":\"T\",\"15\":\"T\",\"16\":\"A\",\"17\":\"A\",\"18\":\"A\",\"19\":\"A\",\"20\":\"C\",\"21\":\"C\",\"22\":\"C\",\"23\":\"C\",\"24\":\"G\",\"25\":\"G\",\"26\":\"G\",\"27\":\"G\",\"28\":\"T\",\"29\":\"T\",\"30\":\"T\",\"31\":\"T\"},\"base2\":{\"0\":\"A\",\"1\":\"C\",\"2\":\"G\",\"3\":\"T\",\"4\":\"A\",\"5\":\"C\",\"6\":\"G\",\"7\":\"T\",\"8\":\"A\",\"9\":\"C\",\"10\":\"G\",\"11\":\"T\",\"12\":\"A\",\"13\":\"C\",\"14\":\"G\",\"15\":\"T\",\"16\":\"A\",\"17\":\"C\",\"18\":\"G\",\"19\":\"T\",\"20\":\"A\",\"21\":\"C\",\"22\":\"G\",\"23\":\"T\",\"24\":\"A\",\"25\":\"C\",\"26\":\"G\",\"27\":\"T\",\"28\":\"A\",\"29\":\"C\",\"30\":\"G\",\"31\":\"T\"},\"count\":{\"0\":603,\"1\":597,\"2\":670,\"3\":556,\"4\":484,\"5\":620,\"6\":490,\"7\":519,\"8\":702,\"9\":681,\"10\":620,\"11\":566,\"12\":466,\"13\":553,\"14\":499,\"15\":566,\"16\":883,\"17\":575,\"18\":647,\"19\":676,\"20\":462,\"21\":461,\"22\":461,\"23\":397,\"24\":673,\"25\":510,\"26\":637,\"27\":526,\"28\":703,\"29\":454,\"30\":490,\"31\":637},\"fitted\":{\"0\":626.7797058143,\"1\":604.7838829775,\"2\":621.2809496504,\"3\":573.1554615621,\"4\":467.2136511174,\"5\":635.468137054,\"6\":517.6609107098,\"7\":492.6573011195,\"8\":656.039044013,\"9\":680.6566470563,\"10\":663.2460226581,\"11\":569.0582862778,\"12\":504.9675990613,\"13\":530.0913329123,\"14\":476.8121169888,\"15\":572.1289510409,\"16\":859.2202941858,\"17\":567.2161170225,\"18\":695.7190503589,\"19\":658.844538438,\"20\":478.7863488827,\"21\":445.531862946,\"22\":433.3390892913,\"23\":423.3426988815,\"24\":718.9609559913,\"25\":510.3433529437,\"26\":593.7539773468,\"27\":522.9417137222,\"28\":664.0324009433,\"29\":476.9086670879,\"30\":512.1878830113,\"31\":630.8710489591},\"ret\":{\"0\":-0.0012686464,\"1\":-0.0004206688,\"2\":0.0027513704,\"3\":-0.0009190663,\"4\":0.0009293057,\"5\":-0.0008310669,\"6\":-0.0014636837,\"7\":0.0014705587,\"8\":0.0025856503,\"9\":0.0000186814,\"10\":-0.0022739579,\"11\":-0.000165908,\"12\":-0.0020356736,\"13\":0.0012726666,\"14\":0.0012345681,\"15\":-0.000331593,\"16\":0.0013112366,\"17\":0.0004262973,\"18\":-0.0025550454,\"19\":0.0009452187,\"20\":-0.0008968985,\"21\":0.000855831,\"22\":0.0015516498,\"23\":-0.0013873779,\"24\":-0.0024183823,\"25\":-0.0000186704,\"26\":0.002436033,\"27\":0.0001668414,\"28\":0.0021806593,\"29\":-0.0012156996,\"30\":-0.0011803852,\"31\":0.0003349993}}"}, "('pos2', 'pos3')": {"prob": 1.3282438367021562e-17, "formula": "count ~ mut * base1 * base2 - mut : base1 : base2", "deviance": 100.36381041300992, "rel_entropy": 0.0027296510664983112, "df": 9,