{"pos1": {"deviance": 149.05621368529506, "stats": "{\"mut\":{\"0\":\"M\",\"1\":\"M\",\"2\":\"M\",\"3\":\"M\",\"4\":\"R\",\"5\":\"R\",\"6\":\"R\",\"7\":\"R\"},\"base\":{\"0\":\"A\",\"1\":\"C\",\"2\":\"G\",\"3\":\"T\",\"4\":\"A\",\"5\":\"C\",\"6\":\"G\",\"7\":\"T\"},\"count\":{\"0\":4098,\"1\":3750,\"2\":2895,\"3\":3128,\"4\":3502,\"5\":3535,\"6\":2883,\"7\":3951},\"fitted\":{\"0\":3800.0,\"1\":3642.5,\"2\":2889.0,\"3\":3539.5,\"4\":3800.0,\"5\":3642.5,\"6\":2889.0,\"7\":3539.5},\"ret\":{\"0\":0.0111524308,\"1\":0.0039316173,\"2\":0.000216503,\"3\":-0.0139353574,\"4\":-0.0103091792,\"5\":-0.0038172393,\"6\":-0.0002160538,\"7\":0.0156637506}}", "formula": "count ~ mut * base - mut : base", "rel_entropy": 0.0026864720223000334, "prob": 4.2107011144220546e-32, "df": 3}, "pos0": {"deviance": 24.605938518961793, "stats": "{\"mut\":{\"0\":\"M\",\"1\":\"M\",\"2\":\"M\",\"3\":\"M\",\"4\":\"R\",\"5\":\"R\",\"6\":\"R\",\"7\":\"R\"},\"base\":{\"0\":\"A\",\"1\":\"C\",\"2\":\"G\",\"3\":\"T\",\"4\":\"A\",\"5\":\"C\",\"6\":\"G\",\"7\":\"T\"},\"count\":{\"0\":3433,\"1\":3530,\"2\":2786,\"3\":4122,\"4\":3713,\"5\":3245,\"6\":2862,\"7\":4051},\"fitted\":{\"0\":3573.0000000002,\"1\":3387.5000000003,\"2\":2824.0,\"3\":4086.5,\"4\":3573.0000000002,\"5\":3387.5000000003,\"6\":2824.0,\"7\":4086.5},\"ret\":{\"0\":-0.0049463148,\"1\":0.0052431716,\"2\":-0.0013605068,\"3\":0.0012851904,\"4\":0.0051441012,\"5\":-0.0050270288,\"6\":0.001378939,\"7\":-0.0012740738}}", "formula": "count ~ mut * base - mut : base", "rel_entropy": 0.0004434780931252576, "prob": 1.8665084959836196e-05, "df": 3}, "pos2": {"deviance": 4530.527473614347, "stats": "{\"mut\":{\"0\":\"M\",\"1\":\"M\",\"2\":\"M\",\"3\":\"M\",\"4\":\"R\",\"5\":\"R\",\"6\":\"R\",\"7\":\"R\"},\"base\":{\"0\":\"A\",\"1\":\"C\",\"2\":\"G\",\"3\":\"T\",\"4\":\"A\",\"5\":\"C\",\"6\":\"G\",\"7\":\"T\"},\"count\":{\"0\":2895,\"1\":2569,\"2\":5080,\"3\":3327,\"4\":4873,\"5\":3569,\"6\":743,\"7\":4686},\"fitted\":{\"0\":3883.9999999999,\"1\":3069.0,\"2\":2911.5000000049,\"3\":4006.4999999999,\"4\":3884.0000000001,\"5\":3069.0,\"6\":2911.500000005,\"7\":4006.5000000001},\"ret\":{\"0\":-0.0306677194,\"1\":-0.0164681084,\"2\":0.1019301303,\"3\":-0.0222879792,\"4\":0.0398461485,\"5\":0.0194175713,\"6\":-0.036577595,\"7\":0.0264622176}}", "formula": "count ~ mut * base - mut : base", "rel_entropy": 0.08165466573452432, "prob": 0, "df": 3}, "pos3": {"deviance": 21.882652435178183, "stats": "{\"mut\":{\"0\":\"M\",\"1\":\"M\",\"2\":\"M\",\"3\":\"M\",\"4\":\"R\",\"5\":\"R\",\"6\":\"R\",\"7\":\"R\"},\"base\":{\"0\":\"A\",\"1\":\"C\",\"2\":\"G\",\"3\":\"T\",\"4\":\"A\",\"5\":\"C\",\"6\":\"G\",\"7\":\"T\"},\"count\":{\"0\":3315,\"1\":3557,\"2\":3072,\"3\":3927,\"4\":3550,\"5\":3254,\"6\":3111,\"7\":3956},\"fitted\":{\"0\":3432.5,\"1\":3405.5000000004,\"2\":3091.5,\"3\":3941.5,\"4\":3432.5,\"5\":3405.5000000004,\"6\":3091.5,\"7\":3941.5},\"ret\":{\"0\":-0.0041621204,\"1\":0.0055807437,\"2\":-0.0007006838,\"3\":-0.0005217106,\"4\":0.0043071352,\"5\":-0.0053377192,\"6\":0.0007051175,\"7\":0.0005236334}}", "formula": "count ~ mut * base - mut : base", "rel_entropy": 0.00039439572552768694, "prob": 6.9003138848878e-05, "df": 3}}