{"('pos1', 'pos2')": {"deviance": 45.887754178141165, "stats": "{\"mut\":{\"0\":\"M\",\"1\":\"M\",\"2\":\"M\",\"3\":\"M\",\"4\":\"M\",\"5\":\"M\",\"6\":\"M\",\"7\":\"M\",\"8\":\"M\",\"9\":\"M\",\"10\":\"M\",\"11\":\"M\",\"12\":\"M\",\"13\":\"M\",\"14\":\"M\",\"15\":\"M\",\"16\":\"R\",\"17\":\"R\",\"18\":\"R\",\"19\":\"R\",\"20\":\"R\",\"21\":\"R\",\"22\":\"R\",\"23\":\"R\",\"24\":\"R\",\"25\":\"R\",\"26\":\"R\",\"27\":\"R\",\"28\":\"R\",\"29\":\"R\",\"30\":\"R\",\"31\":\"R\"},\"base1\":{\"0\":\"A\",\"1\":\"A\",\"2\":\"A\",\"3\":\"A\",\"4\":\"C\",\"5\":\"C\",\"6\":\"C\",\"7\":\"C\",\"8\":\"G\",\"9\":\"G\",\"10\":\"G\",\"11\":\"G\",\"12\":\"T\",\"13\":\"T\",\"14\":\"T\",\"15\":\"T\",\"16\":\"A\",\"17\":\"A\",\"18\":\"A\",\"19\":\"A\",\"20\":\"C\",\"21\":\"C\",\"22\":\"C\",\"23\":\"C\",\"24\":\"G\",\"25\":\"G\",\"26\":\"G\",\"27\":\"G\",\"28\":\"T\",\"29\":\"T\",\"30\":\"T\",\"31\":\"T\"},\"base2\":{\"0\":\"A\",\"1\":\"C\",\"2\":\"G\",\"3\":\"T\",\"4\":\"A\",\"5\":\"C\",\"6\":\"G\",\"7\":\"T\",\"8\":\"A\",\"9\":\"C\",\"10\":\"G\",\"11\":\"T\",\"12\":\"A\",\"13\":\"C\",\"14\":\"G\",\"15\":\"T\",\"16\":\"A\",\"17\":\"C\",\"18\":\"G\",\"19\":\"T\",\"20\":\"A\",\"21\":\"C\",\"22\":\"G\",\"23\":\"T\",\"24\":\"A\",\"25\":\"C\",\"26\":\"G\",\"27\":\"T\",\"28\":\"A\",\"29\":\"C\",\"30\":\"G\",\"31\":\"T\"},\"count\":{\"0\":1076,\"1\":643,\"2\":1582,\"3\":797,\"4\":713,\"5\":709,\"6\":1392,\"7\":936,\"8\":523,\"9\":585,\"10\":1141,\"11\":646,\"12\":583,\"13\":632,\"14\":965,\"15\":948,\"16\":1371,\"17\":781,\"18\":225,\"19\":1125,\"20\":1247,\"21\":885,\"22\":210,\"23\":1193,\"24\":955,\"25\":822,\"26\":158,\"27\":948,\"28\":1300,\"29\":1081,\"30\":150,\"31\":1420},\"fitted\":{\"0\":984.9071661847,\"1\":646.5814711546,\"2\":1600.247005313,\"3\":866.2643573801,\"4\":746.510746921,\"5\":688.0791551075,\"6\":1403.4451704728,\"7\":911.9649274995,\"8\":535.7829880802,\"9\":580.3638800089,\"10\":1126.5725791822,\"11\":652.280552729,\"12\":627.7990988377,\"13\":653.9754937294,\"14\":949.7352450322,\"15\":896.4901624036,\"16\":1462.0928338412,\"17\":777.4185288459,\"18\":206.7529946887,\"19\":1055.7356426348,\"20\":1213.4892530797,\"21\":905.9208448926,\"22\":198.5548295309,\"23\":1217.0350725005,\"24\":942.21701192,\"25\":826.6361199913,\"26\":172.4274208219,\"27\":941.719447271,\"28\":1255.2009011645,\"29\":1059.0245062706,\"30\":165.2647549704,\"31\":1471.5098375972},\"ret\":{\"0\":0.0034309418,\"1\":-0.000128741,\"2\":-0.000653975,\"3\":-0.0023941443,\"4\":-0.0011804155,\"5\":0.0007654717,\"6\":-0.0004108707,\"7\":0.0008776963,\"8\":-0.00045524,\"9\":0.0001677813,\"10\":0.0005233729,\"11\":-0.0002252981,\"12\":-0.001555809,\"13\":-0.0007786773,\"14\":0.0005546383,\"15\":0.0019090941,\"16\":-0.00317909,\"17\":0.0001293962,\"18\":0.0006859457,\"19\":0.0025769005,\"20\":0.0012244701,\"21\":-0.0007453463,\"22\":0.0004242258,\"23\":-0.0008577666,\"24\":0.0004638927,\"25\":-0.0001666461,\"26\":-0.0004976662,\"27\":0.0002271447,\"28\":0.0016433282,\"29\":0.0008003005,\"30\":-0.0005240077,\"31\":-0.0018238622}}", "formula": "count ~ mut * base1 * base2 - mut : base1 : base2", "rel_entropy": 0.0008270448089204305, "prob": 6.31799503716101e-07, "df": 9}, "('pos2', 'pos3')": {"deviance": 46.39534063095511, "stats": "{\"mut\":{\"0\":\"M\",\"1\":\"M\",\"2\":\"M\",\"3\":\"M\",\"4\":\"M\",\"5\":\"M\",\"6\":\"M\",\"7\":\"M\",\"8\":\"M\",\"9\":\"M\",\"10\":\"M\",\"11\":\"M\",\"12\":\"M\",\"13\":\"M\",\"14\":\"M\",\"15\":\"M\",\"16\":\"R\",\"17\":\"R\",\"18\":\"R\",\"19\":\"R\",\"20\":\"R\",\"21\":\"R\",\"22\":\"R\",\"23\":\"R\",\"24\":\"R\",\"25\":\"R\",\"26\":\"R\",\"27\":\"R\",\"28\":\"R\",\"29\":\"R\",\"30\":\"R\",\"31\":\"R\"},\"base1\":{\"0\":\"A\",\"1\":\"A\",\"2\":\"A\",\"3\":\"A\",\"4\":\"C\",\"5\":\"C\",\"6\":\"C\",\"7\":\"C\",\"8\":\"G\",\"9\":\"G\",\"10\":\"G\",\"11\":\"G\",\"12\":\"T\",\"13\":\"T\",\"14\":\"T\",\"15\":\"T\",\"16\":\"A\",\"17\":\"A\",\"18\":\"A\",\"19\":\"A\",\"20\":\"C\",\"21\":\"C\",\"22\":\"C\",\"23\":\"C\",\"24\":\"G\",\"25\":\"G\",\"26\":\"G\",\"27\":\"G\",\"28\":\"T\",\"29\":\"T\",\"30\":\"T\",\"31\":\"T\"},\"base2\":{\"0\":\"A\",\"1\":\"C\",\"2\":\"G\",\"3\":\"T\",\"4\":\"A\",\"5\":\"C\",\"6\":\"G\",\"7\":\"T\",\"8\":\"A\",\"9\":\"C\",\"10\":\"G\",\"11\":\"T\",\"12\":\"A\",\"13\":\"C\",\"14\":\"G\",\"15\":\"T\",\"16\":\"A\",\"17\":\"C\",\"18\":\"G\",\"19\":\"T\",\"20\":\"A\",\"21\":\"C\",\"22\":\"G\",\"23\":\"T\",\"24\":\"A\",\"25\":\"C\",\"26\":\"G\",\"27\":\"T\",\"28\":\"A\",\"29\":\"C\",\"30\":\"G\",\"31\":\"T\"},\"count\":{\"0\":679,\"1\":651,\"2\":757,\"3\":808,\"4\":784,\"5\":746,\"6\":95,\"7\":944,\"8\":1133,\"9\":1295,\"10\":1423,\"11\":1229,\"12\":719,\"13\":865,\"14\":797,\"15\":946,\"16\":1265,\"17\":1050,\"18\":1364,\"19\":1194,\"20\":1230,\"21\":919,\"22\":221,\"23\":1199,\"24\":169,\"25\":158,\"26\":209,\"27\":207,\"28\":886,\"29\":1127,\"30\":1317,\"31\":1356},\"fitted\":{\"0\":713.4987751379,\"1\":675.0385088645,\"2\":733.7489984656,\"3\":772.713717532,\"4\":814.632512746,\"5\":724.7037217772,\"6\":120.8865474574,\"7\":908.7772180194,\"8\":1132.5129083667,\"9\":1283.6952669134,\"10\":1401.9852811305,\"11\":1261.8065435894,\"12\":654.3558037494,\"13\":873.5625024449,\"14\":815.3791729466,\"15\":983.7025208592,\"16\":1230.5012248621,\"17\":1025.9614911355,\"18\":1387.2510015344,\"19\":1229.286282468,\"20\":1199.367487254,\"21\":940.2962782228,\"22\":195.1134525426,\"23\":1234.2227819806,\"24\":169.4870916333,\"25\":169.3047330866,\"26\":230.0147188695,\"27\":174.1934564106,\"28\":950.6441962506,\"29\":1118.4374975551,\"30\":1298.6208270534,\"31\":1318.2974791408},\"ret\":{\"0\":-0.001212997,\"1\":-0.0008508876,\"2\":0.0008512565,\"3\":0.0013005541,\"4\":-0.001083167,\"5\":0.0007788251,\"6\":-0.0008251994,\"7\":0.0012939485,\"8\":0.0000175617,\"9\":0.0004092843,\"10\":0.0007631546,\"11\":-0.0011670507,\"12\":0.0024416794,\"13\":-0.00030713,\"14\":-0.0006549802,\"15\":-0.0013326578,\"16\":0.0012608294,\"17\":0.0008765752,\"18\":-0.0008310524,\"19\":-0.0012535118,\"20\":0.001118175,\"21\":-0.0007588953,\"22\":0.0009924487,\"23\":-0.0012513636,\"24\":-0.0000175327,\"25\":-0.0003935774,\"26\":-0.000721797,\"27\":0.001287518,\"28\":-0.0022491058,\"29\":0.0003098261,\"30\":0.0006671697,\"31\":0.0013782924}}", "formula": "count ~ mut * base1 * base2 - mut : base1 : base2", "rel_entropy": 0.000836193148131986, "prob": 5.08524690625289e-07, "df": 9}, "('pos0', 'pos3')": {"deviance": 20.0772035980712,