{"pos12": {"deviance": 1239.4704772344985, "prob": 2.0013071478390836e-268, "formula": "count ~ mut * base - mut : base", "df": 3, "stats": "{\"mut\":{\"0\":\"M\",\"1\":\"M\",\"2\":\"M\",\"3\":\"M\",\"4\":\"R\",\"5\":\"R\",\"6\":\"R\",\"7\":\"R\"},\"base\":{\"0\":\"A\",\"1\":\"C\",\"2\":\"G\",\"3\":\"T\",\"4\":\"A\",\"5\":\"C\",\"6\":\"G\",\"7\":\"T\"},\"count\":{\"0\":58676,\"1\":37185,\"2\":47467,\"3\":62538,\"4\":58265,\"5\":45699,\"6\":42392,\"7\":59510},\"fitted\":{\"0\":58470.5000000002,\"1\":41442.0,\"2\":44929.5000000001,\"3\":61024.0000000001,\"4\":58470.5000000002,\"5\":41442.0,\"6\":44929.5000000001,\"7\":61024.0000000001},\"ret\":{\"0\":0.0004999871,\"1\":-0.0097890376,\"2\":0.0063338374,\"3\":0.0037223915,\"4\":-0.000498233,\"5\":0.0108529805,\"6\":-0.0059855827,\"7\":-0.0036311524}}", "rel_entropy": 0.001505190848943607}, "pos19": {"deviance": 10.663820515326236, "prob": 0.01368980916077635, "formula": "count ~ mut * base - mut : base", "df": 3, "stats": "{\"mut\":{\"0\":\"M\",\"1\":\"M\",\"2\":\"M\",\"3\":\"M\",\"4\":\"R\",\"5\":\"R\",\"6\":\"R\",\"7\":\"R\"},\"base\":{\"0\":\"A\",\"1\":\"C\",\"2\":\"G\",\"3\":\"T\",\"4\":\"A\",\"5\":\"C\",\"6\":\"G\",\"7\":\"T\"},\"count\":{\"0\":59527,\"1\":44593,\"2\":41064,\"3\":60682,\"4\":58830,\"5\":45349,\"6\":41136,\"7\":60551},\"fitted\":{\"0\":59178.5,\"1\":44971.0,\"2\":41100.0,\"3\":60616.5000000001,\"4\":59178.4999999999,\"5\":44970.9999999999,\"6\":41099.9999999999,\"7\":60616.4999999999},\"ret\":{\"0\":0.0008489118,\"1\":-0.0009142037,\"2\":-0.0000873972,\"3\":0.00015917,\"4\":-0.0008439272,\"5\":0.0009219205,\"6\":0.0000874738,\"7\":-0.0001589981}}", "rel_entropy": 1.2949953507774762e-05}, "pos8": {"deviance": 4657.940339168859, "prob": 0, "formula": "count ~ mut * base - mut : base", "df": 3, "stats": "{\"mut\":{\"0\":\"M\",\"1\":\"M\",\"2\":\"M\",\"3\":\"M\",\"4\":\"R\",\"5\":\"R\",\"6\":\"R\",\"7\":\"R\"},\"base\":{\"0\":\"A\",\"1\":\"C\",\"2\":\"G\",\"3\":\"T\",\"4\":\"A\",\"5\":\"C\",\"6\":\"G\",\"7\":\"T\"},\"count\":{\"0\":64301,\"1\":57973,\"2\":34765,\"3\":48827,\"4\":55431,\"5\":45569,\"6\":41179,\"7\":63687},\"fitted\":{\"0\":59865.9999999999,\"1\":51771.0,\"2\":37971.9999999999,\"3\":56257.0,\"4\":59865.9999999999,\"5\":51771.0,\"6\":37971.9999999999,\"7\":56257.0},\"ret\":{\"0\":0.011161057,\"1\":0.0159314429,\"2\":-0.0074504557,\"3\":-0.0167978199,\"4\":-0.0103623448,\"5\":-0.014122579,\"6\":0.0081090793,\"7\":0.0191881399}}", "rel_entropy": 0.005656519701127019}, "pos15": {"deviance": 34.82637100603688, "prob": 1.325612440391048e-07, "formula": "count ~ mut * base - mut : base", "df": 3, "stats": "{\"mut\":{\"0\":\"M\",\"1\":\"M\",\"2\":\"M\",\"3\":\"M\",\"4\":\"R\",\"5\":\"R\",\"6\":\"R\",\"7\":\"R\"},\"base\":{\"0\":\"A\",\"1\":\"C\",\"2\":\"G\",\"3\":\"T\",\"4\":\"A\",\"5\":\"C\",\"6\":\"G\",\"7\":\"T\"},\"count\":{\"0\":56075,\"1\":48590,\"2\":39210,\"3\":61991,\"4\":57221,\"5\":47426,\"6\":39880,\"7\":61339},\"fitted\":{\"0\":56647.9999999994,\"1\":48007.9999999997,\"2\":39544.9999999998,\"3\":61664.9999999996,\"4\":56647.9999999996,\"5\":48007.9999999999,\"6\":39544.9999999999,\"7\":61664.9999999998},\"ret\":{\"0\":-0.0013846196,\"1\":0.0014220746,\"2\":-0.00081018,\"3\":0.0007938664,\"4\":0.0013986969,\"5\":-0.0014049378,\"6\":0.0008170727,\"7\":-0.0007896806}}", "rel_entropy": 4.229252402781042e-05}, "pos4": {"deviance": 69.9474267387696, "prob": 4.3804234763522145e-15, "formula": "count ~ mut * base - mut : base", "df": 3, "stats": "{\"mut\":{\"0\":\"M\",\"1\":\"M\",\"2\":\"M\",\"3\":\"M\",\"4\":\"R\",\"5\":\"R\",\"6\":\"R\",\"7\":\"R\"},\"base\":{\"0\":\"A\",\"1\":\"C\",\"2\":\"G\",\"3\":\"T\",\"4\":\"A\",\"5\":\"C\",\"6\":\"G\",\"7\":\"T\"},\"count\":{\"0\":57742,\"1\":48889,\"2\":39849,\"3\":59386,\"4\":57351,\"5\":47006,\"6\":40224,\"7\":61285},\"fitted\":{\"0\":57546.4999999994,\"1\":47947.4999999998,\"2\":40036.4999999999,\"3\":60335.4999999997,\"4\":57546.4999999996,\"5\":47947.5,\"6\":40036.5,\"7\":60335.4999999999},\"ret\":{\"0\":0.0004756291,\"1\":0.0023089868,\"2\":-0.0004543253,\"3\":-0.0022878702,\"4\":-0.000474016,\"5\":-0.0022640825,\"6\":0.000456458,\"7\":0.0023241629}}", "rel_entropy": 8.494290793376467e-05}, "pos1": {"deviance": 42.72448523673275, "prob": 2.8158168134565834e-09, "formula": "count ~ mut * base - mut : base", "df": 3, "stats": "{\"mut\":{\"0\":\"M\",\"1\":\"M\",\"2\":\"M\",\"3\":\"M\",\"4\":\"R\",\"5\":\"R\",\"6\":\"R\",\"7\":\"R\"},\"base\":{\"0\":\"A\",\"1\":\"C\",\"2\":\"G\",\"3\":\"T\",\"4\":\"A\",\"5\":\"C\",\"6\":\"G\",\"7\":\"T\"},\"count\":{\"0\":60475,\"1\":44677,\"2\":39507,\"3\":61207,\"4\":58783,\"5\":45670,\"6\":40293,\"7\":61120},\"fitted\":{\"0\":59629.0000000003,\"1\":45173.5000000002,\"2\":39900.0000000001,\"3\":61163.5000000002,\"4\":59629.0000000002,\"5\":45173.5000000002,\"6\":39900.0000000001,\"7\":61163.5000000001},\"ret\":{\"0\":0.0020692422,\"1\":-0.0011992302,\"2\":-0.0009497881,\"3\":0.0001056888,\"4\":-0.0020400892,\"5\":0.0012124842,\"6\":0.0009591898,\"7\":-0.0001056137}}", "rel_entropy": 5.188385313351008e-05}, "pos0": {"deviance": 16.69480518569395, "prob": 0.0008165813751850824, "formula": "count ~ mut * base - mut : base", "df": 3, "stats": "{\"mut\":{\"0\":\"M\",\"1\":\"M\",\"2\":\"M\",\"3\":\"M\",\"4\":\"R\",\"5\":\"R\",\"6\":\"R\",\"7\":\"R\"},\"base\":{\"0\":\"A\",\"1\":\"C\",\"2\":\"G\",\"3\":\"T\",\"4\":\"A\",\"5\":\"C\",\"6\":\"G\",\"7\":\"T\"},\"count\":{\"0\":59515,\"1\":44872,\"2\":42027,\"3\":59452,\"4\":58373,\"5\":45254,\"6\":42584,\"7\":59655},\"fitted\":{\"0\":58944.0,\"1\":45063.0,\"2\":42305.5,\"3\":59553.5,\"4\":58943.9999999999,\"5\":45062.9999999999,\"6\":42305.5,\"7\":59553.4999999999},\"ret\":{\"0\":0.00139352,\"1\":-0.0004629095,\"2\":-0.0006741795,\"3\":-0.0002463094,\"4\":-0.0013800854,\"5\":0.0004648757,\"6\":0.0006786324,\"7\":0.0002467295}}", "rel_entropy": 2.027387376460167e-05}, "pos9": {"deviance": 1851.8573327640643, "prob": 0, "formula": "count ~ mut * base - mut : base", "df": 3, "stats": "{\"mut\":{\"0\":\"M\",\"1\":\"M\",\"2\":\"M\",\"3\":\"M\",\"4\":\"R\",\"5\":\"R\",\"6\":\"R\",\"7\":\"R\"},\"base\":{\"0\":\"A\",\"1\":\"C\",\"2\":\"G\",\"3\":\"T\",\"4\":\"A\",\"5\":\"C\",\"6\":\"G\",\"7\":\"T\"},\"count\":{\"0\":57020,\"1\":46011,\"2\":33125,\"3\":69710,\"4\":51834,\"5\":50674,\"6\":41407,\"7\":61951},\"fitted\":{\"0\":54427.0000000004,\"1\":48342.5000000002,\"2\":37266.0000000001,\"3\":65830.5000000002,\"4\":54427.0000000003,\"5\":48342.5000000001,\"6\":37266.0,\"7\":65830.5000000001},\"ret\":{\"0\":0.0064454776,\"1\":-0.0055238626,\"2\":-0.0094767868,\"3\":0.0096947311,\"4\":-0.0061453262,\"5\":0.005797072,\"6\":0.0105966896,\"7\":-0.0091391322}}", "rel_entropy": 0.0022488625280085886}, "pos6": {"deviance": 391.56227470113873, "prob": 1.4885992145167527e-84, "formula": "count ~ mut * base - mut : base", "df": 3, "stats": "{\"mut\":{\"0\":\"M\",\"1\":\"M\",\"2\":\"M\",\"3\":\"M\",\"4\":\"R\",\"5\":\"R\",\"6\":\"R\",\"7\":\"R\"},\"base\":{\"0\":\"A\",\"1\":\"C\",\"2\":\"G\",\"3\":\"T\",\"4\":\"A\",\"5\":\"C\",\"6\":\"G\",\"7\":\"T\"},\"count\":{\"0\":58266,\"1\":49682,\"2\":41945,\"3\":55973,\"4\":58711,\"5\":45084,\"6\":41704,\"7\":60367},\"fitted\":{\"0\":58488.4999999997,\"1\":47383.0000000114,\"2\":41824.4999999999,\"3\":58170.0000000017,\"4\":58488.4999999999,\"5\":47383.0000000115,\"6\":41824.5000000001,\"7\":58170.0000000019},\"ret\":{\"0\":-0.0005393709,\"1\":0.00571705,\"2\":0.0002930873,\"3\":-0.0052339356,\"4\":0.0005414267,\"5\":-0.0054460238,\"6\":-0.0002922441,\"7\":0.0054355166}}", "rel_entropy": 0.0004755062452045733}, "pos13": {"deviance": 92.29578772934636, "prob": 7.036984884351321e-20, "formula": "count ~ mut * base - mut : base", "df": 3,