{"pos2": {"stats": "{\"mut\":{\"0\":\"M\",\"1\":\"M\",\"2\":\"M\",\"3\":\"M\",\"4\":\"R\",\"5\":\"R\",\"6\":\"R\",\"7\":\"R\"},\"base\":{\"0\":\"A\",\"1\":\"C\",\"2\":\"G\",\"3\":\"T\",\"4\":\"A\",\"5\":\"C\",\"6\":\"G\",\"7\":\"T\"},\"count\":{\"0\":37538,\"1\":28951,\"2\":57590,\"3\":66189,\"4\":43626,\"5\":37350,\"6\":45305,\"7\":63987},\"fitted\":{\"0\":40582.0000000001,\"1\":33150.5000000001,\"2\":51447.5000000001,\"3\":65088.0000000001,\"4\":40582.0000000001,\"5\":33150.5000000001,\"6\":51447.5000000001,\"7\":65088.0000000001},\"ret\":{\"0\":-0.0076914414,\"1\":-0.0103052047,\"2\":0.017069101,\"3\":0.0029176213,\"4\":0.0082920175,\"5\":0.011706975,\"6\":-0.0151372804,\"7\":-0.0028686774}}", "deviance": 3031.4342544441424, "df": 3, "rel_entropy": 0.00398311099928015, "formula": "count ~ mut * base - mut : base", "prob": 0}, "pos3": {"stats": "{\"mut\":{\"0\":\"M\",\"1\":\"M\",\"2\":\"M\",\"3\":\"M\",\"4\":\"R\",\"5\":\"R\",\"6\":\"R\",\"7\":\"R\"},\"base\":{\"0\":\"A\",\"1\":\"C\",\"2\":\"G\",\"3\":\"T\",\"4\":\"A\",\"5\":\"C\",\"6\":\"G\",\"7\":\"T\"},\"count\":{\"0\":54810,\"1\":36010,\"2\":34627,\"3\":64821,\"4\":52731,\"5\":38276,\"6\":32775,\"7\":66486},\"fitted\":{\"0\":53770.5000000004,\"1\":37143.0000000004,\"2\":33701.0000000002,\"3\":65653.5000000002,\"4\":53770.5000000002,\"5\":37143.0000000002,\"6\":33701.0000000001,\"7\":65653.4999999999},\"ret\":{\"0\":0.0027579093,\"1\":-0.0029314998,\"2\":0.002466539,\"3\":-0.0021737744,\"4\":-0.0027050968,\"5\":0.003022335,\"6\":-0.0023996679,\"7\":0.0022015157}}", "deviance": 181.33303054070984, "df": 3, "rel_entropy": 0.0002382600207874023, "formula": "count ~ mut * base - mut : base", "prob": 4.5455532802138759e-39}, "pos0": {"stats": "{\"mut\":{\"0\":\"M\",\"1\":\"M\",\"2\":\"M\",\"3\":\"M\",\"4\":\"R\",\"5\":\"R\",\"6\":\"R\",\"7\":\"R\"},\"base\":{\"0\":\"A\",\"1\":\"C\",\"2\":\"G\",\"3\":\"T\",\"4\":\"A\",\"5\":\"C\",\"6\":\"G\",\"7\":\"T\"},\"count\":{\"0\":60838,\"1\":34573,\"2\":30586,\"3\":64271,\"4\":53894,\"5\":36853,\"6\":33297,\"7\":66224},\"fitted\":{\"0\":57366.0000000806,\"1\":35712.9999999998,\"2\":31941.5000000023,\"3\":65247.4999999992,\"4\":57366.0000000823,\"5\":35713.0000000009,\"6\":31941.5000000032,\"7\":65247.5000000012},\"ret\":{\"0\":0.0093946729,\"1\":-0.0029474431,\"2\":-0.0034854065,\"3\":-0.0025468184,\"4\":-0.0088421191,\"5\":0.0030430879,\"6\":0.0036366158,\"7\":0.0025852246}}", "deviance": 637.6368170877454, "df": 3, "rel_entropy": 0.0008378140531878001, "formula": "count ~ mut * base - mut : base", "prob": 6.9796026578746584e-138}, "pos1": {"stats": "{\"mut\":{\"0\":\"M\",\"1\":\"M\",\"2\":\"M\",\"3\":\"M\",\"4\":\"R\",\"5\":\"R\",\"6\":\"R\",\"7\":\"R\"},\"base\":{\"0\":\"A\",\"1\":\"C\",\"2\":\"G\",\"3\":\"T\",\"4\":\"A\",\"5\":\"C\",\"6\":\"G\",\"7\":\"T\"},\"count\":{\"0\":51213,\"1\":38836,\"2\":30490,\"3\":69729,\"4\":51507,\"5\":43062,\"6\":31402,\"7\":64297},\"fitted\":{\"0\":51359.9999999999,\"1\":40949.0000000161,\"2\":30946.0,\"3\":67013.0000000037,\"4\":51359.9999999998,\"5\":40949.000000016,\"6\":30946.0,\"7\":67013.0000000036},\"ret\":{\"0\":-0.0003857439,\"1\":-0.0054069027,\"2\":-0.0011894373,\"3\":0.0072800212,\"4\":0.0003868495,\"5\":0.0056935533,\"6\":0.0012070955,\"7\":-0.006990671}}", "deviance": 452.6586123299425, "df": 3, "rel_entropy": 0.0005947645062884228, "formula": "count ~ mut * base - mut : base", "prob": 8.653921794938286e-98}}