{"('pos1', 'pos2')": {"stats": "{\"mut\":{\"0\":\"M\",\"1\":\"M\",\"2\":\"M\",\"3\":\"M\",\"4\":\"M\",\"5\":\"M\",\"6\":\"M\",\"7\":\"M\",\"8\":\"M\",\"9\":\"M\",\"10\":\"M\",\"11\":\"M\",\"12\":\"M\",\"13\":\"M\",\"14\":\"M\",\"15\":\"M\",\"16\":\"R\",\"17\":\"R\",\"18\":\"R\",\"19\":\"R\",\"20\":\"R\",\"21\":\"R\",\"22\":\"R\",\"23\":\"R\",\"24\":\"R\",\"25\":\"R\",\"26\":\"R\",\"27\":\"R\",\"28\":\"R\",\"29\":\"R\",\"30\":\"R\",\"31\":\"R\"},\"base1\":{\"0\":\"A\",\"1\":\"A\",\"2\":\"A\",\"3\":\"A\",\"4\":\"C\",\"5\":\"C\",\"6\":\"C\",\"7\":\"C\",\"8\":\"G\",\"9\":\"G\",\"10\":\"G\",\"11\":\"G\",\"12\":\"T\",\"13\":\"T\",\"14\":\"T\",\"15\":\"T\",\"16\":\"A\",\"17\":\"A\",\"18\":\"A\",\"19\":\"A\",\"20\":\"C\",\"21\":\"C\",\"22\":\"C\",\"23\":\"C\",\"24\":\"G\",\"25\":\"G\",\"26\":\"G\",\"27\":\"G\",\"28\":\"T\",\"29\":\"T\",\"30\":\"T\",\"31\":\"T\"},\"base2\":{\"0\":\"A\",\"1\":\"C\",\"2\":\"G\",\"3\":\"T\",\"4\":\"A\",\"5\":\"C\",\"6\":\"G\",\"7\":\"T\",\"8\":\"A\",\"9\":\"C\",\"10\":\"G\",\"11\":\"T\",\"12\":\"A\",\"13\":\"C\",\"14\":\"G\",\"15\":\"T\",\"16\":\"A\",\"17\":\"C\",\"18\":\"G\",\"19\":\"T\",\"20\":\"A\",\"21\":\"C\",\"22\":\"G\",\"23\":\"T\",\"24\":\"A\",\"25\":\"C\",\"26\":\"G\",\"27\":\"T\",\"28\":\"A\",\"29\":\"C\",\"30\":\"G\",\"31\":\"T\"},\"count\":{\"0\":12419,\"1\":6660,\"2\":17047,\"3\":15087,\"4\":6273,\"5\":7934,\"6\":12507,\"7\":12122,\"8\":5403,\"9\":3950,\"10\":11804,\"11\":9333,\"12\":13443,\"13\":10407,\"14\":16232,\"15\":29647,\"16\":14119,\"17\":8547,\"18\":11906,\"19\":16935,\"20\":8415,\"21\":10094,\"22\":11952,\"23\":12601,\"24\":7351,\"25\":5780,\"26\":9070,\"27\":9201,\"28\":13741,\"29\":12929,\"30\":12377,\"31\":25250},\"fitted\":{\"0\":12210.7004896963,\"1\":6628.533070121,\"2\":16234.4604007217,\"3\":16139.306039507,\"4\":6407.8277830671,\"5\":7433.4002988371,\"6\":13130.3176653688,\"7\":11864.4542527394,\"8\":5731.2083017614,\"9\":4137.6965776559,\"10\":11480.8261342323,\"11\":9140.2689863554,\"12\":13188.2634254792,\"13\":10751.3700533967,\"14\":16744.3957996882,\"15\":29044.9707214364,\"16\":14327.2995103038,\"17\":8578.466929879,\"18\":12718.5395993085,\"19\":15882.6939605801,\"20\":8280.1722169331,\"21\":10594.5997011779,\"22\":11328.6823346407,\"23\":12858.5457472608,\"24\":7022.7916982444,\"25\":5592.3034223451,\"26\":9393.1738657681,\"27\":9393.7310136448,\"28\":13995.7365745208,\"29\":12584.6299466037,\"30\":11864.6042003141,\"31\":25852.0292785636},\"ret\":{\"0\":0.000552027,\"1\":0.000082887,\"2\":0.0021878154,\"3\":-0.0026731484,\"4\":-0.0003505562,\"5\":0.0013588462,\"6\":-0.0015984897,\"7\":0.0006840905,\"8\":-0.0008373081,\"9\":-0.0004818821,\"10\":0.0008611019,\"11\":0.0005117751,\"12\":0.000675839,\"13\":-0.0008903101,\"14\":-0.001325695,\"15\":0.0015983399,\"16\":-0.000543386,\"17\":-0.0000825392,\"18\":-0.002065543,\"19\":0.0028549753,\"20\":0.0003571793,\"21\":-0.0012839314,\"22\":0.0016822571,\"23\":-0.0006699738,\"24\":0.0008823368,\"25\":0.000501429,\"26\":-0.0008344797,\"27\":-0.0005012409,\"28\":-0.0006632859,\"29\":0.0009172309,\"30\":0.0013751768,\"31\":-0.0015634903}}", "deviance": 546.4858726219364, "df": 9, "rel_entropy": 0.000718047533770703, "formula": "count ~ mut * base1 * base2 - mut : base1 : base2", "prob": 6.3089301508770733e-112}, "('pos1', 'pos3')": {"stats": "{\"mut\":{\"0\":\"M\",\"1\":\"M\",\"2\":\"M\",\"3\":\"M\",\"4\":\"M\",\"5\":\"M\",\"6\":\"M\",\"7\":\"M\",\"8\":\"M\",\"9\":\"M\",\"10\":\"M\",\"11\":\"M\",\"12\":\"M\",\"13\":\"M\",\"14\":\"M\",\"15\":\"M\",\"16\":\"R\",\"17\":\"R\",\"18\":\"R\",\"19\":\"R\",\"20\":\"R\",\"21\":\"R\",\"22\":\"R\",\"23\":\"R\",\"24\":\"R\",\"25\":\"R\",\"26\":\"R\",\"27\":\"R\",\"28\":\"R\",\"29\":\"R\",\"30\":\"R\",\"31\":\"R\"},\"base1\":{\"0\":\"A\",\"1\":\"A\",\"2\":\"A\",\"3\":\"A\",\"4\":\"C\",\"5\":\"C\",\"6\":\"C\",\"7\":\"C\",\"8\":\"G\",\"9\":\"G\",\"10\":\"G\",\"11\":\"G\",\"12\":\"T\",\"13\":\"T\",\"14\":\"T\",\"15\":\"T\",\"16\":\"A\",\"17\":\"A\",\"18\":\"A\",\"19\":\"A\",\"20\":\"C\",\"21\":\"C\",\"22\":\"C\",\"23\":\"C\",\"24\":\"G\",\"25\":\"G\",\"26\":\"G\",\"27\":\"G\",\"28\":\"T\",\"29\":\"T\",\"30\":\"T\",\"31\":\"T\"},\"base2\":{\"0\":\"A\",\"1\":\"C\",\"2\":\"G\",\"3\":\"T\",\"4\":\"A\",\"5\":\"C\",\"6\":\"G\",\"7\":\"T\",\"8\":\"A\",\"9\":\"C\",\"10\":\"G\",\"11\":\"T\",\"12\":\"A\",\"13\":\"C\",\"14\":\"G\",\"15\":\"T\",\"16\":\"A\",\"17\":\"C\",\"18\":\"G\",\"19\":\"T\",\"20\":\"A\",\"21\":\"C\",\"22\":\"G\",\"23\":\"T\",\"24\":\"A\",\"25\":\"C\",\"26\":\"G\",\"27\":\"T\",\"28\":\"A\",\"29\":\"C\",\"30\":\"G\",\"31\":\"T\"},\"count\":{\"0\":15051,\"1\":9709,\"2\":9777,\"3\":16676,\"4\":10964,\"5\":9105,\"6\":6800,\"7\":11967,\"8\":7699,\"9\":5393,\"10\":6284,\"11\":11114,\"12\":21096,\"13\":11803,\"14\":11766,\"15\":25064,\"16\":15183,\"17\":9495,\"18\":8311,\"19\":18518,\"20\":11424,\"21\":9882,\"22\":7850,\"23\":13906,\"24\":8710,\"25\":5993,\"26\":6252,\"27\":10447,\"28\":17414,\"29\":12906,\"30\":10362,\"31\":23615},\"fitted\":{\"0\":15348.6261745965,\"1\":9302.578296358,\"2\":9275.8235136569,\"3\":17285.9720153958,\"4\":10832.4814887485,\"5\":8746.7323727155,\"6\":7163.9350212619,\"7\":12092.8511172766,\"8\":8230.9279371436,\"9\":5446.6717838788,\"10\":6352.839719882,\"11\":10459.5605591319,\"12\":20397.9643995323,\"13\":12514.0175470614,\"14\":11834.4017452075,\"15\":24982.6163082117,\"16\":14885.3738254034,\"17\":9901.4217036436,\"18\":8812.1764863559,\"19\":17908.0279846048,\"20\":11555.5185112515,\"21\":10240.2676272851,\"22\":7486.0649787424,\"23\":13780.1488827234,\"24\":8178.0720628965,\"25\":5939.3282161212,\"26\":6183.160280118,\"27\":11101.4394408991,\"28\":18112.0356004686,\"29\":12194.982452962,\"30\":10293.5982547925,\"31\":23696.3836917883},\"ret\":{\"0\":-0.000774491,\"1\":0.0010910223,\"2\":0.0013519835,\"3\":-0.0015743085,\"4\":0.0003477035,\"5\":0.0009605052,\"6\":-0.0009316602,\"7\":-0.0003289937,\"8\":-0.0013516649,\"9\":-0.0001403454,\"10\":-0.0001799183,\"11\":0.0017724972,\"12\":0.0018653829,\"13\":-0.0018143475,\"14\":-0.0001792306,\"15\":0.0002142139,\"16\":0.0007898911,\"17\":-0.0010457986,\"18\":-0.0012788451,\"19\":0.0016299227,\"20\":-0.0003436396,\"21\":-0.0009248167,\"22\":0.000979254,\"23\":0.0003322263,\"24\":0.0014423439,\"25\":0.000141678,\"26\":0.0001819053,\"27\":-0.0016680654,\"28\":-0.0017985376,\"29\":0.0019219041,\"30\":0.000180347,\"31\":-0.0002134983}}", "deviance": 498.21249326798414, "df": 9, "rel_entropy": 0.0006546193964145102, "formula": "count ~ mut * base1 * base2 - mut : base1 : base2", "prob": 1.3878860404879772e-101},