{"pos2": {"stats": "{\"mut\":{\"0\":\"M\",\"1\":\"M\",\"2\":\"M\",\"3\":\"M\",\"4\":\"R\",\"5\":\"R\",\"6\":\"R\",\"7\":\"R\"},\"base\":{\"0\":\"A\",\"1\":\"C\",\"2\":\"G\",\"3\":\"T\",\"4\":\"A\",\"5\":\"C\",\"6\":\"G\",\"7\":\"T\"},\"count\":{\"0\":525,\"1\":477,\"2\":630,\"3\":328,\"4\":507,\"5\":402,\"6\":579,\"7\":472},\"fitted\":{\"0\":516.0,\"1\":439.5,\"2\":604.5,\"3\":400.0,\"4\":516.0,\"5\":439.5,\"6\":604.5,\"7\":400.0},\"ret\":{\"0\":0.0023158255,\"1\":0.00996331,\"2\":0.0066404169,\"3\":-0.0166050785,\"4\":-0.0022757784,\"5\":-0.0091460772,\"6\":-0.0063659266,\"7\":0.0199292895}}", "deviance": 34.93489164245996, "df": 3, "rel_entropy": 0.004455981076844383, "formula": "count ~ mut * base - mut : base", "prob": 1.2574520783504357e-07}, "pos3": {"stats": "{\"mut\":{\"0\":\"M\",\"1\":\"M\",\"2\":\"M\",\"3\":\"M\",\"4\":\"R\",\"5\":\"R\",\"6\":\"R\",\"7\":\"R\"},\"base\":{\"0\":\"A\",\"1\":\"C\",\"2\":\"G\",\"3\":\"T\",\"4\":\"A\",\"5\":\"C\",\"6\":\"G\",\"7\":\"T\"},\"count\":{\"0\":502,\"1\":500,\"2\":498,\"3\":460,\"4\":549,\"5\":472,\"6\":441,\"7\":498},\"fitted\":{\"0\":525.5000000001,\"1\":486.0,\"2\":469.5000000007,\"3\":479.0,\"4\":525.5000000001,\"5\":486.0,\"6\":469.5000000007,\"7\":479.0},\"ret\":{\"0\":-0.0058588101,\"1\":0.003622382,\"2\":0.0074867412,\"3\":-0.0047495127,\"4\":0.0061269872,\"5\":-0.0035194871,\"6\":-0.0070451351,\"7\":0.0049418216}}", "deviance": 7.879099254872678, "df": 3, "rel_entropy": 0.001004987149856209, "formula": "count ~ mut * base - mut : base", "prob": 0.048577572439929904}, "pos0": {"stats": "{\"mut\":{\"0\":\"M\",\"1\":\"M\",\"2\":\"M\",\"3\":\"M\",\"4\":\"R\",\"5\":\"R\",\"6\":\"R\",\"7\":\"R\"},\"base\":{\"0\":\"A\",\"1\":\"C\",\"2\":\"G\",\"3\":\"T\",\"4\":\"A\",\"5\":\"C\",\"6\":\"G\",\"7\":\"T\"},\"count\":{\"0\":523,\"1\":465,\"2\":521,\"3\":451,\"4\":541,\"5\":447,\"6\":488,\"7\":484},\"fitted\":{\"0\":532.0,\"1\":456.0,\"2\":504.5,\"3\":467.5,\"4\":532.0,\"5\":456.0,\"6\":504.5,\"7\":467.5},\"ret\":{\"0\":-0.0022763876,\"1\":0.0023184279,\"2\":0.0042772774,\"3\":-0.0041340143,\"4\":0.0023152301,\"5\":-0.0022731107,\"6\":-0.0041395887,\"7\":0.0042826046}}", "deviance": 2.904238757750065, "df": 3, "rel_entropy": 0.00037043861705995723, "formula": "count ~ mut * base - mut : base", "prob": 0.40662654321514802}, "pos1": {"stats": "{\"mut\":{\"0\":\"M\",\"1\":\"M\",\"2\":\"M\",\"3\":\"M\",\"4\":\"R\",\"5\":\"R\",\"6\":\"R\",\"7\":\"R\"},\"base\":{\"0\":\"A\",\"1\":\"C\",\"2\":\"G\",\"3\":\"T\",\"4\":\"A\",\"5\":\"C\",\"6\":\"G\",\"7\":\"T\"},\"count\":{\"0\":844,\"1\":523,\"2\":411,\"3\":182,\"4\":540,\"5\":595,\"6\":474,\"7\":351},\"fitted\":{\"0\":692.0,\"1\":559.0,\"2\":442.5,\"3\":266.5000000001,\"4\":692.0,\"5\":559.0,\"6\":442.5,\"7\":266.5000000001},\"ret\":{\"0\":0.0427525916,\"1\":-0.0088813951,\"2\":-0.0077426581,\"3\":-0.0177063508,\"4\":-0.0341655818,\"5\":0.0094732397,\"6\":0.0083151761,\"7\":0.0246606135}}", "deviance": 130.97217898266712, "df": 3, "rel_entropy": 0.016705635074319786, "formula": "count ~ mut * base - mut : base", "prob": 3.3385742765914721e-28}}