{"('pos1', 'pos2')": {"stats": "{\"mut\":{\"0\":\"M\",\"1\":\"M\",\"2\":\"M\",\"3\":\"M\",\"4\":\"M\",\"5\":\"M\",\"6\":\"M\",\"7\":\"M\",\"8\":\"M\",\"9\":\"M\",\"10\":\"M\",\"11\":\"M\",\"12\":\"M\",\"13\":\"M\",\"14\":\"M\",\"15\":\"M\",\"16\":\"R\",\"17\":\"R\",\"18\":\"R\",\"19\":\"R\",\"20\":\"R\",\"21\":\"R\",\"22\":\"R\",\"23\":\"R\",\"24\":\"R\",\"25\":\"R\",\"26\":\"R\",\"27\":\"R\",\"28\":\"R\",\"29\":\"R\",\"30\":\"R\",\"31\":\"R\"},\"base1\":{\"0\":\"A\",\"1\":\"A\",\"2\":\"A\",\"3\":\"A\",\"4\":\"C\",\"5\":\"C\",\"6\":\"C\",\"7\":\"C\",\"8\":\"G\",\"9\":\"G\",\"10\":\"G\",\"11\":\"G\",\"12\":\"T\",\"13\":\"T\",\"14\":\"T\",\"15\":\"T\",\"16\":\"A\",\"17\":\"A\",\"18\":\"A\",\"19\":\"A\",\"20\":\"C\",\"21\":\"C\",\"22\":\"C\",\"23\":\"C\",\"24\":\"G\",\"25\":\"G\",\"26\":\"G\",\"27\":\"G\",\"28\":\"T\",\"29\":\"T\",\"30\":\"T\",\"31\":\"T\"},\"base2\":{\"0\":\"A\",\"1\":\"C\",\"2\":\"G\",\"3\":\"T\",\"4\":\"A\",\"5\":\"C\",\"6\":\"G\",\"7\":\"T\",\"8\":\"A\",\"9\":\"C\",\"10\":\"G\",\"11\":\"T\",\"12\":\"A\",\"13\":\"C\",\"14\":\"G\",\"15\":\"T\",\"16\":\"A\",\"17\":\"C\",\"18\":\"G\",\"19\":\"T\",\"20\":\"A\",\"21\":\"C\",\"22\":\"G\",\"23\":\"T\",\"24\":\"A\",\"25\":\"C\",\"26\":\"G\",\"27\":\"T\",\"28\":\"A\",\"29\":\"C\",\"30\":\"G\",\"31\":\"T\"},\"count\":{\"0\":243,\"1\":128,\"2\":355,\"3\":118,\"4\":90,\"5\":220,\"6\":132,\"7\":81,\"8\":147,\"9\":67,\"10\":124,\"11\":73,\"12\":45,\"13\":62,\"14\":19,\"15\":56,\"16\":161,\"17\":96,\"18\":150,\"19\":133,\"20\":130,\"21\":136,\"22\":203,\"23\":126,\"24\":121,\"25\":91,\"26\":158,\"27\":104,\"28\":95,\"29\":79,\"30\":68,\"31\":109},\"fitted\":{\"0\":248.5002737663,\"1\":150.0983646058,\"2\":311.2330921796,\"3\":134.1682694483,\"4\":101.9166563655,\"5\":186.228466086,\"6\":155.6150209065,\"7\":79.239856642,\"8\":125.8167881647,\"9\":83.6345888124,\"10\":132.7466027056,\"11\":68.8020203173,\"12\":48.7662817034,\"13\":57.0385804958,\"14\":30.4052842084,\"15\":45.7898535924,\"16\":155.4997262337,\"17\":73.9016353942,\"18\":193.7669078204,\"19\":116.8317305517,\"20\":118.0833436345,\"21\":169.771533914,\"22\":179.3849790935,\"23\":127.760143358,\"24\":142.1832118353,\"25\":74.3654111876,\"26\":149.2533972944,\"27\":108.1979796827,\"28\":91.2337182966,\"29\":83.9614195042,\"30\":56.5947157916,\"31\":119.2101464076},\"ret\":{\"0\":-0.0013874868,\"1\":-0.0052003454,\"2\":0.0119156534,\"3\":-0.003865407,\"4\":-0.0028548761,\"5\":0.0093529921,\"6\":-0.005542088,\"7\":0.0004539666,\"8\":0.0058352175,\"9\":-0.0037903636,\"10\":-0.0021560975,\"11\":0.0011029393,\"12\":-0.000922691,\"13\":0.0013191844,\"14\":-0.0022789212,\"15\":0.0028755594,\"16\":0.001427659,\"17\":0.0064068547,\"18\":-0.009796708,\"19\":0.0043976324,\"20\":0.0031884415,\"21\":-0.007695058,\"22\":0.0064044305,\"23\":-0.0004459088,\"24\":-0.0049797027,\"25\":0.0046862348,\"26\":0.0022954143,\"27\":-0.0010498639,\"28\":0.0009803502,\"29\":-0.0012275139,\"30\":0.0031847607,\"31\":-0.0024897599}}", "deviance": 79.53287110840446, "df": 9, "rel_entropy": 0.010144498865867916, "formula": "count ~ mut * base1 * base2 - mut : base1 : base2", "prob": 2.0009763367353251e-13}, "('pos1', 'pos3')": {"stats": "{\"mut\":{\"0\":\"M\",\"1\":\"M\",\"2\":\"M\",\"3\":\"M\",\"4\":\"M\",\"5\":\"M\",\"6\":\"M\",\"7\":\"M\",\"8\":\"M\",\"9\":\"M\",\"10\":\"M\",\"11\":\"M\",\"12\":\"M\",\"13\":\"M\",\"14\":\"M\",\"15\":\"M\",\"16\":\"R\",\"17\":\"R\",\"18\":\"R\",\"19\":\"R\",\"20\":\"R\",\"21\":\"R\",\"22\":\"R\",\"23\":\"R\",\"24\":\"R\",\"25\":\"R\",\"26\":\"R\",\"27\":\"R\",\"28\":\"R\",\"29\":\"R\",\"30\":\"R\",\"31\":\"R\"},\"base1\":{\"0\":\"A\",\"1\":\"A\",\"2\":\"A\",\"3\":\"A\",\"4\":\"C\",\"5\":\"C\",\"6\":\"C\",\"7\":\"C\",\"8\":\"G\",\"9\":\"G\",\"10\":\"G\",\"11\":\"G\",\"12\":\"T\",\"13\":\"T\",\"14\":\"T\",\"15\":\"T\",\"16\":\"A\",\"17\":\"A\",\"18\":\"A\",\"19\":\"A\",\"20\":\"C\",\"21\":\"C\",\"22\":\"C\",\"23\":\"C\",\"24\":\"G\",\"25\":\"G\",\"26\":\"G\",\"27\":\"G\",\"28\":\"T\",\"29\":\"T\",\"30\":\"T\",\"31\":\"T\"},\"base2\":{\"0\":\"A\",\"1\":\"C\",\"2\":\"G\",\"3\":\"T\",\"4\":\"A\",\"5\":\"C\",\"6\":\"G\",\"7\":\"T\",\"8\":\"A\",\"9\":\"C\",\"10\":\"G\",\"11\":\"T\",\"12\":\"A\",\"13\":\"C\",\"14\":\"G\",\"15\":\"T\",\"16\":\"A\",\"17\":\"C\",\"18\":\"G\",\"19\":\"T\",\"20\":\"A\",\"21\":\"C\",\"22\":\"G\",\"23\":\"T\",\"24\":\"A\",\"25\":\"C\",\"26\":\"G\",\"27\":\"T\",\"28\":\"A\",\"29\":\"C\",\"30\":\"G\",\"31\":\"T\"},\"count\":{\"0\":245,\"1\":164,\"2\":201,\"3\":234,\"4\":97,\"5\":216,\"6\":117,\"7\":93,\"8\":113,\"9\":81,\"10\":153,\"11\":64,\"12\":47,\"13\":39,\"14\":27,\"15\":69,\"16\":175,\"17\":114,\"18\":101,\"19\":150,\"20\":152,\"21\":176,\"22\":130,\"23\":137,\"24\":126,\"25\":115,\"26\":147,\"27\":86,\"28\":96,\"29\":67,\"30\":63,\"31\":125},\"fitted\":{\"0\":245.4095481953,\"1\":176.2430496551,\"2\":194.1994904926,\"3\":228.147911657,\"4\":108.0552989826,\"5\":190.4220621632,\"6\":122.4128306944,\"7\":102.1098081598,\"8\":102.8611156334,\"9\":94.49777183,\"10\":147.5868714206,\"11\":66.054241116,\"12\":45.6740371887,\"13\":38.8371163517,\"14\":33.8008073924,\"15\":63.6880390672,\"16\":174.5904518047,\"17\":101.7569503449,\"18\":107.8005095074,\"19\":155.852088343,\"20\":140.9447010174,\"21\":201.5779378368,\"22\":124.5871693056,\"23\":127.8901918402,\"24\":136.1388843666,\"25\":101.50222817,\"26\":152.4131285795,\"27\":83.945758884,\"28\":97.3259628113,\"29\":67.1628836483,\"30\":56.1991926076,\"31\":130.3119609328},\"ret\":{\"0\":-0.0001043894,\"1\":-0.0030121436,\"2\":0.0017648505,\"3\":0.0015118645,\"4\":-0.0026707699,\"5\":0.0069448088,\"6\":-0.0013498354,\"7\":-0.0022170368,\"8\":0.0027099283,\"9\":-0.0031847692,\"10\":0.0014059201,\"11\":-0.0005158066,\"12\":0.0003431189,\"13\":0.000041639,\"14\":-0.0015473192,\"15\":0.0014100947,\"16\":0.000104599,\"17\":0.0033040026,\"18\":-0.0016789155,\"19\":-0.0014644941,\"20\":0.0029280512,\"21\":-0.0060922984,\"22\":0.0014103947,\"23\":0.0024048011,\"24\":-0.0024876536,\"25\":0.0036627317,\"26\":-0.0013560824,\"27\":0.0005304013,\"28\":-0.0003359411,\"29\":-0.0000415015,\"30\":0.0018358768,\"31\":-0.0013270899}}", "deviance": 22.947970096731957, "df": 9, "rel_entropy": 0.002927037002134178, "formula": "count ~ mut * base1 * base2 - mut : base1 : base2", "prob": 0.0063142323975890003},