{"pos2": {"stats": "{\"mut\":{\"0\":\"M\",\"1\":\"M\",\"2\":\"M\",\"3\":\"M\",\"4\":\"R\",\"5\":\"R\",\"6\":\"R\",\"7\":\"R\"},\"base\":{\"0\":\"A\",\"1\":\"C\",\"2\":\"G\",\"3\":\"T\",\"4\":\"A\",\"5\":\"C\",\"6\":\"G\",\"7\":\"T\"},\"count\":{\"0\":1293,\"1\":984,\"2\":1208,\"3\":1417,\"4\":1131,\"5\":976,\"6\":1146,\"7\":1649},\"fitted\":{\"0\":1212.0000000039,\"1\":980.0000000001,\"2\":1177.0000000001,\"3\":1533.0000000131,\"4\":1212.0000000036,\"5\":979.9999999999,\"6\":1176.9999999999,\"7\":1533.0000000128},\"ret\":{\"0\":0.0085320607,\"1\":0.0004088283,\"2\":0.0032032541,\"3\":-0.0113725147,\"4\":-0.00797949,\"5\":-0.000407163,\"6\":-0.003119964,\"7\":0.012268675}}", "deviance": 30.072525670443966, "df": 3, "rel_entropy": 0.0015336865397003246, "formula": "count ~ mut * base - mut : base", "prob": 1.3324188308531105e-06}, "pos3": {"stats": "{\"mut\":{\"0\":\"M\",\"1\":\"M\",\"2\":\"M\",\"3\":\"M\",\"4\":\"R\",\"5\":\"R\",\"6\":\"R\",\"7\":\"R\"},\"base\":{\"0\":\"A\",\"1\":\"C\",\"2\":\"G\",\"3\":\"T\",\"4\":\"A\",\"5\":\"C\",\"6\":\"G\",\"7\":\"T\"},\"count\":{\"0\":1621,\"1\":819,\"2\":640,\"3\":1822,\"4\":1357,\"5\":947,\"6\":870,\"7\":1728},\"fitted\":{\"0\":1489.0,\"1\":883.0,\"2\":755.0,\"3\":1775.0,\"4\":1489.0,\"5\":883.0,\"6\":755.0,\"7\":1775.0},\"ret\":{\"0\":0.0140437873,\"1\":-0.0062854421,\"2\":-0.0107874058,\"3\":0.0048568781,\"4\":-0.0128486436,\"5\":0.0067590041,\"6\":0.0125810539,\"7\":-0.0047299246}}", "deviance": 70.37913719498269, "df": 3, "rel_entropy": 0.003589307282485857, "formula": "count ~ mut * base - mut : base", "prob": 3.5405514648656081e-15}, "pos0": {"stats": "{\"mut\":{\"0\":\"M\",\"1\":\"M\",\"2\":\"M\",\"3\":\"M\",\"4\":\"R\",\"5\":\"R\",\"6\":\"R\",\"7\":\"R\"},\"base\":{\"0\":\"A\",\"1\":\"C\",\"2\":\"G\",\"3\":\"T\",\"4\":\"A\",\"5\":\"C\",\"6\":\"G\",\"7\":\"T\"},\"count\":{\"0\":1671,\"1\":818,\"2\":802,\"3\":1611,\"4\":1409,\"5\":913,\"6\":830,\"7\":1750},\"fitted\":{\"0\":1540.0000000328,\"1\":865.5000000002,\"2\":815.9999999997,\"3\":1680.4999999995,\"4\":1540.000000034,\"5\":865.5000000009,\"6\":816.0000000003,\"7\":1680.5000000008},\"ret\":{\"0\":0.0139147451,\"1\":-0.0047095105,\"2\":-0.001415668,\"3\":-0.0069402918,\"4\":-0.0127767418,\"5\":0.0049755432,\"6\":0.001440169,\"7\":0.0072335511}}", "deviance": 33.76098140298549, "df": 3, "rel_entropy": 0.0017217962771820428, "formula": "count ~ mut * base - mut : base", "prob": 2.2252520815430921e-07}, "pos1": {"stats": "{\"mut\":{\"0\":\"M\",\"1\":\"M\",\"2\":\"M\",\"3\":\"M\",\"4\":\"R\",\"5\":\"R\",\"6\":\"R\",\"7\":\"R\"},\"base\":{\"0\":\"A\",\"1\":\"C\",\"2\":\"G\",\"3\":\"T\",\"4\":\"A\",\"5\":\"C\",\"6\":\"G\",\"7\":\"T\"},\"count\":{\"0\":1915,\"1\":792,\"2\":878,\"3\":1317,\"4\":1326,\"5\":1080,\"6\":845,\"7\":1651},\"fitted\":{\"0\":1620.5,\"1\":936.0,\"2\":861.5,\"3\":1484.0,\"4\":1620.5,\"5\":936.0,\"6\":861.5,\"7\":1484.0},\"ret\":{\"0\":0.0326165048,\"1\":-0.0134951892,\"2\":0.0016990014,\"3\":-0.0160372989,\"4\":-0.0271269861,\"5\":0.0157638628,\"6\":-0.0016667658,\"7\":0.017958249}}", "deviance": 190.4207005476894, "df": 3, "rel_entropy": 0.009711378036907864, "formula": "count ~ mut * base - mut : base", "prob": 4.9514273090209655e-41}}