{"('pos1', 'pos3')": {"rel_entropy": 0.0018268528123443657, "prob": 4.2654404822949375e-05, "formula": "count ~ mut * base1 * base2 - mut : base1 : base2", "df": 9, "stats": "{\"mut\":{\"0\":\"M\",\"1\":\"M\",\"2\":\"M\",\"3\":\"M\",\"4\":\"M\",\"5\":\"M\",\"6\":\"M\",\"7\":\"M\",\"8\":\"M\",\"9\":\"M\",\"10\":\"M\",\"11\":\"M\",\"12\":\"M\",\"13\":\"M\",\"14\":\"M\",\"15\":\"M\",\"16\":\"R\",\"17\":\"R\",\"18\":\"R\",\"19\":\"R\",\"20\":\"R\",\"21\":\"R\",\"22\":\"R\",\"23\":\"R\",\"24\":\"R\",\"25\":\"R\",\"26\":\"R\",\"27\":\"R\",\"28\":\"R\",\"29\":\"R\",\"30\":\"R\",\"31\":\"R\"},\"base1\":{\"0\":\"A\",\"1\":\"A\",\"2\":\"A\",\"3\":\"A\",\"4\":\"C\",\"5\":\"C\",\"6\":\"C\",\"7\":\"C\",\"8\":\"G\",\"9\":\"G\",\"10\":\"G\",\"11\":\"G\",\"12\":\"T\",\"13\":\"T\",\"14\":\"T\",\"15\":\"T\",\"16\":\"A\",\"17\":\"A\",\"18\":\"A\",\"19\":\"A\",\"20\":\"C\",\"21\":\"C\",\"22\":\"C\",\"23\":\"C\",\"24\":\"G\",\"25\":\"G\",\"26\":\"G\",\"27\":\"G\",\"28\":\"T\",\"29\":\"T\",\"30\":\"T\",\"31\":\"T\"},\"base2\":{\"0\":\"A\",\"1\":\"C\",\"2\":\"G\",\"3\":\"T\",\"4\":\"A\",\"5\":\"C\",\"6\":\"G\",\"7\":\"T\",\"8\":\"A\",\"9\":\"C\",\"10\":\"G\",\"11\":\"T\",\"12\":\"A\",\"13\":\"C\",\"14\":\"G\",\"15\":\"T\",\"16\":\"A\",\"17\":\"C\",\"18\":\"G\",\"19\":\"T\",\"20\":\"A\",\"21\":\"C\",\"22\":\"G\",\"23\":\"T\",\"24\":\"A\",\"25\":\"C\",\"26\":\"G\",\"27\":\"T\",\"28\":\"A\",\"29\":\"C\",\"30\":\"G\",\"31\":\"T\"},\"count\":{\"0\":625,\"1\":330,\"2\":241,\"3\":719,\"4\":218,\"5\":146,\"6\":123,\"7\":305,\"8\":249,\"9\":163,\"10\":143,\"11\":323,\"12\":529,\"13\":180,\"14\":133,\"15\":475,\"16\":390,\"17\":238,\"18\":219,\"19\":479,\"20\":280,\"21\":236,\"22\":199,\"23\":365,\"24\":242,\"25\":157,\"26\":178,\"27\":268,\"28\":445,\"29\":316,\"30\":274,\"31\":616},\"fitted\":{\"0\":641.3968721079,\"1\":315.2265076028,\"2\":236.5437433586,\"3\":721.8328769308,\"4\":234.1180599306,\"5\":149.7057697493,\"6\":113.8620727762,\"7\":294.3140975439,\"8\":273.6692289083,\"9\":152.8721624817,\"10\":140.3014259785,\"11\":311.1571826315,\"12\":471.8158390532,\"13\":201.1955601662,\"14\":149.2927578868,\"15\":494.6958428938,\"16\":373.6031278921,\"17\":252.7734923972,\"18\":223.4562566414,\"19\":476.1671230692,\"20\":263.8819400694,\"21\":232.2942302507,\"22\":208.1379272238,\"23\":375.6859024561,\"24\":217.3307710917,\"25\":167.1278375183,\"26\":180.6985740215,\"27\":279.8428173685,\"28\":502.1841609468,\"29\":294.8044398338,\"30\":257.7072421132,\"31\":596.3041571062},\"ret\":{\"0\":-0.0016509053,\"1\":0.0015416561,\"2\":0.0004587894,\"3\":-0.0002883834,\"4\":-0.0015860913,\"5\":-0.0003732681,\"6\":0.0009684999,\"7\":0.001109505,\"8\":-0.002399261,\"9\":0.0010665189,\"10\":0.0002778827,\"11\":0.0012306593,\"12\":0.0061727293,\"13\":-0.0020438284,\"14\":-0.0015676753,\"15\":-0.0019684259,\"16\":0.0017086432,\"17\":-0.0014619649,\"18\":-0.0004499719,\"19\":0.000289809,\"20\":0.0016932459,\"21\":0.0003809846,\"22\":-0.0009112947,\"23\":-0.0010743031,\"24\":0.0026539344,\"25\":-0.0010010785,\"26\":-0.0002731867,\"27\":-0.0011820292,\"28\":-0.0054872723,\"29\":0.0022378496,\"30\":0.0017133073,\"31\":0.0020417784}}", "deviance": 35.820929944448324}, "('pos0', 'pos3')": {"rel_entropy": 0.003081178637295542, "prob": 1.1147480937550611e-09, "formula": "count ~ mut * base1 * base2 - mut : base1 : base2", "df": 9, "stats": "{\"mut\":{\"0\":\"M\",\"1\":\"M\",\"2\":\"M\",\"3\":\"M\",\"4\":\"M\",\"5\":\"M\",\"6\":\"M\",\"7\":\"M\",\"8\":\"M\",\"9\":\"M\",\"10\":\"M\",\"11\":\"M\",\"12\":\"M\",\"13\":\"M\",\"14\":\"M\",\"15\":\"M\",\"16\":\"R\",\"17\":\"R\",\"18\":\"R\",\"19\":\"R\",\"20\":\"R\",\"21\":\"R\",\"22\":\"R\",\"23\":\"R\",\"24\":\"R\",\"25\":\"R\",\"26\":\"R\",\"27\":\"R\",\"28\":\"R\",\"29\":\"R\",\"30\":\"R\",\"31\":\"R\"},\"base1\":{\"0\":\"A\",\"1\":\"A\",\"2\":\"A\",\"3\":\"A\",\"4\":\"C\",\"5\":\"C\",\"6\":\"C\",\"7\":\"C\",\"8\":\"G\",\"9\":\"G\",\"10\":\"G\",\"11\":\"G\",\"12\":\"T\",\"13\":\"T\",\"14\":\"T\",\"15\":\"T\",\"16\":\"A\",\"17\":\"A\",\"18\":\"A\",\"19\":\"A\",\"20\":\"C\",\"21\":\"C\",\"22\":\"C\",\"23\":\"C\",\"24\":\"G\",\"25\":\"G\",\"26\":\"G\",\"27\":\"G\",\"28\":\"T\",\"29\":\"T\",\"30\":\"T\",\"31\":\"T\"},\"base2\":{\"0\":\"A\",\"1\":\"C\",\"2\":\"G\",\"3\":\"T\",\"4\":\"A\",\"5\":\"C\",\"6\":\"G\",\"7\":\"T\",\"8\":\"A\",\"9\":\"C\",\"10\":\"G\",\"11\":\"T\",\"12\":\"A\",\"13\":\"C\",\"14\":\"G\",\"15\":\"T\",\"16\":\"A\",\"17\":\"C\",\"18\":\"G\",\"19\":\"T\",\"20\":\"A\",\"21\":\"C\",\"22\":\"G\",\"23\":\"T\",\"24\":\"A\",\"25\":\"C\",\"26\":\"G\",\"27\":\"T\",\"28\":\"A\",\"29\":\"C\",\"30\":\"G\",\"31\":\"T\"},\"count\":{\"0\":490,\"1\":274,\"2\":219,\"3\":688,\"4\":251,\"5\":168,\"6\":126,\"7\":273,\"8\":228,\"9\":159,\"10\":124,\"11\":291,\"12\":652,\"13\":218,\"14\":171,\"15\":570,\"16\":411,\"17\":275,\"18\":229,\"19\":494,\"20\":256,\"21\":173,\"22\":183,\"23\":301,\"24\":243,\"25\":171,\"26\":168,\"27\":248,\"28\":447,\"29\":328,\"30\":290,\"31\":685},\"fitted\":{\"0\":528.9622695449,\"1\":277.7182857331,\"2\":208.8364926731,\"3\":655.482952049,\"4\":264.2468602848,\"5\":149.8323570164,\"6\":123.8066779636,\"7\":280.1141047352,\"8\":254.6187685569,\"9\":151.3571062814,\"10\":122.4964318185,\"11\":273.5276933432,\"12\":573.1721016134,\"13\":240.0922509691,\"14\":184.8603975448,\"15\":612.8752498727,\"16\":372.0377304551,\"17\":271.2817142669,\"18\":239.1635073269,\"19\":526.517047951,\"20\":242.7531397152,\"21\":191.1676429836,\"22\":185.1933220364,\"23\":293.8858952648,\"24\":216.3812314431,\"25\":178.6428937186,\"26\":169.5035681815,\"27\":265.4723066568,\"28\":525.8278983866,\"29\":305.9077490309,\"30\":276.1396024552,\"31\":642.1247501273},\"ret\":{\"0\":-0.0038240249,\"1\":-0.0003767118,\"2\":0.0010614959,\"3\":0.0033976521,\"4\":-0.0013167209,\"5\":0.0019611469,\"6\":0.0002256871,\"7\":-0.0007163394,\"8\":-0.0025679482,\"9\":0.0007989282,\"10\":0.0001543001,\"11\":0.0018379065,\"12\":0.0085695397,\"13\":-0.0021463831,\"14\":-0.0013593728,\"15\":-0.0042165725,\"16\":0.0041753114,\"17\":0.0003818495,\"18\":-0.0010143234,\"19\":-0.0032121183,\"20\":0.0013873822,\"21\":-0.0017621007,\"22\":-0.000222387,\"23\":0.0007343456,\"24\":0.0028756396,\"25\":-0.0007626497,\"26\":-0.0001526805,\"27\":-0.001722183,\"28\":-0.0074051074,\"29\":0.0023328691,\"30\":0.0014486505,\"31\":0.0045160979}}", "deviance": 60.41575072009098}, "('pos0', 'pos2')": {"rel_entropy": 0.004193646295778661, "prob": 5.823155711862766e-14, "formula": "count ~ mut * base1 * base2 - mut : base1 : base2", "df": 9,