{"pos2": {"stats": "{\"mut\":{\"0\":\"M\",\"1\":\"M\",\"2\":\"M\",\"3\":\"M\",\"4\":\"R\",\"5\":\"R\",\"6\":\"R\",\"7\":\"R\"},\"base\":{\"0\":\"A\",\"1\":\"C\",\"2\":\"G\",\"3\":\"T\",\"4\":\"A\",\"5\":\"C\",\"6\":\"G\",\"7\":\"T\"},\"count\":{\"0\":165,\"1\":196,\"2\":220,\"3\":388,\"4\":269,\"5\":190,\"6\":283,\"7\":227},\"fitted\":{\"0\":217.0,\"1\":193.0,\"2\":251.5,\"3\":307.5,\"4\":217.0,\"5\":193.0,\"6\":251.5,\"7\":307.5},\"ret\":{\"0\":-0.0233240764,\"1\":0.0015599568,\"2\":-0.0151906076,\"3\":0.0465540443,\"4\":0.0298168075,\"5\":-0.0015358938,\"6\":0.0172317368,\"7\":-0.0355522141}}", "deviance": 75.81360489964963, "df": 3, "rel_entropy": 0.019559753586080916, "formula": "count ~ mut * base - mut : base", "prob": 2.4250332348232987e-16}, "pos3": {"stats": "{\"mut\":{\"0\":\"M\",\"1\":\"M\",\"2\":\"M\",\"3\":\"M\",\"4\":\"R\",\"5\":\"R\",\"6\":\"R\",\"7\":\"R\"},\"base\":{\"0\":\"A\",\"1\":\"C\",\"2\":\"G\",\"3\":\"T\",\"4\":\"A\",\"5\":\"C\",\"6\":\"G\",\"7\":\"T\"},\"count\":{\"0\":276,\"1\":211,\"2\":254,\"3\":228,\"4\":319,\"5\":211,\"6\":206,\"7\":233},\"fitted\":{\"0\":297.5,\"1\":211.0,\"2\":230.0,\"3\":230.5,\"4\":297.5,\"5\":211.0,\"6\":230.0,\"7\":230.5},\"ret\":{\"0\":-0.0106830171,\"1\":-3.021891876e-16,\"2\":0.0130086478,\"3\":-0.0012829686,\"4\":0.0114854613,\"5\":-1.20875675e-16,\"6\":-0.0117140593,\"7\":0.0012969601}}", "deviance": 8.182329695218503, "df": 3, "rel_entropy": 0.002111024173172988, "formula": "count ~ mut * base - mut : base", "prob": 0.042390028089905982}, "pos0": {"stats": "{\"mut\":{\"0\":\"M\",\"1\":\"M\",\"2\":\"M\",\"3\":\"M\",\"4\":\"R\",\"5\":\"R\",\"6\":\"R\",\"7\":\"R\"},\"base\":{\"0\":\"A\",\"1\":\"C\",\"2\":\"G\",\"3\":\"T\",\"4\":\"A\",\"5\":\"C\",\"6\":\"G\",\"7\":\"T\"},\"count\":{\"0\":227,\"1\":368,\"2\":195,\"3\":179,\"4\":296,\"5\":201,\"6\":224,\"7\":248},\"fitted\":{\"0\":261.5,\"1\":284.5,\"2\":209.5,\"3\":213.5,\"4\":261.5,\"5\":284.5,\"6\":209.5,\"7\":213.5},\"ret\":{\"0\":-0.0165722025,\"1\":0.048867226,\"2\":-0.0072168293,\"3\":-0.0162791196,\"4\":0.0189276835,\"5\":-0.03603359,\"6\":0.0077350867,\"7\":0.0191684182}}", "deviance": 72.0807042989, "df": 3, "rel_entropy": 0.018596672935732715, "formula": "count ~ mut * base - mut : base", "prob": 1.5297764556787705e-15}, "pos1": {"stats": "{\"mut\":{\"0\":\"M\",\"1\":\"M\",\"2\":\"M\",\"3\":\"M\",\"4\":\"R\",\"5\":\"R\",\"6\":\"R\",\"7\":\"R\"},\"base\":{\"0\":\"A\",\"1\":\"C\",\"2\":\"G\",\"3\":\"T\",\"4\":\"A\",\"5\":\"C\",\"6\":\"G\",\"7\":\"T\"},\"count\":{\"0\":289,\"1\":352,\"2\":158,\"3\":170,\"4\":281,\"5\":272,\"6\":209,\"7\":207},\"fitted\":{\"0\":285.0,\"1\":312.0,\"2\":183.5,\"3\":188.5,\"4\":285.0,\"5\":312.0,\"6\":183.5,\"7\":188.5},\"ret\":{\"0\":0.0020784003,\"1\":0.0219097274,\"2\":-0.012198092,\"3\":-0.0090613658,\"4\":-0.0020494312,\"5\":-0.0192562978,\"6\":0.0140325042,\"7\":0.0099997434}}", "deviance": 21.14431132024646, "df": 3, "rel_entropy": 0.0054551886791141535, "formula": "count ~ mut * base - mut : base", "prob": 9.8255334234187677e-05}}