{"('pos1', 'pos2')": {"stats": "{\"mut\":{\"0\":\"M\",\"1\":\"M\",\"2\":\"M\",\"3\":\"M\",\"4\":\"M\",\"5\":\"M\",\"6\":\"M\",\"7\":\"M\",\"8\":\"M\",\"9\":\"M\",\"10\":\"M\",\"11\":\"M\",\"12\":\"M\",\"13\":\"M\",\"14\":\"M\",\"15\":\"M\",\"16\":\"R\",\"17\":\"R\",\"18\":\"R\",\"19\":\"R\",\"20\":\"R\",\"21\":\"R\",\"22\":\"R\",\"23\":\"R\",\"24\":\"R\",\"25\":\"R\",\"26\":\"R\",\"27\":\"R\",\"28\":\"R\",\"29\":\"R\",\"30\":\"R\",\"31\":\"R\"},\"base1\":{\"0\":\"A\",\"1\":\"A\",\"2\":\"A\",\"3\":\"A\",\"4\":\"C\",\"5\":\"C\",\"6\":\"C\",\"7\":\"C\",\"8\":\"G\",\"9\":\"G\",\"10\":\"G\",\"11\":\"G\",\"12\":\"T\",\"13\":\"T\",\"14\":\"T\",\"15\":\"T\",\"16\":\"A\",\"17\":\"A\",\"18\":\"A\",\"19\":\"A\",\"20\":\"C\",\"21\":\"C\",\"22\":\"C\",\"23\":\"C\",\"24\":\"G\",\"25\":\"G\",\"26\":\"G\",\"27\":\"G\",\"28\":\"T\",\"29\":\"T\",\"30\":\"T\",\"31\":\"T\"},\"base2\":{\"0\":\"A\",\"1\":\"C\",\"2\":\"G\",\"3\":\"T\",\"4\":\"A\",\"5\":\"C\",\"6\":\"G\",\"7\":\"T\",\"8\":\"A\",\"9\":\"C\",\"10\":\"G\",\"11\":\"T\",\"12\":\"A\",\"13\":\"C\",\"14\":\"G\",\"15\":\"T\",\"16\":\"A\",\"17\":\"C\",\"18\":\"G\",\"19\":\"T\",\"20\":\"A\",\"21\":\"C\",\"22\":\"G\",\"23\":\"T\",\"24\":\"A\",\"25\":\"C\",\"26\":\"G\",\"27\":\"T\",\"28\":\"A\",\"29\":\"C\",\"30\":\"G\",\"31\":\"T\"},\"count\":{\"0\":57,\"1\":56,\"2\":62,\"3\":114,\"4\":48,\"5\":70,\"6\":96,\"7\":138,\"8\":38,\"9\":37,\"10\":29,\"11\":54,\"12\":22,\"13\":33,\"14\":33,\"15\":82,\"16\":82,\"17\":49,\"18\":77,\"19\":73,\"20\":58,\"21\":63,\"22\":93,\"23\":58,\"24\":73,\"25\":37,\"26\":62,\"27\":37,\"28\":56,\"29\":41,\"30\":51,\"31\":59},\"fitted\":{\"0\":54.633134529,\"1\":53.9437422774,\"2\":60.9314225396,\"3\":119.491700654,\"4\":47.5197039639,\"5\":75.8149278053,\"6\":93.5148787299,\"7\":135.1504895008,\"8\":37.2813257842,\"9\":33.4549151903,\"10\":34.4617358684,\"11\":52.8020231571,\"12\":25.5658357229,\"13\":32.7864147271,\"14\":31.091962862,\"15\":80.555786688,\"16\":84.366865471,\"17\":51.0562577226,\"18\":78.0685774604,\"19\":67.508299346,\"20\":58.4802960361,\"21\":57.1850721947,\"22\":95.4851212701,\"23\":60.8495104992,\"24\":73.7186742158,\"25\":40.5450848097,\"26\":56.5382641316,\"27\":38.1979768429,\"28\":52.4341642771,\"29\":41.2135852729,\"30\":52.908037138,\"31\":60.444213312},\"ret\":{\"0\":0.0012473738,\"1\":0.0010809906,\"2\":0.0005561884,\"3\":-0.0027675571,\"4\":0.000249079,\"5\":-0.0028823518,\"6\":0.0012992018,\"7\":0.0014857281,\"8\":0.0003743845,\"9\":0.0019229155,\"10\":-0.002582074,\"11\":0.000625111,\"12\":-0.001705221,\"13\":0.0001105673,\"14\":0.001014149,\"15\":0.0007518486,\"16\":-0.001203999,\"17\":-0.0010393618,\"18\":-0.0005475907,\"19\":0.0029459492,\"20\":-0.0002468103,\"21\":0.0031481093,\"22\":-0.0012654787,\"23\":-0.0014353583,\"24\":-0.0003690194,\"25\":-0.00174684,\"26\":0.0029501742,\"27\":-0.0006083548,\"28\":0.0019011486,\"29\":-0.0001099231,\"30\":-0.0009665691,\"31\":-0.0007362336}}", "deviance": 5.620884102964794, "df": 9, "rel_entropy": 0.0014501764971529398, "formula": "count ~ mut * base1 * base2 - mut : base1 : base2", "prob": 0.77717985533419465}, "('pos1', 'pos3')": {"stats": "{\"mut\":{\"0\":\"M\",\"1\":\"M\",\"2\":\"M\",\"3\":\"M\",\"4\":\"M\",\"5\":\"M\",\"6\":\"M\",\"7\":\"M\",\"8\":\"M\",\"9\":\"M\",\"10\":\"M\",\"11\":\"M\",\"12\":\"M\",\"13\":\"M\",\"14\":\"M\",\"15\":\"M\",\"16\":\"R\",\"17\":\"R\",\"18\":\"R\",\"19\":\"R\",\"20\":\"R\",\"21\":\"R\",\"22\":\"R\",\"23\":\"R\",\"24\":\"R\",\"25\":\"R\",\"26\":\"R\",\"27\":\"R\",\"28\":\"R\",\"29\":\"R\",\"30\":\"R\",\"31\":\"R\"},\"base1\":{\"0\":\"A\",\"1\":\"A\",\"2\":\"A\",\"3\":\"A\",\"4\":\"C\",\"5\":\"C\",\"6\":\"C\",\"7\":\"C\",\"8\":\"G\",\"9\":\"G\",\"10\":\"G\",\"11\":\"G\",\"12\":\"T\",\"13\":\"T\",\"14\":\"T\",\"15\":\"T\",\"16\":\"A\",\"17\":\"A\",\"18\":\"A\",\"19\":\"A\",\"20\":\"C\",\"21\":\"C\",\"22\":\"C\",\"23\":\"C\",\"24\":\"G\",\"25\":\"G\",\"26\":\"G\",\"27\":\"G\",\"28\":\"T\",\"29\":\"T\",\"30\":\"T\",\"31\":\"T\"},\"base2\":{\"0\":\"A\",\"1\":\"C\",\"2\":\"G\",\"3\":\"T\",\"4\":\"A\",\"5\":\"C\",\"6\":\"G\",\"7\":\"T\",\"8\":\"A\",\"9\":\"C\",\"10\":\"G\",\"11\":\"T\",\"12\":\"A\",\"13\":\"C\",\"14\":\"G\",\"15\":\"T\",\"16\":\"A\",\"17\":\"C\",\"18\":\"G\",\"19\":\"T\",\"20\":\"A\",\"21\":\"C\",\"22\":\"G\",\"23\":\"T\",\"24\":\"A\",\"25\":\"C\",\"26\":\"G\",\"27\":\"T\",\"28\":\"A\",\"29\":\"C\",\"30\":\"G\",\"31\":\"T\"},\"count\":{\"0\":80,\"1\":54,\"2\":91,\"3\":64,\"4\":80,\"5\":86,\"6\":92,\"7\":94,\"8\":62,\"9\":27,\"10\":37,\"11\":32,\"12\":54,\"13\":44,\"14\":34,\"15\":38,\"16\":106,\"17\":53,\"18\":48,\"19\":74,\"20\":82,\"21\":74,\"22\":57,\"23\":59,\"24\":61,\"25\":47,\"26\":63,\"27\":38,\"28\":70,\"29\":37,\"30\":38,\"31\":62},\"fitted\":{\"0\":88.4583189852,\"1\":53.7928302613,\"2\":77.8309449896,\"3\":68.9179057639,\"4\":86.1286052293,\"5\":89.376593588,\"6\":91.5315580889,\"7\":84.9632430938,\"8\":48.9708711437,\"9\":31.4091960209,\"10\":48.1361889631,\"11\":29.4837438723,\"12\":52.4422046418,\"13\":36.4213801298,\"14\":36.5013079583,\"15\":44.63510727,\"16\":97.5416810148,\"17\":53.2071697387,\"18\":61.1690550104,\"19\":69.0820942361,\"20\":75.8713947707,\"21\":70.623406412,\"22\":57.4684419111,\"23\":68.0367569062,\"24\":74.0291288563,\"25\":42.5908039791,\"26\":51.8638110369,\"27\":40.5162561277,\"28\":71.5577953582,\"29\":44.5786198702,\"30\":35.4986920417,\"31\":55.36489273},\"ret\":{\"0\":-0.0041488064,\"1\":0.0001071043,\"2\":0.0073401222,\"3\":-0.0024448443,\"4\":-0.0030470569,\"5\":-0.0017089742,\"6\":0.0002423316,\"7\":0.0049025537,\"8\":0.0075471317,\"9\":-0.0021073911,\"10\":-0.0050233772,\"11\":0.0013522699,\"12\":0.0008156382,\"13\":0.004291786,\"14\":-0.001245396,\"15\":-0.0031555794,\"16\":0.0045484452,\"17\":-0.0001066903,\"18\":-0.0060047161,\"19\":0.0026258745,\"20\":0.0032867493,\"21\":0.001783311,\"22\":-0.0002407263,\"23\":-0.0043385598,\"24\":-0.0060932259,\"25\":0.002389027,\"26\":0.006323193,\"27\":-0.0012571984,\"28\":-0.0007950023,\"29\":-0.0035575072,\"30\":0.0013351041,\"31\":0.0036211038}}", "deviance": 28.049424597623183, "df": 9, "rel_entropy": 0.00723669365263756, "formula": "count ~ mut * base1 * base2 - mut : base1 : base2", "prob": 0.00093589610060008444},