{"pos2": {"stats": "{\"group\":{\"0\":\"1\",\"1\":\"1\",\"2\":\"1\",\"3\":\"1\",\"4\":\"1\",\"5\":\"1\",\"6\":\"1\",\"7\":\"1\",\"8\":\"2\",\"9\":\"2\",\"10\":\"2\",\"11\":\"2\",\"12\":\"2\",\"13\":\"2\",\"14\":\"2\",\"15\":\"2\"},\"mut\":{\"0\":\"M\",\"1\":\"M\",\"2\":\"M\",\"3\":\"M\",\"4\":\"R\",\"5\":\"R\",\"6\":\"R\",\"7\":\"R\",\"8\":\"M\",\"9\":\"M\",\"10\":\"M\",\"11\":\"M\",\"12\":\"R\",\"13\":\"R\",\"14\":\"R\",\"15\":\"R\"},\"base\":{\"0\":\"A\",\"1\":\"C\",\"2\":\"G\",\"3\":\"T\",\"4\":\"A\",\"5\":\"C\",\"6\":\"G\",\"7\":\"T\",\"8\":\"A\",\"9\":\"C\",\"10\":\"G\",\"11\":\"T\",\"12\":\"A\",\"13\":\"C\",\"14\":\"G\",\"15\":\"T\"},\"count\":{\"0\":328893,\"1\":283900,\"2\":602142,\"3\":326922,\"4\":536783,\"5\":402094,\"6\":79680,\"7\":523299,\"8\":2895,\"9\":2569,\"10\":5080,\"11\":3327,\"12\":4873,\"13\":3569,\"14\":743,\"15\":4686},\"fitted\":{\"0\":328788.5897406047,\"1\":283888.973636226,\"2\":602064.2406662442,\"3\":327115.1959569361,\"4\":536887.4102594015,\"5\":402105.0263637766,\"6\":79757.7593337588,\"7\":523105.8040430665,\"8\":2999.410259401,\"9\":2580.0263637751,\"10\":5157.7593337587,\"11\":3133.8040430662,\"12\":4768.589740599,\"13\":3557.9736362249,\"14\":665.2406662417,\"15\":4879.1959569361},\"ret\":{\"0\":0.0000335621,\"1\":0.0000035439,\"2\":0.0000249929,\"3\":-0.0000620735,\"4\":-0.0000335535,\"5\":-0.0000035437,\"6\":-0.0000249791,\"7\":0.0000621033,\"8\":-0.0000329658,\"9\":-0.0000035362,\"10\":-0.000024802,\"11\":0.0000639676,\"12\":0.0000339214,\"13\":0.0000035493,\"14\":0.0000263981,\"15\":-0.000060846}}", "deviance": 35.71224560580278, "df": 3, "rel_entropy": 5.738833697707789e-06, "formula": "count ~ group * mut * base - group : mut : base", "prob": 8.614300497955335e-08}, "pos3": {"stats": "{\"group\":{\"0\":\"1\",\"1\":\"1\",\"2\":\"1\",\"3\":\"1\",\"4\":\"1\",\"5\":\"1\",\"6\":\"1\",\"7\":\"1\",\"8\":\"2\",\"9\":\"2\",\"10\":\"2\",\"11\":\"2\",\"12\":\"2\",\"13\":\"2\",\"14\":\"2\",\"15\":\"2\"},\"mut\":{\"0\":\"M\",\"1\":\"M\",\"2\":\"M\",\"3\":\"M\",\"4\":\"R\",\"5\":\"R\",\"6\":\"R\",\"7\":\"R\",\"8\":\"M\",\"9\":\"M\",\"10\":\"M\",\"11\":\"M\",\"12\":\"R\",\"13\":\"R\",\"14\":\"R\",\"15\":\"R\"},\"base\":{\"0\":\"A\",\"1\":\"C\",\"2\":\"G\",\"3\":\"T\",\"4\":\"A\",\"5\":\"C\",\"6\":\"G\",\"7\":\"T\",\"8\":\"A\",\"9\":\"C\",\"10\":\"G\",\"11\":\"T\",\"12\":\"A\",\"13\":\"C\",\"14\":\"G\",\"15\":\"T\"},\"count\":{\"0\":342344,\"1\":396772,\"2\":360567,\"3\":442174,\"4\":381312,\"5\":364533,\"6\":360899,\"7\":435112,\"8\":3315,\"9\":3557,\"10\":3072,\"11\":3927,\"12\":3550,\"13\":3254,\"14\":3111,\"15\":3956},\"fitted\":{\"0\":342408.1881507667,\"1\":396776.7234658545,\"2\":360546.802535262,\"3\":442125.2858481112,\"4\":381247.8118492296,\"5\":364528.2765341448,\"6\":360919.1974647366,\"7\":435160.7141518864,\"8\":3250.81184923,\"9\":3552.2765341449,\"10\":3092.197464737,\"11\":3975.7141518881,\"12\":3614.1881507699,\"13\":3258.7234658551,\"14\":3090.802535263,\"15\":3907.2858481119},\"ret\":{\"0\":-0.0000206277,\"1\":-0.0000015181,\"2\":0.0000064915,\"3\":0.0000156573,\"4\":0.0000206314,\"5\":0.0000015181,\"6\":-0.0000064911,\"7\":-0.0000156555,\"8\":0.000020832,\"9\":0.0000015191,\"10\":-0.0000064701,\"11\":-0.0000155601,\"12\":-0.0000204453,\"13\":-0.000001517,\"14\":0.0000065125,\"15\":0.0000157536}}", "deviance": 3.9232043062100637, "df": 3, "rel_entropy": 6.304452910631945e-07, "formula": "count ~ group * mut * base - group : mut : base", "prob": 0.26987697512597114}, "pos0": {"stats": "{\"group\":{\"0\":\"1\",\"1\":\"1\",\"2\":\"1\",\"3\":\"1\",\"4\":\"1\",\"5\":\"1\",\"6\":\"1\",\"7\":\"1\",\"8\":\"2\",\"9\":\"2\",\"10\":\"2\",\"11\":\"2\",\"12\":\"2\",\"13\":\"2\",\"14\":\"2\",\"15\":\"2\"},\"mut\":{\"0\":\"M\",\"1\":\"M\",\"2\":\"M\",\"3\":\"M\",\"4\":\"R\",\"5\":\"R\",\"6\":\"R\",\"7\":\"R\",\"8\":\"M\",\"9\":\"M\",\"10\":\"M\",\"11\":\"M\",\"12\":\"R\",\"13\":\"R\",\"14\":\"R\",\"15\":\"R\"},\"base\":{\"0\":\"A\",\"1\":\"C\",\"2\":\"G\",\"3\":\"T\",\"4\":\"A\",\"5\":\"C\",\"6\":\"G\",\"7\":\"T\",\"8\":\"A\",\"9\":\"C\",\"10\":\"G\",\"11\":\"T\",\"12\":\"A\",\"13\":\"C\",\"14\":\"G\",\"15\":\"T\"},\"count\":{\"0\":367676,\"1\":403298,\"2\":324593,\"3\":446290,\"4\":394204,\"5\":365518,\"6\":333606,\"7\":448528,\"8\":3433,\"9\":3530,\"10\":2786,\"11\":4122,\"12\":3713,\"13\":3245,\"14\":2862,\"15\":4051},\"fitted\":{\"0\":367658.8106396766,\"1\":403272.5945045878,\"2\":324592.2844251007,\"3\":446333.3104306403,\"4\":394221.1893603267,\"5\":365543.4054954137,\"6\":333606.7155748999,\"7\":448484.6895693614,\"8\":3450.1893603264,\"9\":3555.4054954133,\"10\":2786.7155748997,\"11\":4078.6895693606,\"12\":3695.8106396736,\"13\":3219.5945045867,\"14\":2861.2844251003,\"15\":4094.3104306394},\"ret\":{\"0\":0.0000055247,\"1\":0.0000081654,\"2\":0.00000023,\"3\":-0.000013919,\"4\":-0.0000055244,\"5\":-0.0000081649,\"6\":-0.00000023,\"7\":0.0000139203,\"8\":-0.0000055108,\"9\":-0.0000081359,\"10\":-0.00000023,\"11\":0.0000139933,\"12\":0.0000055374,\"13\":0.0000081973,\"14\":0.00000023,\"15\":-0.0000138458}}", "deviance": 1.479248164305855, "df": 3, "rel_entropy": 2.3771003667188745e-07, "formula": "count ~ group * mut * base - group : mut : base", "prob": 0.68706805834439744}, "pos1": {"stats": "{\"group\":{\"0\":\"1\",\"1\":\"1\",\"2\":\"1\",\"3\":\"1\",\"4\":\"1\",\"5\":\"1\",\"6\":\"1\",\"7\":\"1\",\"8\":\"2\",\"9\":\"2\",\"10\":\"2\",\"11\":\"2\",\"12\":\"2\",\"13\":\"2\",\"14\":\"2\",\"15\":\"2\"},\"mut\":{\"0\":\"M\",\"1\":\"M\",\"2\":\"M\",\"3\":\"M\",\"4\":\"R\",\"5\":\"R\",\"6\":\"R\",\"7\":\"R\",\"8\":\"M\",\"9\":\"M\",\"10\":\"M\",\"11\":\"M\",\"12\":\"R\",\"13\":\"R\",\"14\":\"R\",\"15\":\"R\"},\"base\":{\"0\":\"A\",\"1\":\"C\",\"2\":\"G\",\"3\":\"T\",\"4\":\"A\",\"5\":\"C\",\"6\":\"G\",\"7\":\"T\",\"8\":\"A\",\"9\":\"C\",\"10\":\"G\",\"11\":\"T\",\"12\":\"A\",\"13\":\"C\",\"14\":\"G\",\"15\":\"T\"},\"count\":{\"0\":467177,\"1\":415874,\"2\":324808,\"3\":333998,\"4\":371712,\"5\":400781,\"6\":332255,\"7\":437108,\"8\":4098,\"9\":3750,\"10\":2895,\"11\":3128,\"12\":3502,\"13\":3535,\"14\":2883,\"15\":3951},\"fitted\":{\"0\":467042.0710184841,\"1\":415912.1767717167,\"2\":324845.0970709748,\"3\":334057.6551388206,\"4\":371846.9289815141,\"5\":400742.8232282816,\"6\":332217.9029290254,\"7\":437048.3448611759,\"8\":4232.9289815148,\"9\":3711.8232282819,\"10\":2857.9029290255,\"11\":3068.344861178,\"12\":3367.0710184854,\"13\":3573.1767717182,\"14\":2920.0970709746,\"15\":4010.655138822},\"ret\":{\"0\":0.0000433715,\"1\":-0.0000122692,\"2\":-0.0000119221,\"3\":-0.000019171,\"4\":-0.0000433574,\"5\":0.0000122703,\"6\":0.0000119234,\"7\":0.0000191741,\"8\":-0.0000426666,\"9\":0.0000123326,\"10\":0.0000119998,\"11\":0.0000193579,\"12\":0.0000442227,\"13\":-0.000012204,\"14\":-0.0000118467,\"15\":-0.0000190294}}", "deviance": 13.603472304972868, "df": 3, "rel_entropy": 2.1860307002628783e-06, "formula": "count ~ group * mut * base - group : mut : base", "prob": 0.0034977312094743923}}