{"pos2": {"stats": "{\"mut\":{\"0\":\"M\",\"1\":\"M\",\"2\":\"M\",\"3\":\"M\",\"4\":\"R\",\"5\":\"R\",\"6\":\"R\",\"7\":\"R\"},\"base\":{\"0\":\"A\",\"1\":\"C\",\"2\":\"G\",\"3\":\"T\",\"4\":\"A\",\"5\":\"C\",\"6\":\"G\",\"7\":\"T\"},\"count\":{\"0\":331162,\"1\":326069,\"2\":414960,\"3\":469673,\"4\":434912,\"5\":332597,\"6\":401432,\"7\":372923},\"fitted\":{\"0\":383036.9999999969,\"1\":329332.9999999985,\"2\":408195.9999999988,\"3\":421297.9999999984,\"4\":383036.9999999976,\"5\":329332.9999999991,\"6\":408195.9999999995,\"7\":421297.9999999992},\"ret\":{\"0\":-0.0156278338,\"1\":-0.0010531965,\"2\":0.0022115227,\"3\":0.0165551925,\"4\":0.0179130895,\"5\":0.001063687,\"6\":-0.0021751745,\"7\":-0.014749953}}", "deviance": 25516.82484411449, "df": 3, "rel_entropy": 0.004137333909494367, "formula": "count ~ mut * base - mut : base", "prob": 0}, "pos3": {"stats": "{\"mut\":{\"0\":\"M\",\"1\":\"M\",\"2\":\"M\",\"3\":\"M\",\"4\":\"R\",\"5\":\"R\",\"6\":\"R\",\"7\":\"R\"},\"base\":{\"0\":\"A\",\"1\":\"C\",\"2\":\"G\",\"3\":\"T\",\"4\":\"A\",\"5\":\"C\",\"6\":\"G\",\"7\":\"T\"},\"count\":{\"0\":445786,\"1\":325243,\"2\":403041,\"3\":367794,\"4\":447169,\"5\":332562,\"6\":365422,\"7\":396711},\"fitted\":{\"0\":446477.4999999985,\"1\":328902.4999999997,\"2\":384231.5000000993,\"3\":382252.5000000125,\"4\":446477.5000000001,\"5\":328902.5000000009,\"6\":384231.5000001006,\"7\":382252.5000000139},\"ret\":{\"0\":-0.0002240678,\"1\":-0.0011800864,\"2\":0.0062465178,\"3\":-0.0045988307,\"4\":0.0002244151,\"5\":0.0011932905,\"6\":-0.0059478014,\"7\":0.0047762185}}", "deviance": 3019.9292979896336, "df": 3, "rel_entropy": 0.0004896555886235157, "formula": "count ~ mut * base - mut : base", "prob": 0}, "pos0": {"stats": "{\"mut\":{\"0\":\"M\",\"1\":\"M\",\"2\":\"M\",\"3\":\"M\",\"4\":\"R\",\"5\":\"R\",\"6\":\"R\",\"7\":\"R\"},\"base\":{\"0\":\"A\",\"1\":\"C\",\"2\":\"G\",\"3\":\"T\",\"4\":\"A\",\"5\":\"C\",\"6\":\"G\",\"7\":\"T\"},\"count\":{\"0\":440271,\"1\":361098,\"2\":397027,\"3\":343468,\"4\":431934,\"5\":361454,\"6\":364853,\"7\":383623},\"fitted\":{\"0\":436102.4999999995,\"1\":361275.9999999996,\"2\":380940.0000000303,\"3\":363545.5000002456,\"4\":436102.4999999971,\"5\":361275.9999999977,\"6\":380940.0000000282,\"7\":363545.5000002437},\"ret\":{\"0\":0.0013582129,\"1\":-0.0000577081,\"2\":0.0053253698,\"3\":-0.0063275986,\"4\":-0.0013452918,\"5\":0.0000577366,\"6\":-0.0051050028,\"7\":0.0066873525}}", "deviance": 3657.7359721360217, "df": 3, "rel_entropy": 0.0005930704608409078, "formula": "count ~ mut * base - mut : base", "prob": 0}, "pos1": {"stats": "{\"mut\":{\"0\":\"M\",\"1\":\"M\",\"2\":\"M\",\"3\":\"M\",\"4\":\"R\",\"5\":\"R\",\"6\":\"R\",\"7\":\"R\"},\"base\":{\"0\":\"A\",\"1\":\"C\",\"2\":\"G\",\"3\":\"T\",\"4\":\"A\",\"5\":\"C\",\"6\":\"G\",\"7\":\"T\"},\"count\":{\"0\":326227,\"1\":601720,\"2\":285404,\"3\":328513,\"4\":521613,\"5\":79769,\"6\":403041,\"7\":537441},\"fitted\":{\"0\":423919.9999999711,\"1\":340744.5000022071,\"2\":344222.4999999748,\"3\":432976.9999999686,\"4\":423920.0000000389,\"5\":340744.5000022615,\"6\":344222.5000000299,\"7\":432977.0000000378},\"ret\":{\"0\":-0.0277117783,\"1\":0.1109610409,\"2\":-0.0173425554,\"3\":-0.0294141158,\"4\":0.0350785533,\"5\":-0.0375598711,\"6\":0.0206178156,\"7\":0.037668522}}", "deviance": 569241.4559332742, "df": 3, "rel_entropy": 0.09229761119224429, "formula": "count ~ mut * base - mut : base", "prob": 0}}