{"('pos1', 'pos2')": {"stats": "{\"mut\":{\"0\":\"M\",\"1\":\"M\",\"2\":\"M\",\"3\":\"M\",\"4\":\"M\",\"5\":\"M\",\"6\":\"M\",\"7\":\"M\",\"8\":\"M\",\"9\":\"M\",\"10\":\"M\",\"11\":\"M\",\"12\":\"M\",\"13\":\"M\",\"14\":\"M\",\"15\":\"M\",\"16\":\"R\",\"17\":\"R\",\"18\":\"R\",\"19\":\"R\",\"20\":\"R\",\"21\":\"R\",\"22\":\"R\",\"23\":\"R\",\"24\":\"R\",\"25\":\"R\",\"26\":\"R\",\"27\":\"R\",\"28\":\"R\",\"29\":\"R\",\"30\":\"R\",\"31\":\"R\"},\"base1\":{\"0\":\"A\",\"1\":\"A\",\"2\":\"A\",\"3\":\"A\",\"4\":\"C\",\"5\":\"C\",\"6\":\"C\",\"7\":\"C\",\"8\":\"G\",\"9\":\"G\",\"10\":\"G\",\"11\":\"G\",\"12\":\"T\",\"13\":\"T\",\"14\":\"T\",\"15\":\"T\",\"16\":\"A\",\"17\":\"A\",\"18\":\"A\",\"19\":\"A\",\"20\":\"C\",\"21\":\"C\",\"22\":\"C\",\"23\":\"C\",\"24\":\"G\",\"25\":\"G\",\"26\":\"G\",\"27\":\"G\",\"28\":\"T\",\"29\":\"T\",\"30\":\"T\",\"31\":\"T\"},\"base2\":{\"0\":\"A\",\"1\":\"C\",\"2\":\"G\",\"3\":\"T\",\"4\":\"A\",\"5\":\"C\",\"6\":\"G\",\"7\":\"T\",\"8\":\"A\",\"9\":\"C\",\"10\":\"G\",\"11\":\"T\",\"12\":\"A\",\"13\":\"C\",\"14\":\"G\",\"15\":\"T\",\"16\":\"A\",\"17\":\"C\",\"18\":\"G\",\"19\":\"T\",\"20\":\"A\",\"21\":\"C\",\"22\":\"G\",\"23\":\"T\",\"24\":\"A\",\"25\":\"C\",\"26\":\"G\",\"27\":\"T\",\"28\":\"A\",\"29\":\"C\",\"30\":\"G\",\"31\":\"T\"},\"count\":{\"0\":78716,\"1\":69422,\"2\":94882,\"3\":83207,\"4\":111446,\"5\":130768,\"6\":166980,\"7\":192526,\"8\":72894,\"9\":64297,\"10\":75013,\"11\":73200,\"12\":68106,\"13\":61582,\"14\":78085,\"15\":120740,\"16\":159458,\"17\":107964,\"18\":136103,\"19\":118088,\"20\":17466,\"21\":19300,\"22\":22603,\"23\":20400,\"24\":116140,\"25\":95097,\"26\":103684,\"27\":88120,\"28\":141848,\"29\":110236,\"30\":139042,\"31\":146315},\"fitted\":{\"0\":81171.5925854895,\"1\":66812.3052946087,\"2\":90116.0057480191,\"3\":88127.0963719868,\"4\":110739.2037993634,\"5\":131590.6938024388,\"6\":167383.4527768417,\"7\":192006.6496213519,\"8\":69852.0500363051,\"9\":64796.8241973286,\"10\":75116.5093924121,\"11\":75638.6163739572,\"12\":69399.1535788426,\"13\":62869.1767056245,\"14\":82344.032082778,\"15\":113900.6376328748,\"16\":157002.4074145111,\"17\":110573.6947053926,\"18\":140868.9942520132,\"19\":113167.9036280955,\"20\":18172.7962006369,\"21\":18477.3061975614,\"22\":22199.5472231569,\"23\":20919.3503786473,\"24\":119181.9499636968,\"25\":94597.175802671,\"26\":103580.4906075878,\"27\":85681.3836260458,\"28\":140554.846421157,\"29\":108948.8232943746,\"30\":134782.9679172455,\"31\":153154.3623672508},\"ret\":{\"0\":-0.0007841383,\"1\":0.0008625959,\"2\":0.0015856975,\"3\":-0.0015501118,\"4\":0.0002299318,\"5\":-0.0002659498,\"6\":-0.000130675,\"7\":0.000168644,\"8\":0.0010076262,\"9\":-0.0001614576,\"10\":-0.0000335432,\"11\":-0.0007779143,\"12\":-0.000415416,\"13\":-0.0004131068,\"14\":-0.001344781,\"15\":0.002283182,\"16\":0.0008025016,\"17\":-0.000836213,\"18\":-0.0015190853,\"19\":0.0016296938,\"20\":-0.0002246857,\"21\":0.0002726385,\"22\":0.0001320145,\"23\":-0.0001663083,\"24\":-0.0009737547,\"25\":0.0001625118,\"26\":0.0000335831,\"27\":0.0008019498,\"28\":0.0004212707,\"29\":0.0004198654,\"30\":0.0014027259,\"31\":-0.0021676119}}", "deviance": 2785.7150820540123, "df": 9, "rel_entropy": 0.00045167976586359305, "formula": "count ~ mut * base1 * base2 - mut : base1 : base2", "prob": 0}, "('pos1', 'pos3')": {"stats": "{\"mut\":{\"0\":\"M\",\"1\":\"M\",\"2\":\"M\",\"3\":\"M\",\"4\":\"M\",\"5\":\"M\",\"6\":\"M\",\"7\":\"M\",\"8\":\"M\",\"9\":\"M\",\"10\":\"M\",\"11\":\"M\",\"12\":\"M\",\"13\":\"M\",\"14\":\"M\",\"15\":\"M\",\"16\":\"R\",\"17\":\"R\",\"18\":\"R\",\"19\":\"R\",\"20\":\"R\",\"21\":\"R\",\"22\":\"R\",\"23\":\"R\",\"24\":\"R\",\"25\":\"R\",\"26\":\"R\",\"27\":\"R\",\"28\":\"R\",\"29\":\"R\",\"30\":\"R\",\"31\":\"R\"},\"base1\":{\"0\":\"A\",\"1\":\"A\",\"2\":\"A\",\"3\":\"A\",\"4\":\"C\",\"5\":\"C\",\"6\":\"C\",\"7\":\"C\",\"8\":\"G\",\"9\":\"G\",\"10\":\"G\",\"11\":\"G\",\"12\":\"T\",\"13\":\"T\",\"14\":\"T\",\"15\":\"T\",\"16\":\"A\",\"17\":\"A\",\"18\":\"A\",\"19\":\"A\",\"20\":\"C\",\"21\":\"C\",\"22\":\"C\",\"23\":\"C\",\"24\":\"G\",\"25\":\"G\",\"26\":\"G\",\"27\":\"G\",\"28\":\"T\",\"29\":\"T\",\"30\":\"T\",\"31\":\"T\"},\"base2\":{\"0\":\"A\",\"1\":\"C\",\"2\":\"G\",\"3\":\"T\",\"4\":\"A\",\"5\":\"C\",\"6\":\"G\",\"7\":\"T\",\"8\":\"A\",\"9\":\"C\",\"10\":\"G\",\"11\":\"T\",\"12\":\"A\",\"13\":\"C\",\"14\":\"G\",\"15\":\"T\",\"16\":\"A\",\"17\":\"C\",\"18\":\"G\",\"19\":\"T\",\"20\":\"A\",\"21\":\"C\",\"22\":\"G\",\"23\":\"T\",\"24\":\"A\",\"25\":\"C\",\"26\":\"G\",\"27\":\"T\",\"28\":\"A\",\"29\":\"C\",\"30\":\"G\",\"31\":\"T\"},\"count\":{\"0\":107369,\"1\":64932,\"2\":75510,\"3\":78416,\"4\":148544,\"5\":144367,\"6\":169660,\"7\":139149,\"8\":89069,\"9\":54937,\"10\":73082,\"11\":68316,\"12\":100804,\"13\":61007,\"14\":84789,\"15\":81913,\"16\":160193,\"17\":115986,\"18\":112761,\"19\":132673,\"20\":16939,\"21\":20710,\"22\":24300,\"23\":17820,\"24\":118702,\"25\":81772,\"26\":100474,\"27\":102093,\"28\":151335,\"29\":114094,\"30\":127887,\"31\":144125},\"fitted\":{\"0\":107921.2942567028,\"1\":65392.2322481874,\"2\":74326.5610348883,\"3\":78586.9124602312,\"4\":147523.9700154412,\"5\":144122.8801576321,\"6\":172230.8014605322,\"7\":137842.3483664114,\"8\":90001.5067977577,\"9\":53343.9209107872,\"10\":73662.0264152756,\"11\":68396.5458761852,\"12\":100339.2289301063,\"13\":62383.9666834045,\"14\":82821.61108932,\"15\":82968.1932971756,\"16\":159640.7057433035,\"17\":115525.7677518166,\"18\":113944.4389651156,\"19\":132502.0875397705,\"20\":17959.0299846956,\"21\":20954.1198424965,\"22\":21729.1985397121,\"23\":19126.651633739,\"24\":117769.4932022442,\"25\":83365.0790892164,\"26\":99893.9735847275,\"27\":102012.4541238162,\"28\":151799.7710698958,\"29\":112717.0333165998,\"30\":129854.3889106841,\"31\":143069.8067028264},\"ret\":{\"0\":-0.0001786405,\"1\":-0.000148719,\"2\":0.000386808,\"3\":-0.0000553637,\"4\":0.0003319191,\"5\":0.0000792309,\"6\":-0.0008274137,\"7\":0.0004257267,\"8\":-0.0003008239,\"9\":0.0005242466,\"10\":-0.0001873501,\"11\":-0.0000261043,\"12\":0.0001510658,\"13\":-0.000441562,\"14\":0.0006455087,\"15\":-0.0003399958,\"16\":0.000179409,\"17\":0.0001495423,\"18\":-0.0003817691,\"19\":0.0000554597,\"20\":-0.0003212014,\"21\":-0.0000787009,\"22\":0.0008811453,\"23\":-0.0004089098,\"24\":0.00030359,\"25\":-0.0005116403,\"26\":0.0001886376,\"27\":0.00002613,\"28\":-0.0001504863,\"29\":0.000449243,\"30\":-0.0006331328,\"31\":0.0003434398}}", "deviance": 797.3833711376086, "df": 9, "rel_entropy": 0.00012928886256142056, "formula": "count ~ mut * base1 * base2 - mut : base1 : base2", "prob": 7.776900573371647e-166},