{"pos0": {"df": 3, "formula": "count ~ group * mut * base - group : mut : base", "prob": 6.492543383250375e-09, "rel_entropy": 4.567802389718824e-05, "stats": "{\"group\":{\"0\":\"1\",\"1\":\"1\",\"2\":\"1\",\"3\":\"1\",\"4\":\"1\",\"5\":\"1\",\"6\":\"1\",\"7\":\"1\",\"8\":\"2\",\"9\":\"2\",\"10\":\"2\",\"11\":\"2\",\"12\":\"2\",\"13\":\"2\",\"14\":\"2\",\"15\":\"2\"},\"mut\":{\"0\":\"M\",\"1\":\"M\",\"2\":\"M\",\"3\":\"M\",\"4\":\"R\",\"5\":\"R\",\"6\":\"R\",\"7\":\"R\",\"8\":\"M\",\"9\":\"M\",\"10\":\"M\",\"11\":\"M\",\"12\":\"R\",\"13\":\"R\",\"14\":\"R\",\"15\":\"R\"},\"base\":{\"0\":\"A\",\"1\":\"C\",\"2\":\"G\",\"3\":\"T\",\"4\":\"A\",\"5\":\"C\",\"6\":\"G\",\"7\":\"T\",\"8\":\"A\",\"9\":\"C\",\"10\":\"G\",\"11\":\"T\",\"12\":\"A\",\"13\":\"C\",\"14\":\"G\",\"15\":\"T\"},\"count\":{\"0\":64301,\"1\":57973,\"2\":34765,\"3\":48827,\"4\":55551,\"5\":45956,\"6\":41073,\"7\":63286,\"8\":4868,\"9\":5909,\"10\":4299,\"11\":3535,\"12\":4237,\"13\":4708,\"14\":4589,\"15\":5077},\"fitted\":{\"0\":64292.0621794057,\"1\":57968.5322188041,\"2\":34972.3998654127,\"3\":48633.0057363775,\"4\":55559.9378205943,\"5\":45960.4677811957,\"6\":40865.6001345872,\"7\":63479.9942636224,\"8\":4876.9378205944,\"9\":5913.4677811958,\"10\":4091.6001345882,\"11\":3728.9942636232,\"12\":4228.0621794056,\"13\":4703.5322188042,\"14\":4796.3998654134,\"15\":4883.0057363782},\"ret\":{\"0\":0.0000199095,\"1\":0.0000099519,\"2\":-0.0004605899,\"3\":0.0004329634,\"4\":-0.0000199065,\"5\":-0.0000099511,\"6\":0.0004631327,\"7\":-0.0004314418,\"8\":-0.0000198898,\"9\":-0.0000099478,\"10\":0.0004734777,\"11\":-0.0004206629,\"12\":0.0000199291,\"13\":0.0000099563,\"14\":-0.0004518274,\"15\":0.0004405747}}", "deviance": 41.0146630814765}, "pos2": {"df": 3, "formula": "count ~ group * mut * base - group : mut : base", "prob": 0.2005628772224917, "rel_entropy": 5.161962038091683e-06, "stats": "{\"group\":{\"0\":\"1\",\"1\":\"1\",\"2\":\"1\",\"3\":\"1\",\"4\":\"1\",\"5\":\"1\",\"6\":\"1\",\"7\":\"1\",\"8\":\"2\",\"9\":\"2\",\"10\":\"2\",\"11\":\"2\",\"12\":\"2\",\"13\":\"2\",\"14\":\"2\",\"15\":\"2\"},\"mut\":{\"0\":\"M\",\"1\":\"M\",\"2\":\"M\",\"3\":\"M\",\"4\":\"R\",\"5\":\"R\",\"6\":\"R\",\"7\":\"R\",\"8\":\"M\",\"9\":\"M\",\"10\":\"M\",\"11\":\"M\",\"12\":\"R\",\"13\":\"R\",\"14\":\"R\",\"15\":\"R\"},\"base\":{\"0\":\"A\",\"1\":\"C\",\"2\":\"G\",\"3\":\"T\",\"4\":\"A\",\"5\":\"C\",\"6\":\"G\",\"7\":\"T\",\"8\":\"A\",\"9\":\"C\",\"10\":\"G\",\"11\":\"T\",\"12\":\"A\",\"13\":\"C\",\"14\":\"G\",\"15\":\"T\"},\"count\":{\"0\":58582,\"1\":50520,\"2\":13984,\"3\":82780,\"4\":75080,\"5\":50208,\"6\":8301,\"7\":72277,\"8\":4235,\"9\":5227,\"10\":3026,\"11\":6123,\"12\":5672,\"13\":5448,\"14\":1771,\"15\":5720},\"fitted\":{\"0\":58587.2883469448,\"1\":50517.0279894113,\"2\":14039.9601525437,\"3\":82721.7235110989,\"4\":75074.7116530541,\"5\":50210.9720105883,\"6\":8245.0398474562,\"7\":72335.2764889005,\"8\":4229.7116530545,\"9\":5229.9720105884,\"10\":2970.0398474562,\"11\":6181.2764889008,\"12\":5677.2883469455,\"13\":5445.0279894115,\"14\":1826.9601525438,\"15\":5661.7235110992},\"ret\":{\"0\":-0.0000117787,\"1\":0.0000066201,\"2\":-0.0001243969,\"3\":0.0001298507,\"4\":0.0000117797,\"5\":-0.0000066197,\"6\":0.0001250677,\"7\":-0.0001297527,\"8\":0.0000117866,\"9\":-0.000006618,\"10\":0.0001258126,\"11\":-0.0001291912,\"12\":-0.0000117738,\"13\":0.0000066217,\"14\":-0.0001227169,\"15\":0.0001304708}}", "deviance": 4.634967009698827}, "pos3": {"df": 3, "formula": "count ~ group * mut * base - group : mut : base", "prob": 1.291805808778858e-06, "rel_entropy": 3.3562936820551555e-05, "stats": "{\"group\":{\"0\":\"1\",\"1\":\"1\",\"2\":\"1\",\"3\":\"1\",\"4\":\"1\",\"5\":\"1\",\"6\":\"1\",\"7\":\"1\",\"8\":\"2\",\"9\":\"2\",\"10\":\"2\",\"11\":\"2\",\"12\":\"2\",\"13\":\"2\",\"14\":\"2\",\"15\":\"2\"},\"mut\":{\"0\":\"M\",\"1\":\"M\",\"2\":\"M\",\"3\":\"M\",\"4\":\"R\",\"5\":\"R\",\"6\":\"R\",\"7\":\"R\",\"8\":\"M\",\"9\":\"M\",\"10\":\"M\",\"11\":\"M\",\"12\":\"R\",\"13\":\"R\",\"14\":\"R\",\"15\":\"R\"},\"base\":{\"0\":\"A\",\"1\":\"C\",\"2\":\"G\",\"3\":\"T\",\"4\":\"A\",\"5\":\"C\",\"6\":\"G\",\"7\":\"T\",\"8\":\"A\",\"9\":\"C\",\"10\":\"G\",\"11\":\"T\",\"12\":\"A\",\"13\":\"C\",\"14\":\"G\",\"15\":\"T\"},\"count\":{\"0\":62724,\"1\":41845,\"2\":45726,\"3\":55571,\"4\":54461,\"5\":46195,\"6\":44416,\"7\":60794,\"8\":4444,\"9\":4417,\"10\":5630,\"11\":4120,\"12\":3849,\"13\":4995,\"14\":4973,\"15\":4794},\"fitted\":{\"0\":62717.0782406741,\"1\":41781.090873996,\"2\":45936.5861372514,\"3\":55431.244748079,\"4\":54467.9217593264,\"5\":46258.9091260043,\"6\":44205.4138627486,\"7\":60933.7552519215,\"8\":4450.9217593262,\"9\":4480.9091260041,\"10\":5419.4138627489,\"11\":4259.7552519212,\"12\":3842.0782406739,\"13\":4931.0908739959,\"14\":5183.5861372517,\"15\":4654.2447480789},\"ret\":{\"0\":0.0000154184,\"1\":0.00014246,\"2\":-0.0004679827,\"3\":0.0003116829,\"4\":-0.0000154165,\"5\":-0.0001422528,\"6\":0.000470175,\"7\":-0.0003109335,\"8\":-0.0000154055,\"9\":-0.0001413312,\"10\":0.000478057,\"11\":-0.0003061276,\"12\":0.0000154314,\"13\":0.0001432697,\"14\":-0.0004593999,\"15\":0.0003159184}}", "deviance": 30.136429474667807}, "pos1": {"df": 3, "formula": "count ~ group * mut * base - group : mut : base", "prob": 6.602420120119497e-18, "rel_entropy": 9.256006473185576e-05, "stats": "{\"group\":{\"0\":\"1\",\"1\":\"1\",\"2\":\"1\",\"3\":\"1\",\"4\":\"1\",\"5\":\"1\",\"6\":\"1\",\"7\":\"1\",\"8\":\"2\",\"9\":\"2\",\"10\":\"2\",\"11\":\"2\",\"12\":\"2\",\"13\":\"2\",\"14\":\"2\",\"15\":\"2\"},\"mut\":{\"0\":\"M\",\"1\":\"M\",\"2\":\"M\",\"3\":\"M\",\"4\":\"R\",\"5\":\"R\",\"6\":\"R\",\"7\":\"R\",\"8\":\"M\",\"9\":\"M\",\"10\":\"M\",\"11\":\"M\",\"12\":\"R\",\"13\":\"R\",\"14\":\"R\",\"15\":\"R\"},\"base\":{\"0\":\"A\",\"1\":\"C\",\"2\":\"G\",\"3\":\"T\",\"4\":\"A\",\"5\":\"C\",\"6\":\"G\",\"7\":\"T\",\"8\":\"A\",\"9\":\"C\",\"10\":\"G\",\"11\":\"T\",\"12\":\"A\",\"13\":\"C\",\"14\":\"G\",\"15\":\"T\"},\"count\":{\"0\":57020,\"1\":46011,\"2\":33125,\"3\":69710,\"4\":52219,\"5\":50277,\"6\":40886,\"7\":62484,\"8\":3671,\"9\":5832,\"10\":3766,\"11\":5342,\"12\":3816,\"13\":5465,\"14\":4568,\"15\":4762},\"fitted\":{\"0\":56754.4900816875,\"1\":46336.0982191572,\"2\":33110.982126997,\"3\":69664.4295721565,\"4\":52484.5099183112,\"5\":49951.9017808422,\"6\":40900.0178730024,\"7\":62529.5704278428,\"8\":3936.509918331,\"9\":5506.9017808476,\"10\":3780.0178730027,\"11\":5387.5704278431,\"12\":3550.4900817064,\"13\":5790.098219163,\"14\":4553.9821269973,\"15\":4716.4295721568},\"ret\":{\"0\":0.0005927779,\"1\":-0.0007215775,\"2\":0.00003123,\"3\":0.0001015367,\"4\":-0.0005898983,\"5\":0.000726475,\"6\":-0.0000312181,\"7\":-0.0001014666,\"8\":-0.0005709883,\"9\":0.0007450893,\"10\":-0.0000311654,\"11\":-0.0001010731,\"12\":0.0006129779,\"13\":-0.0007034034,\"14\":0.0000312714,\"15\":0.0001019924}}", "deviance": 83.11042260325114}}