{"pos0": {"prob": 0.4103467266905797, "df": 3, "rel_entropy": 0.00011627990507425125, "stats": "{\"strand\":{\"0\":\"+\",\"1\":\"+\",\"2\":\"+\",\"3\":\"+\",\"4\":\"+\",\"5\":\"+\",\"6\":\"+\",\"7\":\"+\",\"8\":\"-\",\"9\":\"-\",\"10\":\"-\",\"11\":\"-\",\"12\":\"-\",\"13\":\"-\",\"14\":\"-\",\"15\":\"-\"},\"mut\":{\"0\":\"M\",\"1\":\"M\",\"2\":\"M\",\"3\":\"M\",\"4\":\"R\",\"5\":\"R\",\"6\":\"R\",\"7\":\"R\",\"8\":\"M\",\"9\":\"M\",\"10\":\"M\",\"11\":\"M\",\"12\":\"R\",\"13\":\"R\",\"14\":\"R\",\"15\":\"R\"},\"base\":{\"0\":\"A\",\"1\":\"C\",\"2\":\"G\",\"3\":\"T\",\"4\":\"A\",\"5\":\"C\",\"6\":\"G\",\"7\":\"T\",\"8\":\"A\",\"9\":\"C\",\"10\":\"G\",\"11\":\"T\",\"12\":\"A\",\"13\":\"C\",\"14\":\"G\",\"15\":\"T\"},\"count\":{\"0\":1043,\"1\":566,\"2\":541,\"3\":903,\"4\":1092,\"5\":517,\"6\":598,\"7\":846,\"8\":1095,\"9\":616,\"10\":571,\"11\":859,\"12\":1088,\"13\":534,\"14\":639,\"15\":880},\"fitted\":{\"0\":1057.0802706869,\"1\":573.2485813505,\"2\":539.1747919015,\"3\":883.4963560611,\"4\":1077.9197293131,\"5\":509.7514186495,\"6\":599.8252080985,\"7\":865.5036439389,\"8\":1080.9197293131,\"9\":608.7514186495,\"10\":572.8252080985,\"11\":878.5036439389,\"12\":1102.0802706869,\"13\":541.2485813505,\"14\":637.1747919015,\"15\":860.4963560611},\"ret\":{\"0\":-0.001129002,\"1\":-0.0005814142,\"2\":0.0001475859,\"3\":0.0015916495,\"4\":0.001143997,\"5\":0.0005892699,\"6\":-0.0001471124,\"7\":-0.0015565243,\"8\":0.0011439765,\"9\":0.0005885992,\"10\":-0.0001471018,\"11\":-0.0015567907,\"12\":-0.0011293138,\"13\":-0.0005811935,\"14\":0.0001475476,\"15\":0.0015921071}}", "deviance": 2.880950928119649, "formula": "count ~ strand * mut * base - strand : mut : base"}, "pos1": {"prob": 0.2750185843295596, "df": 3, "rel_entropy": 0.00015649539644683444, "stats": "{\"strand\":{\"0\":\"+\",\"1\":\"+\",\"2\":\"+\",\"3\":\"+\",\"4\":\"+\",\"5\":\"+\",\"6\":\"+\",\"7\":\"+\",\"8\":\"-\",\"9\":\"-\",\"10\":\"-\",\"11\":\"-\",\"12\":\"-\",\"13\":\"-\",\"14\":\"-\",\"15\":\"-\"},\"mut\":{\"0\":\"M\",\"1\":\"M\",\"2\":\"M\",\"3\":\"M\",\"4\":\"R\",\"5\":\"R\",\"6\":\"R\",\"7\":\"R\",\"8\":\"M\",\"9\":\"M\",\"10\":\"M\",\"11\":\"M\",\"12\":\"R\",\"13\":\"R\",\"14\":\"R\",\"15\":\"R\"},\"base\":{\"0\":\"A\",\"1\":\"C\",\"2\":\"G\",\"3\":\"T\",\"4\":\"A\",\"5\":\"C\",\"6\":\"G\",\"7\":\"T\",\"8\":\"A\",\"9\":\"C\",\"10\":\"G\",\"11\":\"T\",\"12\":\"A\",\"13\":\"C\",\"14\":\"G\",\"15\":\"T\"},\"count\":{\"0\":1106,\"1\":913,\"2\":443,\"3\":591,\"4\":1003,\"5\":732,\"6\":575,\"7\":743,\"8\":1139,\"9\":917,\"10\":436,\"11\":649,\"12\":1076,\"13\":745,\"14\":604,\"15\":716},\"fitted\":{\"0\":1094.996855681,\"1\":910.307100111,\"2\":434.8083774521,\"3\":612.887666756,\"4\":1014.003144319,\"5\":734.692899889,\"6\":583.1916225479,\"7\":721.112333244,\"8\":1150.003144319,\"9\":919.692899889,\"10\":444.1916225479,\"11\":627.112333244,\"12\":1064.996855681,\"13\":742.307100111,\"14\":595.8083774521,\"15\":737.887666756},\"ret\":{\"0\":0.0008926576,\"1\":0.0002177009,\"2\":0.0006674448,\"3\":-0.0017349128,\"4\":-0.0008833733,\"5\":-0.0002169808,\"6\":-0.0006565887,\"7\":0.0017933912,\"8\":-0.0008839471,\"9\":-0.0002170612,\"10\":-0.0006551195,\"11\":0.0017973251,\"12\":0.0008927825,\"13\":0.0002177735,\"14\":0.0006657797,\"15\":-0.0017403767}}", "deviance": 3.87732994236677, "formula": "count ~ strand * mut * base - strand : mut : base"}, "pos3": {"prob": 0.3426989681657444, "df": 3, "rel_entropy": 0.00013463600585328573, "stats": "{\"strand\":{\"0\":\"+\",\"1\":\"+\",\"2\":\"+\",\"3\":\"+\",\"4\":\"+\",\"5\":\"+\",\"6\":\"+\",\"7\":\"+\",\"8\":\"-\",\"9\":\"-\",\"10\":\"-\",\"11\":\"-\",\"12\":\"-\",\"13\":\"-\",\"14\":\"-\",\"15\":\"-\"},\"mut\":{\"0\":\"M\",\"1\":\"M\",\"2\":\"M\",\"3\":\"M\",\"4\":\"R\",\"5\":\"R\",\"6\":\"R\",\"7\":\"R\",\"8\":\"M\",\"9\":\"M\",\"10\":\"M\",\"11\":\"M\",\"12\":\"R\",\"13\":\"R\",\"14\":\"R\",\"15\":\"R\"},\"base\":{\"0\":\"A\",\"1\":\"C\",\"2\":\"G\",\"3\":\"T\",\"4\":\"A\",\"5\":\"C\",\"6\":\"G\",\"7\":\"T\",\"8\":\"A\",\"9\":\"C\",\"10\":\"G\",\"11\":\"T\",\"12\":\"A\",\"13\":\"C\",\"14\":\"G\",\"15\":\"T\"},\"count\":{\"0\":1096,\"1\":520,\"2\":509,\"3\":928,\"4\":1089,\"5\":569,\"6\":555,\"7\":840,\"8\":1131,\"9\":606,\"10\":523,\"11\":881,\"12\":1090,\"13\":595,\"14\":604,\"15\":852},\"fitted\":{\"0\":1103.8420498789,\"1\":535.1743445749,\"2\":500.8856271951,\"3\":913.0979783511,\"4\":1081.1579501211,\"5\":553.8256554251,\"6\":563.1143728049,\"7\":854.9020216489,\"8\":1123.1579501211,\"9\":590.8256554251,\"10\":531.1143728049,\"11\":895.9020216489,\"12\":1097.8420498789,\"13\":610.1743445749,\"14\":595.8856271951,\"15\":837.0979783511},\"ret\":{\"0\":-0.000630782,\"1\":-0.0012073906,\"2\":0.000660296,\"3\":0.0012127033,\"4\":0.0006353263,\"5\":0.0012415526,\"6\":-0.0006502766,\"7\":-0.0011923942,\"8\":0.0006352408,\"9\":0.0012405199,\"10\":-0.0006499894,\"11\":-0.0011928796,\"12\":-0.0006307697,\"13\":-0.0012095638,\"14\":0.0006594585,\"15\":0.0012135845}}", "deviance": 3.335741681021007, "formula": "count ~ strand * mut * base - strand : mut : base"}, "pos2": {"prob": 0.04588915910911028, "df": 3, "rel_entropy": 0.00032313276100389684, "stats": "{\"strand\":{\"0\":\"+\",\"1\":\"+\",\"2\":\"+\",\"3\":\"+\",\"4\":\"+\",\"5\":\"+\",\"6\":\"+\",\"7\":\"+\",\"8\":\"-\",\"9\":\"-\",\"10\":\"-\",\"11\":\"-\",\"12\":\"-\",\"13\":\"-\",\"14\":\"-\",\"15\":\"-\"},\"mut\":{\"0\":\"M\",\"1\":\"M\",\"2\":\"M\",\"3\":\"M\",\"4\":\"R\",\"5\":\"R\",\"6\":\"R\",\"7\":\"R\",\"8\":\"M\",\"9\":\"M\",\"10\":\"M\",\"11\":\"M\",\"12\":\"R\",\"13\":\"R\",\"14\":\"R\",\"15\":\"R\"},\"base\":{\"0\":\"A\",\"1\":\"C\",\"2\":\"G\",\"3\":\"T\",\"4\":\"A\",\"5\":\"C\",\"6\":\"G\",\"7\":\"T\",\"8\":\"A\",\"9\":\"C\",\"10\":\"G\",\"11\":\"T\",\"12\":\"A\",\"13\":\"C\",\"14\":\"G\",\"15\":\"T\"},\"count\":{\"0\":1098,\"1\":694,\"2\":527,\"3\":734,\"4\":1044,\"5\":500,\"6\":724,\"7\":785,\"8\":1077,\"9\":695,\"10\":616,\"11\":753,\"12\":1072,\"13\":541,\"14\":693,\"15\":835},\"fitted\":{\"0\":1085.4599203704,\"1\":682.3487553203,\"2\":558.395116393,\"3\":726.7962079167,\"4\":1056.5400796296,\"5\":511.6512446797,\"6\":692.6048836076,\"7\":792.2037920833,\"8\":1089.5400796296,\"9\":706.6512446797,\"10\":584.6048836078,\"11\":760.2037920833,\"12\":1059.4599203704,\"13\":529.3487553203,\"14\":724.3951163926,\"15\":827.7962079167},\"ret\":{\"0\":0.0010181013,\"1\":0.0009485112,\"2\":-0.0024616982,\"3\":0.0005843862,\"4\":-0.0010062451,\"5\":-0.0009297357,\"6\":0.0025909071,\"7\":-0.0005788617,\"8\":-0.0010064285,\"9\":-0.00093273,\"10\":0.0026011807,\"11\":-0.0005787497,\"12\":0.0010182437,\"13\":0.0009508023,\"14\":-0.0024785874,\"15\":0.0005840367}}", "deviance": 8.005937286632548, "formula": "count ~ strand * mut * base - strand : mut : base"}}