{"pos2": {"stats": "{\"mut\":{\"0\":\"M\",\"1\":\"M\",\"2\":\"M\",\"3\":\"M\",\"4\":\"R\",\"5\":\"R\",\"6\":\"R\",\"7\":\"R\"},\"base\":{\"0\":\"A\",\"1\":\"C\",\"2\":\"G\",\"3\":\"T\",\"4\":\"A\",\"5\":\"C\",\"6\":\"G\",\"7\":\"T\"},\"count\":{\"0\":89,\"1\":116,\"2\":75,\"3\":176,\"4\":158,\"5\":119,\"6\":47,\"7\":132},\"fitted\":{\"0\":123.5,\"1\":117.5,\"2\":61.0,\"3\":154.0,\"4\":123.5,\"5\":117.5,\"6\":61.0,\"7\":154.0},\"ret\":{\"0\":-0.0319702039,\"1\":-0.0016341936,\"2\":0.0169913034,\"3\":0.0257692161,\"4\":0.0426797287,\"5\":0.0016551908,\"6\":-0.0134365508,\"7\":-0.0223112826}}", "deviance": 32.36361152621472, "df": 3, "rel_entropy": 0.01774320807358263, "formula": "count ~ mut * base - mut : base", "prob": 4.3867796140436577e-07}, "pos3": {"stats": "{\"mut\":{\"0\":\"M\",\"1\":\"M\",\"2\":\"M\",\"3\":\"M\",\"4\":\"R\",\"5\":\"R\",\"6\":\"R\",\"7\":\"R\"},\"base\":{\"0\":\"A\",\"1\":\"C\",\"2\":\"G\",\"3\":\"T\",\"4\":\"A\",\"5\":\"C\",\"6\":\"G\",\"7\":\"T\"},\"count\":{\"0\":105,\"1\":101,\"2\":131,\"3\":119,\"4\":108,\"5\":121,\"6\":105,\"7\":122},\"fitted\":{\"0\":106.5,\"1\":111.0,\"2\":118.0,\"3\":120.5,\"4\":106.5,\"5\":111.0,\"6\":118.0,\"7\":120.5},\"ret\":{\"0\":-0.0016330994,\"1\":-0.0104554585,\"2\":0.0150122407,\"3\":-0.0016344571,\"4\":0.0016562655,\"5\":0.011444629,\"6\":-0.01343865,\"7\":0.0016549316}}", "deviance": 4.754076798746695, "df": 3, "rel_entropy": 0.002606401753698846, "formula": "count ~ mut * base - mut : base", "prob": 0.19071631451649537}, "pos0": {"stats": "{\"mut\":{\"0\":\"M\",\"1\":\"M\",\"2\":\"M\",\"3\":\"M\",\"4\":\"R\",\"5\":\"R\",\"6\":\"R\",\"7\":\"R\"},\"base\":{\"0\":\"A\",\"1\":\"C\",\"2\":\"G\",\"3\":\"T\",\"4\":\"A\",\"5\":\"C\",\"6\":\"G\",\"7\":\"T\"},\"count\":{\"0\":123,\"1\":141,\"2\":113,\"3\":79,\"4\":112,\"5\":118,\"6\":98,\"7\":128},\"fitted\":{\"0\":117.5,\"1\":129.5,\"2\":105.5,\"3\":103.5,\"4\":117.5,\"5\":129.5,\"6\":105.5,\"7\":103.5},\"ret\":{\"0\":0.0061696937,\"1\":0.0131536626,\"2\":0.0085093046,\"3\":-0.0233988784,\"4\":-0.0058873024,\"5\":-0.0120324104,\"6\":-0.0079241891,\"7\":0.0298187581}}", "deviance": 15.337357148350854, "df": 3, "rel_entropy": 0.008408638787473057, "formula": "count ~ mut * base - mut : base", "prob": 0.0015499128652499256}, "pos1": {"stats": "{\"mut\":{\"0\":\"M\",\"1\":\"M\",\"2\":\"M\",\"3\":\"M\",\"4\":\"R\",\"5\":\"R\",\"6\":\"R\",\"7\":\"R\"},\"base\":{\"0\":\"A\",\"1\":\"C\",\"2\":\"G\",\"3\":\"T\",\"4\":\"A\",\"5\":\"C\",\"6\":\"G\",\"7\":\"T\"},\"count\":{\"0\":77,\"1\":152,\"2\":99,\"3\":128,\"4\":81,\"5\":139,\"6\":107,\"7\":129},\"fitted\":{\"0\":79.0,\"1\":145.5,\"2\":103.0,\"3\":128.5,\"4\":79.0,\"5\":145.5,\"6\":103.0,\"7\":128.5},\"ret\":{\"0\":-0.0021649859,\"1\":0.0072840724,\"2\":-0.0042996762,\"3\":-0.0005471776,\"4\":0.0022205104,\"5\":-0.0069655694,\"6\":0.0044700477,\"7\":0.0005493109}}", "deviance": 0.9968747937925326, "df": 3, "rel_entropy": 0.0005465322334388885, "formula": "count ~ mut * base - mut : base", "prob": 0.8020081646950451}}