{"('pos1', 'pos2')": {"stats": "{\"mut\":{\"0\":\"M\",\"1\":\"M\",\"2\":\"M\",\"3\":\"M\",\"4\":\"M\",\"5\":\"M\",\"6\":\"M\",\"7\":\"M\",\"8\":\"M\",\"9\":\"M\",\"10\":\"M\",\"11\":\"M\",\"12\":\"M\",\"13\":\"M\",\"14\":\"M\",\"15\":\"M\",\"16\":\"R\",\"17\":\"R\",\"18\":\"R\",\"19\":\"R\",\"20\":\"R\",\"21\":\"R\",\"22\":\"R\",\"23\":\"R\",\"24\":\"R\",\"25\":\"R\",\"26\":\"R\",\"27\":\"R\",\"28\":\"R\",\"29\":\"R\",\"30\":\"R\",\"31\":\"R\"},\"base1\":{\"0\":\"A\",\"1\":\"A\",\"2\":\"A\",\"3\":\"A\",\"4\":\"C\",\"5\":\"C\",\"6\":\"C\",\"7\":\"C\",\"8\":\"G\",\"9\":\"G\",\"10\":\"G\",\"11\":\"G\",\"12\":\"T\",\"13\":\"T\",\"14\":\"T\",\"15\":\"T\",\"16\":\"A\",\"17\":\"A\",\"18\":\"A\",\"19\":\"A\",\"20\":\"C\",\"21\":\"C\",\"22\":\"C\",\"23\":\"C\",\"24\":\"G\",\"25\":\"G\",\"26\":\"G\",\"27\":\"G\",\"28\":\"T\",\"29\":\"T\",\"30\":\"T\",\"31\":\"T\"},\"base2\":{\"0\":\"A\",\"1\":\"C\",\"2\":\"G\",\"3\":\"T\",\"4\":\"A\",\"5\":\"C\",\"6\":\"G\",\"7\":\"T\",\"8\":\"A\",\"9\":\"C\",\"10\":\"G\",\"11\":\"T\",\"12\":\"A\",\"13\":\"C\",\"14\":\"G\",\"15\":\"T\",\"16\":\"A\",\"17\":\"C\",\"18\":\"G\",\"19\":\"T\",\"20\":\"A\",\"21\":\"C\",\"22\":\"G\",\"23\":\"T\",\"24\":\"A\",\"25\":\"C\",\"26\":\"G\",\"27\":\"T\",\"28\":\"A\",\"29\":\"C\",\"30\":\"G\",\"31\":\"T\"},\"count\":{\"0\":19,\"1\":20,\"2\":8,\"3\":30,\"4\":40,\"5\":36,\"6\":33,\"7\":43,\"8\":14,\"9\":25,\"10\":18,\"11\":42,\"12\":16,\"13\":35,\"14\":16,\"15\":61,\"16\":25,\"17\":20,\"18\":7,\"19\":29,\"20\":46,\"21\":37,\"22\":15,\"23\":41,\"24\":38,\"25\":25,\"26\":16,\"27\":28,\"28\":49,\"29\":37,\"30\":9,\"31\":34},\"fitted\":{\"0\":15.3862969147,\"1\":19.333449027,\"2\":9.060615603,\"3\":33.2196384554,\"4\":33.0291033138,\"5\":37.9842763285,\"6\":30.6649124135,\"7\":50.3217079442,\"8\":17.4055588682,\"9\":23.3377717206,\"10\":19.9930956906,\"11\":38.2635737207,\"12\":23.1790409034,\"13\":35.344502924,\"14\":15.2813762929,\"15\":54.1950798797,\"16\":28.6137030853,\"17\":20.666550973,\"18\":5.939384397,\"19\":25.7803615446,\"20\":52.9708966862,\"21\":35.0157236715,\"22\":17.3350875865,\"23\":33.6782920558,\"24\":34.5944411318,\"25\":26.6622282794,\"26\":14.0069043094,\"27\":31.7364262793,\"28\":41.8209590966,\"29\":36.655497076,\"30\":9.7186237071,\"31\":40.8049201203},\"ret\":{\"0\":0.0043950349,\"1\":0.0007433238,\"2\":-0.001092066,\"3\":-0.0033534158,\"4\":0.0083987001,\"5\":-0.0021178956,\"6\":0.0026555042,\"7\":-0.0074135601,\"8\":-0.0033423818,\"9\":0.0018860382,\"10\":-0.0020726692,\"11\":0.0042907814,\"12\":-0.0065028024,\"13\":-0.0003758975,\"14\":0.0008062083,\"15\":0.0079115219,\"16\":-0.0037009295,\"17\":-0.0007189523,\"18\":0.0012611103,\"19\":0.0037421068,\"20\":-0.0071169489,\"21\":0.0022362566,\"22\":-0.0023796452,\"23\":0.0088437085,\"24\":0.0039122146,\"25\":-0.0017645852,\"26\":0.0023340061,\"27\":-0.0038457203,\"28\":0.0085117444,\"29\":0.000379514,\"30\":-0.0007580866,\"31\":-0.006801571}}", "deviance": 16.325979777570673, "df": 9, "rel_entropy": 0.008950646807878658, "formula": "count ~ mut * base1 * base2 - mut : base1 : base2", "prob": 0.060378532671398942}, "('pos1', 'pos3')": {"stats": "{\"mut\":{\"0\":\"M\",\"1\":\"M\",\"2\":\"M\",\"3\":\"M\",\"4\":\"M\",\"5\":\"M\",\"6\":\"M\",\"7\":\"M\",\"8\":\"M\",\"9\":\"M\",\"10\":\"M\",\"11\":\"M\",\"12\":\"M\",\"13\":\"M\",\"14\":\"M\",\"15\":\"M\",\"16\":\"R\",\"17\":\"R\",\"18\":\"R\",\"19\":\"R\",\"20\":\"R\",\"21\":\"R\",\"22\":\"R\",\"23\":\"R\",\"24\":\"R\",\"25\":\"R\",\"26\":\"R\",\"27\":\"R\",\"28\":\"R\",\"29\":\"R\",\"30\":\"R\",\"31\":\"R\"},\"base1\":{\"0\":\"A\",\"1\":\"A\",\"2\":\"A\",\"3\":\"A\",\"4\":\"C\",\"5\":\"C\",\"6\":\"C\",\"7\":\"C\",\"8\":\"G\",\"9\":\"G\",\"10\":\"G\",\"11\":\"G\",\"12\":\"T\",\"13\":\"T\",\"14\":\"T\",\"15\":\"T\",\"16\":\"A\",\"17\":\"A\",\"18\":\"A\",\"19\":\"A\",\"20\":\"C\",\"21\":\"C\",\"22\":\"C\",\"23\":\"C\",\"24\":\"G\",\"25\":\"G\",\"26\":\"G\",\"27\":\"G\",\"28\":\"T\",\"29\":\"T\",\"30\":\"T\",\"31\":\"T\"},\"base2\":{\"0\":\"A\",\"1\":\"C\",\"2\":\"G\",\"3\":\"T\",\"4\":\"A\",\"5\":\"C\",\"6\":\"G\",\"7\":\"T\",\"8\":\"A\",\"9\":\"C\",\"10\":\"G\",\"11\":\"T\",\"12\":\"A\",\"13\":\"C\",\"14\":\"G\",\"15\":\"T\",\"16\":\"A\",\"17\":\"C\",\"18\":\"G\",\"19\":\"T\",\"20\":\"A\",\"21\":\"C\",\"22\":\"G\",\"23\":\"T\",\"24\":\"A\",\"25\":\"C\",\"26\":\"G\",\"27\":\"T\",\"28\":\"A\",\"29\":\"C\",\"30\":\"G\",\"31\":\"T\"},\"count\":{\"0\":20,\"1\":15,\"2\":20,\"3\":22,\"4\":36,\"5\":33,\"6\":43,\"7\":40,\"8\":16,\"9\":28,\"10\":33,\"11\":22,\"12\":33,\"13\":25,\"14\":35,\"15\":35,\"16\":20,\"17\":18,\"18\":20,\"19\":23,\"20\":27,\"21\":45,\"22\":30,\"23\":37,\"24\":25,\"25\":27,\"26\":33,\"27\":22,\"28\":36,\"29\":31,\"30\":22,\"31\":40},\"fitted\":{\"0\":19.1711802668,\"1\":14.5432688661,\"2\":21.717762787,\"3\":21.5677880802,\"4\":32.5655489295,\"5\":37.2911072194,\"6\":42.3406462519,\"7\":39.8026975992,\"8\":19.2880841408,\"9\":23.7593347292,\"10\":35.2529685183,\"11\":20.6996126117,\"12\":33.975186663,\"13\":25.4062891853,\"14\":31.6886224428,\"15\":36.9299017089,\"16\":20.8288197332,\"17\":18.4567311339,\"18\":18.282237213,\"19\":23.4322119198,\"20\":30.4344510705,\"21\":40.7088927806,\"22\":30.6593537481,\"23\":37.1973024008,\"24\":21.7119158592,\"25\":31.2406652708,\"26\":30.7470314817,\"27\":23.3003873883,\"28\":35.024813337,\"29\":30.5937108147,\"30\":25.3113775572,\"31\":38.0700982911},\"ret\":{\"0\":0.0009281612,\"1\":0.0005085845,\"2\":-0.0018069784,\"3\":0.0004786337,\"4\":0.0039577891,\"5\":-0.0044234229,\"6\":0.0007285759,\"7\":0.0002168757,\"8\":-0.003278926,\"9\":0.0050421189,\"10\":-0.0023896841,\"11\":0.0014697415,\"12\":-0.0010537889,\"13\":-0.0004419113,\"14\":0.003814323,\"15\":-0.0020598385,\"16\":-0.0008904675,\"17\":-0.0004945535,\"18\":0.0019693493,\"19\":-0.0004695187,\"20\":-0.0035448856,\"21\":0.0049448647,\"22\":-0.0007151452,\"23\":-0.0002157656,\"24\":0.0038655317,\"25\":-0.0043189269,\"26\":0.0025587342,\"27\":-0.0013853133,\"28\":0.0010840333,\"29\":0.0004484376,\"30\":-0.0033822961,\"31\":0.0021688729}}", "deviance": 6.043285508817551, "df": 9, "rel_entropy": 0.0033132047745710255, "formula": "count ~ mut * base1 * base2 - mut : base1 : base2", "prob": 0.73557839344203657},