{"pos3": {"prob": 0.018983200635607652, "df": 3, "deviance": 9.951469332757934, "stats": "{\"mut\":{\"0\":\"M\",\"1\":\"M\",\"2\":\"M\",\"3\":\"M\",\"4\":\"R\",\"5\":\"R\",\"6\":\"R\",\"7\":\"R\"},\"base\":{\"0\":\"A\",\"1\":\"C\",\"2\":\"G\",\"3\":\"T\",\"4\":\"A\",\"5\":\"C\",\"6\":\"G\",\"7\":\"T\"},\"count\":{\"0\":859,\"1\":571,\"2\":616,\"3\":1095,\"4\":880,\"5\":639,\"6\":534,\"7\":1088},\"fitted\":{\"0\":869.5,\"1\":605.0000000005,\"2\":575.000000003,\"3\":1091.5,\"4\":869.5,\"5\":605.0000000005,\"6\":575.000000003,\"7\":1091.5},\"ret\":{\"0\":-0.0016613093,\"1\":-0.0052572765,\"2\":0.0067539294,\"3\":0.0005580397,\"4\":0.0016814939,\"5\":0.0055615985,\"6\":-0.0062881604,\"7\":-0.0005562532}}", "formula": "count ~ mut * base - mut : base", "rel_entropy": 0.0007920621882169639}, "pos0": {"prob": 0.06668285551834721, "df": 3, "deviance": 7.1696411904332535, "stats": "{\"mut\":{\"0\":\"M\",\"1\":\"M\",\"2\":\"M\",\"3\":\"M\",\"4\":\"R\",\"5\":\"R\",\"6\":\"R\",\"7\":\"R\"},\"base\":{\"0\":\"A\",\"1\":\"C\",\"2\":\"G\",\"3\":\"T\",\"4\":\"A\",\"5\":\"C\",\"6\":\"G\",\"7\":\"T\"},\"count\":{\"0\":881,\"1\":523,\"2\":606,\"3\":1131,\"4\":852,\"5\":604,\"6\":595,\"7\":1090},\"fitted\":{\"0\":866.5,\"1\":563.5000000032,\"2\":600.5,\"3\":1110.5,\"4\":866.5,\"5\":563.5000000031,\"6\":600.5,\"7\":1110.5},\"ret\":{\"0\":0.0023273878,\"1\":-0.0062095526,\"2\":0.0008795146,\"3\":0.0032932287,\"4\":-0.0022887609,\"5\":0.006673312,\"6\":-0.0008714956,\"7\":-0.0032329844}}", "formula": "count ~ mut * base - mut : base", "rel_entropy": 0.0005706495694391319}, "pos1": {"prob": 3.601517145207037e-06, "df": 3, "deviance": 28.01745969084677, "stats": "{\"mut\":{\"0\":\"M\",\"1\":\"M\",\"2\":\"M\",\"3\":\"M\",\"4\":\"R\",\"5\":\"R\",\"6\":\"R\",\"7\":\"R\"},\"base\":{\"0\":\"A\",\"1\":\"C\",\"2\":\"G\",\"3\":\"T\",\"4\":\"A\",\"5\":\"C\",\"6\":\"G\",\"7\":\"T\"},\"count\":{\"0\":753,\"1\":616,\"2\":695,\"3\":1077,\"4\":835,\"5\":693,\"6\":541,\"7\":1072},\"fitted\":{\"0\":794.0,\"1\":654.5,\"2\":618.0,\"3\":1074.5,\"4\":794.0,\"5\":654.5,\"6\":618.0,\"7\":1074.5},\"ret\":{\"0\":-0.0063550987,\"1\":-0.0059447257,\"2\":0.012990967,\"3\":0.000398425,\"4\":0.0066922636,\"5\":0.0063054411,\"6\":-0.011459794,\"7\":-0.0003974991}}", "formula": "count ~ mut * base - mut : base", "rel_entropy": 0.0022299792813472437}, "pos2": {"prob": 7.343046732511952e-11, "df": 3, "deviance": 50.171972394576315, "stats": "{\"mut\":{\"0\":\"M\",\"1\":\"M\",\"2\":\"M\",\"3\":\"M\",\"4\":\"R\",\"5\":\"R\",\"6\":\"R\",\"7\":\"R\"},\"base\":{\"0\":\"A\",\"1\":\"C\",\"2\":\"G\",\"3\":\"T\",\"4\":\"A\",\"5\":\"C\",\"6\":\"G\",\"7\":\"T\"},\"count\":{\"0\":649,\"1\":436,\"2\":917,\"3\":1139,\"4\":716,\"5\":604,\"6\":745,\"7\":1076},\"fitted\":{\"0\":682.5,\"1\":520.0,\"2\":831.0,\"3\":1107.5,\"4\":682.5,\"5\":520.0,\"6\":831.0,\"7\":1107.5},\"ret\":{\"0\":-0.0051996254,\"1\":-0.0122281668,\"2\":0.0143750446,\"3\":0.0050849699,\"4\":0.005461482,\"5\":0.014397678,\"6\":-0.0129557393,\"7\":-0.004942331}}", "formula": "count ~ mut * base - mut : base", "rel_entropy": 0.0039933120339522695}}