{"('pos1', 'pos2')": {"prob": 0.0023883411794764975, "df": 9, "deviance": 25.584433287043158, "stats": "{\"mut\":{\"0\":\"M\",\"1\":\"M\",\"2\":\"M\",\"3\":\"M\",\"4\":\"M\",\"5\":\"M\",\"6\":\"M\",\"7\":\"M\",\"8\":\"M\",\"9\":\"M\",\"10\":\"M\",\"11\":\"M\",\"12\":\"M\",\"13\":\"M\",\"14\":\"M\",\"15\":\"M\",\"16\":\"R\",\"17\":\"R\",\"18\":\"R\",\"19\":\"R\",\"20\":\"R\",\"21\":\"R\",\"22\":\"R\",\"23\":\"R\",\"24\":\"R\",\"25\":\"R\",\"26\":\"R\",\"27\":\"R\",\"28\":\"R\",\"29\":\"R\",\"30\":\"R\",\"31\":\"R\"},\"base1\":{\"0\":\"A\",\"1\":\"A\",\"2\":\"A\",\"3\":\"A\",\"4\":\"C\",\"5\":\"C\",\"6\":\"C\",\"7\":\"C\",\"8\":\"G\",\"9\":\"G\",\"10\":\"G\",\"11\":\"G\",\"12\":\"T\",\"13\":\"T\",\"14\":\"T\",\"15\":\"T\",\"16\":\"A\",\"17\":\"A\",\"18\":\"A\",\"19\":\"A\",\"20\":\"C\",\"21\":\"C\",\"22\":\"C\",\"23\":\"C\",\"24\":\"G\",\"25\":\"G\",\"26\":\"G\",\"27\":\"G\",\"28\":\"T\",\"29\":\"T\",\"30\":\"T\",\"31\":\"T\"},\"base2\":{\"0\":\"A\",\"1\":\"C\",\"2\":\"G\",\"3\":\"T\",\"4\":\"A\",\"5\":\"C\",\"6\":\"G\",\"7\":\"T\",\"8\":\"A\",\"9\":\"C\",\"10\":\"G\",\"11\":\"T\",\"12\":\"A\",\"13\":\"C\",\"14\":\"G\",\"15\":\"T\",\"16\":\"A\",\"17\":\"C\",\"18\":\"G\",\"19\":\"T\",\"20\":\"A\",\"21\":\"C\",\"22\":\"G\",\"23\":\"T\",\"24\":\"A\",\"25\":\"C\",\"26\":\"G\",\"27\":\"T\",\"28\":\"A\",\"29\":\"C\",\"30\":\"G\",\"31\":\"T\"},\"count\":{\"0\":204,\"1\":86,\"2\":228,\"3\":235,\"4\":97,\"5\":122,\"6\":183,\"7\":214,\"8\":151,\"9\":94,\"10\":246,\"11\":204,\"12\":197,\"13\":134,\"14\":260,\"15\":486,\"16\":223,\"17\":140,\"18\":183,\"19\":289,\"20\":148,\"21\":154,\"22\":189,\"23\":202,\"24\":116,\"25\":86,\"26\":162,\"27\":177,\"28\":229,\"29\":224,\"30\":211,\"31\":408},\"fitted\":{\"0\":192.313186957,\"1\":89.4407202956,\"2\":215.2259252808,\"3\":256.0201674703,\"4\":110.0383921259,\"5\":108.8963952898,\"6\":194.3358278621,\"7\":202.7293847661,\"8\":142.8571698849,\"9\":86.2382358408,\"10\":247.6119126243,\"11\":218.2926816562,\"12\":203.7912510555,\"13\":151.4246486266,\"14\":259.8263342342,\"15\":461.9577661112,\"16\":234.6868130433,\"17\":136.5592797061,\"18\":195.7740747201,\"19\":267.979832537,\"20\":134.9616079117,\"21\":167.1036047331,\"22\":177.6641721391,\"23\":213.2706152345,\"24\":124.1428301155,\"25\":93.7617641647,\"26\":160.3880873759,\"27\":162.7073183474,\"28\":222.2087489449,\"29\":206.5753514092,\"30\":211.1736657658,\"31\":432.0422338892},\"ret\":{\"0\":0.0019157805,\"1\":-0.0005370382,\"2\":0.0020926254,\"3\":-0.0032048099,\"4\":-0.0019473861,\"5\":0.0022066447,\"6\":-0.0017508101,\"7\":0.0018430845,\"8\":0.0013324757,\"9\":0.0012895617,\"10\":-0.0002557553,\"11\":-0.0021990156,\"12\":-0.0010628486,\"13\":-0.0026076531,\"14\":0.0000276542,\"15\":0.0039250691,\"16\":-0.0018132556,\"17\":0.0005545537,\"18\":-0.0019656088,\"19\":0.0034740248,\"20\":0.0021726909,\"21\":-0.0020018874,\"22\":0.0018608744,\"23\":-0.0017458484,\"24\":-0.001252744,\"25\":-0.0011829428,\"26\":0.0002578774,\"27\":0.0023723054,\"28\":0.0010974194,\"29\":0.0028875678,\"30\":-0.0000276336,\"31\":-0.0037186435}}", "formula": "count ~ mut * base1 * base2 - mut : base1 : base2", "rel_entropy": 0.00203632866022311}, "('pos0', 'pos3')": {"prob": 0.1468387737699583, "df": 9, "deviance": 13.363437930444496, "stats": "{\"mut\":{\"0\":\"M\",\"1\":\"M\",\"2\":\"M\",\"3\":\"M\",\"4\":\"M\",\"5\":\"M\",\"6\":\"M\",\"7\":\"M\",\"8\":\"M\",\"9\":\"M\",\"10\":\"M\",\"11\":\"M\",\"12\":\"M\",\"13\":\"M\",\"14\":\"M\",\"15\":\"M\",\"16\":\"R\",\"17\":\"R\",\"18\":\"R\",\"19\":\"R\",\"20\":\"R\",\"21\":\"R\",\"22\":\"R\",\"23\":\"R\",\"24\":\"R\",\"25\":\"R\",\"26\":\"R\",\"27\":\"R\",\"28\":\"R\",\"29\":\"R\",\"30\":\"R\",\"31\":\"R\"},\"base1\":{\"0\":\"A\",\"1\":\"A\",\"2\":\"A\",\"3\":\"A\",\"4\":\"C\",\"5\":\"C\",\"6\":\"C\",\"7\":\"C\",\"8\":\"G\",\"9\":\"G\",\"10\":\"G\",\"11\":\"G\",\"12\":\"T\",\"13\":\"T\",\"14\":\"T\",\"15\":\"T\",\"16\":\"A\",\"17\":\"A\",\"18\":\"A\",\"19\":\"A\",\"20\":\"C\",\"21\":\"C\",\"22\":\"C\",\"23\":\"C\",\"24\":\"G\",\"25\":\"G\",\"26\":\"G\",\"27\":\"G\",\"28\":\"T\",\"29\":\"T\",\"30\":\"T\",\"31\":\"T\"},\"base2\":{\"0\":\"A\",\"1\":\"C\",\"2\":\"G\",\"3\":\"T\",\"4\":\"A\",\"5\":\"C\",\"6\":\"G\",\"7\":\"T\",\"8\":\"A\",\"9\":\"C\",\"10\":\"G\",\"11\":\"T\",\"12\":\"A\",\"13\":\"C\",\"14\":\"G\",\"15\":\"T\",\"16\":\"A\",\"17\":\"C\",\"18\":\"G\",\"19\":\"T\",\"20\":\"A\",\"21\":\"C\",\"22\":\"G\",\"23\":\"T\",\"24\":\"A\",\"25\":\"C\",\"26\":\"G\",\"27\":\"T\",\"28\":\"A\",\"29\":\"C\",\"30\":\"G\",\"31\":\"T\"},\"count\":{\"0\":296,\"1\":152,\"2\":168,\"3\":265,\"4\":154,\"5\":109,\"6\":114,\"7\":146,\"8\":150,\"9\":117,\"10\":132,\"11\":207,\"12\":259,\"13\":193,\"14\":202,\"15\":477,\"16\":284,\"17\":161,\"18\":122,\"19\":285,\"20\":150,\"21\":148,\"22\":113,\"23\":193,\"24\":159,\"25\":132,\"26\":125,\"27\":179,\"28\":287,\"29\":198,\"30\":174,\"31\":431},\"fitted\":{\"0\":291.5660697185,\"1\":150.9976353368,\"2\":158.2319450716,\"3\":280.2043498736,\"4\":139.2213699033,\"5\":112.5405640016,\"6\":113.7088669069,\"7\":157.5291991994,\"8\":153.7009888362,\"9\":118.8086783167,\"10\":138.8778097945,\"11\":194.6125230531,\"12\":274.5115715525,\"13\":188.6531223449,\"14\":205.1813782275,\"15\":462.6539278754,\"16\":288.4339302815,\"17\":162.0023646632,\"18\":131.7680549295,\"19\":269.7956501268,\"20\":164.7786301156,\"21\":144.4594359985,\"22\":113.2911330931,\"23\":181.470800802,\"24\":155.2990111639,\"25\":130.1913216833,\"26\":118.1221902057,\"27\":191.3874769478,\"28\":271.4884284479,\"29\":202.3468776551,\"30\":170.8186217725,\"31\":445.3460721246},\"ret\":{\"0\":0.0007111548,\"1\":0.0001600898,\"2\":0.0016019641,\"3\":-0.0023534182,\"4\":0.0024732014,\"5\":-0.0005546445,\"6\":0.0000464033,\"7\":-0.0017664143,\"8\":-0.0005819912,\"9\":-0.0002857117,\"10\":-0.0010672744,\"11\":0.0020333672,\"12\":-0.002398094,\"13\":0.000699869,\"14\":-0.000502481,\"15\":0.0023187251,\"16\":-0.000700362,\"17\":-0.0001590667,\"18\":-0.0014958142,\"19\":0.002487256,\"20\":-0.0022437355,\"21\":0.0005704555,\"22\":-0.0000462844,\"23\":0.0018923778,\"24\":0.0005961067,\"25\":0.0002899051,\"26\":0.001126117,\"27\":-0.0019066618,\"28\":0.0025384423,\"29\":-0.0006844714,\"30\":0.0005111145,\"31\":-0.0022464952}}", "formula": "count ~ mut * base1 * base2 - mut : base1 : base2", "rel_entropy": 0.0010636292526619306}, "('pos1', 'pos3')": {"prob": 0.12226254976409702, "df": 9, "deviance": 14.001762402864202,