{"pos14": {"stats": "{\"mut\":{\"0\":\"M\",\"1\":\"M\",\"2\":\"M\",\"3\":\"M\",\"4\":\"R\",\"5\":\"R\",\"6\":\"R\",\"7\":\"R\"},\"base\":{\"0\":\"A\",\"1\":\"C\",\"2\":\"G\",\"3\":\"T\",\"4\":\"A\",\"5\":\"C\",\"6\":\"G\",\"7\":\"T\"},\"count\":{\"0\":238113,\"1\":137320,\"2\":149149,\"3\":238904,\"4\":230705,\"5\":145985,\"6\":143375,\"7\":243421},\"fitted\":{\"0\":234409.000000001,\"1\":141652.5000000011,\"2\":146262.0000000004,\"3\":241162.5000000006,\"4\":234409.0000000006,\"5\":141652.5000000009,\"6\":146262.0000000002,\"7\":241162.5000000001},\"ret\":{\"0\":0.0024447805,\"1\":-0.0027934752,\"2\":0.0019092079,\"3\":-0.0014721235,\"4\":-0.0024064491,\"5\":0.0028802691,\"6\":-0.0018718864,\"7\":0.0014859753}}", "deviance": 538.4062409346152, "df": 3, "rel_entropy": 0.00017629866197108239, "formula": "count ~ mut * base - mut : base", "prob": 2.2639653125271166e-116}, "pos15": {"stats": "{\"mut\":{\"0\":\"M\",\"1\":\"M\",\"2\":\"M\",\"3\":\"M\",\"4\":\"R\",\"5\":\"R\",\"6\":\"R\",\"7\":\"R\"},\"base\":{\"0\":\"A\",\"1\":\"C\",\"2\":\"G\",\"3\":\"T\",\"4\":\"A\",\"5\":\"C\",\"6\":\"G\",\"7\":\"T\"},\"count\":{\"0\":227912,\"1\":146163,\"2\":139830,\"3\":249581,\"4\":226228,\"5\":148387,\"6\":139572,\"7\":249299},\"fitted\":{\"0\":227070.0000000001,\"1\":147275.0000000001,\"2\":139700.9999999999,\"3\":249439.9999999999,\"4\":227070.0000000001,\"5\":147275.0000000001,\"6\":139700.9999999999,\"7\":249439.9999999999},\"ret\":{\"0\":0.0005524392,\"1\":-0.0007254824,\"2\":0.0000845199,\"3\":0.0000923657,\"4\":-0.0005503945,\"5\":0.000730981,\"6\":-0.0000844419,\"7\":-0.0000923135}}", "deviance": 23.434583308322885, "df": 3, "rel_entropy": 7.673547160106041e-06, "formula": "count ~ mut * base - mut : base", "prob": 3.2778058137847696e-05}, "pos16": {"stats": "{\"mut\":{\"0\":\"M\",\"1\":\"M\",\"2\":\"M\",\"3\":\"M\",\"4\":\"R\",\"5\":\"R\",\"6\":\"R\",\"7\":\"R\"},\"base\":{\"0\":\"A\",\"1\":\"C\",\"2\":\"G\",\"3\":\"T\",\"4\":\"A\",\"5\":\"C\",\"6\":\"G\",\"7\":\"T\"},\"count\":{\"0\":234952,\"1\":142936,\"2\":140278,\"3\":245320,\"4\":233512,\"5\":145146,\"6\":142284,\"7\":242544},\"fitted\":{\"0\":234231.9999999993,\"1\":144040.9999999997,\"2\":141280.9999999994,\"3\":243931.9999999991,\"4\":234231.9999999997,\"5\":144041.0,\"6\":141280.9999999997,\"7\":243931.9999999995},\"ret\":{\"0\":0.0004722454,\"1\":-0.0007208715,\"2\":-0.0006545184,\"3\":0.0009115697,\"4\":-0.000470796,\"5\":0.0007264231,\"6\":0.0006591816,\"7\":-0.0009063975}}", "deviance": 51.41760829699933, "df": 3, "rel_entropy": 1.6836460752718235e-05, "formula": "count ~ mut * base - mut : base", "prob": 3.985813547121041e-11}, "pos17": {"stats": "{\"mut\":{\"0\":\"M\",\"1\":\"M\",\"2\":\"M\",\"3\":\"M\",\"4\":\"R\",\"5\":\"R\",\"6\":\"R\",\"7\":\"R\"},\"base\":{\"0\":\"A\",\"1\":\"C\",\"2\":\"G\",\"3\":\"T\",\"4\":\"A\",\"5\":\"C\",\"6\":\"G\",\"7\":\"T\"},\"count\":{\"0\":222947,\"1\":147603,\"2\":141084,\"3\":251852,\"4\":226861,\"5\":145677,\"6\":141758,\"7\":249190},\"fitted\":{\"0\":224904.000000001,\"1\":146640.0000000004,\"2\":141421.0000000007,\"3\":250521.0000000007,\"4\":224904.0000000006,\"5\":146640.0000000001,\"6\":141421.0000000004,\"7\":250521.0000000003},\"ret\":{\"0\":-0.0012760292,\"1\":0.0006327262,\"2\":-0.0002204351,\"3\":0.0008739712,\"4\":0.0012871813,\"5\":-0.0006285845,\"6\":0.000220961,\"7\":-0.0008693401}}", "deviance": 62.45558904280347, "df": 3, "rel_entropy": 2.0450797081676503e-05, "formula": "count ~ mut * base - mut : base", "prob": 1.7557421386286966e-13}, "pos10": {"stats": "{\"mut\":{\"0\":\"M\",\"1\":\"M\",\"2\":\"M\",\"3\":\"M\",\"4\":\"R\",\"5\":\"R\",\"6\":\"R\",\"7\":\"R\"},\"base\":{\"0\":\"A\",\"1\":\"C\",\"2\":\"G\",\"3\":\"T\",\"4\":\"A\",\"5\":\"C\",\"6\":\"G\",\"7\":\"T\"},\"count\":{\"0\":215072,\"1\":101914,\"2\":226875,\"3\":219625,\"4\":178207,\"5\":149384,\"6\":182569,\"7\":253326},\"fitted\":{\"0\":196639.500000001,\"1\":125649.0000000006,\"2\":204722.0000000002,\"3\":236475.5000000008,\"4\":196639.5000000006,\"5\":125649.0000000004,\"6\":204721.9999999999,\"7\":236475.5000000003},\"ret\":{\"0\":0.0126201483,\"1\":-0.0139734188,\"2\":0.0152658687,\"3\":-0.0106323839,\"4\":-0.0114869539,\"5\":0.0169273535,\"6\":-0.0136928995,\"7\":0.011419387}}", "deviance": 19689.08696537316, "df": 3, "rel_entropy": 0.006447101507222517, "formula": "count ~ mut * base - mut : base", "prob": 0}, "pos11": {"stats": "{\"mut\":{\"0\":\"M\",\"1\":\"M\",\"2\":\"M\",\"3\":\"M\",\"4\":\"R\",\"5\":\"R\",\"6\":\"R\",\"7\":\"R\"},\"base\":{\"0\":\"A\",\"1\":\"C\",\"2\":\"G\",\"3\":\"T\",\"4\":\"A\",\"5\":\"C\",\"6\":\"G\",\"7\":\"T\"},\"count\":{\"0\":165771,\"1\":139827,\"2\":210991,\"3\":246897,\"4\":214620,\"5\":153422,\"6\":131864,\"7\":263580},\"fitted\":{\"0\":190195.4999999989,\"1\":146624.4999999994,\"2\":171427.4999999997,\"3\":255238.4999999994,\"4\":190195.4999999992,\"5\":146624.4999999997,\"6\":171427.4999999999,\"7\":255238.4999999999},\"ret\":{\"0\":-0.0149213107,\"1\":-0.0043467996,\"2\":0.028692959,\"3\":-0.0053725185,\"4\":0.0169810868,\"5\":0.0045532503,\"6\":-0.0226590331,\"7\":0.0055510802}}", "deviance": 25893.51916446908, "df": 3, "rel_entropy": 0.008478714463811085, "formula": "count ~ mut * base - mut : base", "prob": 0}, "pos12": {"stats": "{\"mut\":{\"0\":\"M\",\"1\":\"M\",\"2\":\"M\",\"3\":\"M\",\"4\":\"R\",\"5\":\"R\",\"6\":\"R\",\"7\":\"R\"},\"base\":{\"0\":\"A\",\"1\":\"C\",\"2\":\"G\",\"3\":\"T\",\"4\":\"A\",\"5\":\"C\",\"6\":\"G\",\"7\":\"T\"},\"count\":{\"0\":246086,\"1\":140933,\"2\":144717,\"3\":231750,\"4\":226743,\"5\":152171,\"6\":141456,\"7\":243116},\"fitted\":{\"0\":236414.5000000127,\"1\":146552.0000000049,\"2\":143086.4999999993,\"3\":237432.9999999992,\"4\":236414.5000000139,\"5\":146552.0000000056,\"6\":143086.5000000003,\"7\":237433.0000000005},\"ret\":{\"0\":0.0064616,\"1\":-0.0036083676,\"2\":0.0010738605,\"3\":-0.0036768448,\"4\":-0.0062024187,\"5\":0.0037494919,\"6\":-0.0010616924,\"7\":0.0037659339}}", "deviance": 1531.7445575523825, "df": 3, "rel_entropy": 0.0005015627521501319, "formula": "count ~ mut * base - mut : base", "prob": 0}, "pos13": {"stats": "{\"mut\":{\"0\":\"M\",\"1\":\"M\",\"2\":\"M\",\"3\":\"M\",\"4\":\"R\",\"5\":\"R\",\"6\":\"R\",\"7\":\"R\"},\"base\":{\"0\":\"A\",\"1\":\"C\",\"2\":\"G\",\"3\":\"T\",\"4\":\"A\",\"5\":\"C\",\"6\":\"G\",\"7\":\"T\"},\"count\":{\"0\":227972,\"1\":143827,\"2\":144769,\"3\":246918,\"4\":227177,\"5\":144935,\"6\":140561,\"7\":250813},\"fitted\":{\"0\":227574.4999999997,\"1\":144380.9999999999,\"2\":142664.9999999999,\"3\":248865.4999999995,\"4\":227574.4999999997,\"5\":144380.9999999999,\"6\":142664.9999999999,\"7\":248865.4999999995},\"ret\":{\"0\":0.0002605463,\"1\":-0.0003621126,\"2\":0.0013880012,\"3\":-0.0012703965,\"4\":-0.0002600916,\"5\":0.0003635047,\"6\":-0.0013676796,\"7\":0.0012803773}}", "deviance": 98.18191992301047, "df": 3, "rel_entropy": 3.214922078564979e-05, "formula": "count ~ mut * base - mut : base", "prob": 3.8227904009968449e-21}, "pos18": {"stats": "{\"mut\":{\"0\":\"M\",\"1\":\"M\",\"2\":\"M\",\"3\":\"M\",\"4\":\"R\",\"5\":\"R\",\"6\":\"R\",\"7\":\"R\"},\"base\":{\"0\":\"A\",\"1\":\"C\",\"2\":\"G\",\"3\":\"T\",\"4\":\"A\",\"5\":\"C\",\"6\":\"G\",\"7\":\"T\"},\"count\":{\"0\":229142,\"1\":145477,\"2\":146794,\"3\":242073,\"4\":227773,\"5\":147001,\"6\":143652,\"7\":245060},\"fitted\":{\"0\":228457.4999999984,\"1\":146238.9999999994,\"2\":145222.9999999994,\"3\":243566.4999999992,\"4\":228457.4999999992,\"5\":146238.9999999999,\"6\":145222.9999999999,\"7\":243566.5000000001},\"ret\":{\"0\":0.0004489437,\"1\":-0.0004977244,\"2\":0.0010343785,\"3\":-0.0009750747,\"4\":-0.0004476006,\"5\":0.0005003247,\"6\":-0.0010232485,\"7\":0.0009810721}}", "deviance": 64.3489641320632, "df": 3, "rel_entropy": 2.107077409803952e-05, "formula": "count ~ mut * base - mut : base", "prob": 6.9120863992265776e-14},