{"pos1": {"rel_entropy": 0.16308534494900734, "formula": "count ~ mut * base - mut : base", "prob": 0, "deviance": 87903.00092751495, "df": 3, "stats": "{\"mut\":{\"0\":\"M\",\"1\":\"M\",\"2\":\"M\",\"3\":\"M\",\"4\":\"R\",\"5\":\"R\",\"6\":\"R\",\"7\":\"R\"},\"base\":{\"0\":\"A\",\"1\":\"C\",\"2\":\"G\",\"3\":\"T\",\"4\":\"A\",\"5\":\"C\",\"6\":\"G\",\"7\":\"T\"},\"count\":{\"0\":18068,\"1\":83147,\"2\":18182,\"3\":15353,\"4\":40352,\"5\":12619,\"6\":40128,\"7\":41651},\"fitted\":{\"0\":29209.9999999823,\"1\":47883.0000002954,\"2\":29154.9999999824,\"3\":28501.9999999828,\"4\":29210.0000000269,\"5\":47883.0000003684,\"6\":29155.0000000268,\"7\":28502.0000000263},\"ret\":{\"0\":-0.0322052009,\"1\":0.1702583966,\"2\":-0.0318569103,\"3\":-0.0352442993,\"4\":0.0483819497,\"5\":-0.0624421328,\"6\":0.0475651434,\"7\":0.0586283985}}"}, "pos0": {"rel_entropy": 0.0012877267456230569, "formula": "count ~ mut * base - mut : base", "prob": 4.024293259092832e-150, "deviance": 694.0847158908276, "df": 3, "stats": "{\"mut\":{\"0\":\"M\",\"1\":\"M\",\"2\":\"M\",\"3\":\"M\",\"4\":\"R\",\"5\":\"R\",\"6\":\"R\",\"7\":\"R\"},\"base\":{\"0\":\"A\",\"1\":\"C\",\"2\":\"G\",\"3\":\"T\",\"4\":\"A\",\"5\":\"C\",\"6\":\"G\",\"7\":\"T\"},\"count\":{\"0\":31488,\"1\":42086,\"2\":36434,\"3\":24742,\"4\":33953,\"5\":36924,\"6\":35480,\"7\":28393},\"fitted\":{\"0\":32720.5000000007,\"1\":39505.0000001022,\"2\":35956.9999999997,\"3\":26567.500000103,\"4\":32720.5000000011,\"5\":39505.0000001028,\"6\":35957.0000000002,\"7\":26567.5000001034},\"ret\":{\"0\":-0.0044860494,\"1\":0.0098832447,\"2\":0.0017816327,\"3\":-0.0065354189,\"4\":0.0046583544,\"5\":-0.0092571003,\"6\":-0.0017581522,\"7\":0.0070012156}}"}, "pos3": {"rel_entropy": 0.0003166892392600565, "formula": "count ~ mut * base - mut : base", "prob": 9.005680043731864e-37, "deviance": 170.69549996117047, "df": 3, "stats": "{\"mut\":{\"0\":\"M\",\"1\":\"M\",\"2\":\"M\",\"3\":\"M\",\"4\":\"R\",\"5\":\"R\",\"6\":\"R\",\"7\":\"R\"},\"base\":{\"0\":\"A\",\"1\":\"C\",\"2\":\"G\",\"3\":\"T\",\"4\":\"A\",\"5\":\"C\",\"6\":\"G\",\"7\":\"T\"},\"count\":{\"0\":32236,\"1\":37454,\"2\":35312,\"3\":29748,\"4\":34347,\"5\":34829,\"6\":35134,\"7\":30440},\"fitted\":{\"0\":33291.5000000001,\"1\":36141.5000000006,\"2\":35222.9999999998,\"3\":30093.9999999998,\"4\":33291.5000000001,\"5\":36141.5000000007,\"6\":35222.9999999999,\"7\":30093.9999999999},\"ret\":{\"0\":-0.0038537592,\"1\":0.0049575092,\"2\":0.0003306581,\"3\":-0.0012764501,\"4\":0.0039779522,\"5\":-0.0047806087,\"6\":-0.0003298236,\"7\":0.0012912113}}"}, "pos2": {"rel_entropy": 0.003561211169542245, "formula": "count ~ mut * base - mut : base", "prob": 0, "deviance": 1919.49282038327, "df": 3, "stats": "{\"mut\":{\"0\":\"M\",\"1\":\"M\",\"2\":\"M\",\"3\":\"M\",\"4\":\"R\",\"5\":\"R\",\"6\":\"R\",\"7\":\"R\"},\"base\":{\"0\":\"A\",\"1\":\"C\",\"2\":\"G\",\"3\":\"T\",\"4\":\"A\",\"5\":\"C\",\"6\":\"G\",\"7\":\"T\"},\"count\":{\"0\":25681,\"1\":32414,\"2\":41725,\"3\":34930,\"4\":33688,\"5\":32995,\"6\":40233,\"7\":27834},\"fitted\":{\"0\":29684.4999999999,\"1\":32704.5,\"2\":40978.9999999999,\"3\":31382.0,\"4\":29684.4999999999,\"5\":32704.5000000001,\"6\":40979.0,\"7\":31382.0},\"ret\":{\"0\":-0.0138051913,\"1\":-0.0010731205,\"2\":0.0027931333,\"3\":0.0138827734,\"4\":0.0158148181,\"5\":0.0010826953,\"6\":-0.002742739,\"7\":-0.0123911582}}"}}