{"('pos0', 'pos1')": {"rel_entropy": 0.0005434747736931372, "formula": "count ~ mut * base1 * base2 - mut : base1 : base2", "prob": 8.228076781049132e-58, "deviance": 292.9329030206009, "df": 9, "stats": "{\"mut\":{\"0\":\"M\",\"1\":\"M\",\"2\":\"M\",\"3\":\"M\",\"4\":\"M\",\"5\":\"M\",\"6\":\"M\",\"7\":\"M\",\"8\":\"M\",\"9\":\"M\",\"10\":\"M\",\"11\":\"M\",\"12\":\"M\",\"13\":\"M\",\"14\":\"M\",\"15\":\"M\",\"16\":\"R\",\"17\":\"R\",\"18\":\"R\",\"19\":\"R\",\"20\":\"R\",\"21\":\"R\",\"22\":\"R\",\"23\":\"R\",\"24\":\"R\",\"25\":\"R\",\"26\":\"R\",\"27\":\"R\",\"28\":\"R\",\"29\":\"R\",\"30\":\"R\",\"31\":\"R\"},\"base1\":{\"0\":\"A\",\"1\":\"A\",\"2\":\"A\",\"3\":\"A\",\"4\":\"C\",\"5\":\"C\",\"6\":\"C\",\"7\":\"C\",\"8\":\"G\",\"9\":\"G\",\"10\":\"G\",\"11\":\"G\",\"12\":\"T\",\"13\":\"T\",\"14\":\"T\",\"15\":\"T\",\"16\":\"A\",\"17\":\"A\",\"18\":\"A\",\"19\":\"A\",\"20\":\"C\",\"21\":\"C\",\"22\":\"C\",\"23\":\"C\",\"24\":\"G\",\"25\":\"G\",\"26\":\"G\",\"27\":\"G\",\"28\":\"T\",\"29\":\"T\",\"30\":\"T\",\"31\":\"T\"},\"base2\":{\"0\":\"A\",\"1\":\"C\",\"2\":\"G\",\"3\":\"T\",\"4\":\"A\",\"5\":\"C\",\"6\":\"G\",\"7\":\"T\",\"8\":\"A\",\"9\":\"C\",\"10\":\"G\",\"11\":\"T\",\"12\":\"A\",\"13\":\"C\",\"14\":\"G\",\"15\":\"T\",\"16\":\"A\",\"17\":\"C\",\"18\":\"G\",\"19\":\"T\",\"20\":\"A\",\"21\":\"C\",\"22\":\"G\",\"23\":\"T\",\"24\":\"A\",\"25\":\"C\",\"26\":\"G\",\"27\":\"T\",\"28\":\"A\",\"29\":\"C\",\"30\":\"G\",\"31\":\"T\"},\"count\":{\"0\":4676,\"1\":16970,\"2\":6022,\"3\":3820,\"4\":6169,\"5\":28988,\"6\":2085,\"7\":4844,\"8\":5601,\"9\":21075,\"10\":5555,\"11\":4203,\"12\":1622,\"13\":16114,\"14\":4520,\"15\":2486,\"16\":10073,\"17\":2700,\"18\":12292,\"19\":8888,\"20\":14304,\"21\":4086,\"22\":4057,\"23\":14477,\"24\":10888,\"25\":3312,\"26\":11606,\"27\":9674,\"28\":5087,\"29\":2521,\"30\":12173,\"31\":8612},\"fitted\":{\"0\":4697.9803885406,\"1\":17227.2697489135,\"2\":5982.5117193549,\"3\":3580.2381431953,\"4\":6239.3398119058,\"5\":28730.1398906253,\"6\":1920.6261745551,\"7\":5195.8941229976,\"8\":5338.4294451362,\"9\":21421.5259804719,\"10\":5696.7665509414,\"11\":3977.2780234537,\"12\":1792.2503544327,\"13\":15768.0643799969,\"14\":4582.0955551681,\"15\":2599.5897104091,\"16\":10051.0196114602,\"17\":2442.730251301,\"18\":12331.4882806456,\"19\":9127.7618568082,\"20\":14233.6601881104,\"21\":4343.8601095706,\"22\":4221.3738254624,\"23\":14125.1058770525,\"24\":11150.5705548653,\"25\":2965.4740197987,\"26\":11464.2334490588,\"27\":9899.7219765487,\"28\":4916.7496455779,\"29\":2866.935620362,\"30\":12110.9044448344,\"31\":8498.4102895912},\"ret\":{\"0\":-0.0000813688,\"1\":-0.0009474549,\"2\":0.0001470067,\"3\":0.0009188001,\"4\":-0.0002595244,\"5\":0.0009610903,\"6\":0.0006353068,\"7\":-0.0012604806,\"8\":0.0009978645,\"9\":-0.0012753542,\"10\":-0.0005194351,\"11\":0.000860888,\"12\":-0.0006007241,\"13\":0.0012975989,\"14\":-0.0002288419,\"15\":-0.0004121376,\"16\":0.000081649,\"17\":0.0010032118,\"18\":-0.0001462894,\"19\":-0.0008778663,\"20\":0.000261645,\"21\":-0.000927831,\"22\":-0.0005978895,\"23\":0.0013218608,\"24\":-0.0009627255,\"25\":0.00135817,\"26\":0.0005292746,\"27\":-0.0008279364,\"28\":0.0006425399,\"29\":-0.0012028592,\"30\":0.0002309999,\"31\":0.0004242875}}"}, "('pos0', 'pos2')": {"rel_entropy": 0.00017719341853960472, "formula": "count ~ mut * base1 * base2 - mut : base1 : base2", "prob": 1.2707460817286556e-16, "deviance": 95.50725259284694, "df": 9, "stats": "{\"mut\":{\"0\":\"M\",\"1\":\"M\",\"2\":\"M\",\"3\":\"M\",\"4\":\"M\",\"5\":\"M\",\"6\":\"M\",\"7\":\"M\",\"8\":\"M\",\"9\":\"M\",\"10\":\"M\",\"11\":\"M\",\"12\":\"M\",\"13\":\"M\",\"14\":\"M\",\"15\":\"M\",\"16\":\"R\",\"17\":\"R\",\"18\":\"R\",\"19\":\"R\",\"20\":\"R\",\"21\":\"R\",\"22\":\"R\",\"23\":\"R\",\"24\":\"R\",\"25\":\"R\",\"26\":\"R\",\"27\":\"R\",\"28\":\"R\",\"29\":\"R\",\"30\":\"R\",\"31\":\"R\"},\"base1\":{\"0\":\"A\",\"1\":\"A\",\"2\":\"A\",\"3\":\"A\",\"4\":\"C\",\"5\":\"C\",\"6\":\"C\",\"7\":\"C\",\"8\":\"G\",\"9\":\"G\",\"10\":\"G\",\"11\":\"G\",\"12\":\"T\",\"13\":\"T\",\"14\":\"T\",\"15\":\"T\",\"16\":\"A\",\"17\":\"A\",\"18\":\"A\",\"19\":\"A\",\"20\":\"C\",\"21\":\"C\",\"22\":\"C\",\"23\":\"C\",\"24\":\"G\",\"25\":\"G\",\"26\":\"G\",\"27\":\"G\",\"28\":\"T\",\"29\":\"T\",\"30\":\"T\",\"31\":\"T\"},\"base2\":{\"0\":\"A\",\"1\":\"C\",\"2\":\"G\",\"3\":\"T\",\"4\":\"A\",\"5\":\"C\",\"6\":\"G\",\"7\":\"T\",\"8\":\"A\",\"9\":\"C\",\"10\":\"G\",\"11\":\"T\",\"12\":\"A\",\"13\":\"C\",\"14\":\"G\",\"15\":\"T\",\"16\":\"A\",\"17\":\"C\",\"18\":\"G\",\"19\":\"T\",\"20\":\"A\",\"21\":\"C\",\"22\":\"G\",\"23\":\"T\",\"24\":\"A\",\"25\":\"C\",\"26\":\"G\",\"27\":\"T\",\"28\":\"A\",\"29\":\"C\",\"30\":\"G\",\"31\":\"T\"},\"count\":{\"0\":7010,\"1\":6652,\"2\":9233,\"3\":8593,\"4\":7356,\"5\":11258,\"6\":13034,\"7\":10438,\"8\":6403,\"9\":9131,\"10\":12271,\"11\":8629,\"12\":4912,\"13\":5373,\"14\":7187,\"15\":7270,\"16\":9542,\"17\":7551,\"18\":9342,\"19\":7518,\"20\":7980,\"21\":10221,\"22\":11595,\"23\":7128,\"24\":8821,\"25\":8637,\"26\":11195,\"27\":6827,\"28\":7345,\"29\":6586,\"30\":8101,\"31\":6361},\"fitted\":{\"0\":6907.0746362262,\"1\":6758.29850154,\"2\":9110.7437058564,\"3\":8711.8831563772,\"4\":7148.8859019049,\"5\":11284.3265468628,\"6\":13298.8662590837,\"7\":10353.9212921486,\"8\":6720.3471735854,\"9\":8891.9880413316,\"10\":12087.5914247867,\"11\":8734.073360297,\"12\":4904.6922882841,\"13\":5479.3869102656,\"14\":7227.7986102731,\"15\":7130.1221911772,\"16\":9644.9253637736,\"17\":7444.70149846,\"18\":9464.2562941436,\"19\":7399.1168436227,\"20\":8187.1140980951,\"21\":10194.6734531372,\"22\":11330.1337409162,\"23\":7212.0787078514,\"24\":8503.6528264158,\"25\":8876.0119586684,\"26\":11378.4085752132,\"27\":6721.926639703,\"28\":7352.3077117159,\"29\":6479.6130897344,\"30\":8060.2013897269,\"31\":6500.8778088228},\"ret\":{\"0\":0.0003847438,\"1\":-0.0003913103,\"2\":0.0004566713,\"3\":-0.0004381013,\"4\":0.0007795389,\"5\":-0.0000975726,\"6\":-0.0009729535,\"7\":0.0003132437,\"8\":-0.0011492894,\"9\":0.0008986858,\"10\":0.0006856885,\"11\":-0.0003875279,\"12\":0.000027136,\"13\":-0.0003908993,\"14\":-0.0001509582,\"15\":0.0005240853,\"16\":-0.0003798672,\"17\":0.0003972312,\"18\":-0.0004506985,\"19\":0.0004446499,\"20\":-0.0007587087,\"21\":0.0000978127,\"22\":0.0009942053,\"23\":-0.0003101547,\"24\":0.0011992445,\"25\":-0.0008748224,\"26\":-0.0006750367,\"27\":0.0003929141,\"28\":-0.0000271023,\"29\":0.0003979797,\"30\":0.0001517688,\"31\":-0.0005134027}}"}, "('pos0', 'pos3')": {"rel_entropy": 0.00032987833592318784, "formula": "count ~ mut * base1 * base2 - mut : base1 : base2", "prob": 1.455626028520471e-33, "deviance": 177.80442306259826, "df": 9,