{"pos0": {"df": 3, "deviance": 134.39669926284, "prob": 6.101801089888999e-29, "formula": "count ~ mut * base - mut : base", "rel_entropy": 0.000176698263558822, "stats": "{\"mut\":{\"0\":\"M\",\"1\":\"M\",\"2\":\"M\",\"3\":\"M\",\"4\":\"R\",\"5\":\"R\",\"6\":\"R\",\"7\":\"R\"},\"base\":{\"0\":\"A\",\"1\":\"C\",\"2\":\"G\",\"3\":\"T\",\"4\":\"A\",\"5\":\"C\",\"6\":\"G\",\"7\":\"T\"},\"count\":{\"0\":64808,\"1\":34370,\"2\":36056,\"3\":54916,\"4\":66152,\"5\":32920,\"6\":38080,\"7\":52998},\"fitted\":{\"0\":65479.9999999996,\"1\":33644.9999999999,\"2\":37068.0,\"3\":53956.9999999998,\"4\":65479.9999999997,\"5\":33645.0,\"6\":37068.0000000001,\"7\":53956.9999999999},\"ret\":{\"0\":-0.0017579276,\"1\":0.0019267837,\"2\":-0.0026243969,\"3\":0.0025439714,\"4\":0.0017760624,\"5\":-0.0018857006,\"6\":0.0026970559,\"7\":-0.0024991499}}"}, "pos1": {"df": 3, "deviance": 2991.8362066663685, "prob": 0, "formula": "count ~ mut * base - mut : base", "rel_entropy": 0.003933521176263961, "stats": "{\"mut\":{\"0\":\"M\",\"1\":\"M\",\"2\":\"M\",\"3\":\"M\",\"4\":\"R\",\"5\":\"R\",\"6\":\"R\",\"7\":\"R\"},\"base\":{\"0\":\"A\",\"1\":\"C\",\"2\":\"G\",\"3\":\"T\",\"4\":\"A\",\"5\":\"C\",\"6\":\"G\",\"7\":\"T\"},\"count\":{\"0\":66319,\"1\":57713,\"2\":28951,\"3\":37167,\"4\":64102,\"5\":45445,\"6\":36914,\"7\":43689},\"fitted\":{\"0\":65210.5000000003,\"1\":51579.0000000002,\"2\":32932.5000000002,\"3\":40428.0000000001,\"4\":65210.5000000003,\"5\":51579.0000000002,\"6\":32932.5000000002,\"7\":40428.0000000001},\"ret\":{\"0\":0.002939439,\"1\":0.0170525508,\"2\":-0.0098093316,\"3\":-0.0082192864,\"4\":-0.0028898884,\"5\":-0.0151298282,\"6\":0.0110781671,\"7\":0.008911699}}"}, "pos3": {"df": 3, "deviance": 637.8815153549872, "prob": 6.177008539289957e-138, "formula": "count ~ mut * base - mut : base", "rel_entropy": 0.0008386556867670091, "stats": "{\"mut\":{\"0\":\"M\",\"1\":\"M\",\"2\":\"M\",\"3\":\"M\",\"4\":\"R\",\"5\":\"R\",\"6\":\"R\",\"7\":\"R\"},\"base\":{\"0\":\"A\",\"1\":\"C\",\"2\":\"G\",\"3\":\"T\",\"4\":\"A\",\"5\":\"C\",\"6\":\"G\",\"7\":\"T\"},\"count\":{\"0\":64047,\"1\":30854,\"2\":34563,\"3\":60686,\"4\":66403,\"5\":33392,\"6\":36691,\"7\":53664},\"fitted\":{\"0\":65224.9999999985,\"1\":32123.0000000008,\"2\":35626.9999999996,\"3\":57175.0000000898,\"4\":65225.0000000008,\"5\":32123.000000002,\"6\":35627.0000000008,\"7\":57175.0000000918},\"ret\":{\"0\":-0.0030694128,\"1\":-0.0032700439,\"2\":-0.002755591,\"3\":0.0095100195,\"4\":0.0031253595,\"5\":0.0034018981,\"6\":0.0028391594,\"7\":-0.008942733}}"}, "pos2": {"df": 3, "deviance": 432.0389854968503, "prob": 2.5388064894991907e-93, "formula": "count ~ mut * base - mut : base", "rel_entropy": 0.0005680239094094798, "stats": "{\"mut\":{\"0\":\"M\",\"1\":\"M\",\"2\":\"M\",\"3\":\"M\",\"4\":\"R\",\"5\":\"R\",\"6\":\"R\",\"7\":\"R\"},\"base\":{\"0\":\"A\",\"1\":\"C\",\"2\":\"G\",\"3\":\"T\",\"4\":\"A\",\"5\":\"C\",\"6\":\"G\",\"7\":\"T\"},\"count\":{\"0\":69605,\"1\":30420,\"2\":39100,\"3\":51025,\"4\":64082,\"5\":31393,\"6\":42988,\"7\":51687},\"fitted\":{\"0\":66843.5000000052,\"1\":30906.5000000002,\"2\":41044.0000000084,\"3\":51356.0000000004,\"4\":66843.5000000049,\"5\":30906.5000000001,\"6\":41044.0000000082,\"7\":51356.0000000002},\"ret\":{\"0\":0.0074093429,\"1\":-0.0012691316,\"2\":-0.00498874,\"3\":-0.0008675546,\"4\":-0.007109269,\"5\":0.0012892692,\"6\":0.0052309427,\"7\":0.0008731643}}"}}