{"('pos1', 'pos2')": {"stats": "{\"mut\":{\"0\":\"M\",\"1\":\"M\",\"2\":\"M\",\"3\":\"M\",\"4\":\"M\",\"5\":\"M\",\"6\":\"M\",\"7\":\"M\",\"8\":\"M\",\"9\":\"M\",\"10\":\"M\",\"11\":\"M\",\"12\":\"M\",\"13\":\"M\",\"14\":\"M\",\"15\":\"M\",\"16\":\"R\",\"17\":\"R\",\"18\":\"R\",\"19\":\"R\",\"20\":\"R\",\"21\":\"R\",\"22\":\"R\",\"23\":\"R\",\"24\":\"R\",\"25\":\"R\",\"26\":\"R\",\"27\":\"R\",\"28\":\"R\",\"29\":\"R\",\"30\":\"R\",\"31\":\"R\"},\"base1\":{\"0\":\"A\",\"1\":\"A\",\"2\":\"A\",\"3\":\"A\",\"4\":\"C\",\"5\":\"C\",\"6\":\"C\",\"7\":\"C\",\"8\":\"G\",\"9\":\"G\",\"10\":\"G\",\"11\":\"G\",\"12\":\"T\",\"13\":\"T\",\"14\":\"T\",\"15\":\"T\",\"16\":\"A\",\"17\":\"A\",\"18\":\"A\",\"19\":\"A\",\"20\":\"C\",\"21\":\"C\",\"22\":\"C\",\"23\":\"C\",\"24\":\"G\",\"25\":\"G\",\"26\":\"G\",\"27\":\"G\",\"28\":\"T\",\"29\":\"T\",\"30\":\"T\",\"31\":\"T\"},\"base2\":{\"0\":\"A\",\"1\":\"C\",\"2\":\"G\",\"3\":\"T\",\"4\":\"A\",\"5\":\"C\",\"6\":\"G\",\"7\":\"T\",\"8\":\"A\",\"9\":\"C\",\"10\":\"G\",\"11\":\"T\",\"12\":\"A\",\"13\":\"C\",\"14\":\"G\",\"15\":\"T\",\"16\":\"A\",\"17\":\"C\",\"18\":\"G\",\"19\":\"T\",\"20\":\"A\",\"21\":\"C\",\"22\":\"G\",\"23\":\"T\",\"24\":\"A\",\"25\":\"C\",\"26\":\"G\",\"27\":\"T\",\"28\":\"A\",\"29\":\"C\",\"30\":\"G\",\"31\":\"T\"},\"count\":{\"0\":29553,\"1\":9438,\"2\":12301,\"3\":15027,\"4\":16134,\"5\":11809,\"6\":12630,\"7\":17140,\"8\":10544,\"9\":3912,\"10\":7937,\"11\":6558,\"12\":13374,\"13\":5261,\"14\":6232,\"15\":12300,\"16\":25190,\"17\":9285,\"18\":12751,\"19\":16876,\"20\":12284,\"21\":9091,\"22\":11954,\"23\":12116,\"24\":12697,\"25\":5756,\"26\":10022,\"27\":8439,\"28\":13911,\"29\":7261,\"30\":8261,\"31\":14256},\"fitted\":{\"0\":28999.7572074768,\"1\":9223.8702229632,\"2\":12069.540042492,\"3\":16025.8325270945,\"4\":16644.9706537573,\"5\":11480.0247293383,\"6\":13238.2508105032,\"7\":16349.7538064091,\"8\":10784.152054626,\"9\":4131.5198315619,\"10\":7484.007148341,\"11\":6551.3209654775,\"12\":13176.1200841404,\"13\":5584.5852161428,\"14\":6308.2019986703,\"15\":12098.0927010508,\"16\":25743.2427925235,\"17\":9499.1297770371,\"18\":12982.4599575081,\"19\":15877.1674729645,\"20\":11773.0293462448,\"21\":9419.9752706621,\"22\":11345.7491895045,\"23\":12906.2461936133,\"24\":12456.8479453743,\"25\":5536.4801684404,\"26\":10474.9928516659,\"27\":8445.6790345226,\"28\":14108.8799158597,\"29\":6937.4147838633,\"30\":8184.7980013298,\"31\":14457.9072989493},\"ret\":{\"0\":0.0014685427,\"1\":0.0005695405,\"2\":0.0006144236,\"3\":-0.0025428296,\"4\":-0.0013227615,\"5\":0.0008773192,\"6\":-0.001562078,\"7\":0.0021273824,\"8\":-0.0006243966,\"9\":-0.0005616141,\"10\":0.0012264889,\"11\":0.0000175715,\"12\":0.0005242136,\"13\":-0.0008257272,\"14\":-0.0001991582,\"15\":0.0005353217,\"16\":-0.0014390085,\"17\":-0.0005566605,\"18\":-0.0006031666,\"19\":0.0027073677,\"20\":0.0013723433,\"21\":-0.0008497575,\"22\":0.0016415233,\"23\":-0.0020129988,\"24\":0.0006375289,\"25\":0.0005885232,\"26\":-0.0011650109,\"27\":-0.0000175556,\"28\":-0.0005166598,\"29\":0.0008704105,\"30\":0.0002013033,\"31\":-0.0005271913}}", "deviance": 496.84642327465855, "df": 9, "rel_entropy": 0.0006532295862143815, "formula": "count ~ mut * base1 * base2 - mut : base1 : base2", "prob": 2.721669923408163e-101}, "('pos1', 'pos3')": {"stats": "{\"mut\":{\"0\":\"M\",\"1\":\"M\",\"2\":\"M\",\"3\":\"M\",\"4\":\"M\",\"5\":\"M\",\"6\":\"M\",\"7\":\"M\",\"8\":\"M\",\"9\":\"M\",\"10\":\"M\",\"11\":\"M\",\"12\":\"M\",\"13\":\"M\",\"14\":\"M\",\"15\":\"M\",\"16\":\"R\",\"17\":\"R\",\"18\":\"R\",\"19\":\"R\",\"20\":\"R\",\"21\":\"R\",\"22\":\"R\",\"23\":\"R\",\"24\":\"R\",\"25\":\"R\",\"26\":\"R\",\"27\":\"R\",\"28\":\"R\",\"29\":\"R\",\"30\":\"R\",\"31\":\"R\"},\"base1\":{\"0\":\"A\",\"1\":\"A\",\"2\":\"A\",\"3\":\"A\",\"4\":\"C\",\"5\":\"C\",\"6\":\"C\",\"7\":\"C\",\"8\":\"G\",\"9\":\"G\",\"10\":\"G\",\"11\":\"G\",\"12\":\"T\",\"13\":\"T\",\"14\":\"T\",\"15\":\"T\",\"16\":\"A\",\"17\":\"A\",\"18\":\"A\",\"19\":\"A\",\"20\":\"C\",\"21\":\"C\",\"22\":\"C\",\"23\":\"C\",\"24\":\"G\",\"25\":\"G\",\"26\":\"G\",\"27\":\"G\",\"28\":\"T\",\"29\":\"T\",\"30\":\"T\",\"31\":\"T\"},\"base2\":{\"0\":\"A\",\"1\":\"C\",\"2\":\"G\",\"3\":\"T\",\"4\":\"A\",\"5\":\"C\",\"6\":\"G\",\"7\":\"T\",\"8\":\"A\",\"9\":\"C\",\"10\":\"G\",\"11\":\"T\",\"12\":\"A\",\"13\":\"C\",\"14\":\"G\",\"15\":\"T\",\"16\":\"A\",\"17\":\"C\",\"18\":\"G\",\"19\":\"T\",\"20\":\"A\",\"21\":\"C\",\"22\":\"G\",\"23\":\"T\",\"24\":\"A\",\"25\":\"C\",\"26\":\"G\",\"27\":\"T\",\"28\":\"A\",\"29\":\"C\",\"30\":\"G\",\"31\":\"T\"},\"count\":{\"0\":23937,\"1\":10157,\"2\":10846,\"3\":21379,\"4\":18227,\"5\":10507,\"6\":11294,\"7\":17685,\"8\":9969,\"9\":4393,\"10\":6207,\"11\":8382,\"12\":11914,\"13\":5797,\"14\":6216,\"15\":13240,\"16\":23567,\"17\":10707,\"18\":11861,\"19\":17967,\"20\":14539,\"21\":9097,\"22\":9334,\"23\":12475,\"24\":12775,\"25\":6400,\"26\":8181,\"27\":9558,\"28\":15522,\"29\":7188,\"30\":7315,\"31\":13664},\"fitted\":{\"0\":23760.0341038929,\"1\":10132.9791061972,\"2\":11195.4876316537,\"3\":21230.4991582561,\"4\":18096.7629434145,\"5\":10545.3293432743,\"6\":11247.2666549936,\"7\":17823.6410583175,\"8\":9842.3713627655,\"9\":4517.5465098786,\"10\":6125.8399376846,\"11\":8465.2421896713,\"12\":12347.831589927,\"13\":5658.1450406498,\"14\":5994.4057756683,\"15\":13166.6175937551,\"16\":23743.9658961069,\"17\":10731.0208938028,\"18\":11511.5123683465,\"19\":18115.5008417439,\"20\":14669.2370565855,\"21\":9058.6706567257,\"22\":9380.7333450064,\"23\":12336.3589416824,\"24\":12901.6286372345,\"25\":6275.4534901214,\"26\":8262.1600623154,\"27\":9474.7578103287,\"28\":15088.1684100732,\"29\":7326.8549593502,\"30\":7536.5942243318,\"31\":13737.382406245},\"ret\":{\"0\":0.000467061,\"1\":0.0000632378,\"2\":-0.0009044834,\"3\":0.0003918459,\"4\":0.0003436881,\"5\":-0.0001006037,\"6\":0.0001231404,\"7\":-0.0003631355,\"8\":0.0003351032,\"9\":-0.0003229389,\"10\":0.0002148181,\"11\":-0.0002178058,\"12\":-0.0011204827,\"13\":0.0003695635,\"14\":0.0005933223,\"15\":0.000193496,\"16\":-0.000463594,\"17\":-0.0000630923,\"18\":0.0009327897,\"19\":-0.0003888785,\"20\":-0.000340934,\"21\":0.0001010001,\"22\":-0.0001225789,\"23\":0.000366598,\"24\":-0.000331331,\"25\":0.000330724,\"26\":-0.000212359,\"27\":0.0002198443,\"28\":0.0011570067,\"29\":-0.0003616377,\"30\":-0.0005740313,\"31\":-0.000192443}}", "deviance": 93.48494406801746, "df": 9, "rel_entropy": 0.00012290947155931824, "formula": "count ~ mut * base1 * base2 - mut : base1 : base2", "prob": 3.2462028254811582e-16},