{"pos2": {"stats": "{\"group\":{\"0\":\"1\",\"1\":\"1\",\"2\":\"1\",\"3\":\"1\",\"4\":\"1\",\"5\":\"1\",\"6\":\"1\",\"7\":\"1\",\"8\":\"2\",\"9\":\"2\",\"10\":\"2\",\"11\":\"2\",\"12\":\"2\",\"13\":\"2\",\"14\":\"2\",\"15\":\"2\"},\"mut\":{\"0\":\"M\",\"1\":\"M\",\"2\":\"M\",\"3\":\"M\",\"4\":\"R\",\"5\":\"R\",\"6\":\"R\",\"7\":\"R\",\"8\":\"M\",\"9\":\"M\",\"10\":\"M\",\"11\":\"M\",\"12\":\"R\",\"13\":\"R\",\"14\":\"R\",\"15\":\"R\"},\"base\":{\"0\":\"A\",\"1\":\"C\",\"2\":\"G\",\"3\":\"T\",\"4\":\"A\",\"5\":\"C\",\"6\":\"G\",\"7\":\"T\",\"8\":\"A\",\"9\":\"C\",\"10\":\"G\",\"11\":\"T\",\"12\":\"A\",\"13\":\"C\",\"14\":\"G\",\"15\":\"T\"},\"count\":{\"0\":1158,\"1\":1696,\"2\":2025,\"3\":2158,\"4\":1968,\"5\":1427,\"6\":2089,\"7\":1553,\"8\":29,\"9\":40,\"10\":42,\"11\":50,\"12\":47,\"13\":30,\"14\":49,\"15\":35},\"fitted\":{\"0\":1158.6921093936,\"1\":1697.8101722429,\"2\":2022.095821012,\"3\":2158.4018973514,\"4\":1967.3078906064,\"5\":1425.1898277571,\"6\":2091.904178988,\"7\":1552.5981026486,\"8\":28.3078906064,\"9\":38.1898277571,\"10\":44.9041789881,\"11\":49.5981026486,\"12\":47.6921093936,\"13\":31.810172243,\"14\":46.0958210121,\"15\":35.4018973514},\"ret\":{\"0\":-0.0000480621,\"1\":-0.0001256743,\"2\":0.0002018799,\"3\":-0.0000279147,\"4\":0.000048085,\"5\":0.0001258212,\"6\":-0.000201595,\"7\":0.0000279209,\"8\":0.0000486595,\"9\":0.0001286754,\"10\":-0.0001950662,\"11\":0.0000280301,\"12\":-0.000047726,\"13\":-0.0001220938,\"14\":0.0002079607,\"15\":-0.0000277582}}", "deviance": 0.6087297395256205, "df": 3, "rel_entropy": 2.1142322156349698e-05, "formula": "count ~ group * mut * base - group : mut : base", "prob": 0.89443102330593882}, "pos3": {"stats": "{\"group\":{\"0\":\"1\",\"1\":\"1\",\"2\":\"1\",\"3\":\"1\",\"4\":\"1\",\"5\":\"1\",\"6\":\"1\",\"7\":\"1\",\"8\":\"2\",\"9\":\"2\",\"10\":\"2\",\"11\":\"2\",\"12\":\"2\",\"13\":\"2\",\"14\":\"2\",\"15\":\"2\"},\"mut\":{\"0\":\"M\",\"1\":\"M\",\"2\":\"M\",\"3\":\"M\",\"4\":\"R\",\"5\":\"R\",\"6\":\"R\",\"7\":\"R\",\"8\":\"M\",\"9\":\"M\",\"10\":\"M\",\"11\":\"M\",\"12\":\"R\",\"13\":\"R\",\"14\":\"R\",\"15\":\"R\"},\"base\":{\"0\":\"A\",\"1\":\"C\",\"2\":\"G\",\"3\":\"T\",\"4\":\"A\",\"5\":\"C\",\"6\":\"G\",\"7\":\"T\",\"8\":\"A\",\"9\":\"C\",\"10\":\"G\",\"11\":\"T\",\"12\":\"A\",\"13\":\"C\",\"14\":\"G\",\"15\":\"T\"},\"count\":{\"0\":1491,\"1\":1865,\"2\":1762,\"3\":1919,\"4\":2089,\"5\":1541,\"6\":1695,\"7\":1712,\"8\":33,\"9\":42,\"10\":40,\"11\":46,\"12\":42,\"13\":40,\"14\":39,\"15\":40},\"fitted\":{\"0\":1492.9173172655,\"1\":1862.3788921309,\"2\":1761.9454393236,\"3\":1919.75835128,\"4\":2087.0826827345,\"5\":1543.6211078691,\"6\":1695.0545606764,\"7\":1711.24164872,\"8\":31.0826827345,\"9\":44.6211078692,\"10\":40.0545606764,\"11\":45.24164872,\"12\":43.9173172655,\"13\":37.378892131,\"14\":38.9454393236,\"15\":40.75835128},\"ret\":{\"0\":-0.0001330985,\"1\":0.0001822,\"2\":0.00000379,\"3\":-0.0000526675,\"4\":0.0001332452,\"5\":-0.0001819173,\"6\":-0.0000037899,\"7\":0.0000526896,\"8\":0.0001372098,\"9\":-0.0001766165,\"10\":-0.0000037874,\"11\":0.000053117,\"12\":-0.0001302335,\"13\":0.0001883114,\"14\":0.0000037926,\"15\":-0.0000521848}}", "deviance": 0.5775754088719569, "df": 3, "rel_entropy": 2.006027399527497e-05, "formula": "count ~ group * mut * base - group : mut : base", "prob": 0.90154622733282885}, "pos0": {"stats": "{\"group\":{\"0\":\"1\",\"1\":\"1\",\"2\":\"1\",\"3\":\"1\",\"4\":\"1\",\"5\":\"1\",\"6\":\"1\",\"7\":\"1\",\"8\":\"2\",\"9\":\"2\",\"10\":\"2\",\"11\":\"2\",\"12\":\"2\",\"13\":\"2\",\"14\":\"2\",\"15\":\"2\"},\"mut\":{\"0\":\"M\",\"1\":\"M\",\"2\":\"M\",\"3\":\"M\",\"4\":\"R\",\"5\":\"R\",\"6\":\"R\",\"7\":\"R\",\"8\":\"M\",\"9\":\"M\",\"10\":\"M\",\"11\":\"M\",\"12\":\"R\",\"13\":\"R\",\"14\":\"R\",\"15\":\"R\"},\"base\":{\"0\":\"A\",\"1\":\"C\",\"2\":\"G\",\"3\":\"T\",\"4\":\"A\",\"5\":\"C\",\"6\":\"G\",\"7\":\"T\",\"8\":\"A\",\"9\":\"C\",\"10\":\"G\",\"11\":\"T\",\"12\":\"A\",\"13\":\"C\",\"14\":\"G\",\"15\":\"T\"},\"count\":{\"0\":2005,\"1\":1435,\"2\":1964,\"3\":1633,\"4\":1980,\"5\":1396,\"6\":1842,\"7\":1819,\"8\":50,\"9\":31,\"10\":42,\"11\":38,\"12\":40,\"13\":27,\"14\":51,\"15\":43},\"fitted\":{\"0\":2009.6068623595,\"1\":1436.5640789917,\"2\":1958.1455086771,\"3\":1632.6835499717,\"4\":1975.3931376404,\"5\":1394.4359210083,\"6\":1847.8544913229,\"7\":1819.3164500283,\"8\":45.3931376404,\"9\":29.4359210083,\"10\":47.8544913229,\"11\":38.3164500283,\"12\":44.6068623596,\"13\":28.5640789917,\"14\":45.1455086771,\"15\":42.6835499717},\"ret\":{\"0\":-0.0003196428,\"1\":-0.0001085876,\"2\":0.0004072822,\"3\":0.0000219839,\"4\":0.0003203828,\"5\":0.0001087077,\"6\":-0.00040603,\"7\":-0.0000219799,\"8\":0.0003357254,\"9\":0.0001114834,\"10\":-0.0003807172,\"11\":-0.0000218908,\"12\":-0.0003028849,\"13\":-0.0001056164,\"14\":0.0004319725,\"15\":0.0000220631}}", "deviance": 2.656107374941845, "df": 3, "rel_entropy": 9.225157595657979e-05, "formula": "count ~ group * mut * base - group : mut : base", "prob": 0.44773799206499276}, "pos1": {"stats": "{\"group\":{\"0\":\"1\",\"1\":\"1\",\"2\":\"1\",\"3\":\"1\",\"4\":\"1\",\"5\":\"1\",\"6\":\"1\",\"7\":\"1\",\"8\":\"2\",\"9\":\"2\",\"10\":\"2\",\"11\":\"2\",\"12\":\"2\",\"13\":\"2\",\"14\":\"2\",\"15\":\"2\"},\"mut\":{\"0\":\"M\",\"1\":\"M\",\"2\":\"M\",\"3\":\"M\",\"4\":\"R\",\"5\":\"R\",\"6\":\"R\",\"7\":\"R\",\"8\":\"M\",\"9\":\"M\",\"10\":\"M\",\"11\":\"M\",\"12\":\"R\",\"13\":\"R\",\"14\":\"R\",\"15\":\"R\"},\"base\":{\"0\":\"A\",\"1\":\"C\",\"2\":\"G\",\"3\":\"T\",\"4\":\"A\",\"5\":\"C\",\"6\":\"G\",\"7\":\"T\",\"8\":\"A\",\"9\":\"C\",\"10\":\"G\",\"11\":\"T\",\"12\":\"A\",\"13\":\"C\",\"14\":\"G\",\"15\":\"T\"},\"count\":{\"0\":1441,\"1\":2457,\"2\":2192,\"3\":947,\"4\":1983,\"5\":2093,\"6\":1754,\"7\":1207,\"8\":30,\"9\":64,\"10\":47,\"11\":20,\"12\":48,\"13\":48,\"14\":42,\"15\":23},\"fitted\":{\"0\":1438.3895444965,\"1\":2460.6593644997,\"2\":2189.791725462,\"3\":948.1593655419,\"4\":1985.6104555035,\"5\":2089.3406355003,\"6\":1756.208274538,\"7\":1205.8406344581,\"8\":32.6104555037,\"9\":60.3406355005,\"10\":49.208274538,\"11\":18.8406344581,\"12\":45.3895444966,\"13\":51.6593644998,\"14\":39.791725462,\"15\":24.1593655419},\"ret\":{\"0\":0.0001814964,\"1\":-0.000254004,\"2\":0.0001534723,\"3\":-0.0000804846,\"4\":-0.0001812128,\"5\":0.0002544156,\"6\":-0.0001532985,\"7\":0.0000805726,\"8\":-0.0001738724,\"9\":0.0002617497,\"10\":-0.0001499005,\"11\":0.0000829624,\"12\":0.0001864492,\"13\":-0.0002449696,\"14\":0.0001575748,\"15\":-0.0000785699}}", "deviance": 1.2202265064983417, "df": 3, "rel_entropy": 4.238074835017858e-05, "formula": "count ~ group * mut * base - group : mut : base", "prob": 0.74815735956928209}}