{"pos2": {"stats": "{\"group\":{\"0\":\"1\",\"1\":\"1\",\"2\":\"1\",\"3\":\"1\",\"4\":\"1\",\"5\":\"1\",\"6\":\"1\",\"7\":\"1\",\"8\":\"2\",\"9\":\"2\",\"10\":\"2\",\"11\":\"2\",\"12\":\"2\",\"13\":\"2\",\"14\":\"2\",\"15\":\"2\"},\"mut\":{\"0\":\"M\",\"1\":\"M\",\"2\":\"M\",\"3\":\"M\",\"4\":\"R\",\"5\":\"R\",\"6\":\"R\",\"7\":\"R\",\"8\":\"M\",\"9\":\"M\",\"10\":\"M\",\"11\":\"M\",\"12\":\"R\",\"13\":\"R\",\"14\":\"R\",\"15\":\"R\"},\"base\":{\"0\":\"A\",\"1\":\"C\",\"2\":\"G\",\"3\":\"T\",\"4\":\"A\",\"5\":\"C\",\"6\":\"G\",\"7\":\"T\",\"8\":\"A\",\"9\":\"C\",\"10\":\"G\",\"11\":\"T\",\"12\":\"A\",\"13\":\"C\",\"14\":\"G\",\"15\":\"T\"},\"count\":{\"0\":5133,\"1\":3925,\"2\":5731,\"3\":3740,\"4\":4850,\"5\":4488,\"6\":5357,\"7\":3834,\"8\":1066,\"9\":521,\"10\":958,\"11\":618,\"12\":832,\"13\":721,\"14\":876,\"15\":734},\"fitted\":{\"0\":5211.2688791332,\"1\":3875.8075831993,\"2\":5742.1724753946,\"3\":3699.7510622729,\"4\":4771.7311208668,\"5\":4537.1924168007,\"6\":5345.8275246054,\"7\":3874.2489377271,\"8\":987.7311208835,\"9\":570.1924168083,\"10\":946.8275246054,\"11\":658.248937728,\"12\":910.2688791491,\"13\":671.8075832077,\"14\":887.1724753946,\"15\":693.7510622737},\"ret\":{\"0\":-0.0017904792,\"1\":0.0011410493,\"2\":-0.0002572746,\"3\":0.000932765,\"4\":0.0018188112,\"5\":-0.0011277147,\"6\":0.0002577942,\"7\":-0.0009229011,\"8\":0.0018737581,\"9\":-0.0010835013,\"10\":0.0002590387,\"11\":-0.000898777,\"12\":-0.0017242097,\"13\":0.0011744199,\"14\":-0.0002558968,\"15\":0.000954143}}", "deviance": 30.457753885245705, "df": 3, "rel_entropy": 0.000351025192297226, "formula": "count ~ group * mut * base - group : mut : base", "prob": 1.1055713474641372e-06}, "pos3": {"stats": "{\"group\":{\"0\":\"1\",\"1\":\"1\",\"2\":\"1\",\"3\":\"1\",\"4\":\"1\",\"5\":\"1\",\"6\":\"1\",\"7\":\"1\",\"8\":\"2\",\"9\":\"2\",\"10\":\"2\",\"11\":\"2\",\"12\":\"2\",\"13\":\"2\",\"14\":\"2\",\"15\":\"2\"},\"mut\":{\"0\":\"M\",\"1\":\"M\",\"2\":\"M\",\"3\":\"M\",\"4\":\"R\",\"5\":\"R\",\"6\":\"R\",\"7\":\"R\",\"8\":\"M\",\"9\":\"M\",\"10\":\"M\",\"11\":\"M\",\"12\":\"R\",\"13\":\"R\",\"14\":\"R\",\"15\":\"R\"},\"base\":{\"0\":\"A\",\"1\":\"C\",\"2\":\"G\",\"3\":\"T\",\"4\":\"A\",\"5\":\"C\",\"6\":\"G\",\"7\":\"T\",\"8\":\"A\",\"9\":\"C\",\"10\":\"G\",\"11\":\"T\",\"12\":\"A\",\"13\":\"C\",\"14\":\"G\",\"15\":\"T\"},\"count\":{\"0\":3561,\"1\":4232,\"2\":5752,\"3\":4984,\"4\":4929,\"5\":4571,\"6\":4793,\"7\":4236,\"8\":701,\"9\":764,\"10\":889,\"11\":809,\"12\":887,\"13\":763,\"14\":795,\"15\":718},\"fitted\":{\"0\":3586.6932070268,\"1\":4253.7616656857,\"2\":5722.3750242238,\"3\":4966.1701030638,\"4\":4903.3067929733,\"5\":4549.2383343144,\"6\":4822.6249757763,\"7\":4253.8298969362,\"8\":675.3067929733,\"9\":742.2383343144,\"10\":918.6249757763,\"11\":826.8298969362,\"12\":912.6932070268,\"13\":784.7616656857,\"14\":765.3750242238,\"15\":700.1701030638},\"ret\":{\"0\":-0.0005901014,\"1\":-0.0005003205,\"2\":0.0006846194,\"3\":0.0004117155,\"4\":0.0005937766,\"5\":0.0005028036,\"6\":-0.0006807532,\"7\":-0.0004101161,\"8\":0.0006033536,\"9\":0.0005088882,\"10\":-0.0006717238,\"11\":-0.0004065152,\"12\":-0.0005838125,\"13\":-0.0004945858,\"14\":0.000695903,\"15\":0.0004161676}}", "deviance": 6.8806317194992985, "df": 3, "rel_entropy": 7.929918540820692e-05, "formula": "count ~ group * mut * base - group : mut : base", "prob": 0.075801349278571267}, "pos0": {"stats": "{\"group\":{\"0\":\"1\",\"1\":\"1\",\"2\":\"1\",\"3\":\"1\",\"4\":\"1\",\"5\":\"1\",\"6\":\"1\",\"7\":\"1\",\"8\":\"2\",\"9\":\"2\",\"10\":\"2\",\"11\":\"2\",\"12\":\"2\",\"13\":\"2\",\"14\":\"2\",\"15\":\"2\"},\"mut\":{\"0\":\"M\",\"1\":\"M\",\"2\":\"M\",\"3\":\"M\",\"4\":\"R\",\"5\":\"R\",\"6\":\"R\",\"7\":\"R\",\"8\":\"M\",\"9\":\"M\",\"10\":\"M\",\"11\":\"M\",\"12\":\"R\",\"13\":\"R\",\"14\":\"R\",\"15\":\"R\"},\"base\":{\"0\":\"A\",\"1\":\"C\",\"2\":\"G\",\"3\":\"T\",\"4\":\"A\",\"5\":\"C\",\"6\":\"G\",\"7\":\"T\",\"8\":\"A\",\"9\":\"C\",\"10\":\"G\",\"11\":\"T\",\"12\":\"A\",\"13\":\"C\",\"14\":\"G\",\"15\":\"T\"},\"count\":{\"0\":4105,\"1\":5609,\"2\":4370,\"3\":4445,\"4\":4733,\"5\":5042,\"6\":4812,\"7\":3942,\"8\":777,\"9\":733,\"10\":788,\"11\":865,\"12\":844,\"13\":824,\"14\":814,\"15\":681},\"fitted\":{\"0\":4124.1406460707,\"1\":5531.9353388299,\"2\":4390.5465219061,\"3\":4482.3774931931,\"4\":4713.8593539292,\"5\":5119.06466117,\"6\":4791.4534780938,\"7\":3904.6225068068,\"8\":757.8593539292,\"9\":810.0646612291,\"10\":767.4534780939,\"11\":827.6225068071,\"12\":863.1406460708,\"13\":746.9353388833,\"14\":834.5465219061,\"15\":718.3774931933},\"ret\":{\"0\":-0.000440166,\"1\":0.0017886542,\"2\":-0.0004724869,\"3\":-0.000857948,\"4\":0.0004420859,\"5\":-0.0017628998,\"6\":0.0004746107,\"7\":0.0008656607,\"8\":0.0004467165,\"9\":-0.0016890286,\"10\":0.0004798806,\"11\":0.0008807186,\"12\":-0.000436263,\"13\":0.0018649763,\"14\":-0.0004677183,\"15\":-0.0008387376}}", "deviance": 24.126310924808507, "df": 3, "rel_entropy": 0.00027805539974193837, "formula": "count ~ group * mut * base - group : mut : base", "prob": 2.3508188894371721e-05}, "pos1": {"stats": "{\"group\":{\"0\":\"1\",\"1\":\"1\",\"2\":\"1\",\"3\":\"1\",\"4\":\"1\",\"5\":\"1\",\"6\":\"1\",\"7\":\"1\",\"8\":\"2\",\"9\":\"2\",\"10\":\"2\",\"11\":\"2\",\"12\":\"2\",\"13\":\"2\",\"14\":\"2\",\"15\":\"2\"},\"mut\":{\"0\":\"M\",\"1\":\"M\",\"2\":\"M\",\"3\":\"M\",\"4\":\"R\",\"5\":\"R\",\"6\":\"R\",\"7\":\"R\",\"8\":\"M\",\"9\":\"M\",\"10\":\"M\",\"11\":\"M\",\"12\":\"R\",\"13\":\"R\",\"14\":\"R\",\"15\":\"R\"},\"base\":{\"0\":\"A\",\"1\":\"C\",\"2\":\"G\",\"3\":\"T\",\"4\":\"A\",\"5\":\"C\",\"6\":\"G\",\"7\":\"T\",\"8\":\"A\",\"9\":\"C\",\"10\":\"G\",\"11\":\"T\",\"12\":\"A\",\"13\":\"C\",\"14\":\"G\",\"15\":\"T\"},\"count\":{\"0\":6124,\"1\":2954,\"2\":5096,\"3\":4355,\"4\":5668,\"5\":1750,\"6\":5442,\"7\":5669,\"8\":891,\"9\":763,\"10\":884,\"11\":625,\"12\":973,\"13\":281,\"14\":911,\"15\":998},\"fitted\":{\"0\":6067.8022786044,\"1\":3046.9119693381,\"2\":5119.4779031215,\"3\":4294.8078489362,\"4\":5724.1977213958,\"5\":1657.0880306619,\"6\":5418.5220968785,\"7\":5729.1921510639,\"8\":947.1977213957,\"9\":670.0880306619,\"10\":860.5220968785,\"11\":685.1921510639,\"12\":916.8022786043,\"13\":373.9119693381,\"14\":934.4779031215,\"15\":937.8078489361},\"ret\":{\"0\":0.001301336,\"1\":-0.0021086282,\"2\":-0.0005399222,\"3\":0.0013971048,\"4\":-0.0012889764,\"5\":0.0022005663,\"6\":0.0005423357,\"7\":-0.0013801134,\"8\":-0.0012561455,\"9\":0.00228367,\"10\":0.0005484812,\"11\":-0.0013246194,\"12\":0.0013342698,\"13\":-0.001850269,\"14\":-0.0005343092,\"15\":0.0014310295}}", "deviance": 65.58011566291319, "df": 3, "rel_entropy": 0.0007558099260431632, "formula": "count ~ group * mut * base - group : mut : base", "prob": 3.769312121503776e-14}}