{"pos2": {"stats": "{\"group\":{\"0\":\"1\",\"1\":\"1\",\"2\":\"1\",\"3\":\"1\",\"4\":\"1\",\"5\":\"1\",\"6\":\"1\",\"7\":\"1\",\"8\":\"2\",\"9\":\"2\",\"10\":\"2\",\"11\":\"2\",\"12\":\"2\",\"13\":\"2\",\"14\":\"2\",\"15\":\"2\"},\"mut\":{\"0\":\"M\",\"1\":\"M\",\"2\":\"M\",\"3\":\"M\",\"4\":\"R\",\"5\":\"R\",\"6\":\"R\",\"7\":\"R\",\"8\":\"M\",\"9\":\"M\",\"10\":\"M\",\"11\":\"M\",\"12\":\"R\",\"13\":\"R\",\"14\":\"R\",\"15\":\"R\"},\"base\":{\"0\":\"A\",\"1\":\"C\",\"2\":\"G\",\"3\":\"T\",\"4\":\"A\",\"5\":\"C\",\"6\":\"G\",\"7\":\"T\",\"8\":\"A\",\"9\":\"C\",\"10\":\"G\",\"11\":\"T\",\"12\":\"A\",\"13\":\"C\",\"14\":\"G\",\"15\":\"T\"},\"count\":{\"0\":67972,\"1\":43385,\"2\":42750,\"3\":93162,\"4\":81336,\"5\":42361,\"6\":58685,\"7\":64887,\"8\":762,\"9\":480,\"10\":408,\"11\":980,\"12\":872,\"13\":458,\"14\":594,\"15\":706},\"fitted\":{\"0\":67991.3572438001,\"1\":43391.1663620623,\"2\":42736.7057295959,\"3\":93149.770664542,\"4\":81316.6427561999,\"5\":42354.8336379379,\"6\":58698.2942704042,\"7\":64899.2293354581,\"8\":742.6427561999,\"9\":473.8336379378,\"10\":421.2942704042,\"11\":992.2293354581,\"12\":891.3572438001,\"13\":464.1663620622,\"14\":580.7057295958,\"15\":693.7706645419},\"ret\":{\"0\":-0.0000387246,\"1\":-0.0000123368,\"2\":0.0000266034,\"3\":0.0000244702,\"4\":0.0000387347,\"5\":0.0000123386,\"6\":-0.0000265963,\"7\":-0.0000244663,\"8\":0.0000392306,\"9\":0.0000124176,\"10\":-0.0000261751,\"11\":-0.0000243171,\"12\":-0.0000383065,\"13\":-0.0000122554,\"14\":0.0000269015,\"15\":0.000024683}}", "deviance": 2.200525426942363, "df": 3, "rel_entropy": 2.2014147985209654e-06, "formula": "count ~ group * mut * base - group : mut : base", "prob": 0.53184488590262635}, "pos3": {"stats": "{\"group\":{\"0\":\"1\",\"1\":\"1\",\"2\":\"1\",\"3\":\"1\",\"4\":\"1\",\"5\":\"1\",\"6\":\"1\",\"7\":\"1\",\"8\":\"2\",\"9\":\"2\",\"10\":\"2\",\"11\":\"2\",\"12\":\"2\",\"13\":\"2\",\"14\":\"2\",\"15\":\"2\"},\"mut\":{\"0\":\"M\",\"1\":\"M\",\"2\":\"M\",\"3\":\"M\",\"4\":\"R\",\"5\":\"R\",\"6\":\"R\",\"7\":\"R\",\"8\":\"M\",\"9\":\"M\",\"10\":\"M\",\"11\":\"M\",\"12\":\"R\",\"13\":\"R\",\"14\":\"R\",\"15\":\"R\"},\"base\":{\"0\":\"A\",\"1\":\"C\",\"2\":\"G\",\"3\":\"T\",\"4\":\"A\",\"5\":\"C\",\"6\":\"G\",\"7\":\"T\",\"8\":\"A\",\"9\":\"C\",\"10\":\"G\",\"11\":\"T\",\"12\":\"A\",\"13\":\"C\",\"14\":\"G\",\"15\":\"T\"},\"count\":{\"0\":81851,\"1\":40741,\"2\":43569,\"3\":81108,\"4\":83744,\"5\":44704,\"6\":49168,\"7\":69653,\"8\":919,\"9\":444,\"10\":398,\"11\":869,\"12\":965,\"13\":452,\"14\":503,\"15\":710},\"fitted\":{\"0\":81839.3498141857,\"1\":40757.8152413809,\"2\":43544.154204185,\"3\":81127.6807402488,\"4\":83755.6501858145,\"5\":44687.1847586193,\"6\":49192.8457958151,\"7\":69633.3192597513,\"8\":930.6501858145,\"9\":427.1847586192,\"10\":422.8457958154,\"11\":849.3192597512,\"12\":953.3498141855,\"13\":468.8152413808,\"14\":478.1542041852,\"15\":729.6807402488},\"ret\":{\"0\":0.0000233114,\"1\":-0.0000336371,\"2\":0.0000497259,\"3\":-0.0000393726,\"4\":-0.0000233082,\"5\":0.0000336504,\"6\":-0.0000496991,\"7\":0.000039383,\"8\":-0.0000231633,\"9\":0.0000342977,\"10\":-0.0000482217,\"11\":0.0000398301,\"12\":0.0000234516,\"13\":-0.0000330334,\"14\":0.0000509814,\"15\":-0.0000388415}}", "deviance": 5.352525853013841, "df": 3, "rel_entropy": 5.354689147429402e-06, "formula": "count ~ group * mut * base - group : mut : base", "prob": 0.14773015062906431}, "pos0": {"stats": "{\"group\":{\"0\":\"1\",\"1\":\"1\",\"2\":\"1\",\"3\":\"1\",\"4\":\"1\",\"5\":\"1\",\"6\":\"1\",\"7\":\"1\",\"8\":\"2\",\"9\":\"2\",\"10\":\"2\",\"11\":\"2\",\"12\":\"2\",\"13\":\"2\",\"14\":\"2\",\"15\":\"2\"},\"mut\":{\"0\":\"M\",\"1\":\"M\",\"2\":\"M\",\"3\":\"M\",\"4\":\"R\",\"5\":\"R\",\"6\":\"R\",\"7\":\"R\",\"8\":\"M\",\"9\":\"M\",\"10\":\"M\",\"11\":\"M\",\"12\":\"R\",\"13\":\"R\",\"14\":\"R\",\"15\":\"R\"},\"base\":{\"0\":\"A\",\"1\":\"C\",\"2\":\"G\",\"3\":\"T\",\"4\":\"A\",\"5\":\"C\",\"6\":\"G\",\"7\":\"T\",\"8\":\"A\",\"9\":\"C\",\"10\":\"G\",\"11\":\"T\",\"12\":\"A\",\"13\":\"C\",\"14\":\"G\",\"15\":\"T\"},\"count\":{\"0\":87252,\"1\":36547,\"2\":45574,\"3\":77896,\"4\":84447,\"5\":43300,\"6\":50435,\"7\":69087,\"8\":917,\"9\":372,\"10\":430,\"11\":911,\"12\":893,\"13\":490,\"14\":559,\"15\":688},\"fitted\":{\"0\":87249.6666945494,\"1\":36524.8920200834,\"2\":45535.1695284858,\"3\":77959.2717568811,\"4\":84449.3333054504,\"5\":43322.1079799164,\"6\":50473.8304715141,\"7\":69023.7282431187,\"8\":919.3333054504,\"9\":394.1079799166,\"10\":468.8304715194,\"11\":847.7282431291,\"12\":890.6666945496,\"13\":467.8920200837,\"14\":520.169528492,\"15\":751.2717568908},\"ret\":{\"0\":0.0000046686,\"1\":0.0000442472,\"2\":0.0000777254,\"3\":-0.0001265433,\"4\":-0.0000046684,\"5\":-0.0000442225,\"6\":-0.0000776624,\"7\":0.0001266527,\"8\":-0.0000046626,\"9\":-0.0000429693,\"10\":-0.0000743822,\"11\":0.0001312056,\"12\":0.0000046746,\"13\":0.0000452628,\"14\":0.0000805226,\"15\":-0.0001211075}}", "deviance": 18.7336756695553, "df": 3, "rel_entropy": 1.8741247133397194e-05, "formula": "count ~ group * mut * base - group : mut : base", "prob": 0.00031034549826178406}, "pos1": {"stats": "{\"group\":{\"0\":\"1\",\"1\":\"1\",\"2\":\"1\",\"3\":\"1\",\"4\":\"1\",\"5\":\"1\",\"6\":\"1\",\"7\":\"1\",\"8\":\"2\",\"9\":\"2\",\"10\":\"2\",\"11\":\"2\",\"12\":\"2\",\"13\":\"2\",\"14\":\"2\",\"15\":\"2\"},\"mut\":{\"0\":\"M\",\"1\":\"M\",\"2\":\"M\",\"3\":\"M\",\"4\":\"R\",\"5\":\"R\",\"6\":\"R\",\"7\":\"R\",\"8\":\"M\",\"9\":\"M\",\"10\":\"M\",\"11\":\"M\",\"12\":\"R\",\"13\":\"R\",\"14\":\"R\",\"15\":\"R\"},\"base\":{\"0\":\"A\",\"1\":\"C\",\"2\":\"G\",\"3\":\"T\",\"4\":\"A\",\"5\":\"C\",\"6\":\"G\",\"7\":\"T\",\"8\":\"A\",\"9\":\"C\",\"10\":\"G\",\"11\":\"T\",\"12\":\"A\",\"13\":\"C\",\"14\":\"G\",\"15\":\"T\"},\"count\":{\"0\":68024,\"1\":62584,\"2\":53115,\"3\":63546,\"4\":81229,\"5\":60482,\"6\":49553,\"7\":56005,\"8\":755,\"9\":579,\"10\":536,\"11\":760,\"12\":886,\"13\":636,\"14\":522,\"15\":586},\"fitted\":{\"0\":68030.60111506,\"1\":62545.1941625956,\"2\":53103.4932266099,\"3\":63589.7114957318,\"4\":81222.3988849379,\"5\":60520.8058374033,\"6\":49564.5067733895,\"7\":55961.2885042675,\"8\":748.3988849385,\"9\":617.8058374051,\"10\":547.5067733898,\"11\":716.2885042694,\"12\":892.6011150615,\"13\":597.1941625975,\"14\":510.4932266102,\"15\":629.711495734},\"ret\":{\"0\":-0.0000132069,\"1\":0.0000776671,\"2\":0.0000230253,\"3\":-0.0000874283,\"4\":0.0000132081,\"5\":-0.0000776181,\"6\":-0.0000230202,\"7\":0.0000874925,\"8\":0.0000132656,\"9\":-0.0000751518,\"10\":-0.0000227792,\"11\":0.0000900742,\"12\":-0.0000131586,\"13\":0.0000801127,\"14\":0.0000232804,\"15\":-0.0000843501}}", "deviance": 11.408177932414523, "df": 3, "rel_entropy": 1.1412788699048938e-05, "formula": "count ~ group * mut * base - group : mut : base", "prob": 0.009711577087726353}}