{"pos0": {"df": 3, "stats": "{\"group\":{\"8\":\"1\",\"9\":\"1\",\"10\":\"1\",\"11\":\"1\",\"12\":\"1\",\"13\":\"1\",\"14\":\"1\",\"15\":\"1\",\"0\":\"2\",\"1\":\"2\",\"2\":\"2\",\"3\":\"2\",\"4\":\"2\",\"5\":\"2\",\"6\":\"2\",\"7\":\"2\"},\"mut\":{\"8\":\"M\",\"9\":\"M\",\"10\":\"M\",\"11\":\"M\",\"12\":\"R\",\"13\":\"R\",\"14\":\"R\",\"15\":\"R\",\"0\":\"M\",\"1\":\"M\",\"2\":\"M\",\"3\":\"M\",\"4\":\"R\",\"5\":\"R\",\"6\":\"R\",\"7\":\"R\"},\"base\":{\"8\":\"A\",\"9\":\"C\",\"10\":\"G\",\"11\":\"T\",\"12\":\"A\",\"13\":\"C\",\"14\":\"G\",\"15\":\"T\",\"0\":\"A\",\"1\":\"C\",\"2\":\"G\",\"3\":\"T\",\"4\":\"A\",\"5\":\"C\",\"6\":\"G\",\"7\":\"T\"},\"count\":{\"8\":87252,\"9\":36547,\"10\":45574,\"11\":77896,\"12\":84447,\"13\":43300,\"14\":50435,\"15\":69087,\"0\":917,\"1\":372,\"2\":430,\"3\":911,\"4\":893,\"5\":490,\"6\":559,\"7\":688},\"fitted\":{\"8\":87249.6666945494,\"9\":36524.8920200834,\"10\":45535.1695284856,\"11\":77959.271756881,\"12\":84449.3333054503,\"13\":43322.1079799164,\"14\":50473.830471514,\"15\":69023.7282431187,\"0\":919.3333054504,\"1\":394.1079799166,\"2\":468.8304715194,\"3\":847.7282431291,\"4\":890.6666945495,\"5\":467.8920200837,\"6\":520.169528492,\"7\":751.2717568908},\"ret\":{\"8\":0.0000046686,\"9\":0.0000442472,\"10\":0.0000777254,\"11\":-0.0001265433,\"12\":-0.0000046684,\"13\":-0.0000442225,\"14\":-0.0000776624,\"15\":0.0001266527,\"0\":-0.0000046626,\"1\":-0.0000429693,\"2\":-0.0000743822,\"3\":0.0001312056,\"4\":0.0000046746,\"5\":0.0000452628,\"6\":0.0000805226,\"7\":-0.0001211075}}", "prob": 0.00031034549826118764, "deviance": 18.73367566955934, "formula": "count ~ group * mut * base - group : mut : base", "rel_entropy": 1.8741247133401233e-05}, "pos2": {"df": 3, "stats": "{\"group\":{\"8\":\"1\",\"9\":\"1\",\"10\":\"1\",\"11\":\"1\",\"12\":\"1\",\"13\":\"1\",\"14\":\"1\",\"15\":\"1\",\"0\":\"2\",\"1\":\"2\",\"2\":\"2\",\"3\":\"2\",\"4\":\"2\",\"5\":\"2\",\"6\":\"2\",\"7\":\"2\"},\"mut\":{\"8\":\"M\",\"9\":\"M\",\"10\":\"M\",\"11\":\"M\",\"12\":\"R\",\"13\":\"R\",\"14\":\"R\",\"15\":\"R\",\"0\":\"M\",\"1\":\"M\",\"2\":\"M\",\"3\":\"M\",\"4\":\"R\",\"5\":\"R\",\"6\":\"R\",\"7\":\"R\"},\"base\":{\"8\":\"A\",\"9\":\"C\",\"10\":\"G\",\"11\":\"T\",\"12\":\"A\",\"13\":\"C\",\"14\":\"G\",\"15\":\"T\",\"0\":\"A\",\"1\":\"C\",\"2\":\"G\",\"3\":\"T\",\"4\":\"A\",\"5\":\"C\",\"6\":\"G\",\"7\":\"T\"},\"count\":{\"8\":67972,\"9\":43385,\"10\":42750,\"11\":93162,\"12\":81336,\"13\":42361,\"14\":58685,\"15\":64887,\"0\":762,\"1\":480,\"2\":408,\"3\":980,\"4\":872,\"5\":458,\"6\":594,\"7\":706},\"fitted\":{\"8\":67991.3572438001,\"9\":43391.1663620619,\"10\":42736.7057295957,\"11\":93149.7706645417,\"12\":81316.6427561997,\"13\":42354.8336379377,\"14\":58698.294270404,\"15\":64899.2293354579,\"0\":742.6427561999,\"1\":473.8336379378,\"2\":421.2942704042,\"3\":992.2293354581,\"4\":891.3572438001,\"5\":464.1663620622,\"6\":580.7057295958,\"7\":693.7706645419},\"ret\":{\"8\":-0.0000387246,\"9\":-0.0000123368,\"10\":0.0000266034,\"11\":0.0000244702,\"12\":0.0000387347,\"13\":0.0000123386,\"14\":-0.0000265963,\"15\":-0.0000244663,\"0\":0.0000392306,\"1\":0.0000124176,\"2\":-0.0000261751,\"3\":-0.0000243171,\"4\":-0.0000383065,\"5\":-0.0000122554,\"6\":0.0000269015,\"7\":0.000024683}}", "prob": 0.5318448859056555, "deviance": 2.2005254269269816, "formula": "count ~ group * mut * base - group : mut : base", "rel_entropy": 2.2014147985055778e-06}, "pos1": {"df": 3, "stats": "{\"group\":{\"8\":\"1\",\"9\":\"1\",\"10\":\"1\",\"11\":\"1\",\"12\":\"1\",\"13\":\"1\",\"14\":\"1\",\"15\":\"1\",\"0\":\"2\",\"1\":\"2\",\"2\":\"2\",\"3\":\"2\",\"4\":\"2\",\"5\":\"2\",\"6\":\"2\",\"7\":\"2\"},\"mut\":{\"8\":\"M\",\"9\":\"M\",\"10\":\"M\",\"11\":\"M\",\"12\":\"R\",\"13\":\"R\",\"14\":\"R\",\"15\":\"R\",\"0\":\"M\",\"1\":\"M\",\"2\":\"M\",\"3\":\"M\",\"4\":\"R\",\"5\":\"R\",\"6\":\"R\",\"7\":\"R\"},\"base\":{\"8\":\"A\",\"9\":\"C\",\"10\":\"G\",\"11\":\"T\",\"12\":\"A\",\"13\":\"C\",\"14\":\"G\",\"15\":\"T\",\"0\":\"A\",\"1\":\"C\",\"2\":\"G\",\"3\":\"T\",\"4\":\"A\",\"5\":\"C\",\"6\":\"G\",\"7\":\"T\"},\"count\":{\"8\":68024,\"9\":62584,\"10\":53115,\"11\":63546,\"12\":81229,\"13\":60482,\"14\":49553,\"15\":56005,\"0\":755,\"1\":579,\"2\":536,\"3\":760,\"4\":886,\"5\":636,\"6\":522,\"7\":586},\"fitted\":{\"8\":68030.6011150613,\"9\":62545.194162596,\"10\":53103.49322661,\"11\":63589.7114957322,\"12\":81222.3988849383,\"13\":60520.8058374037,\"14\":49564.5067733897,\"15\":55961.2885042676,\"0\":748.3988849385,\"1\":617.8058374051,\"2\":547.5067733898,\"3\":716.2885042694,\"4\":892.6011150614,\"5\":597.1941625975,\"6\":510.4932266102,\"7\":629.7114957341},\"ret\":{\"8\":-0.0000132069,\"9\":0.0000776671,\"10\":0.0000230253,\"11\":-0.0000874283,\"12\":0.0000132081,\"13\":-0.0000776181,\"14\":-0.0000230202,\"15\":0.0000874925,\"0\":0.0000132656,\"1\":-0.0000751518,\"2\":-0.0000227792,\"3\":0.0000900742,\"4\":-0.0000131586,\"5\":0.0000801127,\"6\":0.0000232804,\"7\":-0.0000843501}}", "prob": 0.009711577087804063, "deviance": 11.408177932397214, "formula": "count ~ group * mut * base - group : mut : base", "rel_entropy": 1.1412788699031623e-05}, "pos3": {"df": 3, "stats": "{\"group\":{\"8\":\"1\",\"9\":\"1\",\"10\":\"1\",\"11\":\"1\",\"12\":\"1\",\"13\":\"1\",\"14\":\"1\",\"15\":\"1\",\"0\":\"2\",\"1\":\"2\",\"2\":\"2\",\"3\":\"2\",\"4\":\"2\",\"5\":\"2\",\"6\":\"2\",\"7\":\"2\"},\"mut\":{\"8\":\"M\",\"9\":\"M\",\"10\":\"M\",\"11\":\"M\",\"12\":\"R\",\"13\":\"R\",\"14\":\"R\",\"15\":\"R\",\"0\":\"M\",\"1\":\"M\",\"2\":\"M\",\"3\":\"M\",\"4\":\"R\",\"5\":\"R\",\"6\":\"R\",\"7\":\"R\"},\"base\":{\"8\":\"A\",\"9\":\"C\",\"10\":\"G\",\"11\":\"T\",\"12\":\"A\",\"13\":\"C\",\"14\":\"G\",\"15\":\"T\",\"0\":\"A\",\"1\":\"C\",\"2\":\"G\",\"3\":\"T\",\"4\":\"A\",\"5\":\"C\",\"6\":\"G\",\"7\":\"T\"},\"count\":{\"8\":81851,\"9\":40741,\"10\":43569,\"11\":81108,\"12\":83744,\"13\":44704,\"14\":49168,\"15\":69653,\"0\":919,\"1\":444,\"2\":398,\"3\":869,\"4\":965,\"5\":452,\"6\":503,\"7\":710},\"fitted\":{\"8\":81839.3498141857,\"9\":40757.8152413809,\"10\":43544.1542041851,\"11\":81127.680740249,\"12\":83755.6501858147,\"13\":44687.1847586195,\"14\":49192.8457958153,\"15\":69633.3192597514,\"0\":930.6501858146,\"1\":427.1847586192,\"2\":422.8457958154,\"3\":849.3192597512,\"4\":953.3498141855,\"5\":468.8152413808,\"6\":478.1542041852,\"7\":729.6807402488},\"ret\":{\"8\":0.0000233114,\"9\":-0.0000336371,\"10\":0.0000497259,\"11\":-0.0000393726,\"12\":-0.0000233082,\"13\":0.0000336504,\"14\":-0.0000496991,\"15\":0.000039383,\"0\":-0.0000231633,\"1\":0.0000342977,\"2\":-0.0000482217,\"3\":0.0000398301,\"4\":0.0000234516,\"5\":-0.0000330334,\"6\":0.0000509814,\"7\":-0.0000388415}}", "prob": 0.1477301506283381, "deviance": 5.35252585302527, "formula": "count ~ group * mut * base - group : mut : base", "rel_entropy": 5.354689147440836e-06}}