{"pos2": {"prob": 7.543725029734871e-139, "formula": "count ~ mut * base - mut : base", "deviance": 642.0934824270229, "df": 3, "rel_entropy": 0.023203725152754512, "stats": "{\"mut\":{\"0\":\"M\",\"1\":\"M\",\"2\":\"M\",\"3\":\"M\",\"4\":\"R\",\"5\":\"R\",\"6\":\"R\",\"7\":\"R\"},\"base\":{\"0\":\"A\",\"1\":\"C\",\"2\":\"G\",\"3\":\"T\",\"4\":\"A\",\"5\":\"C\",\"6\":\"G\",\"7\":\"T\"},\"count\":{\"0\":878,\"1\":2196,\"2\":2384,\"3\":1460,\"4\":1479,\"5\":1400,\"6\":1714,\"7\":2325},\"fitted\":{\"0\":1178.5,\"1\":1798.0,\"2\":2049.0,\"3\":1892.5,\"4\":1178.5,\"5\":1798.0,\"6\":2049.0,\"7\":1892.5},\"ret\":{\"0\":-0.0186788299,\"1\":0.0317373404,\"2\":0.0260916497,\"3\":-0.0273789329,\"4\":0.024278405,\"5\":-0.0253168386,\"6\":-0.022115264,\"7\":0.0345861953}}"}, "pos3": {"prob": 3.1704107365320265e-34, "formula": "count ~ mut * base - mut : base", "deviance": 158.89720886197563, "df": 3, "rel_entropy": 0.005742165685963271, "stats": "{\"mut\":{\"0\":\"M\",\"1\":\"M\",\"2\":\"M\",\"3\":\"M\",\"4\":\"R\",\"5\":\"R\",\"6\":\"R\",\"7\":\"R\"},\"base\":{\"0\":\"A\",\"1\":\"C\",\"2\":\"G\",\"3\":\"T\",\"4\":\"A\",\"5\":\"C\",\"6\":\"G\",\"7\":\"T\"},\"count\":{\"0\":1592,\"1\":1973,\"2\":1376,\"3\":1977,\"4\":1906,\"5\":1408,\"6\":1262,\"7\":2342},\"fitted\":{\"0\":1749.0,\"1\":1690.5,\"2\":1319.0,\"3\":2159.5,\"4\":1749.0,\"5\":1690.5,\"6\":1319.0,\"7\":2159.5},\"ret\":{\"0\":-0.0108219535,\"1\":0.0220359521,\"2\":0.0042074478,\"3\":-0.0126164734,\"4\":0.0118419148,\"5\":-0.0186078746,\"6\":-0.0040293618,\"7\":0.0137325143}}"}, "pos0": {"prob": 3.824728961152372e-108, "formula": "count ~ mut * base - mut : base", "deviance": 500.4433010257328, "df": 3, "rel_entropy": 0.018084825853777565, "stats": "{\"mut\":{\"0\":\"M\",\"1\":\"M\",\"2\":\"M\",\"3\":\"M\",\"4\":\"R\",\"5\":\"R\",\"6\":\"R\",\"7\":\"R\"},\"base\":{\"0\":\"A\",\"1\":\"C\",\"2\":\"G\",\"3\":\"T\",\"4\":\"A\",\"5\":\"C\",\"6\":\"G\",\"7\":\"T\"},\"count\":{\"0\":1795,\"1\":1907,\"2\":1815,\"3\":1401,\"4\":1896,\"5\":1296,\"6\":1280,\"7\":2446},\"fitted\":{\"0\":1845.5,\"1\":1601.5,\"2\":1547.5,\"3\":1923.5000000001,\"4\":1845.5,\"5\":1601.5,\"6\":1547.5,\"7\":1923.5000000001},\"ret\":{\"0\":-0.0035994993,\"1\":0.0240636271,\"2\":0.0209158866,\"3\":-0.0320946232,\"4\":0.0036993871,\"5\":-0.0198257363,\"6\":-0.0175570417,\"7\":0.0424828256}}"}, "pos1": {"prob": 5.927986785947492e-129, "formula": "count ~ mut * base - mut : base", "deviance": 596.4503427384641, "df": 3, "rel_entropy": 0.02155429107901359, "stats": "{\"mut\":{\"0\":\"M\",\"1\":\"M\",\"2\":\"M\",\"3\":\"M\",\"4\":\"R\",\"5\":\"R\",\"6\":\"R\",\"7\":\"R\"},\"base\":{\"0\":\"A\",\"1\":\"C\",\"2\":\"G\",\"3\":\"T\",\"4\":\"A\",\"5\":\"C\",\"6\":\"G\",\"7\":\"T\"},\"count\":{\"0\":2260,\"1\":1955,\"2\":1616,\"3\":1087,\"4\":1738,\"5\":1677,\"6\":1201,\"7\":2302},\"fitted\":{\"0\":1999.0000000001,\"1\":1816.0000000001,\"2\":1408.5000000001,\"3\":1694.5000000061,\"4\":1998.9999999999,\"5\":1815.9999999999,\"6\":1408.4999999999,\"7\":1694.5000000059},\"ret\":{\"0\":0.0200449648,\"1\":0.0104212851,\"2\":0.0160512215,\"3\":-0.0348793839,\"4\":-0.0175749571,\"5\":-0.0096515734,\"6\":-0.0138337879,\"7\":0.0509765219}}"}}