{"pos2": {"stats": "{\"group\":{\"0\":\"1\",\"1\":\"1\",\"2\":\"1\",\"3\":\"1\",\"4\":\"1\",\"5\":\"1\",\"6\":\"1\",\"7\":\"1\",\"8\":\"2\",\"9\":\"2\",\"10\":\"2\",\"11\":\"2\",\"12\":\"2\",\"13\":\"2\",\"14\":\"2\",\"15\":\"2\"},\"mut\":{\"0\":\"M\",\"1\":\"M\",\"2\":\"M\",\"3\":\"M\",\"4\":\"R\",\"5\":\"R\",\"6\":\"R\",\"7\":\"R\",\"8\":\"M\",\"9\":\"M\",\"10\":\"M\",\"11\":\"M\",\"12\":\"R\",\"13\":\"R\",\"14\":\"R\",\"15\":\"R\"},\"base\":{\"0\":\"A\",\"1\":\"C\",\"2\":\"G\",\"3\":\"T\",\"4\":\"A\",\"5\":\"C\",\"6\":\"G\",\"7\":\"T\",\"8\":\"A\",\"9\":\"C\",\"10\":\"G\",\"11\":\"T\",\"12\":\"A\",\"13\":\"C\",\"14\":\"G\",\"15\":\"T\"},\"count\":{\"0\":878,\"1\":2196,\"2\":2384,\"3\":1460,\"4\":1223,\"5\":1734,\"6\":1978,\"7\":1983,\"8\":688,\"9\":979,\"10\":832,\"11\":1992,\"12\":813,\"13\":1079,\"14\":1245,\"15\":1354},\"fitted\":{\"0\":912.0481672963,\"1\":2081.6359040572,\"2\":2176.3739618593,\"3\":1747.9419667872,\"4\":1188.9518327037,\"5\":1848.3640959428,\"6\":2185.6260381407,\"7\":1695.0580332128,\"8\":653.9518327037,\"9\":1093.3640959428,\"10\":1039.6260381407,\"11\":1704.0580332128,\"12\":847.0481672963,\"13\":964.6359040572,\"14\":1037.3739618593,\"15\":1641.9419667872},\"ret\":{\"0\":-0.0014639571,\"1\":0.0051472368,\"2\":0.0095200751,\"3\":-0.0115173922,\"4\":0.0015133272,\"5\":-0.0048536571,\"6\":-0.0086526509,\"7\":0.0136348737,\"8\":0.0015303504,\"9\":-0.0047402386,\"10\":-0.0081232453,\"11\":0.0136297807,\"12\":-0.0014617629,\"13\":0.0052980251,\"14\":0.0099544918,\"15\":-0.0114415607}}", "deviance": 363.88758305126066, "df": 3, "rel_entropy": 0.007973695833360958, "formula": "count ~ group * mut * base - group : mut : base", "prob": 1.466991534526446e-78}, "pos3": {"stats": "{\"group\":{\"0\":\"1\",\"1\":\"1\",\"2\":\"1\",\"3\":\"1\",\"4\":\"1\",\"5\":\"1\",\"6\":\"1\",\"7\":\"1\",\"8\":\"2\",\"9\":\"2\",\"10\":\"2\",\"11\":\"2\",\"12\":\"2\",\"13\":\"2\",\"14\":\"2\",\"15\":\"2\"},\"mut\":{\"0\":\"M\",\"1\":\"M\",\"2\":\"M\",\"3\":\"M\",\"4\":\"R\",\"5\":\"R\",\"6\":\"R\",\"7\":\"R\",\"8\":\"M\",\"9\":\"M\",\"10\":\"M\",\"11\":\"M\",\"12\":\"R\",\"13\":\"R\",\"14\":\"R\",\"15\":\"R\"},\"base\":{\"0\":\"A\",\"1\":\"C\",\"2\":\"G\",\"3\":\"T\",\"4\":\"A\",\"5\":\"C\",\"6\":\"G\",\"7\":\"T\",\"8\":\"A\",\"9\":\"C\",\"10\":\"G\",\"11\":\"T\",\"12\":\"A\",\"13\":\"C\",\"14\":\"G\",\"15\":\"T\"},\"count\":{\"0\":1592,\"1\":1973,\"2\":1376,\"3\":1977,\"4\":1723,\"5\":1722,\"6\":1372,\"7\":2101,\"8\":949,\"9\":1429,\"10\":715,\"11\":1398,\"12\":1139,\"13\":1048,\"14\":829,\"15\":1475},\"fitted\":{\"0\":1559.8433756627,\"1\":2037.6202758132,\"2\":1339.4185612222,\"3\":1981.1177873019,\"4\":1755.1566243373,\"5\":1657.379724187,\"6\":1408.5814387778,\"7\":2096.8822126981,\"8\":981.1566243373,\"9\":1364.3797241872,\"10\":751.581438778,\"11\":1393.8822126981,\"12\":1106.8433756627,\"13\":1112.6202758141,\"14\":792.4185612223,\"15\":1479.1177873019},\"ret\":{\"0\":0.0014236931,\"1\":-0.0027865982,\"2\":0.0016248794,\"3\":-0.0001802746,\"4\":-0.0013962764,\"5\":0.0028864918,\"6\":-0.0015821831,\"7\":0.0001806393,\"8\":-0.0013859154,\"9\":0.0028980173,\"10\":-0.001563519,\"11\":0.0001807285,\"12\":0.0014295416,\"13\":-0.0027481068,\"14\":0.0016396317,\"15\":-0.0001802108}}", "deviance": 20.104411718612628, "df": 3, "rel_entropy": 0.0004405384284032919, "formula": "count ~ group * mut * base - group : mut : base", "prob": 0.00016149149446783507}, "pos0": {"stats": "{\"group\":{\"0\":\"1\",\"1\":\"1\",\"2\":\"1\",\"3\":\"1\",\"4\":\"1\",\"5\":\"1\",\"6\":\"1\",\"7\":\"1\",\"8\":\"2\",\"9\":\"2\",\"10\":\"2\",\"11\":\"2\",\"12\":\"2\",\"13\":\"2\",\"14\":\"2\",\"15\":\"2\"},\"mut\":{\"0\":\"M\",\"1\":\"M\",\"2\":\"M\",\"3\":\"M\",\"4\":\"R\",\"5\":\"R\",\"6\":\"R\",\"7\":\"R\",\"8\":\"M\",\"9\":\"M\",\"10\":\"M\",\"11\":\"M\",\"12\":\"R\",\"13\":\"R\",\"14\":\"R\",\"15\":\"R\"},\"base\":{\"0\":\"A\",\"1\":\"C\",\"2\":\"G\",\"3\":\"T\",\"4\":\"A\",\"5\":\"C\",\"6\":\"G\",\"7\":\"T\",\"8\":\"A\",\"9\":\"C\",\"10\":\"G\",\"11\":\"T\",\"12\":\"A\",\"13\":\"C\",\"14\":\"G\",\"15\":\"T\"},\"count\":{\"0\":1795,\"1\":1907,\"2\":1815,\"3\":1401,\"4\":1695,\"5\":1705,\"6\":1492,\"7\":2026,\"8\":1013,\"9\":1157,\"10\":899,\"11\":1422,\"12\":1116,\"13\":1035,\"14\":945,\"15\":1395},\"fitted\":{\"0\":1738.0138177369,\"1\":1900.5916636532,\"2\":1737.0144733465,\"3\":1542.3800453384,\"4\":1751.9861822631,\"5\":1711.4083363468,\"6\":1569.9855266543,\"7\":1884.6199547501,\"8\":1069.9861822635,\"9\":1163.4083363468,\"10\":976.9855266707,\"11\":1280.6199548959,\"12\":1059.0138177376,\"13\":1028.5916636532,\"14\":867.0144733668,\"15\":1536.3800453407},\"ret\":{\"0\":0.0025379249,\"1\":0.0002813186,\"2\":0.0034933181,\"3\":-0.0059029168,\"4\":-0.0024563583,\"5\":-0.0002803192,\"6\":-0.0033313944,\"7\":0.0064227894,\"8\":-0.0024297043,\"9\":-0.0002800708,\"10\":-0.0032775324,\"11\":0.0065260708,\"12\":0.0025634424,\"13\":0.0002817187,\"14\":0.003567015,\"15\":-0.0059017349}}", "deviance": 82.76393707958664, "df": 3, "rel_entropy": 0.0018135668568583275, "formula": "count ~ group * mut * base - group : mut : base", "prob": 7.8352973062067235e-18}, "pos1": {"stats": "{\"group\":{\"0\":\"1\",\"1\":\"1\",\"2\":\"1\",\"3\":\"1\",\"4\":\"1\",\"5\":\"1\",\"6\":\"1\",\"7\":\"1\",\"8\":\"2\",\"9\":\"2\",\"10\":\"2\",\"11\":\"2\",\"12\":\"2\",\"13\":\"2\",\"14\":\"2\",\"15\":\"2\"},\"mut\":{\"0\":\"M\",\"1\":\"M\",\"2\":\"M\",\"3\":\"M\",\"4\":\"R\",\"5\":\"R\",\"6\":\"R\",\"7\":\"R\",\"8\":\"M\",\"9\":\"M\",\"10\":\"M\",\"11\":\"M\",\"12\":\"R\",\"13\":\"R\",\"14\":\"R\",\"15\":\"R\"},\"base\":{\"0\":\"A\",\"1\":\"C\",\"2\":\"G\",\"3\":\"T\",\"4\":\"A\",\"5\":\"C\",\"6\":\"G\",\"7\":\"T\",\"8\":\"A\",\"9\":\"C\",\"10\":\"G\",\"11\":\"T\",\"12\":\"A\",\"13\":\"C\",\"14\":\"G\",\"15\":\"T\"},\"count\":{\"0\":2260,\"1\":1955,\"2\":1616,\"3\":1087,\"4\":1586,\"5\":2012,\"6\":1384,\"7\":1936,\"8\":1290,\"9\":1039,\"10\":612,\"11\":1550,\"12\":1063,\"13\":1188,\"14\":851,\"15\":1389},\"fitted\":{\"0\":2192.6077043637,\"1\":1907.6637204067,\"2\":1490.8360418575,\"3\":1326.8925333722,\"4\":1653.3922956363,\"5\":2059.3362795933,\"6\":1509.1639581426,\"7\":1696.1074666279,\"8\":1357.3922956363,\"9\":1086.3362795933,\"10\":737.1639581426,\"11\":1310.1074666279,\"12\":995.6077043637,\"13\":1140.6637204067,\"14\":725.8360418575,\"15\":1628.8925333722},\"ret\":{\"0\":0.0029984019,\"1\":0.0021000428,\"2\":0.0057093919,\"3\":-0.0094998483,\"4\":-0.0028924441,\"5\":-0.0020504874,\"6\":-0.0052512889,\"7\":0.0112240223,\"8\":-0.0028789089,\"9\":-0.002028646,\"10\":-0.0049907866,\"11\":0.0114219445,\"12\":0.0030512483,\"13\":0.0021169765,\"14\":0.0059332049,\"15\":-0.0096980599}}", "deviance": 240.26272144315118, "df": 3, "rel_entropy": 0.005264762938100429, "formula": "count ~ group * mut * base - group : mut : base", "prob": 8.3501181842045051e-52}}