{"('pos1', 'pos2')": {"rel_entropy": 0.0024337936383051835, "deviance": 155.30523964753036, "formula": "count ~ mut * base1 * base2 - mut : base1 : base2", "df": 9, "stats": "{\"mut\":{\"0\":\"M\",\"1\":\"M\",\"2\":\"M\",\"3\":\"M\",\"4\":\"M\",\"5\":\"M\",\"6\":\"M\",\"7\":\"M\",\"8\":\"M\",\"9\":\"M\",\"10\":\"M\",\"11\":\"M\",\"12\":\"M\",\"13\":\"M\",\"14\":\"M\",\"15\":\"M\",\"16\":\"R\",\"17\":\"R\",\"18\":\"R\",\"19\":\"R\",\"20\":\"R\",\"21\":\"R\",\"22\":\"R\",\"23\":\"R\",\"24\":\"R\",\"25\":\"R\",\"26\":\"R\",\"27\":\"R\",\"28\":\"R\",\"29\":\"R\",\"30\":\"R\",\"31\":\"R\"},\"base1\":{\"0\":\"A\",\"1\":\"A\",\"2\":\"A\",\"3\":\"A\",\"4\":\"C\",\"5\":\"C\",\"6\":\"C\",\"7\":\"C\",\"8\":\"G\",\"9\":\"G\",\"10\":\"G\",\"11\":\"G\",\"12\":\"T\",\"13\":\"T\",\"14\":\"T\",\"15\":\"T\",\"16\":\"A\",\"17\":\"A\",\"18\":\"A\",\"19\":\"A\",\"20\":\"C\",\"21\":\"C\",\"22\":\"C\",\"23\":\"C\",\"24\":\"G\",\"25\":\"G\",\"26\":\"G\",\"27\":\"G\",\"28\":\"T\",\"29\":\"T\",\"30\":\"T\",\"31\":\"T\"},\"base2\":{\"0\":\"A\",\"1\":\"C\",\"2\":\"G\",\"3\":\"T\",\"4\":\"A\",\"5\":\"C\",\"6\":\"G\",\"7\":\"T\",\"8\":\"A\",\"9\":\"C\",\"10\":\"G\",\"11\":\"T\",\"12\":\"A\",\"13\":\"C\",\"14\":\"G\",\"15\":\"T\",\"16\":\"A\",\"17\":\"C\",\"18\":\"G\",\"19\":\"T\",\"20\":\"A\",\"21\":\"C\",\"22\":\"G\",\"23\":\"T\",\"24\":\"A\",\"25\":\"C\",\"26\":\"G\",\"27\":\"T\",\"28\":\"A\",\"29\":\"C\",\"30\":\"G\",\"31\":\"T\"},\"count\":{\"0\":898,\"1\":1495,\"2\":674,\"3\":708,\"4\":987,\"5\":1183,\"6\":1020,\"7\":874,\"8\":1243,\"9\":1579,\"10\":1188,\"11\":1002,\"12\":611,\"13\":983,\"14\":471,\"15\":1037,\"16\":1157,\"17\":896,\"18\":286,\"19\":957,\"20\":1395,\"21\":1343,\"22\":476,\"23\":1426,\"24\":1108,\"25\":1211,\"26\":422,\"27\":1148,\"28\":1216,\"29\":1276,\"30\":285,\"31\":1351},\"fitted\":{\"0\":962.8825589548,\"1\":1340.9735153477,\"2\":693.8451452703,\"3\":777.2987804271,\"4\":942.2877083029,\"5\":1229.3078644976,\"6\":986.3290917198,\"7\":906.0753354797,\"8\":1150.8551162733,\"9\":1622.1484343562,\"10\":1190.224043338,\"11\":1048.7724060326,\"12\":682.974616469,\"13\":1047.5701857985,\"14\":482.601719672,\"15\":888.8534780606,\"16\":1092.1174410452,\"17\":1050.0264846523,\"18\":266.1548547297,\"19\":887.7012195729,\"20\":1439.7122916971,\"21\":1296.6921355024,\"22\":509.6709082803,\"23\":1393.9246645203,\"24\":1200.1448837267,\"25\":1167.8515656439,\"26\":419.775956662,\"27\":1101.2275939675,\"28\":1144.0253835311,\"29\":1211.4298142015,\"30\":273.398280328,\"31\":1499.1465219394},\"ret\":{\"0\":-0.0019634464,\"1\":0.0050947119,\"2\":-0.0006130069,\"3\":-0.0020721352,\"4\":0.0014341101,\"5\":-0.0014236976,\"6\":0.0010731273,\"7\":-0.0009872995,\"8\":0.0030006598,\"9\":-0.0013342134,\"10\":-0.0000696409,\"11\":-0.0014327583,\"12\":-0.0021325584,\"13\":-0.0019600702,\"14\":-0.0003592157,\"15\":0.0050102968,\"16\":0.0020927982,\"17\":-0.0044547329,\"18\":0.0006446206,\"19\":0.002254621,\"20\":-0.001379386,\"21\":0.0014769972,\"22\":-0.0010196626,\"23\":0.0010167861,\"24\":-0.0027741915,\"25\":0.0013770418,\"26\":0.0000698904,\"27\":0.0014966438,\"28\":0.0023253514,\"29\":0.0020767637,\"30\":0.0003712302,\"31\":-0.0044058412}}", "prob": 7.007427112744623e-29}, "('pos2', 'pos3')": {"rel_entropy": 0.0020868913410363953, "deviance": 133.16871025421446, "formula": "count ~ mut * base1 * base2 - mut : base1 : base2", "df": 9, "stats": "{\"mut\":{\"0\":\"M\",\"1\":\"M\",\"2\":\"M\",\"3\":\"M\",\"4\":\"M\",\"5\":\"M\",\"6\":\"M\",\"7\":\"M\",\"8\":\"M\",\"9\":\"M\",\"10\":\"M\",\"11\":\"M\",\"12\":\"M\",\"13\":\"M\",\"14\":\"M\",\"15\":\"M\",\"16\":\"R\",\"17\":\"R\",\"18\":\"R\",\"19\":\"R\",\"20\":\"R\",\"21\":\"R\",\"22\":\"R\",\"23\":\"R\",\"24\":\"R\",\"25\":\"R\",\"26\":\"R\",\"27\":\"R\",\"28\":\"R\",\"29\":\"R\",\"30\":\"R\",\"31\":\"R\"},\"base1\":{\"0\":\"A\",\"1\":\"A\",\"2\":\"A\",\"3\":\"A\",\"4\":\"C\",\"5\":\"C\",\"6\":\"C\",\"7\":\"C\",\"8\":\"G\",\"9\":\"G\",\"10\":\"G\",\"11\":\"G\",\"12\":\"T\",\"13\":\"T\",\"14\":\"T\",\"15\":\"T\",\"16\":\"A\",\"17\":\"A\",\"18\":\"A\",\"19\":\"A\",\"20\":\"C\",\"21\":\"C\",\"22\":\"C\",\"23\":\"C\",\"24\":\"G\",\"25\":\"G\",\"26\":\"G\",\"27\":\"G\",\"28\":\"T\",\"29\":\"T\",\"30\":\"T\",\"31\":\"T\"},\"base2\":{\"0\":\"A\",\"1\":\"C\",\"2\":\"G\",\"3\":\"T\",\"4\":\"A\",\"5\":\"C\",\"6\":\"G\",\"7\":\"T\",\"8\":\"A\",\"9\":\"C\",\"10\":\"G\",\"11\":\"T\",\"12\":\"A\",\"13\":\"C\",\"14\":\"G\",\"15\":\"T\",\"16\":\"A\",\"17\":\"C\",\"18\":\"G\",\"19\":\"T\",\"20\":\"A\",\"21\":\"C\",\"22\":\"G\",\"23\":\"T\",\"24\":\"A\",\"25\":\"C\",\"26\":\"G\",\"27\":\"T\",\"28\":\"A\",\"29\":\"C\",\"30\":\"G\",\"31\":\"T\"},\"count\":{\"0\":1010,\"1\":785,\"2\":1283,\"3\":661,\"4\":1368,\"5\":1743,\"6\":540,\"7\":1589,\"8\":742,\"9\":767,\"10\":1181,\"11\":663,\"12\":350,\"13\":937,\"14\":1407,\"15\":927,\"16\":1006,\"17\":1098,\"18\":1735,\"19\":1037,\"20\":1451,\"21\":1374,\"22\":494,\"23\":1407,\"24\":263,\"25\":405,\"26\":490,\"27\":311,\"28\":619,\"29\":1341,\"30\":1629,\"31\":1293},\"fitted\":{\"0\":871.1085546561,\"1\":811.414880326,\"2\":1343.6072674249,\"3\":712.869297593,\"4\":1489.991953738,\"5\":1643.7595205859,\"6\":560.2090492734,\"7\":1546.0394764027,\"8\":697.3711490625,\"9\":812.0526676583,\"10\":1178.1965110061,\"11\":665.3796722731,\"12\":411.5283425433,\"13\":964.7729314298,\"14\":1328.9871722956,\"15\":915.7115537313,\"16\":1144.8914453439,\"17\":1071.585119674,\"18\":1674.3927325751,\"19\":985.130702407,\"20\":1329.008046262,\"21\":1473.2404794141,\"22\":473.7909507266,\"23\":1449.9605235973,\"24\":307.6288509375,\"25\":359.9473323417,\"26\":492.8034889939,\"27\":308.6203277269,\"28\":557.4716574567,\"29\":1313.2270685702,\"30\":1707.0128277044,\"31\":1304.2884462687},\"ret\":{\"0\":0.0046830815,\"1\":-0.0008142726,\"2\":-0.0018560555,\"3\":-0.0015650583,\"4\":-0.0036625021,\"5\":0.0032024611,\"6\":-0.0006218289,\"7\":0.0013650082,\"8\":0.0014425925,\"9\":-0.0013721285,\"10\":0.0000879716,\"11\":-0.0000744503,\"12\":-0.001776489,\"13\":-0.0008578101,\"14\":0.0025154833,\"15\":0.0003559751,\"16\":-0.0040777195,\"17\":0.0008380181,\"18\":0.0019335283,\"19\":0.0016677572,\"20\":0.0039938263,\"21\":-0.0030032054,\"22\":0.0006467137,\"23\":-0.0013263245,\"24\":-0.0012920021,\"25\":0.0014969405,\"26\":-0.0000876167,\"27\":0.0000748707,\"28\":0.0020311335,\"29\":0.0008796014,\"30\":-0.0023883403,\"31\":-0.0003522677}}", "prob": 2.6425384952844303e-24}, "('pos0', 'pos1')": {"rel_entropy": 0.0034602197409377227, "deviance": 220.80354210871795, "formula": "count ~ mut * base1 * base2 - mut : base1 : base2", "df": 9,