{"pos2": {"stats": "{\"strand\":{\"0\":\"+\",\"1\":\"+\",\"2\":\"+\",\"3\":\"+\",\"4\":\"+\",\"5\":\"+\",\"6\":\"+\",\"7\":\"+\",\"8\":\"-\",\"9\":\"-\",\"10\":\"-\",\"11\":\"-\",\"12\":\"-\",\"13\":\"-\",\"14\":\"-\",\"15\":\"-\"},\"mut\":{\"0\":\"M\",\"1\":\"M\",\"2\":\"M\",\"3\":\"M\",\"4\":\"R\",\"5\":\"R\",\"6\":\"R\",\"7\":\"R\",\"8\":\"M\",\"9\":\"M\",\"10\":\"M\",\"11\":\"M\",\"12\":\"R\",\"13\":\"R\",\"14\":\"R\",\"15\":\"R\"},\"base\":{\"0\":\"A\",\"1\":\"C\",\"2\":\"G\",\"3\":\"T\",\"4\":\"A\",\"5\":\"C\",\"6\":\"G\",\"7\":\"T\",\"8\":\"A\",\"9\":\"C\",\"10\":\"G\",\"11\":\"T\",\"12\":\"A\",\"13\":\"C\",\"14\":\"G\",\"15\":\"T\"},\"count\":{\"0\":89202,\"1\":82226,\"2\":25497,\"3\":129955,\"4\":114245,\"5\":84311,\"6\":16463,\"7\":111861,\"8\":89830,\"9\":82239,\"10\":25528,\"11\":129415,\"12\":114054,\"13\":84597,\"14\":16594,\"15\":111767},\"fitted\":{\"0\":89414.6078938497,\"1\":82154.2984263552,\"2\":25462.2745413601,\"3\":129848.8191384347,\"4\":114032.3921061492,\"5\":84382.7015736452,\"6\":16497.7254586399,\"7\":111967.1808615657,\"8\":89617.3921061491,\"9\":82310.7015736451,\"10\":25562.7254586399,\"11\":129521.1808615659,\"12\":114266.6078938509,\"13\":84525.298426355,\"14\":16559.27454136,\"15\":111660.8191384338},\"ret\":{\"0\":-0.0001623777,\"1\":0.0000548507,\"2\":0.000026571,\"3\":0.0000812246,\"4\":0.0001627226,\"5\":-0.0000548035,\"6\":-0.0000265249,\"7\":-0.0000811529,\"8\":0.0001627638,\"9\":-0.0000548029,\"10\":-0.0000265349,\"11\":-0.0000811581,\"12\":-0.0001624198,\"13\":0.00005485,\"14\":0.0000265807,\"15\":0.00008123}}", "deviance": 2.6646775561930554, "df": 3, "rel_entropy": 1.0187758667306892e-06, "formula": "count ~ strand * mut * base - strand : mut : base", "prob": 0.44626338578492164}, "pos3": {"stats": "{\"strand\":{\"0\":\"+\",\"1\":\"+\",\"2\":\"+\",\"3\":\"+\",\"4\":\"+\",\"5\":\"+\",\"6\":\"+\",\"7\":\"+\",\"8\":\"-\",\"9\":\"-\",\"10\":\"-\",\"11\":\"-\",\"12\":\"-\",\"13\":\"-\",\"14\":\"-\",\"15\":\"-\"},\"mut\":{\"0\":\"M\",\"1\":\"M\",\"2\":\"M\",\"3\":\"M\",\"4\":\"R\",\"5\":\"R\",\"6\":\"R\",\"7\":\"R\",\"8\":\"M\",\"9\":\"M\",\"10\":\"M\",\"11\":\"M\",\"12\":\"R\",\"13\":\"R\",\"14\":\"R\",\"15\":\"R\"},\"base\":{\"0\":\"A\",\"1\":\"C\",\"2\":\"G\",\"3\":\"T\",\"4\":\"A\",\"5\":\"C\",\"6\":\"G\",\"7\":\"T\",\"8\":\"A\",\"9\":\"C\",\"10\":\"G\",\"11\":\"T\",\"12\":\"A\",\"13\":\"C\",\"14\":\"G\",\"15\":\"T\"},\"count\":{\"0\":95373,\"1\":69697,\"2\":77033,\"3\":84777,\"4\":81468,\"5\":76644,\"6\":75056,\"7\":93712,\"8\":95418,\"9\":69732,\"10\":77512,\"11\":84350,\"12\":81591,\"13\":76992,\"14\":74996,\"15\":93433},\"fitted\":{\"0\":95352.6684120676,\"1\":69625.4369257994,\"2\":77168.3351170896,\"3\":84733.5595450459,\"4\":81488.3315879341,\"5\":76715.5630742014,\"6\":74920.6648829113,\"7\":93755.4404549548,\"8\":95438.3315879343,\"9\":69803.5630742014,\"10\":77376.6648829112,\"11\":84393.4404549546,\"12\":81570.6684120666,\"13\":76920.4369257991,\"14\":75131.3351170896,\"15\":93389.559545046},\"ret\":{\"0\":0.0000155483,\"1\":0.000054749,\"2\":-0.0001033935,\"3\":0.0000332254,\"4\":-0.0000155447,\"5\":-0.0000546953,\"6\":0.0001035777,\"7\":-0.0000332091,\"8\":-0.0000155449,\"9\":-0.0000546928,\"10\":0.0001035748,\"11\":-0.0000332083,\"12\":0.0000155485,\"13\":0.0000547463,\"14\":-0.000103391,\"15\":0.0000332246}}", "deviance": 1.346330148309903, "df": 3, "rel_entropy": 5.147371998395389e-07, "formula": "count ~ strand * mut * base - strand : mut : base", "prob": 0.71816201575071414}, "pos0": {"stats": "{\"strand\":{\"0\":\"+\",\"1\":\"+\",\"2\":\"+\",\"3\":\"+\",\"4\":\"+\",\"5\":\"+\",\"6\":\"+\",\"7\":\"+\",\"8\":\"-\",\"9\":\"-\",\"10\":\"-\",\"11\":\"-\",\"12\":\"-\",\"13\":\"-\",\"14\":\"-\",\"15\":\"-\"},\"mut\":{\"0\":\"M\",\"1\":\"M\",\"2\":\"M\",\"3\":\"M\",\"4\":\"R\",\"5\":\"R\",\"6\":\"R\",\"7\":\"R\",\"8\":\"M\",\"9\":\"M\",\"10\":\"M\",\"11\":\"M\",\"12\":\"R\",\"13\":\"R\",\"14\":\"R\",\"15\":\"R\"},\"base\":{\"0\":\"A\",\"1\":\"C\",\"2\":\"G\",\"3\":\"T\",\"4\":\"A\",\"5\":\"C\",\"6\":\"G\",\"7\":\"T\",\"8\":\"A\",\"9\":\"C\",\"10\":\"G\",\"11\":\"T\",\"12\":\"A\",\"13\":\"C\",\"14\":\"G\",\"15\":\"T\"},\"count\":{\"0\":96393,\"1\":95440,\"2\":57761,\"3\":77286,\"4\":84050,\"5\":76476,\"6\":69235,\"7\":97119,\"8\":96814,\"9\":95697,\"10\":57519,\"11\":76982,\"12\":84423,\"13\":76567,\"14\":69271,\"15\":96751},\"fitted\":{\"0\":96404.495711932,\"1\":95484.214205762,\"2\":57695.9241112918,\"3\":77295.3659710122,\"4\":84038.5042880665,\"5\":76431.7857942377,\"6\":69300.0758887078,\"7\":97109.634028987,\"8\":96802.5042880666,\"9\":95652.7857942376,\"10\":57584.0758887078,\"11\":76972.6340289872,\"12\":84434.495711933,\"13\":76611.2142057619,\"14\":69205.924111292,\"15\":96760.3659710124},\"ret\":{\"0\":-0.0000087897,\"1\":-0.0000338007,\"2\":0.0000497885,\"3\":-0.0000071613,\"4\":0.0000087908,\"5\":0.0000338183,\"6\":-0.0000497371,\"7\":0.0000071621,\"8\":0.0000087907,\"9\":0.0000338163,\"10\":-0.0000497323,\"11\":0.0000071621,\"12\":-0.0000087896,\"13\":-0.0000337987,\"14\":0.0000497838,\"15\":-0.0000071614}}", "deviance": 0.37120691286130736, "df": 3, "rel_entropy": 1.4192210367358346e-07, "formula": "count ~ strand * mut * base - strand : mut : base", "prob": 0.94612408952531879}, "pos1": {"stats": "{\"strand\":{\"0\":\"+\",\"1\":\"+\",\"2\":\"+\",\"3\":\"+\",\"4\":\"+\",\"5\":\"+\",\"6\":\"+\",\"7\":\"+\",\"8\":\"-\",\"9\":\"-\",\"10\":\"-\",\"11\":\"-\",\"12\":\"-\",\"13\":\"-\",\"14\":\"-\",\"15\":\"-\"},\"mut\":{\"0\":\"M\",\"1\":\"M\",\"2\":\"M\",\"3\":\"M\",\"4\":\"R\",\"5\":\"R\",\"6\":\"R\",\"7\":\"R\",\"8\":\"M\",\"9\":\"M\",\"10\":\"M\",\"11\":\"M\",\"12\":\"R\",\"13\":\"R\",\"14\":\"R\",\"15\":\"R\"},\"base\":{\"0\":\"A\",\"1\":\"C\",\"2\":\"G\",\"3\":\"T\",\"4\":\"A\",\"5\":\"C\",\"6\":\"G\",\"7\":\"T\",\"8\":\"A\",\"9\":\"C\",\"10\":\"G\",\"11\":\"T\",\"12\":\"A\",\"13\":\"C\",\"14\":\"G\",\"15\":\"T\"},\"count\":{\"0\":85027,\"1\":78661,\"2\":53271,\"3\":109921,\"4\":79299,\"5\":84267,\"6\":69173,\"7\":94141,\"8\":86083,\"9\":78946,\"10\":53507,\"11\":108476,\"12\":79684,\"13\":84352,\"14\":68716,\"15\":94260},\"fitted\":{\"0\":85179.6636619364,\"1\":78712.2922512301,\"2\":53435.8726534001,\"3\":109552.1714334321,\"4\":79146.3363380624,\"5\":84215.7077487697,\"6\":69008.1273465995,\"7\":94509.8285665679,\"8\":85930.3363380623,\"9\":78894.7077487697,\"10\":53342.1273465997,\"11\":108844.8285665679,\"12\":79836.6636619374,\"13\":84403.2922512302,\"14\":68880.8726534002,\"15\":93891.1714334321},\"ret\":{\"0\":-0.0001166299,\"1\":-0.000039208,\"2\":-0.0001258756,\"3\":0.0002824998,\"4\":0.0001168471,\"5\":0.0000392327,\"6\":0.0001262207,\"7\":-0.0002814746,\"8\":0.0001168382,\"9\":0.0000392335,\"10\":0.0001262649,\"11\":-0.0002815472,\"12\":-0.0001166229,\"13\":-0.0000392088,\"14\":-0.0001259192,\"15\":0.0002825788}}", "deviance": 8.4470210908747, "df": 3, "rel_entropy": 3.2295169121486036e-06, "formula": "count ~ strand * mut * base - strand : mut : base", "prob": 0.037622428101058925}}