{"pos1": {"formula": "count ~ group * mut * base - group : mut : base", "deviance": 11.633793354352829, "df": 3, "stats": "{\"group\":{\"8\":\"1\",\"9\":\"1\",\"10\":\"1\",\"11\":\"1\",\"12\":\"1\",\"13\":\"1\",\"14\":\"1\",\"15\":\"1\",\"0\":\"2\",\"1\":\"2\",\"2\":\"2\",\"3\":\"2\",\"4\":\"2\",\"5\":\"2\",\"6\":\"2\",\"7\":\"2\"},\"mut\":{\"8\":\"M\",\"9\":\"M\",\"10\":\"M\",\"11\":\"M\",\"12\":\"R\",\"13\":\"R\",\"14\":\"R\",\"15\":\"R\",\"0\":\"M\",\"1\":\"M\",\"2\":\"M\",\"3\":\"M\",\"4\":\"R\",\"5\":\"R\",\"6\":\"R\",\"7\":\"R\"},\"base\":{\"8\":\"A\",\"9\":\"C\",\"10\":\"G\",\"11\":\"T\",\"12\":\"A\",\"13\":\"C\",\"14\":\"G\",\"15\":\"T\",\"0\":\"A\",\"1\":\"C\",\"2\":\"G\",\"3\":\"T\",\"4\":\"A\",\"5\":\"C\",\"6\":\"G\",\"7\":\"T\"},\"count\":{\"8\":18068,\"9\":83147,\"10\":18182,\"11\":15353,\"12\":40352,\"13\":12619,\"14\":40128,\"15\":41651,\"0\":482,\"1\":1791,\"2\":438,\"3\":339,\"4\":984,\"5\":307,\"6\":827,\"7\":932},\"fitted\":{\"8\":18084.9885061106,\"9\":83108.8655312135,\"10\":18215.1358872673,\"11\":15341.010075409,\"12\":40335.0114938895,\"13\":12657.1344687867,\"14\":40094.864112733,\"15\":41662.9899245911,\"0\":465.0114938895,\"1\":1829.1344687875,\"2\":404.8641127329,\"3\":350.9899245911,\"4\":1000.9885061106,\"5\":268.8655312138,\"6\":860.1358872684,\"7\":920.010075409},\"ret\":{\"8\":-0.0000616129,\"9\":0.0001384006,\"10\":-0.0001201224,\"11\":0.0000435218,\"12\":0.0000616549,\"13\":-0.0001381602,\"14\":0.0001202815,\"15\":-0.0000434985,\"0\":0.0000627544,\"1\":-0.0001369164,\"2\":0.000125023,\"3\":-0.0000427531,\"4\":-0.0000611158,\"5\":0.0001477481,\"6\":-0.0001178856,\"7\":0.0000437871}}", "rel_entropy": 2.1106301441133577e-05, "prob": 0.008748941377233707}, "pos3": {"formula": "count ~ group * mut * base - group : mut : base", "deviance": 2.3654743325369996, "df": 3, "stats": "{\"group\":{\"8\":\"1\",\"9\":\"1\",\"10\":\"1\",\"11\":\"1\",\"12\":\"1\",\"13\":\"1\",\"14\":\"1\",\"15\":\"1\",\"0\":\"2\",\"1\":\"2\",\"2\":\"2\",\"3\":\"2\",\"4\":\"2\",\"5\":\"2\",\"6\":\"2\",\"7\":\"2\"},\"mut\":{\"8\":\"M\",\"9\":\"M\",\"10\":\"M\",\"11\":\"M\",\"12\":\"R\",\"13\":\"R\",\"14\":\"R\",\"15\":\"R\",\"0\":\"M\",\"1\":\"M\",\"2\":\"M\",\"3\":\"M\",\"4\":\"R\",\"5\":\"R\",\"6\":\"R\",\"7\":\"R\"},\"base\":{\"8\":\"A\",\"9\":\"C\",\"10\":\"G\",\"11\":\"T\",\"12\":\"A\",\"13\":\"C\",\"14\":\"G\",\"15\":\"T\",\"0\":\"A\",\"1\":\"C\",\"2\":\"G\",\"3\":\"T\",\"4\":\"A\",\"5\":\"C\",\"6\":\"G\",\"7\":\"T\"},\"count\":{\"8\":32236,\"9\":37454,\"10\":35312,\"11\":29748,\"12\":34347,\"13\":34829,\"14\":35134,\"15\":30440,\"0\":754,\"1\":824,\"2\":781,\"3\":691,\"4\":756,\"5\":805,\"6\":784,\"7\":705},\"fitted\":{\"8\":32258.3314188524,\"9\":37434.2588032461,\"10\":35308.4976502272,\"11\":29748.9121276748,\"12\":34324.6685811479,\"13\":34848.7411967543,\"14\":35137.5023497731,\"15\":30439.0878723254,\"0\":731.6685811478,\"1\":843.7411967541,\"2\":784.5023497729,\"3\":690.0878723253,\"4\":778.3314188522,\"5\":785.2588032459,\"6\":780.4976502271,\"7\":705.9121276747},\"ret\":{\"8\":-0.0000810003,\"9\":0.0000716488,\"10\":0.0000127087,\"11\":-0.0000033096,\"12\":0.0000810547,\"13\":-0.0000716096,\"14\":-0.0000127075,\"15\":0.0000033097,\"0\":0.0000822525,\"1\":-0.0000707853,\"2\":-0.0000126797,\"3\":0.0000033118,\"4\":-0.0000798547,\"5\":0.0000725228,\"6\":0.0000127366,\"7\":-0.0000033075}}", "rel_entropy": 4.2914991519176335e-06, "prob": 0.5000939208927697}, "pos0": {"formula": "count ~ group * mut * base - group : mut : base", "deviance": 7.634934463135522, "df": 3, "stats": "{\"group\":{\"8\":\"1\",\"9\":\"1\",\"10\":\"1\",\"11\":\"1\",\"12\":\"1\",\"13\":\"1\",\"14\":\"1\",\"15\":\"1\",\"0\":\"2\",\"1\":\"2\",\"2\":\"2\",\"3\":\"2\",\"4\":\"2\",\"5\":\"2\",\"6\":\"2\",\"7\":\"2\"},\"mut\":{\"8\":\"M\",\"9\":\"M\",\"10\":\"M\",\"11\":\"M\",\"12\":\"R\",\"13\":\"R\",\"14\":\"R\",\"15\":\"R\",\"0\":\"M\",\"1\":\"M\",\"2\":\"M\",\"3\":\"M\",\"4\":\"R\",\"5\":\"R\",\"6\":\"R\",\"7\":\"R\"},\"base\":{\"8\":\"A\",\"9\":\"C\",\"10\":\"G\",\"11\":\"T\",\"12\":\"A\",\"13\":\"C\",\"14\":\"G\",\"15\":\"T\",\"0\":\"A\",\"1\":\"C\",\"2\":\"G\",\"3\":\"T\",\"4\":\"A\",\"5\":\"C\",\"6\":\"G\",\"7\":\"T\"},\"count\":{\"8\":31488,\"9\":42086,\"10\":36434,\"11\":24742,\"12\":33953,\"13\":36924,\"14\":35480,\"15\":28393,\"0\":705,\"1\":914,\"2\":858,\"3\":573,\"4\":739,\"5\":889,\"6\":770,\"7\":652},\"fitted\":{\"8\":31498.0689783749,\"9\":42040.752938643,\"10\":36466.571709501,\"11\":24744.6063734813,\"12\":33942.9310216252,\"13\":36969.2470613571,\"14\":35447.4282904992,\"15\":28390.3936265188,\"0\":694.9310216252,\"1\":959.2470613573,\"2\":825.4282904991,\"3\":570.3936265188,\"4\":749.0689783748,\"5\":843.7529386433,\"6\":802.571709501,\"7\":654.6063734812},\"ret\":{\"8\":-0.0000365289,\"9\":0.0001642649,\"10\":-0.0001181319,\"11\":-0.0000094566,\"12\":0.0000365402,\"13\":-0.0001640761,\"14\":0.000118239,\"15\":0.0000094575,\"0\":0.0000367982,\"1\":-0.0001602422,\"2\":0.0001204864,\"3\":0.0000094787,\"4\":-0.0000362881,\"5\":0.000168502,\"6\":-0.0001157534,\"7\":-0.0000094382}}", "rel_entropy": 1.3851477618170396e-05, "prob": 0.05419091204438143}, "pos2": {"formula": "count ~ group * mut * base - group : mut : base", "deviance": 1.9845568939913925, "df": 3, "stats": "{\"group\":{\"8\":\"1\",\"9\":\"1\",\"10\":\"1\",\"11\":\"1\",\"12\":\"1\",\"13\":\"1\",\"14\":\"1\",\"15\":\"1\",\"0\":\"2\",\"1\":\"2\",\"2\":\"2\",\"3\":\"2\",\"4\":\"2\",\"5\":\"2\",\"6\":\"2\",\"7\":\"2\"},\"mut\":{\"8\":\"M\",\"9\":\"M\",\"10\":\"M\",\"11\":\"M\",\"12\":\"R\",\"13\":\"R\",\"14\":\"R\",\"15\":\"R\",\"0\":\"M\",\"1\":\"M\",\"2\":\"M\",\"3\":\"M\",\"4\":\"R\",\"5\":\"R\",\"6\":\"R\",\"7\":\"R\"},\"base\":{\"8\":\"A\",\"9\":\"C\",\"10\":\"G\",\"11\":\"T\",\"12\":\"A\",\"13\":\"C\",\"14\":\"G\",\"15\":\"T\",\"0\":\"A\",\"1\":\"C\",\"2\":\"G\",\"3\":\"T\",\"4\":\"A\",\"5\":\"C\",\"6\":\"G\",\"7\":\"T\"},\"count\":{\"8\":25681,\"9\":32414,\"10\":41725,\"11\":34930,\"12\":33688,\"13\":32995,\"14\":40233,\"15\":27834,\"0\":608,\"1\":755,\"2\":892,\"3\":795,\"4\":772,\"5\":734,\"6\":890,\"7\":654},\"fitted\":{\"8\":25691.4746182863,\"9\":32430.3657664054,\"10\":41709.6648935017,\"11\":34918.4947218076,\"12\":33677.5253817141,\"13\":32978.634233595,\"14\":40248.3351064988,\"15\":27845.5052781928,\"0\":597.525381714,\"1\":738.6342335948,\"2\":907.3351064986,\"3\":806.5052781926,\"4\":782.4746182861,\"5\":750.3657664052,\"6\":874.6648935014,\"7\":642.4947218074},\"ret\":{\"8\":-0.0000379988,\"9\":-0.0000593673,\"10\":0.0000556528,\"11\":0.0000417532,\"12\":0.0000380125,\"13\":0.000059397,\"14\":-0.000055632,\"15\":-0.0000417377,\"0\":0.0000383378,\"1\":0.0000600354,\"2\":-0.0000551697,\"3\":-0.0000414471,\"4\":-0.0000377511,\"5\":-0.00005873,\"6\":0.0000561276,\"7\":0.0000421179}}", "rel_entropy": 3.6004297786491153e-06, "prob": 0.5756181583758799}}