{"pos2": {"stats": "{\"mut\":{\"0\":\"M\",\"1\":\"M\",\"2\":\"M\",\"3\":\"M\",\"4\":\"R\",\"5\":\"R\",\"6\":\"R\",\"7\":\"R\"},\"base\":{\"0\":\"A\",\"1\":\"C\",\"2\":\"G\",\"3\":\"T\",\"4\":\"A\",\"5\":\"C\",\"6\":\"G\",\"7\":\"T\"},\"count\":{\"0\":688,\"1\":979,\"2\":832,\"3\":1992,\"4\":813,\"5\":1079,\"6\":1245,\"7\":1354},\"fitted\":{\"0\":750.5,\"1\":1029.0,\"2\":1038.5,\"3\":1673.0,\"4\":750.5,\"5\":1029.0,\"6\":1038.5,\"7\":1673.0},\"ret\":{\"0\":-0.0066602271,\"1\":-0.0054291984,\"2\":-0.0205360241,\"3\":0.0387046658,\"4\":0.0072403758,\"5\":0.0056997952,\"6\":0.0251381559,\"7\":-0.0318910939}}", "deviance": 220.35449492314234, "df": 3, "rel_entropy": 0.01226644928318539, "formula": "count ~ mut * base - mut : base", "prob": 1.6830152870254704e-47}, "pos3": {"stats": "{\"mut\":{\"0\":\"M\",\"1\":\"M\",\"2\":\"M\",\"3\":\"M\",\"4\":\"R\",\"5\":\"R\",\"6\":\"R\",\"7\":\"R\"},\"base\":{\"0\":\"A\",\"1\":\"C\",\"2\":\"G\",\"3\":\"T\",\"4\":\"A\",\"5\":\"C\",\"6\":\"G\",\"7\":\"T\"},\"count\":{\"0\":949,\"1\":1429,\"2\":715,\"3\":1398,\"4\":1139,\"5\":1048,\"6\":829,\"7\":1475},\"fitted\":{\"0\":1044.0,\"1\":1238.5,\"2\":772.0,\"3\":1436.5,\"4\":1044.0,\"5\":1238.5,\"6\":772.0,\"7\":1436.5},\"ret\":{\"0\":-0.0100801899,\"1\":0.0227624855,\"2\":-0.0061057599,\"3\":-0.0042283906,\"4\":0.0110439625,\"5\":-0.0194872209,\"6\":0.0065747402,\"7\":0.0043432839}}", "deviance": 86.63877000297998, "df": 3, "rel_entropy": 0.0048229108218091725, "formula": "count ~ mut * base - mut : base", "prob": 1.1543965078715226e-18}, "pos0": {"stats": "{\"mut\":{\"0\":\"M\",\"1\":\"M\",\"2\":\"M\",\"3\":\"M\",\"4\":\"R\",\"5\":\"R\",\"6\":\"R\",\"7\":\"R\"},\"base\":{\"0\":\"A\",\"1\":\"C\",\"2\":\"G\",\"3\":\"T\",\"4\":\"A\",\"5\":\"C\",\"6\":\"G\",\"7\":\"T\"},\"count\":{\"0\":1013,\"1\":1157,\"2\":899,\"3\":1422,\"4\":1116,\"5\":1035,\"6\":945,\"7\":1395},\"fitted\":{\"0\":1064.5000000003,\"1\":1096.0000000008,\"2\":922.0,\"3\":1408.5,\"4\":1064.5000000003,\"5\":1096.0000000008,\"6\":922.0,\"7\":1408.5},\"ret\":{\"0\":-0.0055927006,\"1\":0.0069769418,\"2\":-0.0025284689,\"3\":0.001510186,\"4\":0.0058702021,\"5\":-0.0065987601,\"6\":0.0025923536,\"7\":-0.00149578}}", "deviance": 13.185106701026655, "df": 3, "rel_entropy": 0.0007339738755859862, "formula": "count ~ mut * base - mut : base", "prob": 0.0042529309141064826}, "pos1": {"stats": "{\"mut\":{\"0\":\"M\",\"1\":\"M\",\"2\":\"M\",\"3\":\"M\",\"4\":\"R\",\"5\":\"R\",\"6\":\"R\",\"7\":\"R\"},\"base\":{\"0\":\"A\",\"1\":\"C\",\"2\":\"G\",\"3\":\"T\",\"4\":\"A\",\"5\":\"C\",\"6\":\"G\",\"7\":\"T\"},\"count\":{\"0\":1290,\"1\":1039,\"2\":612,\"3\":1550,\"4\":1063,\"5\":1188,\"6\":851,\"7\":1389},\"fitted\":{\"0\":1176.5,\"1\":1113.5,\"2\":731.5,\"3\":1469.5,\"4\":1176.5,\"5\":1113.5,\"6\":731.5,\"7\":1469.5},\"ret\":{\"0\":0.0132272092,\"1\":-0.0080104905,\"2\":-0.012153122,\"3\":0.0092034872,\"4\":-0.0120062465,\"5\":0.0085658494,\"6\":0.0143363379,\"7\":-0.008712278}}", "deviance": 79.95321405103914, "df": 3, "rel_entropy": 0.00445074671849472, "formula": "count ~ mut * base - mut : base", "prob": 3.1410266911555725e-17}}