{"('pos1', 'pos2')": {"stats": "{\"mut\":{\"0\":\"M\",\"1\":\"M\",\"2\":\"M\",\"3\":\"M\",\"4\":\"M\",\"5\":\"M\",\"6\":\"M\",\"7\":\"M\",\"8\":\"M\",\"9\":\"M\",\"10\":\"M\",\"11\":\"M\",\"12\":\"M\",\"13\":\"M\",\"14\":\"M\",\"15\":\"M\",\"16\":\"R\",\"17\":\"R\",\"18\":\"R\",\"19\":\"R\",\"20\":\"R\",\"21\":\"R\",\"22\":\"R\",\"23\":\"R\",\"24\":\"R\",\"25\":\"R\",\"26\":\"R\",\"27\":\"R\",\"28\":\"R\",\"29\":\"R\",\"30\":\"R\",\"31\":\"R\"},\"base1\":{\"0\":\"A\",\"1\":\"A\",\"2\":\"A\",\"3\":\"A\",\"4\":\"C\",\"5\":\"C\",\"6\":\"C\",\"7\":\"C\",\"8\":\"G\",\"9\":\"G\",\"10\":\"G\",\"11\":\"G\",\"12\":\"T\",\"13\":\"T\",\"14\":\"T\",\"15\":\"T\",\"16\":\"A\",\"17\":\"A\",\"18\":\"A\",\"19\":\"A\",\"20\":\"C\",\"21\":\"C\",\"22\":\"C\",\"23\":\"C\",\"24\":\"G\",\"25\":\"G\",\"26\":\"G\",\"27\":\"G\",\"28\":\"T\",\"29\":\"T\",\"30\":\"T\",\"31\":\"T\"},\"base2\":{\"0\":\"A\",\"1\":\"C\",\"2\":\"G\",\"3\":\"T\",\"4\":\"A\",\"5\":\"C\",\"6\":\"G\",\"7\":\"T\",\"8\":\"A\",\"9\":\"C\",\"10\":\"G\",\"11\":\"T\",\"12\":\"A\",\"13\":\"C\",\"14\":\"G\",\"15\":\"T\",\"16\":\"A\",\"17\":\"C\",\"18\":\"G\",\"19\":\"T\",\"20\":\"A\",\"21\":\"C\",\"22\":\"G\",\"23\":\"T\",\"24\":\"A\",\"25\":\"C\",\"26\":\"G\",\"27\":\"T\",\"28\":\"A\",\"29\":\"C\",\"30\":\"G\",\"31\":\"T\"},\"count\":{\"0\":232,\"1\":220,\"2\":258,\"3\":580,\"4\":101,\"5\":330,\"6\":230,\"7\":378,\"8\":109,\"9\":129,\"10\":154,\"11\":220,\"12\":246,\"13\":300,\"14\":190,\"15\":814,\"16\":233,\"17\":257,\"18\":275,\"19\":298,\"20\":157,\"21\":288,\"22\":420,\"23\":323,\"24\":165,\"25\":187,\"26\":268,\"27\":231,\"28\":258,\"29\":347,\"30\":282,\"31\":502},\"fitted\":{\"0\":234.7485258797,\"1\":251.6783895283,\"2\":242.3184273274,\"3\":561.2546572647,\"4\":111.2613559401,\"5\":280.4235961105,\"6\":248.7571736366,\"7\":398.5578743129,\"8\":105.5036121491,\"9\":128.5733047214,\"10\":142.8940868514,\"11\":235.0289962781,\"12\":236.4865060312,\"13\":318.3247096399,\"14\":198.0303121846,\"15\":797.1584721443,\"16\":230.2514741203,\"17\":225.3216104717,\"18\":290.6815726726,\"19\":316.7453427353,\"20\":146.7386440599,\"21\":337.5764038895,\"22\":401.2428263634,\"23\":302.4421256871,\"24\":168.4963878509,\"25\":187.4266952786,\"26\":279.1059131486,\"27\":215.9710037219,\"28\":267.5134939688,\"29\":328.6752903601,\"30\":273.9696878154,\"31\":518.8415278557},\"ret\":{\"0\":-0.0003042053,\"1\":-0.0032949665,\"2\":0.0018012004,\"3\":0.0021214599,\"4\":-0.0010880549,\"5\":0.0059809782,\"6\":-0.0020075171,\"7\":-0.0022287154,\"8\":0.0003956461,\"9\":0.0000475843,\"10\":0.0012833144,\"11\":-0.001618559,\"12\":0.0010801976,\"13\":-0.0019802768,\"14\":-0.0008756677,\"15\":0.0018946997,\"16\":0.0003078229,\"17\":0.0037639348,\"18\":-0.001697925,\"19\":-0.002023979,\"20\":0.0011814806,\"21\":-0.0050927899,\"22\":0.0021363755,\"23\":0.0023648686,\"24\":-0.0003851991,\"25\":-0.0000474515,\"26\":-0.0012115303,\"27\":0.0017301482,\"28\":-0.0010401124,\"29\":0.0020960035,\"30\":0.0009070215,\"31\":-0.0018442646}}", "deviance": 42.24273971968042, "df": 9, "rel_entropy": 0.0023515219171498787, "formula": "count ~ mut * base1 * base2 - mut : base1 : base2", "prob": 2.9672024078626104e-06}, "('pos1', 'pos3')": {"stats": "{\"mut\":{\"0\":\"M\",\"1\":\"M\",\"2\":\"M\",\"3\":\"M\",\"4\":\"M\",\"5\":\"M\",\"6\":\"M\",\"7\":\"M\",\"8\":\"M\",\"9\":\"M\",\"10\":\"M\",\"11\":\"M\",\"12\":\"M\",\"13\":\"M\",\"14\":\"M\",\"15\":\"M\",\"16\":\"R\",\"17\":\"R\",\"18\":\"R\",\"19\":\"R\",\"20\":\"R\",\"21\":\"R\",\"22\":\"R\",\"23\":\"R\",\"24\":\"R\",\"25\":\"R\",\"26\":\"R\",\"27\":\"R\",\"28\":\"R\",\"29\":\"R\",\"30\":\"R\",\"31\":\"R\"},\"base1\":{\"0\":\"A\",\"1\":\"A\",\"2\":\"A\",\"3\":\"A\",\"4\":\"C\",\"5\":\"C\",\"6\":\"C\",\"7\":\"C\",\"8\":\"G\",\"9\":\"G\",\"10\":\"G\",\"11\":\"G\",\"12\":\"T\",\"13\":\"T\",\"14\":\"T\",\"15\":\"T\",\"16\":\"A\",\"17\":\"A\",\"18\":\"A\",\"19\":\"A\",\"20\":\"C\",\"21\":\"C\",\"22\":\"C\",\"23\":\"C\",\"24\":\"G\",\"25\":\"G\",\"26\":\"G\",\"27\":\"G\",\"28\":\"T\",\"29\":\"T\",\"30\":\"T\",\"31\":\"T\"},\"base2\":{\"0\":\"A\",\"1\":\"C\",\"2\":\"G\",\"3\":\"T\",\"4\":\"A\",\"5\":\"C\",\"6\":\"G\",\"7\":\"T\",\"8\":\"A\",\"9\":\"C\",\"10\":\"G\",\"11\":\"T\",\"12\":\"A\",\"13\":\"C\",\"14\":\"G\",\"15\":\"T\",\"16\":\"A\",\"17\":\"C\",\"18\":\"G\",\"19\":\"T\",\"20\":\"A\",\"21\":\"C\",\"22\":\"G\",\"23\":\"T\",\"24\":\"A\",\"25\":\"C\",\"26\":\"G\",\"27\":\"T\",\"28\":\"A\",\"29\":\"C\",\"30\":\"G\",\"31\":\"T\"},\"count\":{\"0\":385,\"1\":291,\"2\":195,\"3\":419,\"4\":131,\"5\":436,\"6\":164,\"7\":308,\"8\":138,\"9\":167,\"10\":158,\"11\":149,\"12\":295,\"13\":535,\"14\":198,\"15\":522,\"16\":294,\"17\":221,\"18\":191,\"19\":357,\"20\":273,\"21\":325,\"22\":221,\"23\":369,\"24\":208,\"25\":195,\"26\":173,\"27\":275,\"28\":364,\"29\":307,\"30\":244,\"31\":474},\"fitted\":{\"0\":342.9118194162,\"1\":325.2652080312,\"2\":202.654367843,\"3\":419.1686047096,\"4\":164.6012934279,\"5\":410.922010573,\"6\":164.3504018274,\"7\":299.1262941717,\"8\":128.7062146894,\"9\":182.0076023873,\"10\":129.3754382738,\"11\":171.9107446496,\"12\":312.7806724666,\"13\":510.8051790084,\"14\":218.6197920558,\"15\":507.7943564692,\"16\":336.0881805838,\"17\":186.7347919688,\"18\":183.345632157,\"19\":356.8313952904,\"20\":239.3987065721,\"21\":350.0779894269,\"22\":220.6495981726,\"23\":377.8737058283,\"24\":217.2937853106,\"25\":179.9923976127,\"26\":201.6245617262,\"27\":252.0892553504,\"28\":346.2193275334,\"29\":331.1948209916,\"30\":223.3802079442,\"31\":488.2056435308},\"ret\":{\"0\":0.0049623082,\"1\":-0.0036064823,\"2\":-0.0008358893,\"3\":-0.0000187676,\"4\":-0.0033301131,\"5\":0.0028755419,\"6\":-0.0000389699,\"7\":0.0010024543,\"8\":0.0010712021,\"9\":-0.0015999917,\"10\":0.0035159746,\"11\":-0.0023726717,\"12\":-0.0019222249,\"13\":0.0027565118,\"14\":-0.0021838435,\"15\":0.0016034869,\"16\":-0.0043793562,\"17\":0.0041452464,\"18\":0.0008697359,\"19\":0.0000187758,\"20\":0.0039920066,\"21\":-0.0026895459,\"22\":0.0000390425,\"23\":-0.0009762513,\"24\":-0.0010122622,\"25\":0.0017386511,\"26\":-0.0029491236,\"27\":0.0026632897,\"28\":0.0020295735,\"29\":-0.0025928217,\"30\":0.0023985167,\"31\":-0.0015583315}}", "deviance": 64.95192415726412, "df": 9, "rel_entropy": 0.0036156715741073324, "formula": "count ~ mut * base1 * base2 - mut : base1 : base2", "prob": 1.4741233794876242e-10},