{"pos2": {"stats": "{\"mut\":{\"0\":\"M\",\"1\":\"M\",\"2\":\"M\",\"3\":\"M\",\"4\":\"R\",\"5\":\"R\",\"6\":\"R\",\"7\":\"R\"},\"base\":{\"0\":\"A\",\"1\":\"C\",\"2\":\"G\",\"3\":\"T\",\"4\":\"A\",\"5\":\"C\",\"6\":\"G\",\"7\":\"T\"},\"count\":{\"0\":67972,\"1\":43385,\"2\":42750,\"3\":93162,\"4\":81336,\"5\":42361,\"6\":58685,\"7\":64887},\"fitted\":{\"0\":74653.9999999999,\"1\":42873.0000000001,\"2\":50717.5,\"3\":79024.4999999999,\"4\":74653.9999999999,\"5\":42873.0000000001,\"6\":50717.5,\"7\":79024.4999999999},\"ret\":{\"0\":-0.0128880197,\"1\":0.0010414672,\"2\":-0.0147734915,\"3\":0.0310042638,\"4\":0.0140990125,\"5\":-0.001029103,\"6\":0.0173149739,\"7\":-0.025862356}}", "deviance": 8809.449907246015, "df": 3, "rel_entropy": 0.008906747213809671, "formula": "count ~ mut * base - mut : base", "prob": 0}, "pos3": {"stats": "{\"mut\":{\"0\":\"M\",\"1\":\"M\",\"2\":\"M\",\"3\":\"M\",\"4\":\"R\",\"5\":\"R\",\"6\":\"R\",\"7\":\"R\"},\"base\":{\"0\":\"A\",\"1\":\"C\",\"2\":\"G\",\"3\":\"T\",\"4\":\"A\",\"5\":\"C\",\"6\":\"G\",\"7\":\"T\"},\"count\":{\"0\":81851,\"1\":40741,\"2\":43569,\"3\":81108,\"4\":83744,\"5\":44704,\"6\":49168,\"7\":69653},\"fitted\":{\"0\":82797.4999999901,\"1\":42722.500000002,\"2\":46368.5000000582,\"3\":75380.5000006504,\"4\":82797.5000000102,\"5\":42722.5000000124,\"6\":46368.5000000695,\"7\":75380.5000006688},\"ret\":{\"0\":-0.0019029262,\"1\":-0.0039123807,\"2\":-0.0054864055,\"3\":0.0120107665,\"4\":0.0019248055,\"5\":0.0040982843,\"6\":0.0058283868,\"7\":-0.0111299405}}", "deviance": 1414.962455517737, "df": 3, "rel_entropy": 0.0014305902231150458, "formula": "count ~ mut * base - mut : base", "prob": 1.6688828788592265e-306}, "pos0": {"stats": "{\"mut\":{\"0\":\"M\",\"1\":\"M\",\"2\":\"M\",\"3\":\"M\",\"4\":\"R\",\"5\":\"R\",\"6\":\"R\",\"7\":\"R\"},\"base\":{\"0\":\"A\",\"1\":\"C\",\"2\":\"G\",\"3\":\"T\",\"4\":\"A\",\"5\":\"C\",\"6\":\"G\",\"7\":\"T\"},\"count\":{\"0\":87252,\"1\":36547,\"2\":45574,\"3\":77896,\"4\":84447,\"5\":43300,\"6\":50435,\"7\":69087},\"fitted\":{\"0\":85849.500000008,\"1\":39923.5000008252,\"2\":48004.5000000208,\"3\":73491.5000001021,\"4\":85849.4999999925,\"5\":39923.500000818,\"6\":48004.5000000121,\"7\":73491.5000000888},\"ret\":{\"0\":0.0028590204,\"1\":-0.0065303635,\"2\":-0.0047881165,\"3\":0.0091680013,\"4\":-0.0028126877,\"5\":0.0071084917,\"6\":0.0050370568,\"7\":-0.0086339085}}", "deviance": 1392.1186078602304, "df": 3, "rel_entropy": 0.001407494073114938, "formula": "count ~ mut * base - mut : base", "prob": 1.5113847562121009e-301}, "pos1": {"stats": "{\"mut\":{\"0\":\"M\",\"1\":\"M\",\"2\":\"M\",\"3\":\"M\",\"4\":\"R\",\"5\":\"R\",\"6\":\"R\",\"7\":\"R\"},\"base\":{\"0\":\"A\",\"1\":\"C\",\"2\":\"G\",\"3\":\"T\",\"4\":\"A\",\"5\":\"C\",\"6\":\"G\",\"7\":\"T\"},\"count\":{\"0\":68024,\"1\":62584,\"2\":53115,\"3\":63546,\"4\":81229,\"5\":60482,\"6\":49553,\"7\":56005},\"fitted\":{\"0\":74626.5000022524,\"1\":61533.0000000305,\"2\":51334.0000000264,\"3\":59775.500000146,\"4\":74626.5000021805,\"5\":61532.9999999713,\"6\":51333.9999999769,\"7\":59775.5000000885},\"ret\":{\"0\":-0.0127420122,\"1\":0.002143263,\"2\":0.0036631039,\"3\":0.0078598467,\"4\":0.0139247598,\"5\":-0.002106962,\"6\":-0.0035381327,\"7\":-0.0073786048}}", "deviance": 1805.322550834731, "df": 3, "rel_entropy": 0.0018252617097520624, "formula": "count ~ mut * base - mut : base", "prob": 0}}