{"('pos1', 'pos3')": {"stats": "{\"mut\":{\"0\":\"M\",\"1\":\"M\",\"2\":\"M\",\"3\":\"M\",\"4\":\"M\",\"5\":\"M\",\"6\":\"M\",\"7\":\"M\",\"8\":\"M\",\"9\":\"M\",\"10\":\"M\",\"11\":\"M\",\"12\":\"M\",\"13\":\"M\",\"14\":\"M\",\"15\":\"M\",\"16\":\"R\",\"17\":\"R\",\"18\":\"R\",\"19\":\"R\",\"20\":\"R\",\"21\":\"R\",\"22\":\"R\",\"23\":\"R\",\"24\":\"R\",\"25\":\"R\",\"26\":\"R\",\"27\":\"R\",\"28\":\"R\",\"29\":\"R\",\"30\":\"R\",\"31\":\"R\"},\"base1\":{\"0\":\"A\",\"1\":\"A\",\"2\":\"A\",\"3\":\"A\",\"4\":\"C\",\"5\":\"C\",\"6\":\"C\",\"7\":\"C\",\"8\":\"G\",\"9\":\"G\",\"10\":\"G\",\"11\":\"G\",\"12\":\"T\",\"13\":\"T\",\"14\":\"T\",\"15\":\"T\",\"16\":\"A\",\"17\":\"A\",\"18\":\"A\",\"19\":\"A\",\"20\":\"C\",\"21\":\"C\",\"22\":\"C\",\"23\":\"C\",\"24\":\"G\",\"25\":\"G\",\"26\":\"G\",\"27\":\"G\",\"28\":\"T\",\"29\":\"T\",\"30\":\"T\",\"31\":\"T\"},\"base2\":{\"0\":\"A\",\"1\":\"C\",\"2\":\"G\",\"3\":\"T\",\"4\":\"A\",\"5\":\"C\",\"6\":\"G\",\"7\":\"T\",\"8\":\"A\",\"9\":\"C\",\"10\":\"G\",\"11\":\"T\",\"12\":\"A\",\"13\":\"C\",\"14\":\"G\",\"15\":\"T\",\"16\":\"A\",\"17\":\"C\",\"18\":\"G\",\"19\":\"T\",\"20\":\"A\",\"21\":\"C\",\"22\":\"G\",\"23\":\"T\",\"24\":\"A\",\"25\":\"C\",\"26\":\"G\",\"27\":\"T\",\"28\":\"A\",\"29\":\"C\",\"30\":\"G\",\"31\":\"T\"},\"count\":{\"0\":21304,\"1\":10143,\"2\":9780,\"3\":26797,\"4\":16532,\"5\":12581,\"6\":13119,\"7\":20352,\"8\":15746,\"9\":9805,\"10\":12164,\"11\":15400,\"12\":28269,\"13\":8212,\"14\":8506,\"15\":18559,\"16\":29656,\"17\":13468,\"18\":15188,\"19\":22917,\"20\":18452,\"21\":12638,\"22\":13303,\"23\":16089,\"24\":16420,\"25\":9031,\"26\":11270,\"27\":12832,\"28\":19216,\"29\":9567,\"30\":9407,\"31\":17815},\"fitted\":{\"0\":22801.2849875615,\"1\":10145.5238898934,\"2\":10546.4302801316,\"3\":24530.760842414,\"4\":17634.3078408696,\"5\":12257.8812252659,\"6\":12645.742864737,\"7\":20046.0680691276,\"8\":16528.1502814777,\"9\":9339.4288511478,\"10\":11444.4720664237,\"11\":15802.948800951,\"12\":24887.2568900917,\"13\":8998.166033693,\"14\":8932.3547887079,\"15\":20728.2222875076,\"16\":28158.7150124389,\"17\":13465.4761101067,\"18\":14421.5697198685,\"19\":25183.2391575861,\"20\":17349.6921591304,\"21\":12961.1187747341,\"22\":13776.257135263,\"23\":16394.9319308725,\"24\":15637.8497185224,\"25\":9496.5711488522,\"26\":11989.5279335764,\"27\":12429.0511990491,\"28\":22597.7431099084,\"29\":8780.833966307,\"30\":8980.6452112922,\"31\":15645.7777124925},\"ret\":{\"0\":-0.002925986,\"1\":-0.0000051029,\"2\":-0.0014920613,\"3\":0.0047879805,\"4\":-0.0021578007,\"5\":0.0006619118,\"6\":0.0009746558,\"7\":0.0006233184,\"8\":-0.0015435511,\"9\":0.0009645111,\"10\":0.0014997575,\"11\":-0.000804321,\"12\":0.0072830609,\"13\":-0.0015181366,\"14\":-0.0008412167,\"15\":-0.0041483897,\"16\":0.0031067486,\"17\":0.000005104,\"18\":0.0015902613,\"19\":-0.0043698674,\"20\":0.0022983195,\"21\":-0.0006451622,\"22\":-0.0009403393,\"23\":-0.0006128137,\"24\":0.0016204868,\"25\":-0.000917963,\"26\":-0.0014103912,\"27\":0.0008278658,\"28\":-0.0062988967,\"29\":0.0016588288,\"30\":0.0008822758,\"31\":0.0046772836}}", "rel_entropy": 0.002830370809234548, "formula": "count ~ mut * base1 * base2 - mut : base1 : base2", "prob": 0, "df": 9, "deviance": 2799.4518385144697}, "('pos0', 'pos2')": {"stats": "{\"mut\":{\"0\":\"M\",\"1\":\"M\",\"2\":\"M\",\"3\":\"M\",\"4\":\"M\",\"5\":\"M\",\"6\":\"M\",\"7\":\"M\",\"8\":\"M\",\"9\":\"M\",\"10\":\"M\",\"11\":\"M\",\"12\":\"M\",\"13\":\"M\",\"14\":\"M\",\"15\":\"M\",\"16\":\"R\",\"17\":\"R\",\"18\":\"R\",\"19\":\"R\",\"20\":\"R\",\"21\":\"R\",\"22\":\"R\",\"23\":\"R\",\"24\":\"R\",\"25\":\"R\",\"26\":\"R\",\"27\":\"R\",\"28\":\"R\",\"29\":\"R\",\"30\":\"R\",\"31\":\"R\"},\"base1\":{\"0\":\"A\",\"1\":\"A\",\"2\":\"A\",\"3\":\"A\",\"4\":\"C\",\"5\":\"C\",\"6\":\"C\",\"7\":\"C\",\"8\":\"G\",\"9\":\"G\",\"10\":\"G\",\"11\":\"G\",\"12\":\"T\",\"13\":\"T\",\"14\":\"T\",\"15\":\"T\",\"16\":\"A\",\"17\":\"A\",\"18\":\"A\",\"19\":\"A\",\"20\":\"C\",\"21\":\"C\",\"22\":\"C\",\"23\":\"C\",\"24\":\"G\",\"25\":\"G\",\"26\":\"G\",\"27\":\"G\",\"28\":\"T\",\"29\":\"T\",\"30\":\"T\",\"31\":\"T\"},\"base2\":{\"0\":\"A\",\"1\":\"C\",\"2\":\"G\",\"3\":\"T\",\"4\":\"A\",\"5\":\"C\",\"6\":\"G\",\"7\":\"T\",\"8\":\"A\",\"9\":\"C\",\"10\":\"G\",\"11\":\"T\",\"12\":\"A\",\"13\":\"C\",\"14\":\"G\",\"15\":\"T\",\"16\":\"A\",\"17\":\"C\",\"18\":\"G\",\"19\":\"T\",\"20\":\"A\",\"21\":\"C\",\"22\":\"G\",\"23\":\"T\",\"24\":\"A\",\"25\":\"C\",\"26\":\"G\",\"27\":\"T\",\"28\":\"A\",\"29\":\"C\",\"30\":\"G\",\"31\":\"T\"},\"count\":{\"0\":23769,\"1\":14826,\"2\":14237,\"3\":34420,\"4\":8579,\"5\":8199,\"6\":7408,\"7\":12361,\"8\":9981,\"9\":8527,\"10\":9877,\"11\":17189,\"12\":25643,\"13\":11833,\"14\":11228,\"15\":29192,\"16\":29478,\"17\":13900,\"18\":18087,\"19\":22982,\"20\":13124,\"21\":8526,\"22\":11137,\"23\":10513,\"24\":16276,\"25\":8073,\"26\":13886,\"27\":12200,\"28\":22458,\"29\":11862,\"30\":15575,\"31\":19192},\"fitted\":{\"0\":24461.2429166035,\"1\":14768.579293983,\"2\":13902.0268302092,\"3\":34120.1509592039,\"4\":8991.0125739568,\"5\":7832.0330767173,\"6\":7154.4976053648,\"7\":12569.4567439609,\"8\":11315.9875058361,\"9\":8056.8296587603,\"10\":9555.73403602,\"11\":16645.4487993835,\"12\":23203.7570036033,\"13\":12727.5579705392,\"14\":12137.7415284059,\"15\":29826.9434974515,\"16\":28785.7570833962,\"17\":13957.4207060169,\"18\":18421.9731697907,\"19\":23281.849040796,\"20\":12711.9874260432,\"21\":8892.9669232826,\"22\":11390.5023946351,\"23\":10304.543256039,\"24\":14941.0124941639,\"25\":8543.1703412396,\"26\":14207.26596398,\"27\":12743.5512006165,\"28\":24897.2429963966,\"29\":10967.4420294608,\"30\":14665.258471594,\"31\":18557.0565025484},\"ret\":{\"0\":-0.0013797809,\"1\":0.0001163352,\"2\":0.0006854413,\"3\":0.000608978,\"4\":-0.0008137388,\"5\":0.0007591586,\"6\":0.0005215805,\"7\":-0.0004180034,\"8\":-0.0025335717,\"9\":0.0009779427,\"10\":0.0006604284,\"11\":0.0011168624,\"12\":0.0051829841,\"13\":-0.0017437636,\"14\":-0.0017688491,\"15\":-0.0012701487,\"16\":0.0014164747,\"17\":-0.0001158706,\"18\":-0.0006711498,\"19\":-0.0006024002,\"20\":0.000846484,\"21\":-0.0007265148,\"22\":-0.0005068575,\"23\":0.0004257533,\"24\":0.0028166237,\"25\":-0.0009240714,\"26\":-0.0006422275,\"27\":-0.0010753283,\"28\":-0.0046824477,\"29\":0.0018807188,\"30\":0.0018954921,\"31\":0.0013056311}}", "rel_entropy": 0.0013421647118784217, "formula": "count ~ mut * base1 * base2 - mut : base1 : base2", "prob": 3.5487426294537825e-280, "df": 9, "deviance": 1327.5029045658619},