{"pos2": {"stats": "{\"strand\":{\"0\":\"+\",\"1\":\"+\",\"2\":\"+\",\"3\":\"+\",\"4\":\"+\",\"5\":\"+\",\"6\":\"+\",\"7\":\"+\",\"8\":\"-\",\"9\":\"-\",\"10\":\"-\",\"11\":\"-\",\"12\":\"-\",\"13\":\"-\",\"14\":\"-\",\"15\":\"-\"},\"mut\":{\"0\":\"M\",\"1\":\"M\",\"2\":\"M\",\"3\":\"M\",\"4\":\"R\",\"5\":\"R\",\"6\":\"R\",\"7\":\"R\",\"8\":\"M\",\"9\":\"M\",\"10\":\"M\",\"11\":\"M\",\"12\":\"R\",\"13\":\"R\",\"14\":\"R\",\"15\":\"R\"},\"base\":{\"0\":\"A\",\"1\":\"C\",\"2\":\"G\",\"3\":\"T\",\"4\":\"A\",\"5\":\"C\",\"6\":\"G\",\"7\":\"T\",\"8\":\"A\",\"9\":\"C\",\"10\":\"G\",\"11\":\"T\",\"12\":\"A\",\"13\":\"C\",\"14\":\"G\",\"15\":\"T\"},\"count\":{\"0\":69605,\"1\":30420,\"2\":39100,\"3\":51025,\"4\":64082,\"5\":31393,\"6\":42988,\"7\":51687,\"8\":69729,\"9\":30490,\"10\":38836,\"11\":51213,\"12\":64297,\"13\":31402,\"14\":43062,\"15\":51507},\"fitted\":{\"0\":69580.719078867,\"1\":30436.4473418136,\"2\":39014.3353519739,\"3\":51118.4982273457,\"4\":64106.2809211332,\"5\":31376.5526581864,\"6\":43073.6646480262,\"7\":51593.5017726546,\"8\":69753.2809211331,\"9\":30473.5526581864,\"10\":38921.664648026,\"11\":51119.5017726543,\"12\":64272.719078867,\"13\":31418.4473418137,\"14\":42976.3353519738,\"15\":51600.4982273456},\"ret\":{\"0\":0.000031919,\"1\":-0.0000216116,\"2\":0.0001127163,\"3\":-0.0001227764,\"4\":-0.0000319074,\"5\":0.0000216231,\"6\":-0.0001124808,\"7\":0.0001230001,\"8\":-0.0000319079,\"9\":0.0000216233,\"10\":-0.0001124688,\"11\":0.0001230011,\"12\":0.0000319195,\"13\":-0.0000216118,\"14\":0.0001127049,\"15\":-0.0001227774}}", "deviance": 1.468932236454485, "df": 3, "rel_entropy": 9.65340912137757e-07, "formula": "count ~ strand * mut * base - strand : mut : base", "prob": 0.68945909028769348}, "pos3": {"stats": "{\"strand\":{\"0\":\"+\",\"1\":\"+\",\"2\":\"+\",\"3\":\"+\",\"4\":\"+\",\"5\":\"+\",\"6\":\"+\",\"7\":\"+\",\"8\":\"-\",\"9\":\"-\",\"10\":\"-\",\"11\":\"-\",\"12\":\"-\",\"13\":\"-\",\"14\":\"-\",\"15\":\"-\"},\"mut\":{\"0\":\"M\",\"1\":\"M\",\"2\":\"M\",\"3\":\"M\",\"4\":\"R\",\"5\":\"R\",\"6\":\"R\",\"7\":\"R\",\"8\":\"M\",\"9\":\"M\",\"10\":\"M\",\"11\":\"M\",\"12\":\"R\",\"13\":\"R\",\"14\":\"R\",\"15\":\"R\"},\"base\":{\"0\":\"A\",\"1\":\"C\",\"2\":\"G\",\"3\":\"T\",\"4\":\"A\",\"5\":\"C\",\"6\":\"G\",\"7\":\"T\",\"8\":\"A\",\"9\":\"C\",\"10\":\"G\",\"11\":\"T\",\"12\":\"A\",\"13\":\"C\",\"14\":\"G\",\"15\":\"T\"},\"count\":{\"0\":64047,\"1\":30854,\"2\":34563,\"3\":60686,\"4\":66403,\"5\":33392,\"6\":36691,\"7\":53664,\"8\":64271,\"9\":30586,\"10\":34573,\"11\":60838,\"12\":66224,\"13\":33297,\"14\":36853,\"15\":53894},\"fitted\":{\"0\":64150.6922112018,\"1\":30808.3838385993,\"2\":34527.8345963945,\"3\":60663.0893538053,\"4\":66299.3077887988,\"5\":33437.6161614007,\"6\":36726.1654036057,\"7\":53686.910646195,\"8\":64167.3077887989,\"9\":30631.6161614008,\"10\":34608.1654036057,\"11\":60860.910646195,\"12\":66327.6922112014,\"13\":33251.3838385993,\"14\":36817.8345963944,\"15\":53871.0893538054},\"ret\":{\"0\":-0.000136177,\"1\":0.0000599997,\"2\":0.000046243,\"3\":0.0000301181,\"4\":0.0001363937,\"5\":-0.0000599144,\"6\":-0.0000461973,\"7\":-0.000030106,\"8\":0.0001363973,\"9\":-0.0000599106,\"10\":-0.0000461959,\"11\":-0.0000301068,\"12\":-0.0001361806,\"13\":0.0000599964,\"14\":0.0000462415,\"15\":0.0000301189}}", "deviance": 1.0953338069781822, "df": 3, "rel_entropy": 7.198225419000824e-07, "formula": "count ~ strand * mut * base - strand : mut : base", "prob": 0.77820063900026093}, "pos0": {"stats": "{\"strand\":{\"0\":\"+\",\"1\":\"+\",\"2\":\"+\",\"3\":\"+\",\"4\":\"+\",\"5\":\"+\",\"6\":\"+\",\"7\":\"+\",\"8\":\"-\",\"9\":\"-\",\"10\":\"-\",\"11\":\"-\",\"12\":\"-\",\"13\":\"-\",\"14\":\"-\",\"15\":\"-\"},\"mut\":{\"0\":\"M\",\"1\":\"M\",\"2\":\"M\",\"3\":\"M\",\"4\":\"R\",\"5\":\"R\",\"6\":\"R\",\"7\":\"R\",\"8\":\"M\",\"9\":\"M\",\"10\":\"M\",\"11\":\"M\",\"12\":\"R\",\"13\":\"R\",\"14\":\"R\",\"15\":\"R\"},\"base\":{\"0\":\"A\",\"1\":\"C\",\"2\":\"G\",\"3\":\"T\",\"4\":\"A\",\"5\":\"C\",\"6\":\"G\",\"7\":\"T\",\"8\":\"A\",\"9\":\"C\",\"10\":\"G\",\"11\":\"T\",\"12\":\"A\",\"13\":\"C\",\"14\":\"G\",\"15\":\"T\"},\"count\":{\"0\":64808,\"1\":34370,\"2\":36056,\"3\":54916,\"4\":66152,\"5\":32920,\"6\":38080,\"7\":52998,\"8\":64821,\"9\":34627,\"10\":36010,\"11\":54810,\"12\":66486,\"13\":32775,\"14\":38276,\"15\":52731},\"fitted\":{\"0\":64727.6685665091,\"1\":34469.2608645887,\"2\":35995.9749944467,\"3\":54957.0955744553,\"4\":66232.3314334907,\"5\":32820.7391354114,\"6\":38140.0250055534,\"7\":52956.9044255449,\"8\":64901.3314334906,\"9\":34527.7391354114,\"10\":36070.0250055534,\"11\":54768.9044255449,\"12\":66405.6685665096,\"13\":32874.2608645887,\"14\":38215.9749944467,\"15\":52772.0955744552},\"ret\":{\"0\":0.0001056486,\"1\":-0.0001302749,\"2\":0.0000789592,\"3\":-0.0000539935,\"4\":-0.0001055191,\"5\":0.00013066,\"6\":-0.0000788314,\"7\":0.0000540347,\"8\":-0.0001055177,\"9\":0.0001306502,\"10\":-0.0000788278,\"11\":0.000054034,\"12\":0.0001056469,\"13\":-0.0001302657,\"14\":0.0000789554,\"15\":-0.0000539927}}", "deviance": 2.0790336623805956, "df": 3, "rel_entropy": 1.366282393564839e-06, "formula": "count ~ strand * mut * base - strand : mut : base", "prob": 0.55616602785214431}, "pos1": {"stats": "{\"strand\":{\"0\":\"+\",\"1\":\"+\",\"2\":\"+\",\"3\":\"+\",\"4\":\"+\",\"5\":\"+\",\"6\":\"+\",\"7\":\"+\",\"8\":\"-\",\"9\":\"-\",\"10\":\"-\",\"11\":\"-\",\"12\":\"-\",\"13\":\"-\",\"14\":\"-\",\"15\":\"-\"},\"mut\":{\"0\":\"M\",\"1\":\"M\",\"2\":\"M\",\"3\":\"M\",\"4\":\"R\",\"5\":\"R\",\"6\":\"R\",\"7\":\"R\",\"8\":\"M\",\"9\":\"M\",\"10\":\"M\",\"11\":\"M\",\"12\":\"R\",\"13\":\"R\",\"14\":\"R\",\"15\":\"R\"},\"base\":{\"0\":\"A\",\"1\":\"C\",\"2\":\"G\",\"3\":\"T\",\"4\":\"A\",\"5\":\"C\",\"6\":\"G\",\"7\":\"T\",\"8\":\"A\",\"9\":\"C\",\"10\":\"G\",\"11\":\"T\",\"12\":\"A\",\"13\":\"C\",\"14\":\"G\",\"15\":\"T\"},\"count\":{\"0\":66319,\"1\":57713,\"2\":28951,\"3\":37167,\"4\":64102,\"5\":45445,\"6\":36914,\"7\":43689,\"8\":66189,\"9\":57590,\"10\":28951,\"11\":37538,\"12\":63987,\"13\":45305,\"14\":37350,\"15\":43626},\"fitted\":{\"0\":66306.5003112203,\"1\":57717.452802316,\"2\":28850.6044982268,\"3\":37275.4423882379,\"4\":64114.4996887807,\"5\":45440.5471976842,\"6\":37014.3955017732,\"7\":43580.5576117621,\"8\":66201.4996887808,\"9\":57585.5471976842,\"10\":29051.3955017734,\"11\":37429.5576117622,\"12\":63974.5003112195,\"13\":45309.452802316,\"14\":37249.6044982268,\"15\":43734.4423882379},\"ret\":{\"0\":0.0000164304,\"1\":-0.0000058523,\"2\":0.0001321835,\"3\":-0.000142323,\"4\":-0.0000164273,\"5\":0.0000058528,\"6\":-0.0001317751,\"7\":0.0001427078,\"8\":-0.0000164273,\"9\":0.0000058527,\"10\":-0.0001317259,\"11\":0.0001427368,\"12\":0.0000164305,\"13\":-0.0000058522,\"14\":0.0001321319,\"15\":-0.0001423537}}", "deviance": 2.418754206772915, "df": 3, "rel_entropy": 1.5895371714619938e-06, "formula": "count ~ strand * mut * base - strand : mut : base", "prob": 0.49015308133410118}}