{"pos14": {"stats": "{\"mut\":{\"0\":\"M\",\"1\":\"M\",\"2\":\"M\",\"3\":\"M\",\"4\":\"R\",\"5\":\"R\",\"6\":\"R\",\"7\":\"R\"},\"base\":{\"0\":\"A\",\"1\":\"C\",\"2\":\"G\",\"3\":\"T\",\"4\":\"A\",\"5\":\"C\",\"6\":\"G\",\"7\":\"T\"},\"count\":{\"0\":60384,\"1\":32928,\"2\":33996,\"3\":63564,\"4\":57916,\"5\":36155,\"6\":35256,\"7\":61545},\"fitted\":{\"0\":59150.0000000004,\"1\":34541.5000000062,\"2\":34626.0000000001,\"3\":62554.5000000002,\"4\":59150.0000000003,\"5\":34541.5000000062,\"6\":34626.0000000001,\"7\":62554.5000000001},\"ret\":{\"0\":0.0032660196,\"1\":-0.0041263629,\"2\":-0.0016352154,\"3\":0.0026656664,\"4\":-0.0031985769,\"5\":0.0043238699,\"6\":0.0016652437,\"7\":-0.0026229887}}", "deviance": 257.79605943162824, "df": 3, "rel_entropy": 0.00033765567950200687, "formula": "count ~ mut * base - mut : base", "prob": 1.3475662155619839e-55}, "pos15": {"stats": "{\"mut\":{\"0\":\"M\",\"1\":\"M\",\"2\":\"M\",\"3\":\"M\",\"4\":\"R\",\"5\":\"R\",\"6\":\"R\",\"7\":\"R\"},\"base\":{\"0\":\"A\",\"1\":\"C\",\"2\":\"G\",\"3\":\"T\",\"4\":\"A\",\"5\":\"C\",\"6\":\"G\",\"7\":\"T\"},\"count\":{\"0\":59000,\"1\":33946,\"2\":33199,\"3\":64727,\"4\":56705,\"5\":36559,\"6\":34401,\"7\":63207},\"fitted\":{\"0\":57852.4999999999,\"1\":35252.500000001,\"2\":33800.0000000001,\"3\":63967.0,\"4\":57852.4999999999,\"5\":35252.500000001,\"6\":33800.0000000001,\"7\":63967.0},\"ret\":{\"0\":0.0030355573,\"1\":-0.0033582323,\"2\":-0.0015602729,\"3\":0.0020026433,\"4\":-0.0029759308,\"5\":0.0034851014,\"6\":0.0015882681,\"7\":-0.001978989}}", "deviance": 181.8209418992992, "df": 3, "rel_entropy": 0.0002381451206820529, "formula": "count ~ mut * base - mut : base", "prob": 3.5662789966624678e-39}, "pos16": {"stats": "{\"mut\":{\"0\":\"M\",\"1\":\"M\",\"2\":\"M\",\"3\":\"M\",\"4\":\"R\",\"5\":\"R\",\"6\":\"R\",\"7\":\"R\"},\"base\":{\"0\":\"A\",\"1\":\"C\",\"2\":\"G\",\"3\":\"T\",\"4\":\"A\",\"5\":\"C\",\"6\":\"G\",\"7\":\"T\"},\"count\":{\"0\":59635,\"1\":33790,\"2\":34941,\"3\":62506,\"4\":58444,\"5\":36277,\"6\":35403,\"7\":60748},\"fitted\":{\"0\":59039.5000000003,\"1\":35033.5000000009,\"2\":35172.0000000002,\"3\":61627.0000000003,\"4\":59039.5000000003,\"5\":35033.5000000009,\"6\":35172.0000000002,\"7\":61627.0000000003},\"ret\":{\"0\":0.0015677868,\"1\":-0.0031989118,\"2\":-0.0006031261,\"3\":0.0023189339,\"4\":-0.0015520522,\"5\":0.0033145569,\"6\":0.0006071004,\"7\":-0.0022860904}}", "deviance": 128.41671389398192, "df": 3, "rel_entropy": 0.00016819742274139465, "formula": "count ~ mut * base - mut : base", "prob": 1.1864761003834557e-27}, "pos17": {"stats": "{\"mut\":{\"0\":\"M\",\"1\":\"M\",\"2\":\"M\",\"3\":\"M\",\"4\":\"R\",\"5\":\"R\",\"6\":\"R\",\"7\":\"R\"},\"base\":{\"0\":\"A\",\"1\":\"C\",\"2\":\"G\",\"3\":\"T\",\"4\":\"A\",\"5\":\"C\",\"6\":\"G\",\"7\":\"T\"},\"count\":{\"0\":58865,\"1\":33389,\"2\":34769,\"3\":63849,\"4\":56646,\"5\":36166,\"6\":35267,\"7\":62793},\"fitted\":{\"0\":57755.4999999998,\"1\":34777.5000000017,\"2\":35018.0,\"3\":63320.9999999998,\"4\":57755.4999999999,\"5\":34777.5000000018,\"6\":35018.0,\"7\":63320.9999999999},\"ret\":{\"0\":0.0029341373,\"1\":-0.0035636591,\"2\":-0.000649945,\"3\":0.0013888765,\"4\":-0.0028783011,\"5\":0.0037089159,\"6\":0.0006545831,\"7\":-0.0013773432}}", "deviance": 165.87876758000516, "df": 3, "rel_entropy": 0.00021726440701098793, "formula": "count ~ mut * base - mut : base", "prob": 9.8699196955643298e-36}, "pos10": {"stats": "{\"mut\":{\"0\":\"M\",\"1\":\"M\",\"2\":\"M\",\"3\":\"M\",\"4\":\"R\",\"5\":\"R\",\"6\":\"R\",\"7\":\"R\"},\"base\":{\"0\":\"A\",\"1\":\"C\",\"2\":\"G\",\"3\":\"T\",\"4\":\"A\",\"5\":\"C\",\"6\":\"G\",\"7\":\"T\"},\"count\":{\"0\":47572,\"1\":40457,\"2\":50085,\"3\":52758,\"4\":45119,\"5\":36711,\"6\":45577,\"7\":63465},\"fitted\":{\"0\":46345.500000035,\"1\":38584.0000000382,\"2\":47831.0000000449,\"3\":58111.5000024349,\"4\":46345.4999999683,\"5\":38583.9999999827,\"6\":47830.999999976,\"7\":58111.5000023513},\"ret\":{\"0\":0.0032550293,\"1\":0.0050236354,\"2\":0.0060414673,\"3\":-0.0133570235,\"4\":-0.0031699927,\"5\":-0.0047853668,\"6\":-0.00576312,\"7\":0.0146507941}}", "deviance": 1447.132775431945, "df": 3, "rel_entropy": 0.001895423078597103, "formula": "count ~ mut * base - mut : base", "prob": 0}, "pos11": {"stats": "{\"mut\":{\"0\":\"M\",\"1\":\"M\",\"2\":\"M\",\"3\":\"M\",\"4\":\"R\",\"5\":\"R\",\"6\":\"R\",\"7\":\"R\"},\"base\":{\"0\":\"A\",\"1\":\"C\",\"2\":\"G\",\"3\":\"T\",\"4\":\"A\",\"5\":\"C\",\"6\":\"G\",\"7\":\"T\"},\"count\":{\"0\":60006,\"1\":34106,\"2\":27933,\"3\":68827,\"4\":53829,\"5\":37558,\"6\":32591,\"7\":66894},\"fitted\":{\"0\":56917.5000000356,\"1\":35832.0000000096,\"2\":30262.0000002938,\"3\":67860.5000000028,\"4\":56917.500000031,\"5\":35832.0000000067,\"6\":30262.0000002913,\"7\":67860.4999999972},\"ret\":{\"0\":0.0083061408,\"1\":-0.0044106677,\"2\":-0.0058599134,\"3\":0.002549746,\"4\":-0.0078669123,\"5\":0.0046285422,\"6\":0.0063299143,\"7\":-0.0025136857}}", "deviance": 888.0618543068815, "df": 3, "rel_entropy": 0.0011631641287183053, "formula": "count ~ mut * base - mut : base", "prob": 3.4392870561990076e-192}, "pos12": {"stats": "{\"mut\":{\"0\":\"M\",\"1\":\"M\",\"2\":\"M\",\"3\":\"M\",\"4\":\"R\",\"5\":\"R\",\"6\":\"R\",\"7\":\"R\"},\"base\":{\"0\":\"A\",\"1\":\"C\",\"2\":\"G\",\"3\":\"T\",\"4\":\"A\",\"5\":\"C\",\"6\":\"G\",\"7\":\"T\"},\"count\":{\"0\":58652,\"1\":34732,\"2\":32916,\"3\":64572,\"4\":56903,\"5\":37515,\"6\":35016,\"7\":61438},\"fitted\":{\"0\":57777.5000000004,\"1\":36123.5000000014,\"2\":33966.0000000003,\"3\":63005.0000000002,\"4\":57777.5000000003,\"5\":36123.5000000014,\"6\":33966.0000000003,\"7\":63005.0000000001},\"ret\":{\"0\":0.0023080518,\"1\":-0.0035739877,\"2\":-0.0027075754,\"3\":0.004155473,\"4\":-0.0022733777,\"5\":0.0037144345,\"6\":0.002792617,\"7\":-0.0040533707}}", "deviance": 276.5847908054827, "df": 3, "rel_entropy": 0.0003622647517780014, "formula": "count ~ mut * base - mut : base", "prob": 1.1608918759132071e-59}, "pos13": {"stats": "{\"mut\":{\"0\":\"M\",\"1\":\"M\",\"2\":\"M\",\"3\":\"M\",\"4\":\"R\",\"5\":\"R\",\"6\":\"R\",\"7\":\"R\"},\"base\":{\"0\":\"A\",\"1\":\"C\",\"2\":\"G\",\"3\":\"T\",\"4\":\"A\",\"5\":\"C\",\"6\":\"G\",\"7\":\"T\"},\"count\":{\"0\":59325,\"1\":32399,\"2\":31270,\"3\":67878,\"4\":57237,\"5\":35701,\"6\":34544,\"7\":63390},\"fitted\":{\"0\":58281.0000000006,\"1\":34050.0000000084,\"2\":32907.00000001,\"3\":65634.0000000014,\"4\":58281.0,\"5\":34050.0000000081,\"6\":32907.0000000096,\"7\":65634.0000000007},\"ret\":{\"0\":0.0027591668,\"1\":-0.0042182994,\"2\":-0.0041797388,\"3\":0.005977647,\"4\":-0.0027101748,\"5\":0.0044280847,\"6\":0.0043931494,\"7\":-0.0057766316}}", "deviance": 513.9826689391202, "df": 3, "rel_entropy": 0.0006732033364494533, "formula": "count ~ mut * base - mut : base", "prob": 4.4497780481343891e-111}, "pos18": {"stats": "{\"mut\":{\"0\":\"M\",\"1\":\"M\",\"2\":\"M\",\"3\":\"M\",\"4\":\"R\",\"5\":\"R\",\"6\":\"R\",\"7\":\"R\"},\"base\":{\"0\":\"A\",\"1\":\"C\",\"2\":\"G\",\"3\":\"T\",\"4\":\"A\",\"5\":\"C\",\"6\":\"G\",\"7\":\"T\"},\"count\":{\"0\":58668,\"1\":34479,\"2\":35402,\"3\":62323,\"4\":57211,\"5\":36326,\"6\":35550,\"7\":61785},\"fitted\":{\"0\":57939.5000000003,\"1\":35402.5000000002,\"2\":35476.0000000001,\"3\":62054.0000000003,\"4\":57939.5000000001,\"5\":35402.5000000001,\"6\":35475.9999999999,\"7\":62054.0000000001},\"ret\":{\"0\":0.0019202942,\"1\":-0.0023873297,\"2\":-0.0001936449,\"3\":0.0007061858,\"4\":-0.0018962991,\"5\":0.0024504424,\"6\":0.0001940492,\"7\":-0.0007031312}}", "deviance": 69.14673815941859, "df": 3, "rel_entropy": 9.056689582471314e-05, "formula": "count ~ mut * base - mut : base", "prob": 6.5005838466709609e-15},