{"pos7": {"formula": "count ~ mut * base - mut : base", "deviance": 741.3692405895434, "prob": 2.2452093519871292e-160, "df": 3, "stats": "{\"mut\":{\"0\":\"M\",\"1\":\"M\",\"2\":\"M\",\"3\":\"M\",\"4\":\"R\",\"5\":\"R\",\"6\":\"R\",\"7\":\"R\"},\"base\":{\"0\":\"A\",\"1\":\"C\",\"2\":\"G\",\"3\":\"T\",\"4\":\"A\",\"5\":\"C\",\"6\":\"G\",\"7\":\"T\"},\"count\":{\"0\":63865,\"1\":29818,\"2\":36541,\"3\":60648,\"4\":58693,\"5\":35548,\"6\":35419,\"7\":61212},\"fitted\":{\"0\":61279.0000000099,\"1\":32683.0000009007,\"2\":35980.000000003,\"3\":60930.000000005,\"4\":61278.9999999998,\"5\":32683.0000008953,\"6\":35979.999999997,\"7\":60929.999999995},\"ret\":{\"0\":0.0069151405,\"1\":-0.0071660265,\"2\":0.0014809689,\"3\":-0.0007370028,\"4\":-0.0066291826,\"5\":0.0078247644,\"6\":-0.0014580544,\"7\":0.0007404218}}", "rel_entropy": 0.0009710293293274334}, "pos0": {"formula": "count ~ mut * base - mut : base", "deviance": 136.6318703490122, "prob": 2.0119944957326615e-29, "df": 3, "stats": "{\"mut\":{\"0\":\"M\",\"1\":\"M\",\"2\":\"M\",\"3\":\"M\",\"4\":\"R\",\"5\":\"R\",\"6\":\"R\",\"7\":\"R\"},\"base\":{\"0\":\"A\",\"1\":\"C\",\"2\":\"G\",\"3\":\"T\",\"4\":\"A\",\"5\":\"C\",\"6\":\"G\",\"7\":\"T\"},\"count\":{\"0\":60544,\"1\":34337,\"2\":34097,\"3\":61894,\"4\":57660,\"5\":36130,\"6\":35291,\"7\":61791},\"fitted\":{\"0\":59101.9999999999,\"1\":35233.5,\"2\":34694.0,\"3\":61842.4999999999,\"4\":59102.0,\"5\":35233.5000000001,\"6\":34694.0000000001,\"7\":61842.5},\"ret\":{\"0\":0.0038231117,\"1\":-0.0023182984,\"2\":-0.0015503422,\"3\":0.0001349633,\"4\":-0.0037309397,\"5\":0.0023780596,\"6\":0.001577254,\"7\":-0.000134851}}", "rel_entropy": 0.00017895745623901381}, "pos16": {"formula": "count ~ mut * base - mut : base", "deviance": 128.41671389398238, "prob": 1.1864761003831899e-27, "df": 3, "stats": "{\"mut\":{\"0\":\"M\",\"1\":\"M\",\"2\":\"M\",\"3\":\"M\",\"4\":\"R\",\"5\":\"R\",\"6\":\"R\",\"7\":\"R\"},\"base\":{\"0\":\"A\",\"1\":\"C\",\"2\":\"G\",\"3\":\"T\",\"4\":\"A\",\"5\":\"C\",\"6\":\"G\",\"7\":\"T\"},\"count\":{\"0\":59635,\"1\":33790,\"2\":34941,\"3\":62506,\"4\":58444,\"5\":36277,\"6\":35403,\"7\":60748},\"fitted\":{\"0\":59039.5000000003,\"1\":35033.5000000009,\"2\":35172.0000000002,\"3\":61627.0000000003,\"4\":59039.5000000003,\"5\":35033.5000000009,\"6\":35172.0000000002,\"7\":61627.0000000003},\"ret\":{\"0\":0.0015677868,\"1\":-0.0031989118,\"2\":-0.0006031261,\"3\":0.0023189339,\"4\":-0.0015520522,\"5\":0.0033145569,\"6\":0.0006071004,\"7\":-0.0022860904}}", "rel_entropy": 0.00016819742274139525}, "pos9": {"formula": "count ~ mut * base - mut : base", "deviance": 7240.795567615616, "prob": 0, "df": 3, "stats": "{\"mut\":{\"0\":\"M\",\"1\":\"M\",\"2\":\"M\",\"3\":\"M\",\"4\":\"R\",\"5\":\"R\",\"6\":\"R\",\"7\":\"R\"},\"base\":{\"0\":\"A\",\"1\":\"C\",\"2\":\"G\",\"3\":\"T\",\"4\":\"A\",\"5\":\"C\",\"6\":\"G\",\"7\":\"T\"},\"count\":{\"0\":75279,\"1\":31691,\"2\":33122,\"3\":50780,\"4\":52604,\"5\":42536,\"6\":31533,\"7\":64199},\"fitted\":{\"0\":63941.5000000008,\"1\":37113.5000000003,\"2\":32327.5000000002,\"3\":57489.5000000003,\"4\":63941.5000000005,\"5\":37113.5000000002,\"6\":32327.5000000001,\"7\":57489.5000000001},\"ret\":{\"0\":0.0321890784,\"1\":-0.0131122738,\"2\":0.0021066056,\"3\":-0.0165078825,\"4\":-0.0268951482,\"5\":0.0151950887,\"6\":-0.0020554507,\"7\":0.0185638193}}", "rel_entropy": 0.009483836769688085}, "pos13": {"formula": "count ~ mut * base - mut : base", "deviance": 513.9826689391211, "prob": 4.449778048132357e-111, "df": 3, "stats": "{\"mut\":{\"0\":\"M\",\"1\":\"M\",\"2\":\"M\",\"3\":\"M\",\"4\":\"R\",\"5\":\"R\",\"6\":\"R\",\"7\":\"R\"},\"base\":{\"0\":\"A\",\"1\":\"C\",\"2\":\"G\",\"3\":\"T\",\"4\":\"A\",\"5\":\"C\",\"6\":\"G\",\"7\":\"T\"},\"count\":{\"0\":59325,\"1\":32399,\"2\":31270,\"3\":67878,\"4\":57237,\"5\":35701,\"6\":34544,\"7\":63390},\"fitted\":{\"0\":58281.0000000006,\"1\":34050.0000000084,\"2\":32907.00000001,\"3\":65634.0000000014,\"4\":58281.0,\"5\":34050.0000000081,\"6\":32907.0000000096,\"7\":65634.0000000007},\"ret\":{\"0\":0.0027591668,\"1\":-0.0042182994,\"2\":-0.0041797388,\"3\":0.005977647,\"4\":-0.0027101748,\"5\":0.0044280847,\"6\":0.0043931494,\"7\":-0.0057766316}}", "rel_entropy": 0.0006732033364494545}, "pos5": {"formula": "count ~ mut * base - mut : base", "deviance": 220.58699966688926, "prob": 1.499088412927631e-47, "df": 3, "stats": "{\"mut\":{\"0\":\"M\",\"1\":\"M\",\"2\":\"M\",\"3\":\"M\",\"4\":\"R\",\"5\":\"R\",\"6\":\"R\",\"7\":\"R\"},\"base\":{\"0\":\"A\",\"1\":\"C\",\"2\":\"G\",\"3\":\"T\",\"4\":\"A\",\"5\":\"C\",\"6\":\"G\",\"7\":\"T\"},\"count\":{\"0\":58817,\"1\":36786,\"2\":32133,\"3\":63136,\"4\":57583,\"5\":36497,\"6\":35588,\"7\":61204},\"fitted\":{\"0\":58199.9999999997,\"1\":36641.4999999999,\"2\":33860.5000000121,\"3\":62169.9999999997,\"4\":58199.9999999997,\"5\":36641.4999999999,\"6\":33860.5000000121,\"7\":62169.9999999997},\"ret\":{\"0\":0.0016248036,\"1\":0.0003792713,\"2\":-0.0044078334,\"3\":0.00255005,\"4\":-0.0016076686,\"5\":-0.0003777786,\"6\":0.0046388053,\"7\":-0.0025107296}}", "rel_entropy": 0.0002889200611756691}, "pos19": {"formula": "count ~ mut * base - mut : base", "deviance": 113.09466415263853, "prob": 2.3673215324186022e-24, "df": 3, "stats": "{\"mut\":{\"0\":\"M\",\"1\":\"M\",\"2\":\"M\",\"3\":\"M\",\"4\":\"R\",\"5\":\"R\",\"6\":\"R\",\"7\":\"R\"},\"base\":{\"0\":\"A\",\"1\":\"C\",\"2\":\"G\",\"3\":\"T\",\"4\":\"A\",\"5\":\"C\",\"6\":\"G\",\"7\":\"T\"},\"count\":{\"0\":60192,\"1\":34153,\"2\":33931,\"3\":62596,\"4\":57732,\"5\":35265,\"6\":35657,\"7\":62218},\"fitted\":{\"0\":58962.0000000003,\"1\":34709.0000000001,\"2\":34794.0000000001,\"3\":62407.0000000003,\"4\":58962.0000000003,\"5\":34709.0000000001,\"6\":34794.0000000001,\"7\":62407.0000000003},\"ret\":{\"0\":0.0032554308,\"1\":-0.0014447451,\"2\":-0.0022324067,\"3\":0.0004958451,\"4\":-0.0031882109,\"5\":0.0014680772,\"6\":0.0022884843,\"7\":-0.0004943457}}", "rel_entropy": 0.00014812893477387796}, "pos2": {"formula": "count ~ mut * base - mut : base", "deviance": 182.66583222993916, "prob": 2.3428557488768198e-39, "df": 3, "stats": "{\"mut\":{\"0\":\"M\",\"1\":\"M\",\"2\":\"M\",\"3\":\"M\",\"4\":\"R\",\"5\":\"R\",\"6\":\"R\",\"7\":\"R\"},\"base\":{\"0\":\"A\",\"1\":\"C\",\"2\":\"G\",\"3\":\"T\",\"4\":\"A\",\"5\":\"C\",\"6\":\"G\",\"7\":\"T\"},\"count\":{\"0\":59686,\"1\":34360,\"2\":34578,\"3\":62248,\"4\":56528,\"5\":36965,\"6\":34843,\"7\":62536},\"fitted\":{\"0\":58107.0000000003,\"1\":35662.5000000009,\"2\":34710.5,\"3\":62392.0000000001,\"4\":58107.0000000001,\"5\":35662.5000000008,\"6\":34710.4999999999,\"7\":62391.9999999999},\"ret\":{\"0\":0.0041919772,\"1\":-0.003348892,\"2\":-0.0003464279,\"3\":-0.0003767805,\"4\":-0.0040795641,\"5\":0.0034735351,\"6\":0.0003477529,\"7\":0.0003776511}}", "rel_entropy": 0.00023925173968672613}, "pos10": {"formula": "count ~ mut * base - mut : base", "deviance": 1447.132775431946, "prob": 0, "df": 3, "stats": "{\"mut\":{\"0\":\"M\",\"1\":\"M\",\"2\":\"M\",\"3\":\"M\",\"4\":\"R\",\"5\":\"R\",\"6\":\"R\",\"7\":\"R\"},\"base\":{\"0\":\"A\",\"1\":\"C\",\"2\":\"G\",\"3\":\"T\",\"4\":\"A\",\"5\":\"C\",\"6\":\"G\",\"7\":\"T\"},\"count\":{\"0\":47572,\"1\":40457,\"2\":50085,\"3\":52758,\"4\":45119,\"5\":36711,\"6\":45577,\"7\":63465},\"fitted\":{\"0\":46345.500000035,\"1\":38584.0000000382,\"2\":47831.0000000449,\"3\":58111.5000024349,\"4\":46345.4999999683,\"5\":38583.9999999827,\"6\":47830.999999976,\"7\":58111.5000023513},\"ret\":{\"0\":0.0032550293,\"1\":0.0050236354,\"2\":0.0060414673,\"3\":-0.0133570235,\"4\":-0.0031699927,\"5\":-0.0047853668,\"6\":-0.00576312,\"7\":0.0146507941}}", "rel_entropy": 0.0018954230785971041}, "pos8": {"formula": "count ~ mut * base - mut : base", "deviance": 1074.6711360531874, "prob": 1.1379135932167454e-232, "df": 3,