{"pos1": {"formula": "count ~ group * mut * base - group : mut : base", "prob": 6.90108139449834e-104, "deviance": 480.8023635032886, "stats": "{\"group\":{\"0\":\"1\",\"1\":\"1\",\"2\":\"1\",\"3\":\"1\",\"4\":\"1\",\"5\":\"1\",\"6\":\"1\",\"7\":\"1\",\"8\":\"2\",\"9\":\"2\",\"10\":\"2\",\"11\":\"2\",\"12\":\"2\",\"13\":\"2\",\"14\":\"2\",\"15\":\"2\"},\"mut\":{\"0\":\"M\",\"1\":\"M\",\"2\":\"M\",\"3\":\"M\",\"4\":\"R\",\"5\":\"R\",\"6\":\"R\",\"7\":\"R\",\"8\":\"M\",\"9\":\"M\",\"10\":\"M\",\"11\":\"M\",\"12\":\"R\",\"13\":\"R\",\"14\":\"R\",\"15\":\"R\"},\"base\":{\"0\":\"A\",\"1\":\"C\",\"2\":\"G\",\"3\":\"T\",\"4\":\"A\",\"5\":\"C\",\"6\":\"G\",\"7\":\"T\",\"8\":\"A\",\"9\":\"C\",\"10\":\"G\",\"11\":\"T\",\"12\":\"A\",\"13\":\"C\",\"14\":\"G\",\"15\":\"T\"},\"count\":{\"0\":3775,\"1\":4064,\"2\":5012,\"3\":3102,\"4\":3296,\"5\":4640,\"6\":3889,\"7\":4128,\"8\":352,\"9\":1170,\"10\":240,\"11\":685,\"12\":548,\"13\":684,\"14\":571,\"15\":644},\"fitted\":{\"0\":3654.2743215442,\"1\":4301.9588760546,\"2\":4807.1870708943,\"3\":3189.5797315074,\"4\":3416.7256784559,\"5\":4402.0411239455,\"6\":4093.8129291063,\"7\":4040.4202684927,\"8\":472.7256784564,\"9\":932.0411239461,\"10\":444.8129295098,\"11\":597.4202684931,\"12\":427.2743215442,\"13\":921.9588760548,\"14\":366.1870711817,\"15\":731.5797315075},\"ret\":{\"0\":0.0033341921,\"1\":-0.0062840441,\"2\":0.005682482,\"3\":-0.0023469073,\"4\":-0.0032219364,\"5\":0.0066379791,\"6\":-0.0054239647,\"7\":0.0024054927,\"8\":-0.0028206304,\"9\":0.0072292675,\"10\":-0.0040240101,\"11\":0.0025463759,\"12\":0.0037056868,\"13\":-0.0055490002,\"14\":0.0068930388,\"15\":-0.002231381}}", "df": 3, "rel_entropy": 0.006532640808468595}, "pos2": {"formula": "count ~ group * mut * base - group : mut : base", "prob": 9.861706294365963e-12, "deviance": 54.26287023084223, "stats": "{\"group\":{\"0\":\"1\",\"1\":\"1\",\"2\":\"1\",\"3\":\"1\",\"4\":\"1\",\"5\":\"1\",\"6\":\"1\",\"7\":\"1\",\"8\":\"2\",\"9\":\"2\",\"10\":\"2\",\"11\":\"2\",\"12\":\"2\",\"13\":\"2\",\"14\":\"2\",\"15\":\"2\"},\"mut\":{\"0\":\"M\",\"1\":\"M\",\"2\":\"M\",\"3\":\"M\",\"4\":\"R\",\"5\":\"R\",\"6\":\"R\",\"7\":\"R\",\"8\":\"M\",\"9\":\"M\",\"10\":\"M\",\"11\":\"M\",\"12\":\"R\",\"13\":\"R\",\"14\":\"R\",\"15\":\"R\"},\"base\":{\"0\":\"A\",\"1\":\"C\",\"2\":\"G\",\"3\":\"T\",\"4\":\"A\",\"5\":\"C\",\"6\":\"G\",\"7\":\"T\",\"8\":\"A\",\"9\":\"C\",\"10\":\"G\",\"11\":\"T\",\"12\":\"A\",\"13\":\"C\",\"14\":\"G\",\"15\":\"T\"},\"count\":{\"0\":3739,\"1\":5240,\"2\":3353,\"3\":3621,\"4\":4876,\"5\":4726,\"6\":1469,\"7\":4882,\"8\":841,\"9\":632,\"10\":389,\"11\":585,\"12\":776,\"13\":683,\"14\":213,\"15\":775},\"fitted\":{\"0\":3841.9603497168,\"1\":5175.2716303397,\"2\":3321.8742472301,\"3\":3613.8937727134,\"4\":4773.0396502832,\"5\":4790.7283696603,\"6\":1500.1257527699,\"7\":4889.1062272866,\"8\":738.0396502832,\"9\":696.7283696603,\"10\":420.1257527699,\"11\":592.1062272866,\"12\":878.9603497168,\"13\":618.2716303397,\"14\":181.8742472301,\"15\":767.8937727134},\"ret\":{\"0\":-0.0027600067,\"1\":0.0017698772,\"2\":0.0008497588,\"3\":0.0001932937,\"4\":0.0028277973,\"5\":-0.0017469866,\"6\":-0.0008369724,\"7\":-0.0001929636,\"8\":0.0029845013,\"9\":-0.0016745635,\"10\":-0.0008136731,\"11\":-0.0001919406,\"12\":-0.0026271663,\"13\":0.0018479413,\"14\":0.0009143758,\"15\":0.0001939948}}", "df": 3, "rel_entropy": 0.000737267258571226}, "pos3": {"formula": "count ~ group * mut * base - group : mut : base", "prob": 0.10596953094819439, "deviance": 6.11883707915905, "stats": "{\"group\":{\"0\":\"1\",\"1\":\"1\",\"2\":\"1\",\"3\":\"1\",\"4\":\"1\",\"5\":\"1\",\"6\":\"1\",\"7\":\"1\",\"8\":\"2\",\"9\":\"2\",\"10\":\"2\",\"11\":\"2\",\"12\":\"2\",\"13\":\"2\",\"14\":\"2\",\"15\":\"2\"},\"mut\":{\"0\":\"M\",\"1\":\"M\",\"2\":\"M\",\"3\":\"M\",\"4\":\"R\",\"5\":\"R\",\"6\":\"R\",\"7\":\"R\",\"8\":\"M\",\"9\":\"M\",\"10\":\"M\",\"11\":\"M\",\"12\":\"R\",\"13\":\"R\",\"14\":\"R\",\"15\":\"R\"},\"base\":{\"0\":\"A\",\"1\":\"C\",\"2\":\"G\",\"3\":\"T\",\"4\":\"A\",\"5\":\"C\",\"6\":\"G\",\"7\":\"T\",\"8\":\"A\",\"9\":\"C\",\"10\":\"G\",\"11\":\"T\",\"12\":\"A\",\"13\":\"C\",\"14\":\"G\",\"15\":\"T\"},\"count\":{\"0\":3470,\"1\":4232,\"2\":4411,\"3\":3840,\"4\":3339,\"5\":4218,\"6\":4348,\"7\":4048,\"8\":645,\"9\":533,\"10\":615,\"11\":654,\"12\":572,\"13\":595,\"14\":628,\"15\":652},\"fitted\":{\"0\":3491.3053500917,\"1\":4204.0886484639,\"2\":4401.679891873,\"3\":3855.9261095714,\"4\":3317.6946499083,\"5\":4245.9113515361,\"6\":4357.320108127,\"7\":4032.0738904286,\"8\":623.6946499083,\"9\":560.9113515363,\"10\":624.320108127,\"11\":638.0738904286,\"12\":593.3053500917,\"13\":567.088648464,\"14\":618.679891873,\"15\":667.9261095714},\"ret\":{\"0\":-0.0005771796,\"1\":0.0007609728,\"2\":0.0002535317,\"3\":-0.0004318797,\"4\":0.0005808047,\"5\":-0.0007559622,\"6\":-0.0002529928,\"7\":0.0004336283,\"8\":0.0005887275,\"9\":-0.0007392688,\"10\":-0.0002513639,\"11\":0.0004381313,\"12\":-0.0005684281,\"13\":0.0007768269,\"14\":0.0002551619,\"15\":-0.0004275736}}", "df": 3, "rel_entropy": 8.313637335813927e-05}, "pos0": {"formula": "count ~ group * mut * base - group : mut : base", "prob": 3.986728610066128e-28, "deviance": 130.6146318861392, "stats": "{\"group\":{\"0\":\"1\",\"1\":\"1\",\"2\":\"1\",\"3\":\"1\",\"4\":\"1\",\"5\":\"1\",\"6\":\"1\",\"7\":\"1\",\"8\":\"2\",\"9\":\"2\",\"10\":\"2\",\"11\":\"2\",\"12\":\"2\",\"13\":\"2\",\"14\":\"2\",\"15\":\"2\"},\"mut\":{\"0\":\"M\",\"1\":\"M\",\"2\":\"M\",\"3\":\"M\",\"4\":\"R\",\"5\":\"R\",\"6\":\"R\",\"7\":\"R\",\"8\":\"M\",\"9\":\"M\",\"10\":\"M\",\"11\":\"M\",\"12\":\"R\",\"13\":\"R\",\"14\":\"R\",\"15\":\"R\"},\"base\":{\"0\":\"A\",\"1\":\"C\",\"2\":\"G\",\"3\":\"T\",\"4\":\"A\",\"5\":\"C\",\"6\":\"G\",\"7\":\"T\",\"8\":\"A\",\"9\":\"C\",\"10\":\"G\",\"11\":\"T\",\"12\":\"A\",\"13\":\"C\",\"14\":\"G\",\"15\":\"T\"},\"count\":{\"0\":4648,\"1\":3621,\"2\":4492,\"3\":3192,\"4\":3593,\"5\":4050,\"6\":4049,\"7\":4261,\"8\":607,\"9\":789,\"10\":410,\"11\":641,\"12\":601,\"13\":570,\"14\":587,\"15\":689},\"fitted\":{\"0\":4578.558659222,\"1\":3741.1734204931,\"2\":4385.6335927228,\"3\":3247.6343275621,\"4\":3662.441340778,\"5\":3929.8265795069,\"6\":4155.3664072772,\"7\":4205.3656724379,\"8\":676.441340778,\"9\":668.8265795069,\"10\":516.3664072772,\"11\":585.3656724379,\"12\":531.558659222,\"13\":690.1734204931,\"14\":480.6335927228,\"15\":744.6343275621},\"ret\":{\"0\":0.0019012308,\"1\":-0.003212563,\"2\":0.0029251624,\"3\":-0.0014987787,\"4\":-0.0018689897,\"5\":0.0033150112,\"6\":-0.0028530786,\"7\":0.0015217587,\"8\":-0.0017866409,\"9\":0.0035428141,\"10\":-0.0025698471,\"11\":0.0015814711,\"12\":0.0020052067,\"13\":-0.0029631719,\"14\":0.0031889349,\"15\":-0.0014538647}}", "df": 3, "rel_entropy": 0.0017746553245399346}}