{"pos2": {"rel_entropy": 0.02302009627138166, "df": 3, "deviance": 3957.5228705908494, "stats": "{\"mut\":{\"0\":\"M\",\"1\":\"M\",\"2\":\"M\",\"3\":\"M\",\"4\":\"R\",\"5\":\"R\",\"6\":\"R\",\"7\":\"R\"},\"base\":{\"0\":\"A\",\"1\":\"C\",\"2\":\"G\",\"3\":\"T\",\"4\":\"A\",\"5\":\"C\",\"6\":\"G\",\"7\":\"T\"},\"count\":{\"0\":6881,\"1\":8377,\"2\":10349,\"3\":17372,\"4\":14144,\"5\":7277,\"6\":10306,\"7\":11252},\"fitted\":{\"0\":10512.5000000186,\"1\":7827.0000000002,\"2\":10327.5000000003,\"3\":14312.0000000004,\"4\":10512.500000018,\"5\":7826.9999999998,\"6\":10327.4999999997,\"7\":14311.9999999996},\"ret\":{\"0\":-0.033925579,\"1\":0.0066181945,\"2\":0.0002503823,\"3\":0.0391589206,\"4\":0.0488248354,\"5\":-0.0061682057,\"6\":-0.0002498616,\"7\":-0.0314885901}}", "prob": 0, "formula": "count ~ mut * base - mut : base"}, "pos3": {"rel_entropy": 0.006068600136310435, "df": 3, "deviance": 1043.2894610339447, "stats": "{\"mut\":{\"0\":\"M\",\"1\":\"M\",\"2\":\"M\",\"3\":\"M\",\"4\":\"R\",\"5\":\"R\",\"6\":\"R\",\"7\":\"R\"},\"base\":{\"0\":\"A\",\"1\":\"C\",\"2\":\"G\",\"3\":\"T\",\"4\":\"A\",\"5\":\"C\",\"6\":\"G\",\"7\":\"T\"},\"count\":{\"0\":11990,\"1\":9429,\"2\":11584,\"3\":9976,\"4\":14775,\"5\":7834,\"6\":8570,\"7\":11800},\"fitted\":{\"0\":13382.5,\"1\":8631.5,\"2\":10077.0,\"3\":10888.0,\"4\":13382.5,\"5\":8631.5,\"6\":10077.0,\"7\":10888.0},\"ret\":{\"0\":-0.0153260921,\"1\":0.0096937711,\"2\":0.0187818846,\"3\":-0.0101525288,\"4\":0.017014795,\"5\":-0.0088353342,\"6\":-0.0161501666,\"7\":0.0110422711}}", "prob": 7.313582614312964e-226, "formula": "count ~ mut * base - mut : base"}, "pos0": {"rel_entropy": 0.028805759805466697, "df": 3, "deviance": 4952.171002716613, "stats": "{\"mut\":{\"0\":\"M\",\"1\":\"M\",\"2\":\"M\",\"3\":\"M\",\"4\":\"R\",\"5\":\"R\",\"6\":\"R\",\"7\":\"R\"},\"base\":{\"0\":\"A\",\"1\":\"C\",\"2\":\"G\",\"3\":\"T\",\"4\":\"A\",\"5\":\"C\",\"6\":\"G\",\"7\":\"T\"},\"count\":{\"0\":10635,\"1\":16031,\"2\":9140,\"3\":7173,\"4\":14886,\"5\":7498,\"6\":8951,\"7\":11644},\"fitted\":{\"0\":12760.4999999986,\"1\":11764.500000047,\"2\":9045.499999999,\"3\":9408.499999999,\"4\":12760.5000000016,\"5\":11764.5000000498,\"6\":9045.5000000011,\"7\":9408.5000000012},\"ret\":{\"0\":-0.0225428661,\"1\":0.0577095533,\"2\":0.0011050969,\"3\":-0.0226384979,\"4\":0.0266809031,\"5\":-0.0392921616,\"6\":-0.0010936113,\"7\":0.0288773435}}", "prob": 0, "formula": "count ~ mut * base - mut : base"}, "pos1": {"rel_entropy": 0.012609129124934773, "df": 3, "deviance": 2167.7110426422864, "stats": "{\"mut\":{\"0\":\"M\",\"1\":\"M\",\"2\":\"M\",\"3\":\"M\",\"4\":\"R\",\"5\":\"R\",\"6\":\"R\",\"7\":\"R\"},\"base\":{\"0\":\"A\",\"1\":\"C\",\"2\":\"G\",\"3\":\"T\",\"4\":\"A\",\"5\":\"C\",\"6\":\"G\",\"7\":\"T\"},\"count\":{\"0\":12584,\"1\":16592,\"2\":6370,\"3\":7433,\"4\":14093,\"5\":10447,\"6\":8731,\"7\":9708},\"fitted\":{\"0\":13338.5,\"1\":13519.5,\"2\":7550.5,\"3\":8570.5,\"4\":13338.5,\"5\":13519.5,\"6\":7550.5,\"7\":8570.5},\"ret\":{\"0\":-0.0085244712,\"1\":0.0395290172,\"2\":-0.0125990739,\"3\":-0.0123133786,\"4\":0.0090212431,\"5\":-0.0313342222,\"6\":0.0147550959,\"7\":0.0140749188}}", "prob": 0, "formula": "count ~ mut * base - mut : base"}}