{"('pos2', 'pos3')": {"rel_entropy": 0.0020715479531047856, "df": 9, "deviance": 356.1322379059623, "stats": "{\"mut\":{\"0\":\"M\",\"1\":\"M\",\"2\":\"M\",\"3\":\"M\",\"4\":\"M\",\"5\":\"M\",\"6\":\"M\",\"7\":\"M\",\"8\":\"M\",\"9\":\"M\",\"10\":\"M\",\"11\":\"M\",\"12\":\"M\",\"13\":\"M\",\"14\":\"M\",\"15\":\"M\",\"16\":\"R\",\"17\":\"R\",\"18\":\"R\",\"19\":\"R\",\"20\":\"R\",\"21\":\"R\",\"22\":\"R\",\"23\":\"R\",\"24\":\"R\",\"25\":\"R\",\"26\":\"R\",\"27\":\"R\",\"28\":\"R\",\"29\":\"R\",\"30\":\"R\",\"31\":\"R\"},\"base1\":{\"0\":\"A\",\"1\":\"A\",\"2\":\"A\",\"3\":\"A\",\"4\":\"C\",\"5\":\"C\",\"6\":\"C\",\"7\":\"C\",\"8\":\"G\",\"9\":\"G\",\"10\":\"G\",\"11\":\"G\",\"12\":\"T\",\"13\":\"T\",\"14\":\"T\",\"15\":\"T\",\"16\":\"A\",\"17\":\"A\",\"18\":\"A\",\"19\":\"A\",\"20\":\"C\",\"21\":\"C\",\"22\":\"C\",\"23\":\"C\",\"24\":\"G\",\"25\":\"G\",\"26\":\"G\",\"27\":\"G\",\"28\":\"T\",\"29\":\"T\",\"30\":\"T\",\"31\":\"T\"},\"base2\":{\"0\":\"A\",\"1\":\"C\",\"2\":\"G\",\"3\":\"T\",\"4\":\"A\",\"5\":\"C\",\"6\":\"G\",\"7\":\"T\",\"8\":\"A\",\"9\":\"C\",\"10\":\"G\",\"11\":\"T\",\"12\":\"A\",\"13\":\"C\",\"14\":\"G\",\"15\":\"T\",\"16\":\"A\",\"17\":\"C\",\"18\":\"G\",\"19\":\"T\",\"20\":\"A\",\"21\":\"C\",\"22\":\"G\",\"23\":\"T\",\"24\":\"A\",\"25\":\"C\",\"26\":\"G\",\"27\":\"T\",\"28\":\"A\",\"29\":\"C\",\"30\":\"G\",\"31\":\"T\"},\"count\":{\"0\":2447,\"1\":1024,\"2\":2014,\"3\":1396,\"4\":2800,\"5\":1996,\"6\":912,\"7\":2669,\"8\":2981,\"9\":2429,\"10\":2662,\"11\":2277,\"12\":3762,\"13\":3980,\"14\":5996,\"15\":3634,\"16\":5597,\"17\":2119,\"18\":2817,\"19\":3611,\"20\":2892,\"21\":1699,\"22\":394,\"23\":2292,\"24\":3286,\"25\":2034,\"26\":2603,\"27\":2383,\"28\":3000,\"29\":1982,\"30\":2756,\"31\":3514},\"fitted\":{\"0\":2386.7575729191,\"1\":1131.8742723189,\"2\":1920.0202330659,\"3\":1442.3479216959,\"4\":2917.235104318,\"5\":2157.0142169711,\"6\":811.9853308468,\"7\":2490.765347864,\"8\":2879.7363727577,\"9\":2371.7403400508,\"10\":3004.4974312994,\"11\":2093.025855892,\"12\":3806.270950005,\"13\":3768.371170659,\"14\":5847.4970047878,\"15\":3949.860874548,\"16\":5657.2424270808,\"17\":2011.125727681,\"18\":2910.9797669341,\"19\":3564.6520783041,\"20\":2774.7648956819,\"21\":1537.9857830288,\"22\":494.0146691532,\"23\":2470.234652136,\"24\":3387.2636272423,\"25\":2091.2596599491,\"26\":2260.5025687006,\"27\":2566.9741441079,\"28\":2955.7290499949,\"29\":2193.6288293409,\"30\":2904.5029952121,\"31\":3198.139125452},\"ret\":{\"0\":0.0007096068,\"1\":-0.0011931662,\"2\":0.0011196533,\"3\":-0.0005304352,\"4\":-0.0013360854,\"5\":-0.0018014524,\"6\":0.0012324139,\"7\":0.002145988,\"8\":0.0011985335,\"9\":0.0006741125,\"10\":-0.0037482114,\"11\":0.0022317024,\"12\":-0.0005120232,\"13\":0.0025298758,\"14\":0.0017493767,\"15\":-0.0035235902,\"16\":-0.0006970908,\"17\":0.0012880361,\"18\":-0.0010754802,\"19\":0.0005426829,\"20\":0.0013922795,\"21\":0.0019679727,\"22\":-0.0010368835,\"23\":-0.0019968368,\"24\":-0.0011602719,\"25\":-0.0006569314,\"26\":0.0042721403,\"27\":-0.002061682,\"28\":0.000518868,\"29\":-0.002339228,\"30\":-0.0016826848,\"31\":0.003850359}}", "prob": 3.0678168569062814e-71, "formula": "count ~ mut * base1 * base2 - mut : base1 : base2"}, "('pos0', 'pos2')": {"rel_entropy": 0.0022831982954864614, "df": 9, "deviance": 392.5183181668505, "stats": "{\"mut\":{\"0\":\"M\",\"1\":\"M\",\"2\":\"M\",\"3\":\"M\",\"4\":\"M\",\"5\":\"M\",\"6\":\"M\",\"7\":\"M\",\"8\":\"M\",\"9\":\"M\",\"10\":\"M\",\"11\":\"M\",\"12\":\"M\",\"13\":\"M\",\"14\":\"M\",\"15\":\"M\",\"16\":\"R\",\"17\":\"R\",\"18\":\"R\",\"19\":\"R\",\"20\":\"R\",\"21\":\"R\",\"22\":\"R\",\"23\":\"R\",\"24\":\"R\",\"25\":\"R\",\"26\":\"R\",\"27\":\"R\",\"28\":\"R\",\"29\":\"R\",\"30\":\"R\",\"31\":\"R\"},\"base1\":{\"0\":\"A\",\"1\":\"A\",\"2\":\"A\",\"3\":\"A\",\"4\":\"C\",\"5\":\"C\",\"6\":\"C\",\"7\":\"C\",\"8\":\"G\",\"9\":\"G\",\"10\":\"G\",\"11\":\"G\",\"12\":\"T\",\"13\":\"T\",\"14\":\"T\",\"15\":\"T\",\"16\":\"A\",\"17\":\"A\",\"18\":\"A\",\"19\":\"A\",\"20\":\"C\",\"21\":\"C\",\"22\":\"C\",\"23\":\"C\",\"24\":\"G\",\"25\":\"G\",\"26\":\"G\",\"27\":\"G\",\"28\":\"T\",\"29\":\"T\",\"30\":\"T\",\"31\":\"T\"},\"base2\":{\"0\":\"A\",\"1\":\"C\",\"2\":\"G\",\"3\":\"T\",\"4\":\"A\",\"5\":\"C\",\"6\":\"G\",\"7\":\"T\",\"8\":\"A\",\"9\":\"C\",\"10\":\"G\",\"11\":\"T\",\"12\":\"A\",\"13\":\"C\",\"14\":\"G\",\"15\":\"T\",\"16\":\"A\",\"17\":\"C\",\"18\":\"G\",\"19\":\"T\",\"20\":\"A\",\"21\":\"C\",\"22\":\"G\",\"23\":\"T\",\"24\":\"A\",\"25\":\"C\",\"26\":\"G\",\"27\":\"T\",\"28\":\"A\",\"29\":\"C\",\"30\":\"G\",\"31\":\"T\"},\"count\":{\"0\":2009,\"1\":1922,\"2\":2744,\"3\":3960,\"4\":2127,\"5\":3446,\"6\":2979,\"7\":7479,\"8\":1578,\"9\":1697,\"10\":2965,\"11\":2900,\"12\":1167,\"13\":1312,\"14\":1661,\"15\":3033,\"16\":5161,\"17\":2466,\"18\":3309,\"19\":3950,\"20\":2260,\"21\":1439,\"22\":1998,\"23\":1801,\"24\":2906,\"25\":1404,\"26\":2422,\"27\":2219,\"28\":3817,\"29\":1968,\"30\":2577,\"31\":3282},\"fitted\":{\"0\":1927.1369868423,\"1\":1970.6564230217,\"2\":2578.712132477,\"3\":4158.494457659,\"4\":2231.8009403361,\"5\":3403.196769905,\"6\":3366.8590870941,\"7\":7029.1432026647,\"8\":1548.0126638271,\"9\":1671.5471331978,\"10\":2777.861076551,\"11\":3142.579126424,\"12\":1174.0494089945,\"13\":1331.5996738754,\"14\":1625.5677038779,\"15\":3041.7832132522,\"16\":5242.8630131577,\"17\":2417.3435769783,\"18\":3474.287867523,\"19\":3751.505542341,\"20\":2155.1990596639,\"21\":1481.8032300949,\"22\":1610.1409129059,\"23\":2250.8567973353,\"24\":2935.9873361729,\"25\":1429.4528668022,\"26\":2609.138923449,\"27\":1976.420873576,\"28\":3809.9505910055,\"29\":1948.4003261246,\"30\":2612.4322961221,\"31\":3273.2167867477},\"ret\":{\"0\":0.0009723078,\"1\":-0.0005590026,\"2\":0.0019832408,\"3\":-0.0022531927,\"4\":-0.0011901263,\"5\":0.0005010736,\"6\":-0.0042416948,\"7\":0.0053974537,\"8\":0.0003522177,\"9\":0.0002983513,\"10\":0.0022488371,\"11\":-0.0027102306,\"12\":-0.0000817632,\"13\":-0.0002263282,\"14\":0.0004166649,\"15\":-0.0001020326,\"16\":-0.0009448864,\"17\":0.0005717077,\"18\":-0.0018764075,\"19\":0.0023692437,\"20\":0.0012483852,\"21\":-0.000490693,\"22\":0.0050166164,\"23\":-0.0046716646,\"24\":-0.0003470727,\"25\":-0.0002934561,\"26\":-0.0020970851,\"27\":0.0029885709,\"28\":0.0000820857,\"29\":0.0002291576,\"30\":-0.0004093967,\"31\":0.0001023173}}", "prob": 5.404619586888061e-79, "formula": "count ~ mut * base1 * base2 - mut : base1 : base2"}, "('pos1', 'pos3')": {"rel_entropy": 0.000997569718563532, "df": 9, "deviance": 171.49819573656816,