{"pos2": {"formula": "count ~ mut * base - mut : base", "stats": "{\"mut\":{\"0\":\"M\",\"1\":\"M\",\"2\":\"M\",\"3\":\"M\",\"4\":\"R\",\"5\":\"R\",\"6\":\"R\",\"7\":\"R\"},\"base\":{\"0\":\"A\",\"1\":\"C\",\"2\":\"G\",\"3\":\"T\",\"4\":\"A\",\"5\":\"C\",\"6\":\"G\",\"7\":\"T\"},\"count\":{\"0\":1482,\"1\":636,\"2\":1046,\"3\":1364,\"4\":1420,\"5\":840,\"6\":1184,\"7\":1084},\"fitted\":{\"0\":1451.0,\"1\":738.0,\"2\":1115.0,\"3\":1224.0,\"4\":1451.0,\"5\":738.0,\"6\":1115.0,\"7\":1224.0},\"ret\":{\"0\":0.0034594542,\"1\":-0.0104463324,\"2\":-0.0073784858,\"3\":0.0163115746,\"4\":-0.0033863146,\"5\":0.0120080363,\"6\":0.0078502928,\"7\":-0.0145394709}}", "deviance": 70.25199703897997, "prob": 3.769616172744034e-15, "df": 3, "rel_entropy": 0.003878754253477251}, "pos0": {"formula": "count ~ mut * base - mut : base", "stats": "{\"mut\":{\"0\":\"M\",\"1\":\"M\",\"2\":\"M\",\"3\":\"M\",\"4\":\"R\",\"5\":\"R\",\"6\":\"R\",\"7\":\"R\"},\"base\":{\"0\":\"A\",\"1\":\"C\",\"2\":\"G\",\"3\":\"T\",\"4\":\"A\",\"5\":\"C\",\"6\":\"G\",\"7\":\"T\"},\"count\":{\"0\":1364,\"1\":787,\"2\":1449,\"3\":928,\"4\":1396,\"5\":882,\"6\":1088,\"7\":1162},\"fitted\":{\"0\":1380.0,\"1\":834.5,\"2\":1268.5,\"3\":1045.0,\"4\":1380.0,\"5\":834.5,\"6\":1268.5,\"7\":1045.0},\"ret\":{\"0\":-0.0017565024,\"1\":-0.005092948,\"2\":0.0212867578,\"3\":-0.0121677474,\"4\":0.0017769873,\"5\":0.0053916645,\"6\":-0.0184409695,\"7\":0.0136172867}}", "deviance": 83.57834920197888, "prob": 5.2394425286049316e-18, "df": 3, "rel_entropy": 0.004614528997459081}, "pos1": {"formula": "count ~ mut * base - mut : base", "stats": "{\"mut\":{\"0\":\"M\",\"1\":\"M\",\"2\":\"M\",\"3\":\"M\",\"4\":\"R\",\"5\":\"R\",\"6\":\"R\",\"7\":\"R\"},\"base\":{\"0\":\"A\",\"1\":\"C\",\"2\":\"G\",\"3\":\"T\",\"4\":\"A\",\"5\":\"C\",\"6\":\"G\",\"7\":\"T\"},\"count\":{\"0\":1960,\"1\":909,\"2\":948,\"3\":711,\"4\":1329,\"5\":1240,\"6\":1071,\"7\":888},\"fitted\":{\"0\":1644.5,\"1\":1074.5,\"2\":1009.5,\"3\":799.5,\"4\":1644.5,\"5\":1074.5,\"6\":1009.5,\"7\":799.5},\"ret\":{\"0\":0.0379854074,\"1\":-0.0167893607,\"2\":-0.0065798837,\"3\":-0.0092105043,\"4\":-0.0312599125,\"5\":0.0196154338,\"6\":0.0069938609,\"7\":0.0102944862}}", "deviance": 200.12903713975535, "prob": 3.9562242630854515e-43, "df": 3, "rel_entropy": 0.011049527227239142}, "pos3": {"formula": "count ~ mut * base - mut : base", "stats": "{\"mut\":{\"0\":\"M\",\"1\":\"M\",\"2\":\"M\",\"3\":\"M\",\"4\":\"R\",\"5\":\"R\",\"6\":\"R\",\"7\":\"R\"},\"base\":{\"0\":\"A\",\"1\":\"C\",\"2\":\"G\",\"3\":\"T\",\"4\":\"A\",\"5\":\"C\",\"6\":\"G\",\"7\":\"T\"},\"count\":{\"0\":1334,\"1\":976,\"2\":1176,\"3\":1042,\"4\":1365,\"5\":929,\"6\":1072,\"7\":1162},\"fitted\":{\"0\":1349.5,\"1\":952.5,\"2\":1124.0000000002,\"3\":1102.0000000007,\"4\":1349.5,\"5\":952.5,\"6\":1124.0000000002,\"7\":1102.0000000007},\"ret\":{\"0\":-0.0017017053,\"1\":0.002626716,\"2\":0.0058728705,\"3\":-0.0064417102,\"4\":0.0017213644,\"5\":-0.0025626867,\"6\":-0.0056071292,\"7\":0.0068026205}}", "deviance": 12.865676212601386, "prob": 0.00493627891969819, "df": 3, "rel_entropy": 0.0007103398968971613}}