{"('pos1', 'pos2')": {"formula": "count ~ mut * base1 * base2 - mut : base1 : base2", "stats": "{\"mut\":{\"0\":\"M\",\"1\":\"M\",\"2\":\"M\",\"3\":\"M\",\"4\":\"M\",\"5\":\"M\",\"6\":\"M\",\"7\":\"M\",\"8\":\"M\",\"9\":\"M\",\"10\":\"M\",\"11\":\"M\",\"12\":\"M\",\"13\":\"M\",\"14\":\"M\",\"15\":\"M\",\"16\":\"R\",\"17\":\"R\",\"18\":\"R\",\"19\":\"R\",\"20\":\"R\",\"21\":\"R\",\"22\":\"R\",\"23\":\"R\",\"24\":\"R\",\"25\":\"R\",\"26\":\"R\",\"27\":\"R\",\"28\":\"R\",\"29\":\"R\",\"30\":\"R\",\"31\":\"R\"},\"base1\":{\"0\":\"A\",\"1\":\"A\",\"2\":\"A\",\"3\":\"A\",\"4\":\"C\",\"5\":\"C\",\"6\":\"C\",\"7\":\"C\",\"8\":\"G\",\"9\":\"G\",\"10\":\"G\",\"11\":\"G\",\"12\":\"T\",\"13\":\"T\",\"14\":\"T\",\"15\":\"T\",\"16\":\"A\",\"17\":\"A\",\"18\":\"A\",\"19\":\"A\",\"20\":\"C\",\"21\":\"C\",\"22\":\"C\",\"23\":\"C\",\"24\":\"G\",\"25\":\"G\",\"26\":\"G\",\"27\":\"G\",\"28\":\"T\",\"29\":\"T\",\"30\":\"T\",\"31\":\"T\"},\"base2\":{\"0\":\"A\",\"1\":\"C\",\"2\":\"G\",\"3\":\"T\",\"4\":\"A\",\"5\":\"C\",\"6\":\"G\",\"7\":\"T\",\"8\":\"A\",\"9\":\"C\",\"10\":\"G\",\"11\":\"T\",\"12\":\"A\",\"13\":\"C\",\"14\":\"G\",\"15\":\"T\",\"16\":\"A\",\"17\":\"C\",\"18\":\"G\",\"19\":\"T\",\"20\":\"A\",\"21\":\"C\",\"22\":\"G\",\"23\":\"T\",\"24\":\"A\",\"25\":\"C\",\"26\":\"G\",\"27\":\"T\",\"28\":\"A\",\"29\":\"C\",\"30\":\"G\",\"31\":\"T\"},\"count\":{\"0\":762,\"1\":197,\"2\":401,\"3\":600,\"4\":198,\"5\":189,\"6\":271,\"7\":251,\"8\":318,\"9\":140,\"10\":257,\"11\":233,\"12\":204,\"13\":110,\"14\":117,\"15\":280,\"16\":477,\"17\":203,\"18\":328,\"19\":321,\"20\":298,\"21\":256,\"22\":366,\"23\":320,\"24\":350,\"25\":210,\"26\":303,\"27\":208,\"28\":295,\"29\":171,\"30\":187,\"31\":235},\"fitted\":{\"0\":734.5471790659,\"1\":215.2025083633,\"2\":413.7278401854,\"3\":596.5224723968,\"4\":211.3989720712,\"5\":165.8357897544,\"6\":255.4295452919,\"7\":276.3356929448,\"8\":316.3320817243,\"9\":146.4390836911,\"10\":250.7210617719,\"11\":234.5077728131,\"12\":219.721767141,\"13\":108.5226182438,\"14\":126.1215527528,\"15\":256.6340618729,\"16\":504.4528209344,\"17\":184.7974916524,\"18\":315.2721598147,\"19\":324.4775276033,\"20\":284.6010279309,\"21\":279.164210309,\"22\":381.5704547102,\"23\":294.6643070776,\"24\":351.6679182757,\"25\":203.5609163095,\"26\":309.2789382281,\"27\":206.4922271869,\"28\":279.2782328601,\"29\":172.4773817567,\"30\":177.8784472477,\"31\":258.3659381454},\"ret\":{\"0\":0.0030874067,\"1\":-0.001922485,\"2\":-0.0013836156,\"3\":0.0003851197,\"4\":-0.0014316559,\"5\":0.0027287487,\"6\":0.0017707229,\"7\":-0.0026653081,\"8\":0.000184663,\"9\":-0.0006951629,\"10\":0.000701956,\"11\":-0.000165958,\"12\":-0.0016724138,\"13\":0.0001642439,\"14\":-0.0009699038,\"15\":0.002694209,\"16\":-0.0029474254,\"17\":0.0021058872,\"18\":0.001433455,\"19\":-0.0003819375,\"20\":0.0015138633,\"21\":-0.0024486991,\"22\":-0.001683785,\"23\":0.0029146371,\"24\":-0.0001837408,\"25\":0.0007221585,\"26\":-0.0006862594,\"27\":0.0001671007,\"28\":0.001784034,\"29\":-0.0001624377,\"30\":0.0010326336,\"31\":-0.0024598041}}", "deviance": 27.715840404138476, "prob": 0.0010639022964855757, "df": 9, "rel_entropy": 0.0015302473721366208}, "('pos2', 'pos3')": {"formula": "count ~ mut * base1 * base2 - mut : base1 : base2", "stats": "{\"mut\":{\"0\":\"M\",\"1\":\"M\",\"2\":\"M\",\"3\":\"M\",\"4\":\"M\",\"5\":\"M\",\"6\":\"M\",\"7\":\"M\",\"8\":\"M\",\"9\":\"M\",\"10\":\"M\",\"11\":\"M\",\"12\":\"M\",\"13\":\"M\",\"14\":\"M\",\"15\":\"M\",\"16\":\"R\",\"17\":\"R\",\"18\":\"R\",\"19\":\"R\",\"20\":\"R\",\"21\":\"R\",\"22\":\"R\",\"23\":\"R\",\"24\":\"R\",\"25\":\"R\",\"26\":\"R\",\"27\":\"R\",\"28\":\"R\",\"29\":\"R\",\"30\":\"R\",\"31\":\"R\"},\"base1\":{\"0\":\"A\",\"1\":\"A\",\"2\":\"A\",\"3\":\"A\",\"4\":\"C\",\"5\":\"C\",\"6\":\"C\",\"7\":\"C\",\"8\":\"G\",\"9\":\"G\",\"10\":\"G\",\"11\":\"G\",\"12\":\"T\",\"13\":\"T\",\"14\":\"T\",\"15\":\"T\",\"16\":\"A\",\"17\":\"A\",\"18\":\"A\",\"19\":\"A\",\"20\":\"C\",\"21\":\"C\",\"22\":\"C\",\"23\":\"C\",\"24\":\"G\",\"25\":\"G\",\"26\":\"G\",\"27\":\"G\",\"28\":\"T\",\"29\":\"T\",\"30\":\"T\",\"31\":\"T\"},\"base2\":{\"0\":\"A\",\"1\":\"C\",\"2\":\"G\",\"3\":\"T\",\"4\":\"A\",\"5\":\"C\",\"6\":\"G\",\"7\":\"T\",\"8\":\"A\",\"9\":\"C\",\"10\":\"G\",\"11\":\"T\",\"12\":\"A\",\"13\":\"C\",\"14\":\"G\",\"15\":\"T\",\"16\":\"A\",\"17\":\"C\",\"18\":\"G\",\"19\":\"T\",\"20\":\"A\",\"21\":\"C\",\"22\":\"G\",\"23\":\"T\",\"24\":\"A\",\"25\":\"C\",\"26\":\"G\",\"27\":\"T\",\"28\":\"A\",\"29\":\"C\",\"30\":\"G\",\"31\":\"T\"},\"count\":{\"0\":544,\"1\":213,\"2\":439,\"3\":286,\"4\":201,\"5\":166,\"6\":89,\"7\":180,\"8\":352,\"9\":240,\"10\":250,\"11\":204,\"12\":237,\"13\":357,\"14\":398,\"15\":372,\"16\":529,\"17\":213,\"18\":349,\"19\":329,\"20\":280,\"21\":227,\"22\":68,\"23\":265,\"24\":318,\"25\":257,\"26\":352,\"27\":257,\"28\":238,\"29\":232,\"30\":303,\"31\":311},\"fitted\":{\"0\":547.5836325198,\"1\":223.6410544867,\"2\":414.0626274531,\"3\":296.7126855403,\"4\":208.5819903025,\"5\":176.1052480053,\"6\":70.4274086958,\"7\":180.8853529963,\"8\":313.1782198505,\"9\":239.5840527209,\"10\":290.4904508131,\"11\":202.7472766156,\"12\":264.6561573272,\"13\":336.6696447871,\"14\":401.019513038,\"15\":361.6546848478,\"16\":525.4163674802,\"17\":202.3589455133,\"18\":373.9373725469,\"19\":318.2873144597,\"20\":272.4180096975,\"21\":216.8947519947,\"22\":86.5725913042,\"23\":264.1146470037,\"24\":356.8217801495,\"25\":257.4159472791,\"26\":311.5095491869,\"27\":258.2527233844,\"28\":210.3438426728,\"29\":252.3303552129,\"30\":299.980486962,\"31\":321.3453151522},\"ret\":{\"0\":-0.0003944214,\"1\":-0.0011466194,\"2\":0.0028349907,\"3\":-0.0011613214,\"4\":-0.0008218293,\"5\":-0.0010832165,\"6\":0.0023002201,\"7\":-0.0000975246,\"8\":0.0045422131,\"9\":0.0000459704,\"10\":-0.0041439318,\"11\":0.0001387572,\"12\":-0.0028884721,\"13\":0.0023114179,\"14\":-0.0003321683,\"15\":0.0011585568,\"16\":0.0003970656,\"17\":0.0012053948,\"18\":-0.0026597534,\"19\":0.0012026255,\"20\":0.0008487783,\"21\":0.001141462,\"22\":-0.0018131999,\"23\":0.0000979279,\"24\":-0.004044705,\"25\":-0.0000458934,\"26\":0.0047498693,\"27\":-0.0001379947,\"28\":0.0032464066,\"29\":-0.0021519893,\"30\":0.0003350993,\"31\":-0.0011237822}}", "deviance": 45.45989912628035, "prob": 7.584176389764936e-07, "df": 9, "rel_entropy": 0.0025099325931029343}, "('pos0', 'pos2')": {"formula": "count ~ mut * base1 * base2 - mut : base1 : base2",