{"pos2": {"stats": "{\"mut\":{\"0\":\"M\",\"1\":\"M\",\"2\":\"M\",\"3\":\"M\",\"4\":\"R\",\"5\":\"R\",\"6\":\"R\",\"7\":\"R\"},\"base\":{\"0\":\"A\",\"1\":\"C\",\"2\":\"G\",\"3\":\"T\",\"4\":\"A\",\"5\":\"C\",\"6\":\"G\",\"7\":\"T\"},\"count\":{\"0\":127,\"1\":76,\"2\":145,\"3\":79,\"4\":117,\"5\":97,\"6\":115,\"7\":98},\"fitted\":{\"0\":122.0,\"1\":86.5,\"2\":130.0,\"3\":88.5,\"4\":122.0,\"5\":86.5,\"6\":130.0,\"7\":88.5},\"ret\":{\"0\":0.0059731701,\"1\":-0.0115166763,\"2\":0.0185408634,\"3\":-0.0105044745,\"4\":-0.0057331521,\"5\":0.0130128299,\"6\":-0.0165096804,\"7\":0.0117008932}}", "deviance": 8.478124888933836, "df": 3, "rel_entropy": 0.004963773354176719, "formula": "count ~ mut * base - mut : base", "prob": 0.037097797512833396}, "pos3": {"stats": "{\"mut\":{\"0\":\"M\",\"1\":\"M\",\"2\":\"M\",\"3\":\"M\",\"4\":\"R\",\"5\":\"R\",\"6\":\"R\",\"7\":\"R\"},\"base\":{\"0\":\"A\",\"1\":\"C\",\"2\":\"G\",\"3\":\"T\",\"4\":\"A\",\"5\":\"C\",\"6\":\"G\",\"7\":\"T\"},\"count\":{\"0\":84,\"1\":89,\"2\":135,\"3\":119,\"4\":94,\"5\":114,\"6\":113,\"7\":106},\"fitted\":{\"0\":89.0,\"1\":101.5,\"2\":124.0,\"3\":112.5,\"4\":89.0,\"5\":101.5,\"6\":124.0,\"7\":112.5},\"ret\":{\"0\":-0.0056871709,\"1\":-0.0136962484,\"2\":0.0134356952,\"3\":0.007827005,\"4\":0.0060162655,\"5\":0.0155034193,\"6\":-0.0122915614,\"7\":-0.0073869994}}", "deviance": 6.354451749988881, "df": 3, "rel_entropy": 0.003720405005848291, "formula": "count ~ mut * base - mut : base", "prob": 0.095582728271460762}, "pos0": {"stats": "{\"mut\":{\"0\":\"M\",\"1\":\"M\",\"2\":\"M\",\"3\":\"M\",\"4\":\"R\",\"5\":\"R\",\"6\":\"R\",\"7\":\"R\"},\"base\":{\"0\":\"A\",\"1\":\"C\",\"2\":\"G\",\"3\":\"T\",\"4\":\"A\",\"5\":\"C\",\"6\":\"G\",\"7\":\"T\"},\"count\":{\"0\":116,\"1\":113,\"2\":88,\"3\":110,\"4\":98,\"5\":108,\"6\":121,\"7\":100},\"fitted\":{\"0\":107.0,\"1\":110.5,\"2\":104.5,\"3\":105.0,\"4\":107.0,\"5\":110.5,\"6\":104.5,\"7\":105.0},\"ret\":{\"0\":0.0109699267,\"1\":0.0029602689,\"2\":-0.0177082232,\"3\":0.0059920395,\"4\":-0.0100824507,\"5\":-0.0028940325,\"6\":0.0207716866,\"7\":-0.005713134}}", "deviance": 7.337706972014206, "df": 3, "rel_entropy": 0.004296081365347895, "formula": "count ~ mut * base - mut : base", "prob": 0.061878410957286377}, "pos1": {"stats": "{\"mut\":{\"0\":\"M\",\"1\":\"M\",\"2\":\"M\",\"3\":\"M\",\"4\":\"R\",\"5\":\"R\",\"6\":\"R\",\"7\":\"R\"},\"base\":{\"0\":\"A\",\"1\":\"C\",\"2\":\"G\",\"3\":\"T\",\"4\":\"A\",\"5\":\"C\",\"6\":\"G\",\"7\":\"T\"},\"count\":{\"0\":131,\"1\":57,\"2\":130,\"3\":109,\"4\":134,\"5\":36,\"6\":115,\"7\":142},\"fitted\":{\"0\":132.5,\"1\":46.5,\"2\":122.5,\"3\":125.5,\"4\":132.5,\"5\":46.5,\"6\":122.5,\"7\":125.5},\"ret\":{\"0\":-0.0017464604,\"1\":0.0135891574,\"2\":0.0090457197,\"3\":-0.0179911107,\"4\":0.0017663451,\"5\":-0.0107887605,\"6\":-0.0085076975,\"7\":0.0205386703}}", "deviance": 10.08721478034641, "df": 3, "rel_entropy": 0.0059058634545353685, "formula": "count ~ mut * base - mut : base", "prob": 0.017839141835863669}}