{"('pos1', 'pos2')": {"stats": "{\"mut\":{\"0\":\"M\",\"1\":\"M\",\"2\":\"M\",\"3\":\"M\",\"4\":\"M\",\"5\":\"M\",\"6\":\"M\",\"7\":\"M\",\"8\":\"M\",\"9\":\"M\",\"10\":\"M\",\"11\":\"M\",\"12\":\"M\",\"13\":\"M\",\"14\":\"M\",\"15\":\"M\",\"16\":\"R\",\"17\":\"R\",\"18\":\"R\",\"19\":\"R\",\"20\":\"R\",\"21\":\"R\",\"22\":\"R\",\"23\":\"R\",\"24\":\"R\",\"25\":\"R\",\"26\":\"R\",\"27\":\"R\",\"28\":\"R\",\"29\":\"R\",\"30\":\"R\",\"31\":\"R\"},\"base1\":{\"0\":\"A\",\"1\":\"A\",\"2\":\"A\",\"3\":\"A\",\"4\":\"C\",\"5\":\"C\",\"6\":\"C\",\"7\":\"C\",\"8\":\"G\",\"9\":\"G\",\"10\":\"G\",\"11\":\"G\",\"12\":\"T\",\"13\":\"T\",\"14\":\"T\",\"15\":\"T\",\"16\":\"A\",\"17\":\"A\",\"18\":\"A\",\"19\":\"A\",\"20\":\"C\",\"21\":\"C\",\"22\":\"C\",\"23\":\"C\",\"24\":\"G\",\"25\":\"G\",\"26\":\"G\",\"27\":\"G\",\"28\":\"T\",\"29\":\"T\",\"30\":\"T\",\"31\":\"T\"},\"base2\":{\"0\":\"A\",\"1\":\"C\",\"2\":\"G\",\"3\":\"T\",\"4\":\"A\",\"5\":\"C\",\"6\":\"G\",\"7\":\"T\",\"8\":\"A\",\"9\":\"C\",\"10\":\"G\",\"11\":\"T\",\"12\":\"A\",\"13\":\"C\",\"14\":\"G\",\"15\":\"T\",\"16\":\"A\",\"17\":\"C\",\"18\":\"G\",\"19\":\"T\",\"20\":\"A\",\"21\":\"C\",\"22\":\"G\",\"23\":\"T\",\"24\":\"A\",\"25\":\"C\",\"26\":\"G\",\"27\":\"T\",\"28\":\"A\",\"29\":\"C\",\"30\":\"G\",\"31\":\"T\"},\"count\":{\"0\":47,\"1\":18,\"2\":36,\"3\":30,\"4\":15,\"5\":9,\"6\":25,\"7\":8,\"8\":38,\"9\":31,\"10\":43,\"11\":18,\"12\":27,\"13\":18,\"14\":41,\"15\":23,\"16\":45,\"17\":27,\"18\":30,\"19\":32,\"20\":8,\"21\":9,\"22\":12,\"23\":7,\"24\":32,\"25\":25,\"26\":30,\"27\":28,\"28\":32,\"29\":36,\"30\":43,\"31\":31},\"fitted\":{\"0\":47.3502565268,\"1\":19.5558988483,\"2\":36.4571945566,\"3\":27.6366500684,\"4\":14.3726455113,\"5\":9.8455609264,\"6\":24.4089512485,\"7\":8.3728423139,\"8\":38.5587964957,\"9\":26.3517889234,\"10\":42.9228737428,\"11\":22.1665408381,\"12\":26.7183014662,\"13\":20.2467513019,\"14\":41.2109804522,\"15\":20.8239667797,\"16\":44.6497434732,\"17\":25.4441011517,\"18\":29.5428054434,\"19\":34.3633499316,\"20\":8.6273544887,\"21\":8.1544390736,\"22\":12.5910487515,\"23\":6.6271576861,\"24\":31.4412035043,\"25\":29.6482110766,\"26\":30.0771262572,\"27\":23.8334591619,\"28\":32.2816985338,\"29\":33.7532486981,\"30\":42.7890195478,\"31\":33.1760332203},\"ret\":{\"0\":-0.0004086158,\"1\":-0.0017474167,\"2\":-0.0005319857,\"3\":0.0028824797,\"4\":0.0007504113,\"5\":-0.000946329,\"6\":0.0007004071,\"7\":-0.0004267154,\"8\":-0.0006495641,\"9\":0.0058969347,\"10\":0.0000903929,\"11\":-0.0043885481,\"12\":0.0003315906,\"13\":-0.0024791647,\"14\":-0.0002464162,\"15\":0.0026767703,\"16\":0.0004117409,\"17\":0.0018764978,\"18\":0.0005394779,\"19\":-0.0026699648,\"20\":-0.0007072259,\"21\":0.0010397648,\"22\":-0.0006755901,\"23\":0.0004486405,\"24\":0.0006601089,\"25\":-0.0049919779,\"26\":-0.0000901959,\"27\":0.0052824285,\"28\":-0.0003284144,\"29\":0.0027165359,\"30\":0.0002476578,\"31\":-0.002462595}}", "deviance": 4.784313092946558, "df": 9, "rel_entropy": 0.002801120077837563, "formula": "count ~ mut * base1 * base2 - mut : base1 : base2", "prob": 0.8526902887276957}, "('pos1', 'pos3')": {"stats": "{\"mut\":{\"0\":\"M\",\"1\":\"M\",\"2\":\"M\",\"3\":\"M\",\"4\":\"M\",\"5\":\"M\",\"6\":\"M\",\"7\":\"M\",\"8\":\"M\",\"9\":\"M\",\"10\":\"M\",\"11\":\"M\",\"12\":\"M\",\"13\":\"M\",\"14\":\"M\",\"15\":\"M\",\"16\":\"R\",\"17\":\"R\",\"18\":\"R\",\"19\":\"R\",\"20\":\"R\",\"21\":\"R\",\"22\":\"R\",\"23\":\"R\",\"24\":\"R\",\"25\":\"R\",\"26\":\"R\",\"27\":\"R\",\"28\":\"R\",\"29\":\"R\",\"30\":\"R\",\"31\":\"R\"},\"base1\":{\"0\":\"A\",\"1\":\"A\",\"2\":\"A\",\"3\":\"A\",\"4\":\"C\",\"5\":\"C\",\"6\":\"C\",\"7\":\"C\",\"8\":\"G\",\"9\":\"G\",\"10\":\"G\",\"11\":\"G\",\"12\":\"T\",\"13\":\"T\",\"14\":\"T\",\"15\":\"T\",\"16\":\"A\",\"17\":\"A\",\"18\":\"A\",\"19\":\"A\",\"20\":\"C\",\"21\":\"C\",\"22\":\"C\",\"23\":\"C\",\"24\":\"G\",\"25\":\"G\",\"26\":\"G\",\"27\":\"G\",\"28\":\"T\",\"29\":\"T\",\"30\":\"T\",\"31\":\"T\"},\"base2\":{\"0\":\"A\",\"1\":\"C\",\"2\":\"G\",\"3\":\"T\",\"4\":\"A\",\"5\":\"C\",\"6\":\"G\",\"7\":\"T\",\"8\":\"A\",\"9\":\"C\",\"10\":\"G\",\"11\":\"T\",\"12\":\"A\",\"13\":\"C\",\"14\":\"G\",\"15\":\"T\",\"16\":\"A\",\"17\":\"C\",\"18\":\"G\",\"19\":\"T\",\"20\":\"A\",\"21\":\"C\",\"22\":\"G\",\"23\":\"T\",\"24\":\"A\",\"25\":\"C\",\"26\":\"G\",\"27\":\"T\",\"28\":\"A\",\"29\":\"C\",\"30\":\"G\",\"31\":\"T\"},\"count\":{\"0\":33,\"1\":18,\"2\":44,\"3\":36,\"4\":6,\"5\":18,\"6\":21,\"7\":12,\"8\":27,\"9\":25,\"10\":44,\"11\":34,\"12\":18,\"13\":28,\"14\":26,\"15\":37,\"16\":35,\"17\":36,\"18\":30,\"19\":33,\"20\":8,\"21\":13,\"22\":12,\"23\":3,\"24\":21,\"25\":27,\"26\":31,\"27\":36,\"28\":30,\"29\":38,\"30\":40,\"31\":34},\"fitted\":{\"0\":31.8593322383,\"1\":23.1585687932,\"2\":39.4893655129,\"3\":36.4927334557,\"4\":8.3324637664,\"5\":17.2364229724,\"6\":21.653494125,\"7\":9.7776191362,\"8\":24.100511478,\"9\":24.0274120922,\"10\":42.5177584452,\"11\":39.3543179847,\"12\":19.7076925174,\"13\":24.5775961422,\"14\":31.339381917,\"15\":33.3753294234,\"16\":36.1406677617,\"17\":30.8414312068,\"18\":34.5106344871,\"19\":32.5072665443,\"20\":5.6675362336,\"21\":13.7635770276,\"22\":11.346505875,\"23\":5.2223808638,\"24\":23.899488522,\"25\":27.9725879078,\"26\":32.4822415548,\"27\":30.6456820153,\"28\":28.2923074826,\"29\":41.4224038578,\"30\":34.660618083,\"31\":37.6246705766},\"ret\":{\"0\":0.001359307,\"1\":-0.0053113299,\"2\":0.005572555,\"3\":-0.0005730584,\"4\":-0.0023072579,\"5\":0.000913637,\"6\":-0.0007535507,\"7\":0.0028779012,\"8\":0.0035916893,\"9\":0.0011616064,\"10\":0.0017655541,\"11\":-0.0058224075,\"12\":-0.0019103877,\"13\":0.0042744003,\"14\":-0.0056864794,\"15\":0.0044669019,\"16\":-0.001314373,\"17\":0.0065196246,\"18\":-0.0049204968,\"19\":0.0005813221,\"20\":0.0032289185,\"21\":-0.0008688445,\"22\":0.0007868404,\"23\":-0.0019473341,\"24\":-0.0031803595,\"25\":-0.0011188295,\"26\":-0.0016954285,\"27\":0.0067880304,\"28\":0.0020588092,\"29\":-0.0038371871,\"30\":0.0067107886,\"31\":-0.0040329989}}", "deviance": 12.600876636887717, "df": 9, "rel_entropy": 0.00737756243377501, "formula": "count ~ mut * base1 * base2 - mut : base1 : base2", "prob": 0.18151320697587806},