{"pos2": {"stats": "{\"mut\":{\"0\":\"M\",\"1\":\"M\",\"2\":\"M\",\"3\":\"M\",\"4\":\"R\",\"5\":\"R\",\"6\":\"R\",\"7\":\"R\"},\"base\":{\"0\":\"A\",\"1\":\"C\",\"2\":\"G\",\"3\":\"T\",\"4\":\"A\",\"5\":\"C\",\"6\":\"G\",\"7\":\"T\"},\"count\":{\"0\":1777,\"1\":1215,\"2\":746,\"3\":1141,\"4\":1576,\"5\":1364,\"6\":383,\"7\":1556},\"fitted\":{\"0\":1676.5,\"1\":1289.5,\"2\":564.5000000003,\"3\":1348.5,\"4\":1676.5,\"5\":1289.5,\"6\":564.5000000003,\"7\":1348.5},\"ret\":{\"0\":0.0106019525,\"1\":-0.0074098402,\"2\":0.0213131555,\"3\":-0.0195375253,\"4\":-0.0099841805,\"5\":0.0078511791,\"6\":-0.0152252271,\"7\":0.0228226455}}", "deviance": 203.5940248666001, "df": 3, "rel_entropy": 0.01043215950331011, "formula": "count ~ mut * base - mut : base", "prob": 7.0560141517373125e-44}, "pos3": {"stats": "{\"mut\":{\"0\":\"M\",\"1\":\"M\",\"2\":\"M\",\"3\":\"M\",\"4\":\"R\",\"5\":\"R\",\"6\":\"R\",\"7\":\"R\"},\"base\":{\"0\":\"A\",\"1\":\"C\",\"2\":\"G\",\"3\":\"T\",\"4\":\"A\",\"5\":\"C\",\"6\":\"G\",\"7\":\"T\"},\"count\":{\"0\":1180,\"1\":1063,\"2\":1264,\"3\":1372,\"4\":1151,\"5\":1190,\"6\":1265,\"7\":1273},\"fitted\":{\"0\":1165.5,\"1\":1126.5000000009,\"2\":1264.5,\"3\":1322.5,\"4\":1165.5,\"5\":1126.5000000009,\"6\":1264.5,\"7\":1322.5},\"ret\":{\"0\":0.0014951656,\"1\":-0.0063205232,\"2\":-0.0000512299,\"3\":0.0051665325,\"4\":-0.0014766782,\"5\":0.0066875398,\"6\":0.0000512501,\"7\":-0.0049766192}}", "deviance": 11.230237102135202, "df": 3, "rel_entropy": 0.0005754374411833983, "formula": "count ~ mut * base - mut : base", "prob": 0.010543869265266044}, "pos0": {"stats": "{\"mut\":{\"0\":\"M\",\"1\":\"M\",\"2\":\"M\",\"3\":\"M\",\"4\":\"R\",\"5\":\"R\",\"6\":\"R\",\"7\":\"R\"},\"base\":{\"0\":\"A\",\"1\":\"C\",\"2\":\"G\",\"3\":\"T\",\"4\":\"A\",\"5\":\"C\",\"6\":\"G\",\"7\":\"T\"},\"count\":{\"0\":1069,\"1\":1588,\"2\":869,\"3\":1353,\"4\":1211,\"5\":1163,\"6\":1128,\"7\":1377},\"fitted\":{\"0\":1140.0,\"1\":1375.5,\"2\":998.5,\"3\":1365.0,\"4\":1140.0,\"5\":1375.5,\"6\":998.5,\"7\":1365.0},\"ret\":{\"0\":-0.0070446454,\"1\":0.0233786638,\"2\":-0.0123707402,\"3\":-0.0012243387,\"4\":0.0074980983,\"5\":-0.0200008382,\"6\":0.0140967955,\"7\":0.00123515}}", "deviance": 108.66791755346534, "df": 3, "rel_entropy": 0.005568144986342762, "formula": "count ~ mut * base - mut : base", "prob": 2.1232201560207669e-23}, "pos1": {"stats": "{\"mut\":{\"0\":\"M\",\"1\":\"M\",\"2\":\"M\",\"3\":\"M\",\"4\":\"R\",\"5\":\"R\",\"6\":\"R\",\"7\":\"R\"},\"base\":{\"0\":\"A\",\"1\":\"C\",\"2\":\"G\",\"3\":\"T\",\"4\":\"A\",\"5\":\"C\",\"6\":\"G\",\"7\":\"T\"},\"count\":{\"0\":671,\"1\":2160,\"2\":510,\"3\":1538,\"4\":1086,\"5\":1338,\"6\":1115,\"7\":1340},\"fitted\":{\"0\":878.5,\"1\":1749.0000000001,\"2\":812.5000000046,\"3\":1439.0000000001,\"4\":878.5,\"5\":1748.9999999999,\"6\":812.5000000045,\"7\":1438.9999999999},\"ret\":{\"0\":-0.0185282623,\"1\":0.0467204648,\"2\":-0.0243399924,\"3\":0.0104867774,\"4\":0.0235986968,\"5\":-0.0367296267,\"6\":0.0361642297,\"7\":-0.0097882364}}", "deviance": 538.3303372729223, "df": 3, "rel_entropy": 0.02758405089531268, "formula": "count ~ mut * base - mut : base", "prob": 2.3513730544038608e-116}}