{"('pos1', 'pos2')": {"stats": "{\"mut\":{\"0\":\"M\",\"1\":\"M\",\"2\":\"M\",\"3\":\"M\",\"4\":\"M\",\"5\":\"M\",\"6\":\"M\",\"7\":\"M\",\"8\":\"M\",\"9\":\"M\",\"10\":\"M\",\"11\":\"M\",\"12\":\"M\",\"13\":\"M\",\"14\":\"M\",\"15\":\"M\",\"16\":\"R\",\"17\":\"R\",\"18\":\"R\",\"19\":\"R\",\"20\":\"R\",\"21\":\"R\",\"22\":\"R\",\"23\":\"R\",\"24\":\"R\",\"25\":\"R\",\"26\":\"R\",\"27\":\"R\",\"28\":\"R\",\"29\":\"R\",\"30\":\"R\",\"31\":\"R\"},\"base1\":{\"0\":\"A\",\"1\":\"A\",\"2\":\"A\",\"3\":\"A\",\"4\":\"C\",\"5\":\"C\",\"6\":\"C\",\"7\":\"C\",\"8\":\"G\",\"9\":\"G\",\"10\":\"G\",\"11\":\"G\",\"12\":\"T\",\"13\":\"T\",\"14\":\"T\",\"15\":\"T\",\"16\":\"A\",\"17\":\"A\",\"18\":\"A\",\"19\":\"A\",\"20\":\"C\",\"21\":\"C\",\"22\":\"C\",\"23\":\"C\",\"24\":\"G\",\"25\":\"G\",\"26\":\"G\",\"27\":\"G\",\"28\":\"T\",\"29\":\"T\",\"30\":\"T\",\"31\":\"T\"},\"base2\":{\"0\":\"A\",\"1\":\"C\",\"2\":\"G\",\"3\":\"T\",\"4\":\"A\",\"5\":\"C\",\"6\":\"G\",\"7\":\"T\",\"8\":\"A\",\"9\":\"C\",\"10\":\"G\",\"11\":\"T\",\"12\":\"A\",\"13\":\"C\",\"14\":\"G\",\"15\":\"T\",\"16\":\"A\",\"17\":\"C\",\"18\":\"G\",\"19\":\"T\",\"20\":\"A\",\"21\":\"C\",\"22\":\"G\",\"23\":\"T\",\"24\":\"A\",\"25\":\"C\",\"26\":\"G\",\"27\":\"T\",\"28\":\"A\",\"29\":\"C\",\"30\":\"G\",\"31\":\"T\"},\"count\":{\"0\":247,\"1\":196,\"2\":90,\"3\":138,\"4\":966,\"5\":305,\"6\":416,\"7\":473,\"8\":163,\"9\":136,\"10\":87,\"11\":124,\"12\":401,\"13\":578,\"14\":153,\"15\":406,\"16\":391,\"17\":278,\"18\":76,\"19\":341,\"20\":422,\"21\":365,\"22\":116,\"23\":435,\"24\":328,\"25\":342,\"26\":90,\"27\":355,\"28\":435,\"29\":379,\"30\":101,\"31\":425},\"fitted\":{\"0\":258.8756621728,\"1\":173.1057667866,\"2\":89.6662744849,\"3\":149.3522965557,\"4\":879.4122533612,\"5\":397.2930396146,\"6\":398.1503193207,\"7\":485.1443877035,\"8\":164.7758683095,\"9\":142.6942884005,\"10\":82.2929816383,\"11\":120.2368616517,\"12\":473.9362161565,\"13\":501.9069051983,\"14\":175.8904245561,\"15\":386.2664540891,\"16\":379.1243378272,\"17\":300.8942332134,\"18\":76.3337255151,\"19\":329.6477034443,\"20\":508.5877466388,\"21\":272.7069603854,\"22\":133.8496806793,\"23\":422.8556122965,\"24\":326.2241316905,\"25\":335.3057115995,\"26\":94.7070183617,\"27\":358.7631383483,\"28\":362.0637838435,\"29\":455.0930948017,\"30\":78.1095754439,\"31\":444.7335459109},\"ret\":{\"0\":-0.0011886664,\"1\":0.0024949302,\"2\":0.0000342638,\"3\":-0.0011180042,\"4\":0.0092966901,\"5\":-0.0082630172,\"6\":0.0018696399,\"7\":-0.0012288482,\"8\":-0.0001810068,\"9\":-0.000669681,\"10\":0.0004959151,\"11\":0.0003916194,\"12\":-0.0068673539,\"13\":0.0083613472,\"14\":-0.0021860795,\"15\":0.0020730936,\"16\":0.001235883,\"17\":-0.0022545892,\"18\":-0.0000341253,\"19\":0.0011831896,\"20\":-0.0080712126,\"21\":0.0109036003,\"22\":-0.0017014505,\"23\":0.0012622602,\"24\":0.0001824855,\"25\":0.0006928339,\"26\":-0.0004701844,\"27\":-0.0003836168,\"28\":0.0081813539,\"29\":-0.0071063781,\"30\":0.0026601552,\"31\":-0.0019767492}}", "deviance": 148.67869443245857, "df": 9, "rel_entropy": 0.007618297521646781, "formula": "count ~ mut * base1 * base2 - mut : base1 : base2", "prob": 1.6561628568140752e-27}, "('pos1', 'pos3')": {"stats": "{\"mut\":{\"0\":\"M\",\"1\":\"M\",\"2\":\"M\",\"3\":\"M\",\"4\":\"M\",\"5\":\"M\",\"6\":\"M\",\"7\":\"M\",\"8\":\"M\",\"9\":\"M\",\"10\":\"M\",\"11\":\"M\",\"12\":\"M\",\"13\":\"M\",\"14\":\"M\",\"15\":\"M\",\"16\":\"R\",\"17\":\"R\",\"18\":\"R\",\"19\":\"R\",\"20\":\"R\",\"21\":\"R\",\"22\":\"R\",\"23\":\"R\",\"24\":\"R\",\"25\":\"R\",\"26\":\"R\",\"27\":\"R\",\"28\":\"R\",\"29\":\"R\",\"30\":\"R\",\"31\":\"R\"},\"base1\":{\"0\":\"A\",\"1\":\"A\",\"2\":\"A\",\"3\":\"A\",\"4\":\"C\",\"5\":\"C\",\"6\":\"C\",\"7\":\"C\",\"8\":\"G\",\"9\":\"G\",\"10\":\"G\",\"11\":\"G\",\"12\":\"T\",\"13\":\"T\",\"14\":\"T\",\"15\":\"T\",\"16\":\"A\",\"17\":\"A\",\"18\":\"A\",\"19\":\"A\",\"20\":\"C\",\"21\":\"C\",\"22\":\"C\",\"23\":\"C\",\"24\":\"G\",\"25\":\"G\",\"26\":\"G\",\"27\":\"G\",\"28\":\"T\",\"29\":\"T\",\"30\":\"T\",\"31\":\"T\"},\"base2\":{\"0\":\"A\",\"1\":\"C\",\"2\":\"G\",\"3\":\"T\",\"4\":\"A\",\"5\":\"C\",\"6\":\"G\",\"7\":\"T\",\"8\":\"A\",\"9\":\"C\",\"10\":\"G\",\"11\":\"T\",\"12\":\"A\",\"13\":\"C\",\"14\":\"G\",\"15\":\"T\",\"16\":\"A\",\"17\":\"C\",\"18\":\"G\",\"19\":\"T\",\"20\":\"A\",\"21\":\"C\",\"22\":\"G\",\"23\":\"T\",\"24\":\"A\",\"25\":\"C\",\"26\":\"G\",\"27\":\"T\",\"28\":\"A\",\"29\":\"C\",\"30\":\"G\",\"31\":\"T\"},\"count\":{\"0\":186,\"1\":153,\"2\":166,\"3\":166,\"4\":540,\"5\":420,\"6\":652,\"7\":548,\"8\":120,\"9\":127,\"10\":161,\"11\":102,\"12\":334,\"13\":363,\"14\":285,\"15\":556,\"16\":278,\"17\":241,\"18\":262,\"19\":305,\"20\":299,\"21\":342,\"22\":360,\"23\":337,\"24\":259,\"25\":265,\"26\":331,\"27\":260,\"28\":315,\"29\":342,\"30\":312,\"31\":371},\"fitted\":{\"0\":180.7947677632,\"1\":140.3541760354,\"2\":163.634378509,\"3\":186.2166776923,\"4\":524.8736339813,\"5\":450.7656981491,\"6\":625.7516439841,\"7\":558.6090238855,\"8\":122.0513715441,\"9\":114.3259264264,\"10\":155.1417134537,\"11\":118.4809885758,\"12\":352.2802267113,\"13\":357.554199389,\"14\":319.4722640533,\"15\":508.6933098464,\"16\":283.2052322368,\"17\":253.6458239646,\"18\":264.365621491,\"19\":284.7833223077,\"20\":314.1263660187,\"21\":311.2343018509,\"22\":386.2483560159,\"23\":326.3909761145,\"24\":256.9486284559,\"25\":277.6740735736,\"26\":336.8582865463,\"27\":243.5190114242,\"28\":296.7197732887,\"29\":347.445800611,\"30\":277.5277359467,\"31\":418.3066901536},\"ret\":{\"0\":0.0005410386,\"1\":0.0013526477,\"2\":0.0002441729,\"3\":-0.001955036,\"4\":0.0015722756,\"5\":-0.0030427393,\"6\":0.0027455764,\"7\":-0.0010768229,\"8\":-0.0002084479,\"9\":0.0013683113,\"10\":0.0006115523,\"11\":-0.0015656415,\"12\":-0.0018238893,\"13\":0.0005623143,\"14\":-0.0033348703,\"15\":0.0050667334,\"16\":-0.0005284998,\"17\":-0.0012630881,\"18\":-0.000241341,\"19\":0.002143663,\"20\":-0.0015122135,\"21\":0.0033038057,\"22\":-0.002596388,\"23\":0.001104694,\"24\":0.0002110615,\"25\":-0.0012687358,\"26\":-0.0005951064,\"27\":0.0017448781,\"28\":0.0019299147,\"29\":-0.000553689,\"30\":0.0037435623,\"31\":-0.0045628973}}", "deviance": 41.311382562611364, "df": 9, "rel_entropy": 0.002116795581195499, "formula": "count ~ mut * base1 * base2 - mut : base1 : base2", "prob": 4.3896304073701087e-06},