{"pos2": {"stats": "{\"strand\":{\"0\":\"+\",\"1\":\"+\",\"2\":\"+\",\"3\":\"+\",\"4\":\"+\",\"5\":\"+\",\"6\":\"+\",\"7\":\"+\",\"8\":\"-\",\"9\":\"-\",\"10\":\"-\",\"11\":\"-\",\"12\":\"-\",\"13\":\"-\",\"14\":\"-\",\"15\":\"-\"},\"mut\":{\"0\":\"M\",\"1\":\"M\",\"2\":\"M\",\"3\":\"M\",\"4\":\"R\",\"5\":\"R\",\"6\":\"R\",\"7\":\"R\",\"8\":\"M\",\"9\":\"M\",\"10\":\"M\",\"11\":\"M\",\"12\":\"R\",\"13\":\"R\",\"14\":\"R\",\"15\":\"R\"},\"base\":{\"0\":\"A\",\"1\":\"C\",\"2\":\"G\",\"3\":\"T\",\"4\":\"A\",\"5\":\"C\",\"6\":\"G\",\"7\":\"T\",\"8\":\"A\",\"9\":\"C\",\"10\":\"G\",\"11\":\"T\",\"12\":\"A\",\"13\":\"C\",\"14\":\"G\",\"15\":\"T\"},\"count\":{\"0\":1741,\"1\":871,\"2\":865,\"3\":1242,\"4\":1659,\"5\":767,\"6\":1023,\"7\":1270,\"8\":1631,\"9\":866,\"10\":878,\"11\":1229,\"12\":1569,\"13\":743,\"14\":1028,\"15\":1264},\"fitted\":{\"0\":1736.4162998691,\"1\":875.9261526679,\"2\":866.9795421486,\"3\":1239.6780053144,\"4\":1663.5837001309,\"5\":762.0738473321,\"6\":1021.0204578514,\"7\":1272.3219946856,\"8\":1635.5837001309,\"9\":861.0738473321,\"10\":876.0204578514,\"11\":1231.3219946856,\"12\":1564.4162998691,\"13\":747.9261526679,\"14\":1029.9795421486,\"15\":1261.6780053144},\"ret\":{\"0\":0.0002461517,\"1\":-0.0002634492,\"2\":-0.0001060431,\"3\":0.000124647,\"4\":-0.0002454886,\"5\":0.0002650456,\"6\":0.0001062673,\"7\":-0.0001244167,\"8\":-0.0002454827,\"9\":0.0002649478,\"10\":0.0001062843,\"11\":-0.000124413,\"12\":0.0002461873,\"13\":-0.0002633216,\"14\":-0.0001060624,\"15\":0.000124645}}", "deviance": 0.20505686149643587, "df": 3, "rel_entropy": 5.498682331235543e-06, "formula": "count ~ strand * mut * base - strand : mut : base", "prob": 0.97676884839078171}, "pos3": {"stats": "{\"strand\":{\"0\":\"+\",\"1\":\"+\",\"2\":\"+\",\"3\":\"+\",\"4\":\"+\",\"5\":\"+\",\"6\":\"+\",\"7\":\"+\",\"8\":\"-\",\"9\":\"-\",\"10\":\"-\",\"11\":\"-\",\"12\":\"-\",\"13\":\"-\",\"14\":\"-\",\"15\":\"-\"},\"mut\":{\"0\":\"M\",\"1\":\"M\",\"2\":\"M\",\"3\":\"M\",\"4\":\"R\",\"5\":\"R\",\"6\":\"R\",\"7\":\"R\",\"8\":\"M\",\"9\":\"M\",\"10\":\"M\",\"11\":\"M\",\"12\":\"R\",\"13\":\"R\",\"14\":\"R\",\"15\":\"R\"},\"base\":{\"0\":\"A\",\"1\":\"C\",\"2\":\"G\",\"3\":\"T\",\"4\":\"A\",\"5\":\"C\",\"6\":\"G\",\"7\":\"T\",\"8\":\"A\",\"9\":\"C\",\"10\":\"G\",\"11\":\"T\",\"12\":\"A\",\"13\":\"C\",\"14\":\"G\",\"15\":\"T\"},\"count\":{\"0\":1743,\"1\":733,\"2\":783,\"3\":1460,\"4\":1771,\"5\":771,\"6\":875,\"7\":1302,\"8\":1671,\"9\":784,\"10\":788,\"11\":1361,\"12\":1642,\"13\":796,\"14\":888,\"15\":1278},\"fitted\":{\"0\":1756.54395964,\"1\":739.4857739557,\"2\":780.9116196376,\"3\":1442.0586467667,\"4\":1757.45604036,\"5\":764.5142260443,\"6\":877.0883803624,\"7\":1319.9413532333,\"8\":1657.45604036,\"9\":777.5142260443,\"10\":790.0883803624,\"11\":1378.9413532333,\"12\":1655.54395964,\"13\":802.4857739557,\"14\":885.9116196376,\"15\":1260.0586467667},\"ret\":{\"0\":-0.0007235659,\"1\":-0.0003463074,\"2\":0.0001121511,\"3\":0.0009681702,\"4\":0.0007291652,\"5\":0.0003493086,\"6\":-0.0001118681,\"7\":-0.00095564,\"8\":0.0007293332,\"9\":0.000349284,\"10\":-0.0001118534,\"11\":-0.0009559223,\"12\":-0.0007233941,\"13\":-0.0003464279,\"14\":0.0001121334,\"15\":0.0009690272}}", "deviance": 1.6257101867183188, "df": 3, "rel_entropy": 4.359407343983478e-05, "formula": "count ~ strand * mut * base - strand : mut : base", "prob": 0.65357435974372891}, "pos0": {"stats": "{\"strand\":{\"0\":\"+\",\"1\":\"+\",\"2\":\"+\",\"3\":\"+\",\"4\":\"+\",\"5\":\"+\",\"6\":\"+\",\"7\":\"+\",\"8\":\"-\",\"9\":\"-\",\"10\":\"-\",\"11\":\"-\",\"12\":\"-\",\"13\":\"-\",\"14\":\"-\",\"15\":\"-\"},\"mut\":{\"0\":\"M\",\"1\":\"M\",\"2\":\"M\",\"3\":\"M\",\"4\":\"R\",\"5\":\"R\",\"6\":\"R\",\"7\":\"R\",\"8\":\"M\",\"9\":\"M\",\"10\":\"M\",\"11\":\"M\",\"12\":\"R\",\"13\":\"R\",\"14\":\"R\",\"15\":\"R\"},\"base\":{\"0\":\"A\",\"1\":\"C\",\"2\":\"G\",\"3\":\"T\",\"4\":\"A\",\"5\":\"C\",\"6\":\"G\",\"7\":\"T\",\"8\":\"A\",\"9\":\"C\",\"10\":\"G\",\"11\":\"T\",\"12\":\"A\",\"13\":\"C\",\"14\":\"G\",\"15\":\"T\"},\"count\":{\"0\":1691,\"1\":860,\"2\":824,\"3\":1344,\"4\":1754,\"5\":823,\"6\":876,\"7\":1266,\"8\":1633,\"9\":879,\"10\":828,\"11\":1264,\"12\":1648,\"13\":769,\"14\":946,\"15\":1241},\"fitted\":{\"0\":1702.0429055597,\"1\":878.3979409374,\"2\":808.1570626345,\"3\":1330.4020908684,\"4\":1742.9570944403,\"5\":804.6020590626,\"6\":891.8429373655,\"7\":1279.5979091316,\"8\":1621.9570944403,\"9\":860.6020590626,\"10\":843.8429373655,\"11\":1277.5979091316,\"12\":1659.0429055597,\"13\":787.3979409374,\"14\":930.1570626345,\"15\":1227.4020908684},\"ret\":{\"0\":-0.0005903145,\"1\":-0.0009762904,\"2\":0.000857944,\"3\":0.0007329811,\"4\":0.0005941121,\"5\":0.0009978922,\"6\":-0.0008420775,\"7\":-0.0007253782,\"8\":0.0005942515,\"9\":0.0009971688,\"10\":-0.0008416429,\"11\":-0.0007253721,\"12\":-0.0005902645,\"13\":-0.0009750782,\"14\":0.0008568648,\"15\":0.0007332916}}", "deviance": 3.657887789676586, "df": 3, "rel_entropy": 9.808773435794771e-05, "formula": "count ~ strand * mut * base - strand : mut : base", "prob": 0.30085450722059942}, "pos1": {"stats": "{\"strand\":{\"0\":\"+\",\"1\":\"+\",\"2\":\"+\",\"3\":\"+\",\"4\":\"+\",\"5\":\"+\",\"6\":\"+\",\"7\":\"+\",\"8\":\"-\",\"9\":\"-\",\"10\":\"-\",\"11\":\"-\",\"12\":\"-\",\"13\":\"-\",\"14\":\"-\",\"15\":\"-\"},\"mut\":{\"0\":\"M\",\"1\":\"M\",\"2\":\"M\",\"3\":\"M\",\"4\":\"R\",\"5\":\"R\",\"6\":\"R\",\"7\":\"R\",\"8\":\"M\",\"9\":\"M\",\"10\":\"M\",\"11\":\"M\",\"12\":\"R\",\"13\":\"R\",\"14\":\"R\",\"15\":\"R\"},\"base\":{\"0\":\"A\",\"1\":\"C\",\"2\":\"G\",\"3\":\"T\",\"4\":\"A\",\"5\":\"C\",\"6\":\"G\",\"7\":\"T\",\"8\":\"A\",\"9\":\"C\",\"10\":\"G\",\"11\":\"T\",\"12\":\"A\",\"13\":\"C\",\"14\":\"G\",\"15\":\"T\"},\"count\":{\"0\":1747,\"1\":1324,\"2\":680,\"3\":968,\"4\":1605,\"5\":1102,\"6\":932,\"7\":1080,\"8\":1680,\"9\":1371,\"10\":663,\"11\":890,\"12\":1540,\"13\":1091,\"14\":888,\"15\":1085},\"fitted\":{\"0\":1749.051639753,\"1\":1338.4132586143,\"2\":684.9853366229,\"3\":946.5497650099,\"4\":1602.948360247,\"5\":1087.5867413857,\"6\":927.0146633771,\"7\":1101.4502349901,\"8\":1677.948360247,\"9\":1356.5867413857,\"10\":658.0146633771,\"11\":911.4502349901,\"12\":1542.051639753,\"13\":1105.4132586143,\"14\":892.9853366229,\"15\":1063.5497650099},\"ret\":{\"0\":-0.0001099665,\"1\":-0.0007688175,\"2\":-0.0002663923,\"3\":0.0011633308,\"4\":0.0001101015,\"5\":0.0007780943,\"6\":0.0002680853,\"7\":-0.0011391183,\"8\":0.0001100983,\"9\":0.0007770866,\"10\":0.0002683779,\"11\":-0.0011367491,\"12\":-0.0001099579,\"13\":-0.0007679332,\"14\":-0.0002666199,\"15\":0.001161917}}", "deviance": 2.6677602185060207, "df": 3, "rel_entropy": 7.153706474595143e-05, "formula": "count ~ strand * mut * base - strand : mut : base", "prob": 0.44573393956898577}}