{"C": {"formula": "count ~ direction + group", "stats": "{\"count\":{\"4\":4493,\"5\":5865,\"3\":21776,\"1\":205866,\"2\":245588,\"0\":1008834},\"direction\":{\"4\":\"CtoG\",\"5\":\"CtoA\",\"3\":\"CtoT\",\"1\":\"CtoG\",\"2\":\"CtoA\",\"0\":\"CtoT\"},\"group\":{\"4\":\"2\",\"5\":\"2\",\"3\":\"2\",\"1\":\"1\",\"2\":\"1\",\"0\":\"1\"},\"fitted\":{\"4\":4529.3329272821,\"5\":5414.1460672653,\"3\":22190.5210054535,\"1\":205829.6670727175,\"2\":246038.8539327349,\"0\":1008419.4789945483},\"ret\":{\"4\":-0.000024247,\"5\":0.0003143384,\"3\":-0.00027514,\"1\":0.0000243471,\"2\":-0.0003018185,\"0\":0.0002778076}}", "prob": 1.2341405841091696e-10, "rel_entropy": 1.5287550093346323e-05, "deviance": 45.630952170824216, "df": 2}, "T": {"formula": "count ~ direction + group", "stats": "{\"count\":{\"5\":4604,\"3\":4902,\"4\":17327,\"2\":190268,\"0\":190872,\"1\":763486},\"direction\":{\"5\":\"TtoG\",\"3\":\"TtoA\",\"4\":\"TtoC\",\"2\":\"TtoG\",\"0\":\"TtoA\",\"1\":\"TtoC\"},\"group\":{\"5\":\"2\",\"3\":\"2\",\"4\":\"2\",\"2\":\"1\",\"0\":\"1\",\"1\":\"1\"},\"fitted\":{\"5\":4463.6648623648,\"3\":4484.325735686,\"4\":17885.0094019544,\"2\":190408.3351376363,\"0\":191289.6742643153,\"1\":762927.9905980529},\"ret\":{\"5\":0.0001216589,\"3\":0.0003726535,\"4\":-0.0004688278,\"2\":-0.000119751,\"0\":-0.0003561524,\"1\":0.0004765113}}", "prob": 5.3119750456969735e-14, "rel_entropy": 2.6092443344134323e-05, "deviance": 61.1324551749525, "df": 2}, "G": {"formula": "count ~ direction + group", "stats": "{\"count\":{\"5\":4656,\"3\":5839,\"4\":21820,\"2\":207071,\"0\":245720,\"1\":1005611},\"direction\":{\"5\":\"GtoC\",\"3\":\"GtoT\",\"4\":\"GtoA\",\"2\":\"GtoC\",\"0\":\"GtoT\",\"1\":\"GtoA\"},\"group\":{\"5\":\"2\",\"3\":\"2\",\"4\":\"2\",\"2\":\"1\",\"0\":\"1\",\"1\":\"1\"},\"fitted\":{\"5\":4589.7095189765,\"3\":5453.1672242284,\"4\":22272.1232567955,\"2\":207137.2904810238,\"0\":246105.8327757718,\"1\":1005158.8767432059},\"ret\":{\"5\":0.0000447885,\"3\":0.0002677714,\"4\":-0.000300193,\"2\":-0.0000444617,\"0\":-0.0002586206,\"1\":0.0003033607}}", "prob": 6.507423621877841e-09, "rel_entropy": 1.2645138021546957e-05, "deviance": 37.70064443213283, "df": 2}, "A": {"formula": "count ~ direction + group", "stats": "{\"count\":{\"5\":4719,\"3\":4791,\"4\":17523,\"2\":190150,\"0\":190831,\"1\":760317},\"direction\":{\"5\":\"AtoC\",\"3\":\"AtoT\",\"4\":\"AtoG\",\"2\":\"AtoC\",\"0\":\"AtoT\",\"1\":\"AtoG\"},\"group\":{\"5\":\"2\",\"3\":\"2\",\"4\":\"2\",\"2\":\"1\",\"0\":\"1\",\"1\":\"1\"},\"fitted\":{\"5\":4508.9051621503,\"3\":4526.3281775457,\"4\":17997.7666603048,\"2\":190360.0948378503,\"0\":191095.6718224553,\"1\":759842.2333396947},\"ret\":{\"5\":0.0001839507,\"3\":0.0002330362,\"4\":-0.0004009556,\"2\":-0.0001797255,\"0\":-0.0002263814,\"1\":0.0004064901}}", "prob": 4.69161209358807e-09, "rel_entropy": 1.6414431854991182e-05, "deviance": 38.354979167147405, "df": 2}}