{"A": {"rel_entropy": 1.6414431854965978e-05, "stats": "{\"count\":{\"4\":4719,\"3\":4791,\"5\":17523,\"1\":190150,\"0\":190831,\"2\":760317},\"direction\":{\"4\":\"AtoC\",\"3\":\"AtoT\",\"5\":\"AtoG\",\"1\":\"AtoC\",\"0\":\"AtoT\",\"2\":\"AtoG\"},\"group\":{\"4\":\"2\",\"3\":\"2\",\"5\":\"2\",\"1\":\"1\",\"0\":\"1\",\"2\":\"1\"},\"fitted\":{\"4\":4508.9051621502,\"3\":4526.3281775457,\"5\":17997.7666603049,\"1\":190360.0948378499,\"0\":191095.6718224553,\"2\":759842.2333396974},\"ret\":{\"4\":0.0001839507,\"3\":0.0002330362,\"5\":-0.0004009556,\"1\":-0.0001797255,\"0\":-0.0002263814,\"2\":0.0004064901}}", "deviance": 38.354979167088516, "df": 2, "formula": "count ~ direction + group", "prob": 4.6916120937262184e-09}, "C": {"rel_entropy": 1.528755009333892e-05, "stats": "{\"count\":{\"3\":4493,\"4\":5865,\"5\":21776,\"0\":205866,\"1\":245588,\"2\":1008834},\"direction\":{\"3\":\"CtoG\",\"4\":\"CtoA\",\"5\":\"CtoT\",\"0\":\"CtoG\",\"1\":\"CtoA\",\"2\":\"CtoT\"},\"group\":{\"3\":\"2\",\"4\":\"2\",\"5\":\"2\",\"0\":\"1\",\"1\":\"1\",\"2\":\"1\"},\"fitted\":{\"3\":4529.3329272821,\"4\":5414.1460672653,\"5\":22190.5210054535,\"0\":205829.667072719,\"1\":246038.8539327357,\"2\":1008419.4789945483},\"ret\":{\"3\":-0.000024247,\"4\":0.0003143384,\"5\":-0.00027514,\"0\":0.0000243471,\"1\":-0.0003018185,\"2\":0.0002778076}}", "deviance": 45.63095217080212, "df": 2, "formula": "count ~ direction + group", "prob": 1.2341405841228072e-10}, "T": {"rel_entropy": 2.609244334413437e-05, "stats": "{\"count\":{\"5\":4604,\"3\":4902,\"4\":17327,\"2\":190268,\"0\":190872,\"1\":763486},\"direction\":{\"5\":\"TtoG\",\"3\":\"TtoA\",\"4\":\"TtoC\",\"2\":\"TtoG\",\"0\":\"TtoA\",\"1\":\"TtoC\"},\"group\":{\"5\":\"2\",\"3\":\"2\",\"4\":\"2\",\"2\":\"1\",\"0\":\"1\",\"1\":\"1\"},\"fitted\":{\"5\":4463.6648623648,\"3\":4484.325735686,\"4\":17885.0094019544,\"2\":190408.3351376363,\"0\":191289.6742643153,\"1\":762927.9905980529},\"ret\":{\"5\":0.0001216589,\"3\":0.0003726535,\"4\":-0.0004688278,\"2\":-0.000119751,\"0\":-0.0003561524,\"1\":0.0004765113}}", "deviance": 61.13245517495261, "df": 2, "formula": "count ~ direction + group", "prob": 5.3119750456966801e-14}, "G": {"rel_entropy": 1.264513802156405e-05, "stats": "{\"count\":{\"4\":4656,\"5\":5839,\"3\":21820,\"1\":207071,\"2\":245720,\"0\":1005611},\"direction\":{\"4\":\"GtoC\",\"5\":\"GtoT\",\"3\":\"GtoA\",\"1\":\"GtoC\",\"2\":\"GtoT\",\"0\":\"GtoA\"},\"group\":{\"4\":\"2\",\"5\":\"2\",\"3\":\"2\",\"1\":\"1\",\"2\":\"1\",\"0\":\"1\"},\"fitted\":{\"4\":4589.7095189765,\"5\":5453.1672242284,\"3\":22272.1232567956,\"1\":207137.2904810242,\"2\":246105.8327757727,\"0\":1005158.8767432095},\"ret\":{\"4\":0.0000447885,\"5\":0.0002677714,\"3\":-0.000300193,\"1\":-0.0000444617,\"2\":-0.0002586206,\"0\":0.0003033607}}", "deviance": 37.70064443218379, "df": 2, "formula": "count ~ direction + group", "prob": 6.5074236217120453e-09}}