{"pos0": {"stats": "{\"mut\":{\"0\":\"M\",\"1\":\"M\",\"2\":\"M\",\"3\":\"M\",\"4\":\"R\",\"5\":\"R\",\"6\":\"R\",\"7\":\"R\"},\"base\":{\"0\":\"A\",\"1\":\"C\",\"2\":\"G\",\"3\":\"T\",\"4\":\"A\",\"5\":\"C\",\"6\":\"G\",\"7\":\"T\"},\"count\":{\"0\":4868,\"1\":5909,\"2\":4299,\"3\":3535,\"4\":4237,\"5\":4708,\"6\":4589,\"7\":5077},\"fitted\":{\"0\":4552.5,\"1\":5308.5,\"2\":4444.0,\"3\":4306.0,\"4\":4552.5,\"5\":5308.5,\"6\":4444.0,\"7\":4306.0},\"ret\":{\"0\":0.008763321,\"1\":0.0170128309,\"2\":-0.0038312905,\"3\":-0.0187373519,\"4\":-0.0081754295,\"5\":-0.0151839539,\"6\":0.0039584179,\"7\":0.0224662415}}", "formula": "count ~ mut * base - mut : base", "rel_entropy": 0.006272785674502583, "df": 3, "prob": 6.854758891522213e-101, "deviance": 466.9712567526703}, "pos2": {"stats": "{\"mut\":{\"0\":\"M\",\"1\":\"M\",\"2\":\"M\",\"3\":\"M\",\"4\":\"R\",\"5\":\"R\",\"6\":\"R\",\"7\":\"R\"},\"base\":{\"0\":\"A\",\"1\":\"C\",\"2\":\"G\",\"3\":\"T\",\"4\":\"A\",\"5\":\"C\",\"6\":\"G\",\"7\":\"T\"},\"count\":{\"0\":4235,\"1\":5227,\"2\":3026,\"3\":6123,\"4\":5672,\"5\":5448,\"6\":1771,\"7\":5720},\"fitted\":{\"0\":4953.5,\"1\":5337.5,\"2\":2398.5,\"3\":5921.5,\"4\":4953.5,\"5\":5337.5,\"6\":2398.5,\"7\":5921.5},\"ret\":{\"0\":-0.0178300838,\"1\":-0.0029377306,\"2\":0.0188930356,\"3\":0.005504544,\"4\":0.0206398798,\"5\":0.0029991942,\"6\":-0.0144307897,\"7\":-0.0053202961}}", "formula": "count ~ mut * base - mut : base", "rel_entropy": 0.0075177534054835845, "df": 3, "prob": 5.621659789051898e-121, "deviance": 559.65163451782}, "pos1": {"stats": "{\"mut\":{\"0\":\"M\",\"1\":\"M\",\"2\":\"M\",\"3\":\"M\",\"4\":\"R\",\"5\":\"R\",\"6\":\"R\",\"7\":\"R\"},\"base\":{\"0\":\"A\",\"1\":\"C\",\"2\":\"G\",\"3\":\"T\",\"4\":\"A\",\"5\":\"C\",\"6\":\"G\",\"7\":\"T\"},\"count\":{\"0\":3671,\"1\":5832,\"2\":3766,\"3\":5342,\"4\":3816,\"5\":5465,\"6\":4568,\"7\":4762},\"fitted\":{\"0\":3743.5000000017,\"1\":5648.5000000026,\"2\":4167.0000002441,\"3\":5052.0000000069,\"4\":3743.4999999984,\"5\":5648.4999999976,\"6\":4167.0000002404,\"7\":5052.0000000024},\"ret\":{\"0\":-0.0019287887,\"1\":0.0050091041,\"2\":-0.0102373565,\"3\":0.0080105473,\"4\":0.0019665134,\"5\":-0.0048489214,\"6\":0.0112756923,\"7\":-0.0075630693}}", "formula": "count ~ mut * base - mut : base", "rel_entropy": 0.0016837212313161542, "df": 3, "prob": 5.451800987438865e-27, "deviance": 125.34294334409978}, "pos3": {"stats": "{\"mut\":{\"0\":\"M\",\"1\":\"M\",\"2\":\"M\",\"3\":\"M\",\"4\":\"R\",\"5\":\"R\",\"6\":\"R\",\"7\":\"R\"},\"base\":{\"0\":\"A\",\"1\":\"C\",\"2\":\"G\",\"3\":\"T\",\"4\":\"A\",\"5\":\"C\",\"6\":\"G\",\"7\":\"T\"},\"count\":{\"0\":4444,\"1\":4417,\"2\":5630,\"3\":4120,\"4\":3849,\"5\":4995,\"6\":4973,\"7\":4794},\"fitted\":{\"0\":4146.500000023,\"1\":4706.0000000077,\"2\":5301.5000000093,\"3\":4457.0000000375,\"4\":4146.5000000226,\"5\":4706.0000000072,\"6\":5301.5000000087,\"7\":4457.0000000371},\"ret\":{\"0\":0.0082726867,\"1\":-0.0075207854,\"2\":0.0090933746,\"3\":-0.0087025321,\"4\":-0.0076987477,\"5\":0.0079978941,\"6\":-0.008546169,\"7\":0.0093877553}}", "formula": "count ~ mut * base - mut : base", "rel_entropy": 0.0022834765260528887, "df": 3, "prob": 1.2781496837819997e-36, "deviance": 169.99112650548125}}