{"('pos0', 'pos1')": {"stats": "{\"mut\":{\"0\":\"M\",\"1\":\"M\",\"2\":\"M\",\"3\":\"M\",\"4\":\"M\",\"5\":\"M\",\"6\":\"M\",\"7\":\"M\",\"8\":\"M\",\"9\":\"M\",\"10\":\"M\",\"11\":\"M\",\"12\":\"M\",\"13\":\"M\",\"14\":\"M\",\"15\":\"M\",\"16\":\"R\",\"17\":\"R\",\"18\":\"R\",\"19\":\"R\",\"20\":\"R\",\"21\":\"R\",\"22\":\"R\",\"23\":\"R\",\"24\":\"R\",\"25\":\"R\",\"26\":\"R\",\"27\":\"R\",\"28\":\"R\",\"29\":\"R\",\"30\":\"R\",\"31\":\"R\"},\"base1\":{\"0\":\"A\",\"1\":\"A\",\"2\":\"A\",\"3\":\"A\",\"4\":\"C\",\"5\":\"C\",\"6\":\"C\",\"7\":\"C\",\"8\":\"G\",\"9\":\"G\",\"10\":\"G\",\"11\":\"G\",\"12\":\"T\",\"13\":\"T\",\"14\":\"T\",\"15\":\"T\",\"16\":\"A\",\"17\":\"A\",\"18\":\"A\",\"19\":\"A\",\"20\":\"C\",\"21\":\"C\",\"22\":\"C\",\"23\":\"C\",\"24\":\"G\",\"25\":\"G\",\"26\":\"G\",\"27\":\"G\",\"28\":\"T\",\"29\":\"T\",\"30\":\"T\",\"31\":\"T\"},\"base2\":{\"0\":\"A\",\"1\":\"C\",\"2\":\"G\",\"3\":\"T\",\"4\":\"A\",\"5\":\"C\",\"6\":\"G\",\"7\":\"T\",\"8\":\"A\",\"9\":\"C\",\"10\":\"G\",\"11\":\"T\",\"12\":\"A\",\"13\":\"C\",\"14\":\"G\",\"15\":\"T\",\"16\":\"A\",\"17\":\"C\",\"18\":\"G\",\"19\":\"T\",\"20\":\"A\",\"21\":\"C\",\"22\":\"G\",\"23\":\"T\",\"24\":\"A\",\"25\":\"C\",\"26\":\"G\",\"27\":\"T\",\"28\":\"A\",\"29\":\"C\",\"30\":\"G\",\"31\":\"T\"},\"count\":{\"0\":912,\"1\":1477,\"2\":1432,\"3\":1047,\"4\":1391,\"5\":2067,\"6\":386,\"7\":2065,\"8\":950,\"9\":1259,\"10\":1064,\"11\":1026,\"12\":418,\"13\":1029,\"14\":884,\"15\":1204,\"16\":947,\"17\":1040,\"18\":1334,\"19\":916,\"20\":1236,\"21\":1500,\"22\":506,\"23\":1466,\"24\":894,\"25\":1406,\"26\":1381,\"27\":908,\"28\":739,\"29\":1519,\"30\":1347,\"31\":1472},\"fitted\":{\"0\":966.5525255918,\"1\":1397.2563200117,\"2\":1385.1337696444,\"3\":1119.0573847521,\"4\":1391.7095037144,\"5\":2014.8199806713,\"6\":455.4859745903,\"7\":2046.984541024,\"8\":861.7374095864,\"9\":1339.6519088394,\"10\":1096.0641220287,\"11\":1001.5465595455,\"12\":451.0005611074,\"13\":1080.2717904776,\"14\":829.3161337366,\"15\":1174.4115146784,\"16\":892.4474744082,\"17\":1119.7436799883,\"18\":1380.8662303556,\"19\":843.9426152479,\"20\":1235.2904962856,\"21\":1552.1800193287,\"22\":436.5140254097,\"23\":1484.015458976,\"24\":982.2625904136,\"25\":1325.3480911606,\"26\":1348.9358779714,\"27\":932.4534404545,\"28\":705.9994388926,\"29\":1467.7282095224,\"30\":1401.6838662634,\"31\":1501.5884853216},\"ret\":{\"0\":-0.0014234387,\"1\":0.0022023839,\"2\":0.0012801649,\"3\":-0.0018721722,\"4\":-0.0000190565,\"5\":0.0014198577,\"6\":-0.0017165557,\"7\":0.0004861239,\"8\":0.0024887384,\"9\":-0.0021002068,\"10\":-0.0008487045,\"11\":0.0006649176,\"12\":-0.0008533295,\"13\":-0.0013442411,\"14\":0.0015165328,\"15\":0.0008048499,\"16\":0.0015095069,\"17\":-0.0020642161,\"18\":-0.0012374876,\"19\":0.0020162696,\"20\":0.0000190669,\"21\":-0.0013780277,\"22\":0.0020080699,\"23\":-0.0004810505,\"24\":-0.0022613694,\"25\":0.0022314105,\"26\":0.0008715872,\"27\":-0.0006482714,\"28\":0.0009069929,\"29\":0.0014012432,\"30\":-0.0014400899,\"31\":-0.0007870355}}", "formula": "count ~ mut * base1 * base2 - mut : base1 : base2", "rel_entropy": 0.0013524631622878144, "df": 9, "prob": 1.1448311223638335e-17, "deviance": 100.68276765335406}, "('pos0', 'pos3')": {"stats": "{\"mut\":{\"0\":\"M\",\"1\":\"M\",\"2\":\"M\",\"3\":\"M\",\"4\":\"M\",\"5\":\"M\",\"6\":\"M\",\"7\":\"M\",\"8\":\"M\",\"9\":\"M\",\"10\":\"M\",\"11\":\"M\",\"12\":\"M\",\"13\":\"M\",\"14\":\"M\",\"15\":\"M\",\"16\":\"R\",\"17\":\"R\",\"18\":\"R\",\"19\":\"R\",\"20\":\"R\",\"21\":\"R\",\"22\":\"R\",\"23\":\"R\",\"24\":\"R\",\"25\":\"R\",\"26\":\"R\",\"27\":\"R\",\"28\":\"R\",\"29\":\"R\",\"30\":\"R\",\"31\":\"R\"},\"base1\":{\"0\":\"A\",\"1\":\"A\",\"2\":\"A\",\"3\":\"A\",\"4\":\"C\",\"5\":\"C\",\"6\":\"C\",\"7\":\"C\",\"8\":\"G\",\"9\":\"G\",\"10\":\"G\",\"11\":\"G\",\"12\":\"T\",\"13\":\"T\",\"14\":\"T\",\"15\":\"T\",\"16\":\"A\",\"17\":\"A\",\"18\":\"A\",\"19\":\"A\",\"20\":\"C\",\"21\":\"C\",\"22\":\"C\",\"23\":\"C\",\"24\":\"G\",\"25\":\"G\",\"26\":\"G\",\"27\":\"G\",\"28\":\"T\",\"29\":\"T\",\"30\":\"T\",\"31\":\"T\"},\"base2\":{\"0\":\"A\",\"1\":\"C\",\"2\":\"G\",\"3\":\"T\",\"4\":\"A\",\"5\":\"C\",\"6\":\"G\",\"7\":\"T\",\"8\":\"A\",\"9\":\"C\",\"10\":\"G\",\"11\":\"T\",\"12\":\"A\",\"13\":\"C\",\"14\":\"G\",\"15\":\"T\",\"16\":\"A\",\"17\":\"C\",\"18\":\"G\",\"19\":\"T\",\"20\":\"A\",\"21\":\"C\",\"22\":\"G\",\"23\":\"T\",\"24\":\"A\",\"25\":\"C\",\"26\":\"G\",\"27\":\"T\",\"28\":\"A\",\"29\":\"C\",\"30\":\"G\",\"31\":\"T\"},\"count\":{\"0\":1099,\"1\":1003,\"2\":1614,\"3\":1152,\"4\":1493,\"5\":1446,\"6\":1675,\"7\":1295,\"8\":1018,\"9\":1066,\"10\":1312,\"11\":903,\"12\":834,\"13\":902,\"14\":1029,\"15\":770,\"16\":963,\"17\":1086,\"18\":1073,\"19\":1115,\"20\":914,\"21\":1311,\"22\":1358,\"23\":1125,\"24\":892,\"25\":1326,\"26\":1265,\"27\":1106,\"28\":1080,\"29\":1272,\"30\":1277,\"31\":1448},\"fitted\":{\"0\":1174.0538131749,\"1\":1051.7888549483,\"2\":1514.33868543,\"3\":1127.818646456,\"4\":1423.5204597747,\"5\":1450.4210184005,\"6\":1776.4063324902,\"7\":1258.6521893371,\"8\":992.2680111949,\"9\":1084.3434322144,\"10\":1323.5927582353,\"11\":898.7957983564,\"12\":854.1577158592,\"13\":830.4466944467,\"14\":1015.662223853,\"15\":834.733365858,\"16\":887.9461868417,\"17\":1037.2111450522,\"18\":1172.6613146,\"19\":1139.1813535442,\"20\":983.4795402309,\"21\":1306.5789815995,\"22\":1256.5936675244,\"23\":1161.3478106629,\"24\":917.7319888054,\"25\":1307.6565677862,\"26\":1253.4072417655,\"27\":1110.204201644,\"28\":1059.842284141,\"29\":1343.5533055644,\"30\":1290.3377761471,\"31\":1383.2666341497},\"ret\":{\"0\":-0.0019505134,\"1\":-0.0012798712,\"2\":0.0027637175,\"3\":0.0006565675,\"4\":0.0019114555,\"5\":-0.0001185931,\"6\":-0.0026450818,\"7\":0.0009904804,\"8\":0.0007001985,\"9\":-0.0004886195,\"10\":-0.0003100812,\"11\":0.0001132131,\"12\":-0.0005351127,\"13\":0.0020028747,\"14\":0.000360673,\"15\":-0.0016698677,\"16\":0.0020992963,\"17\":0.0013411088,\"18\":-0.0025603405,\"19\":-0.0006427078,\"20\":-0.0017990802,\"21\":0.0001189751,\"22\":0.0028314496,\"23\":-0.0009610708,\"24\":-0.0006815277,\"25\":0.000496252,\"26\":0.000312885,\"27\":-0.0001127352,\"28\":0.0005466715,\"29\":-0.0018702166,\"30\":-0.0003564721,\"31\":0.0017791885}}", "formula": "count ~ mut * base1 * base2 - mut : base1 : base2", "rel_entropy": 0.001043115563224783, "df": 9, "prob": 4.719679681021258e-13, "deviance": 77.65369498870575},