{"pos2": {"stats": "{\"group\":{\"0\":\"1\",\"1\":\"1\",\"2\":\"1\",\"3\":\"1\",\"4\":\"1\",\"5\":\"1\",\"6\":\"1\",\"7\":\"1\",\"8\":\"2\",\"9\":\"2\",\"10\":\"2\",\"11\":\"2\",\"12\":\"2\",\"13\":\"2\",\"14\":\"2\",\"15\":\"2\"},\"mut\":{\"0\":\"M\",\"1\":\"M\",\"2\":\"M\",\"3\":\"M\",\"4\":\"R\",\"5\":\"R\",\"6\":\"R\",\"7\":\"R\",\"8\":\"M\",\"9\":\"M\",\"10\":\"M\",\"11\":\"M\",\"12\":\"R\",\"13\":\"R\",\"14\":\"R\",\"15\":\"R\"},\"base\":{\"0\":\"A\",\"1\":\"C\",\"2\":\"G\",\"3\":\"T\",\"4\":\"A\",\"5\":\"C\",\"6\":\"G\",\"7\":\"T\",\"8\":\"A\",\"9\":\"C\",\"10\":\"G\",\"11\":\"T\",\"12\":\"A\",\"13\":\"C\",\"14\":\"G\",\"15\":\"T\"},\"count\":{\"0\":37538,\"1\":28951,\"2\":57590,\"3\":66189,\"4\":43626,\"5\":37350,\"6\":45305,\"7\":63987,\"8\":53073,\"9\":44132,\"10\":84026,\"11\":95800,\"12\":60867,\"13\":55762,\"14\":68770,\"15\":91632},\"fitted\":{\"0\":37702.0308837758,\"1\":29161.6221683197,\"2\":56998.6973601317,\"3\":66405.649587774,\"4\":43461.9691162249,\"5\":37139.3778316805,\"6\":45896.3026398685,\"7\":63770.3504122264,\"8\":52908.969116225,\"9\":43921.3778316805,\"10\":84617.3026398685,\"11\":95583.3504122264,\"12\":61031.0308837753,\"13\":55972.6221683196,\"14\":68178.6973601315,\"15\":91848.6495877738},\"ret\":{\"0\":-0.0001751272,\"1\":-0.0002245454,\"2\":0.0006359517,\"3\":-0.0002314319,\"4\":0.0001758403,\"5\":0.0002259991,\"6\":-0.0006285881,\"7\":0.0002322038,\"8\":0.0001757813,\"9\":0.0002259007,\"10\":-0.0006304655,\"11\":0.000232073,\"12\":-0.0001752735,\"13\":-0.0002249367,\"14\":0.0006354169,\"15\":-0.0002315368}}", "deviance": 32.265423346397085, "df": 3, "rel_entropy": 1.726165867378118e-05, "formula": "count ~ group * mut * base - group : mut : base", "prob": 4.6009210355078036e-07}, "pos3": {"stats": "{\"group\":{\"0\":\"1\",\"1\":\"1\",\"2\":\"1\",\"3\":\"1\",\"4\":\"1\",\"5\":\"1\",\"6\":\"1\",\"7\":\"1\",\"8\":\"2\",\"9\":\"2\",\"10\":\"2\",\"11\":\"2\",\"12\":\"2\",\"13\":\"2\",\"14\":\"2\",\"15\":\"2\"},\"mut\":{\"0\":\"M\",\"1\":\"M\",\"2\":\"M\",\"3\":\"M\",\"4\":\"R\",\"5\":\"R\",\"6\":\"R\",\"7\":\"R\",\"8\":\"M\",\"9\":\"M\",\"10\":\"M\",\"11\":\"M\",\"12\":\"R\",\"13\":\"R\",\"14\":\"R\",\"15\":\"R\"},\"base\":{\"0\":\"A\",\"1\":\"C\",\"2\":\"G\",\"3\":\"T\",\"4\":\"A\",\"5\":\"C\",\"6\":\"G\",\"7\":\"T\",\"8\":\"A\",\"9\":\"C\",\"10\":\"G\",\"11\":\"T\",\"12\":\"A\",\"13\":\"C\",\"14\":\"G\",\"15\":\"T\"},\"count\":{\"0\":54810,\"1\":36010,\"2\":34627,\"3\":64821,\"4\":52731,\"5\":38276,\"6\":32775,\"7\":66486,\"8\":78871,\"9\":52667,\"10\":53416,\"11\":92077,\"12\":75307,\"13\":57442,\"14\":49477,\"15\":94805},\"fitted\":{\"0\":54935.2898431317,\"1\":35728.5164717558,\"2\":34850.5130436687,\"3\":64753.6806414432,\"4\":52605.7101568677,\"5\":38557.4835282441,\"6\":32551.4869563311,\"7\":66553.3193585565,\"8\":78745.7101568676,\"9\":52948.4835282441,\"10\":53192.4869563311,\"11\":92144.3193585567,\"12\":75432.2898431319,\"13\":57160.5164717557,\"14\":49700.5130436686,\"15\":94737.680641443},\"ret\":{\"0\":-0.0001339045,\"1\":0.0003023647,\"2\":-0.0002383857,\"3\":0.0000720677,\"4\":0.000134217,\"5\":-0.0003000793,\"6\":0.0002399734,\"7\":-0.0000719938,\"8\":0.0001341641,\"9\":-0.0003003794,\"10\":0.000239656,\"11\":-0.000072004,\"12\":-0.0001339461,\"13\":0.0003019218,\"14\":-0.0002386156,\"15\":0.0000720559}}", "deviance": 13.2938092035711, "df": 3, "rel_entropy": 7.1120466786635e-06, "formula": "count ~ group * mut * base - group : mut : base", "prob": 0.004042447432446054}, "pos0": {"stats": "{\"group\":{\"0\":\"1\",\"1\":\"1\",\"2\":\"1\",\"3\":\"1\",\"4\":\"1\",\"5\":\"1\",\"6\":\"1\",\"7\":\"1\",\"8\":\"2\",\"9\":\"2\",\"10\":\"2\",\"11\":\"2\",\"12\":\"2\",\"13\":\"2\",\"14\":\"2\",\"15\":\"2\"},\"mut\":{\"0\":\"M\",\"1\":\"M\",\"2\":\"M\",\"3\":\"M\",\"4\":\"R\",\"5\":\"R\",\"6\":\"R\",\"7\":\"R\",\"8\":\"M\",\"9\":\"M\",\"10\":\"M\",\"11\":\"M\",\"12\":\"R\",\"13\":\"R\",\"14\":\"R\",\"15\":\"R\"},\"base\":{\"0\":\"A\",\"1\":\"C\",\"2\":\"G\",\"3\":\"T\",\"4\":\"A\",\"5\":\"C\",\"6\":\"G\",\"7\":\"T\",\"8\":\"A\",\"9\":\"C\",\"10\":\"G\",\"11\":\"T\",\"12\":\"A\",\"13\":\"C\",\"14\":\"G\",\"15\":\"T\"},\"count\":{\"0\":60838,\"1\":34573,\"2\":30586,\"3\":64271,\"4\":53894,\"5\":36853,\"6\":33297,\"7\":66224,\"8\":85957,\"9\":52020,\"10\":46257,\"11\":92797,\"12\":76105,\"13\":55483,\"14\":50607,\"15\":94836},\"fitted\":{\"0\":60813.4360288152,\"1\":34545.239495836,\"2\":30519.1660133939,\"3\":64390.158461955,\"4\":53918.5639711848,\"5\":36880.7605041641,\"6\":33363.833986606,\"7\":66104.841538045,\"8\":85981.5639711848,\"9\":52047.7605041641,\"10\":46323.8339866061,\"11\":92677.841538045,\"12\":76080.4360288151,\"13\":55455.2394958359,\"14\":50540.1660133938,\"15\":94955.1584619548},\"ret\":{\"0\":0.0000262882,\"1\":0.0000297151,\"2\":0.0000715892,\"3\":-0.000127379,\"4\":-0.0000262769,\"5\":-0.000029692,\"6\":-0.0000714393,\"7\":0.0001276119,\"8\":-0.0000262792,\"9\":-0.0000296952,\"10\":-0.0000714593,\"11\":0.000127579,\"12\":0.0000262872,\"13\":0.0000297106,\"14\":0.0000715582,\"15\":-0.000127417}}", "deviance": 1.3110479333662894, "df": 3, "rel_entropy": 7.013967146122127e-07, "formula": "count ~ group * mut * base - group : mut : base", "prob": 0.72651132195632284}, "pos1": {"stats": "{\"group\":{\"0\":\"1\",\"1\":\"1\",\"2\":\"1\",\"3\":\"1\",\"4\":\"1\",\"5\":\"1\",\"6\":\"1\",\"7\":\"1\",\"8\":\"2\",\"9\":\"2\",\"10\":\"2\",\"11\":\"2\",\"12\":\"2\",\"13\":\"2\",\"14\":\"2\",\"15\":\"2\"},\"mut\":{\"0\":\"M\",\"1\":\"M\",\"2\":\"M\",\"3\":\"M\",\"4\":\"R\",\"5\":\"R\",\"6\":\"R\",\"7\":\"R\",\"8\":\"M\",\"9\":\"M\",\"10\":\"M\",\"11\":\"M\",\"12\":\"R\",\"13\":\"R\",\"14\":\"R\",\"15\":\"R\"},\"base\":{\"0\":\"A\",\"1\":\"C\",\"2\":\"G\",\"3\":\"T\",\"4\":\"A\",\"5\":\"C\",\"6\":\"G\",\"7\":\"T\",\"8\":\"A\",\"9\":\"C\",\"10\":\"G\",\"11\":\"T\",\"12\":\"A\",\"13\":\"C\",\"14\":\"G\",\"15\":\"T\"},\"count\":{\"0\":51213,\"1\":38836,\"2\":30490,\"3\":69729,\"4\":51507,\"5\":43062,\"6\":31402,\"7\":64297,\"8\":69047,\"9\":59298,\"10\":46513,\"11\":102173,\"12\":71066,\"13\":66318,\"14\":48315,\"15\":91332},\"fitted\":{\"0\":50848.3736979988,\"1\":38711.1135379408,\"2\":30395.9296914917,\"3\":70312.583072569,\"4\":51871.6263020016,\"5\":43186.8864620593,\"6\":31496.0703085084,\"7\":63713.4169274309,\"8\":69411.6263020017,\"9\":59422.8864620593,\"10\":46607.0703085083,\"11\":101589.4169274308,\"12\":70701.3736979987,\"13\":66193.1135379407,\"14\":48220.9296914917,\"15\":91915.5830725693},\"ret\":{\"0\":0.0003915379,\"1\":0.0001338412,\"2\":0.0001008088,\"3\":-0.000621823,\"4\":-0.0003887679,\"5\":-0.0001334325,\"6\":-0.0001005028,\"7\":0.0006272725,\"8\":-0.0003891159,\"9\":-0.0001334853,\"10\":-0.0001005516,\"11\":0.0006262116,\"12\":0.0003911467,\"13\":0.0001337518,\"14\":0.0001007513,\"15\":-0.000622435}}", "deviance": 28.426468407286052, "df": 3, "rel_entropy": 1.520785856982684e-05, "formula": "count ~ group * mut * base - group : mut : base", "prob": 2.9553920624527174e-06}}