{"pos2": {"stats": "{\"group\":{\"0\":\"1\",\"1\":\"1\",\"2\":\"1\",\"3\":\"1\",\"4\":\"1\",\"5\":\"1\",\"6\":\"1\",\"7\":\"1\",\"8\":\"2\",\"9\":\"2\",\"10\":\"2\",\"11\":\"2\",\"12\":\"2\",\"13\":\"2\",\"14\":\"2\",\"15\":\"2\"},\"mut\":{\"0\":\"M\",\"1\":\"M\",\"2\":\"M\",\"3\":\"M\",\"4\":\"R\",\"5\":\"R\",\"6\":\"R\",\"7\":\"R\",\"8\":\"M\",\"9\":\"M\",\"10\":\"M\",\"11\":\"M\",\"12\":\"R\",\"13\":\"R\",\"14\":\"R\",\"15\":\"R\"},\"base\":{\"0\":\"A\",\"1\":\"C\",\"2\":\"G\",\"3\":\"T\",\"4\":\"A\",\"5\":\"C\",\"6\":\"G\",\"7\":\"T\",\"8\":\"A\",\"9\":\"C\",\"10\":\"G\",\"11\":\"T\",\"12\":\"A\",\"13\":\"C\",\"14\":\"G\",\"15\":\"T\"},\"count\":{\"0\":70345,\"1\":33351,\"2\":46064,\"3\":57311,\"4\":62523,\"5\":41142,\"6\":50527,\"7\":52879,\"8\":1553,\"9\":714,\"10\":1026,\"11\":1363,\"12\":1413,\"13\":920,\"14\":1114,\"15\":1209},\"fitted\":{\"0\":70329.3742573444,\"1\":33334.5359279673,\"2\":46070.2617869832,\"3\":57336.8280277058,\"4\":62538.625742656,\"5\":41158.4640720328,\"6\":50520.7382130168,\"7\":52853.1719722945,\"8\":1568.625742656,\"9\":730.4640720328,\"10\":1019.7382130168,\"11\":1337.1719722944,\"12\":1397.374257344,\"13\":903.5359279672,\"14\":1120.2617869832,\"15\":1234.8280277056},\"ret\":{\"0\":0.0000369048,\"1\":0.00003889,\"2\":-0.0000147864,\"3\":-0.00006098,\"4\":-0.0000368961,\"5\":-0.0000388726,\"6\":0.0000147883,\"7\":0.0000610086,\"8\":-0.0000367163,\"9\":-0.0000384389,\"10\":0.0000148327,\"11\":0.000061579,\"12\":0.0000371062,\"13\":0.0000392325,\"14\":-0.000014746,\"15\":-0.0000603513}}", "deviance": 2.163508676945934, "df": 3, "rel_entropy": 2.5545970482578203e-06, "formula": "count ~ group * mut * base - group : mut : base", "prob": 0.53917174187068628}, "pos3": {"stats": "{\"group\":{\"0\":\"1\",\"1\":\"1\",\"2\":\"1\",\"3\":\"1\",\"4\":\"1\",\"5\":\"1\",\"6\":\"1\",\"7\":\"1\",\"8\":\"2\",\"9\":\"2\",\"10\":\"2\",\"11\":\"2\",\"12\":\"2\",\"13\":\"2\",\"14\":\"2\",\"15\":\"2\"},\"mut\":{\"0\":\"M\",\"1\":\"M\",\"2\":\"M\",\"3\":\"M\",\"4\":\"R\",\"5\":\"R\",\"6\":\"R\",\"7\":\"R\",\"8\":\"M\",\"9\":\"M\",\"10\":\"M\",\"11\":\"M\",\"12\":\"R\",\"13\":\"R\",\"14\":\"R\",\"15\":\"R\"},\"base\":{\"0\":\"A\",\"1\":\"C\",\"2\":\"G\",\"3\":\"T\",\"4\":\"A\",\"5\":\"C\",\"6\":\"G\",\"7\":\"T\",\"8\":\"A\",\"9\":\"C\",\"10\":\"G\",\"11\":\"T\",\"12\":\"A\",\"13\":\"C\",\"14\":\"G\",\"15\":\"T\"},\"count\":{\"0\":49060,\"1\":35215,\"2\":58180,\"3\":64616,\"4\":63850,\"5\":41347,\"6\":46234,\"7\":55640,\"8\":1087,\"9\":785,\"10\":1277,\"11\":1507,\"12\":1460,\"13\":904,\"14\":991,\"15\":1301},\"fitted\":{\"0\":49040.7671260869,\"1\":35222.9740918822,\"2\":58192.9933635049,\"3\":64614.2654185267,\"4\":63869.2328739137,\"5\":41339.0259081179,\"6\":46221.0066364954,\"7\":55641.7345814734,\"8\":1106.2328739136,\"9\":777.0259081178,\"10\":1264.0066364953,\"11\":1508.7345814733,\"12\":1440.7671260864,\"13\":911.9740918822,\"14\":1003.9933635047,\"15\":1299.2654185267},\"ret\":{\"0\":0.0000454279,\"1\":-0.0000188289,\"2\":-0.0000306808,\"3\":0.0000040963,\"4\":-0.0000454122,\"5\":0.0000188329,\"6\":0.0000306886,\"7\":-0.0000040962,\"8\":-0.0000450219,\"9\":0.0000189274,\"10\":0.0000308414,\"11\":-0.0000040939,\"12\":0.0000457208,\"13\":-0.0000187485,\"14\":-0.0000304848,\"15\":0.000004099}}", "deviance": 1.073061305461568, "df": 3, "rel_entropy": 1.2670340880728108e-06, "formula": "count ~ group * mut * base - group : mut : base", "prob": 0.783580845715666}, "pos0": {"stats": "{\"group\":{\"0\":\"1\",\"1\":\"1\",\"2\":\"1\",\"3\":\"1\",\"4\":\"1\",\"5\":\"1\",\"6\":\"1\",\"7\":\"1\",\"8\":\"2\",\"9\":\"2\",\"10\":\"2\",\"11\":\"2\",\"12\":\"2\",\"13\":\"2\",\"14\":\"2\",\"15\":\"2\"},\"mut\":{\"0\":\"M\",\"1\":\"M\",\"2\":\"M\",\"3\":\"M\",\"4\":\"R\",\"5\":\"R\",\"6\":\"R\",\"7\":\"R\",\"8\":\"M\",\"9\":\"M\",\"10\":\"M\",\"11\":\"M\",\"12\":\"R\",\"13\":\"R\",\"14\":\"R\",\"15\":\"R\"},\"base\":{\"0\":\"A\",\"1\":\"C\",\"2\":\"G\",\"3\":\"T\",\"4\":\"A\",\"5\":\"C\",\"6\":\"G\",\"7\":\"T\",\"8\":\"A\",\"9\":\"C\",\"10\":\"G\",\"11\":\"T\",\"12\":\"A\",\"13\":\"C\",\"14\":\"G\",\"15\":\"T\"},\"count\":{\"0\":55876,\"1\":45885,\"2\":41941,\"3\":63369,\"4\":61624,\"5\":44687,\"6\":46375,\"7\":54385,\"8\":1254,\"9\":1008,\"10\":924,\"11\":1470,\"12\":1377,\"13\":938,\"14\":1072,\"15\":1269},\"fitted\":{\"0\":55879.583958505,\"1\":45907.2532056165,\"2\":41918.2353611616,\"3\":63365.9274747159,\"4\":61620.4160414943,\"5\":44664.7467943831,\"6\":46397.7646388381,\"7\":54388.0725252836,\"8\":1250.4160414947,\"9\":985.7467943833,\"10\":946.7646388383,\"11\":1473.0725252838,\"12\":1380.5839585053,\"13\":960.2532056167,\"14\":1049.2353611617,\"15\":1265.9274747162},\"ret\":{\"0\":-0.0000084634,\"1\":-0.0000525389,\"2\":0.000053774,\"3\":0.000007256,\"4\":0.0000084639,\"5\":0.0000525647,\"6\":-0.0000537462,\"7\":-0.0000072557,\"8\":0.0000084757,\"9\":0.0000531404,\"10\":-0.0000531079,\"11\":-0.0000072483,\"12\":-0.0000084526,\"13\":-0.000051938,\"14\":0.0000543384,\"15\":0.0000072647}}", "deviance": 2.1401519417675594, "df": 3, "rel_entropy": 2.527018214218734e-06, "formula": "count ~ group * mut * base - group : mut : base", "prob": 0.54383255659361152}, "pos1": {"stats": "{\"group\":{\"0\":\"1\",\"1\":\"1\",\"2\":\"1\",\"3\":\"1\",\"4\":\"1\",\"5\":\"1\",\"6\":\"1\",\"7\":\"1\",\"8\":\"2\",\"9\":\"2\",\"10\":\"2\",\"11\":\"2\",\"12\":\"2\",\"13\":\"2\",\"14\":\"2\",\"15\":\"2\"},\"mut\":{\"0\":\"M\",\"1\":\"M\",\"2\":\"M\",\"3\":\"M\",\"4\":\"R\",\"5\":\"R\",\"6\":\"R\",\"7\":\"R\",\"8\":\"M\",\"9\":\"M\",\"10\":\"M\",\"11\":\"M\",\"12\":\"R\",\"13\":\"R\",\"14\":\"R\",\"15\":\"R\"},\"base\":{\"0\":\"A\",\"1\":\"C\",\"2\":\"G\",\"3\":\"T\",\"4\":\"A\",\"5\":\"C\",\"6\":\"G\",\"7\":\"T\",\"8\":\"A\",\"9\":\"C\",\"10\":\"G\",\"11\":\"T\",\"12\":\"A\",\"13\":\"C\",\"14\":\"G\",\"15\":\"T\"},\"count\":{\"0\":83116,\"1\":14169,\"2\":50977,\"3\":58809,\"4\":72379,\"5\":8196,\"6\":50826,\"7\":75670,\"8\":1852,\"9\":335,\"10\":1170,\"11\":1299,\"12\":1665,\"13\":177,\"14\":1129,\"15\":1685},\"fitted\":{\"0\":83090.3412189747,\"1\":14179.6162296096,\"2\":50996.4627899366,\"3\":58804.5797614778,\"4\":72404.6587810243,\"5\":8185.3837703903,\"6\":50806.5372100632,\"7\":75674.4202385218,\"8\":1877.6587810244,\"9\":324.3837703904,\"10\":1150.5372100633,\"11\":1303.420238522,\"12\":1639.3412189756,\"13\":187.6162296097,\"14\":1148.4627899367,\"15\":1680.579761478},\"ret\":{\"0\":0.0000606034,\"1\":-0.0000250612,\"2\":-0.0000459532,\"3\":0.0000104389,\"4\":-0.0000605833,\"5\":0.0000250868,\"6\":0.0000459708,\"7\":-0.0000104382,\"8\":-0.0000601781,\"9\":0.0000254764,\"10\":0.0000463486,\"11\":-0.0000104208,\"12\":0.0000610658,\"13\":-0.0000243475,\"14\":-0.0000455703,\"15\":0.0000104522}}", "deviance": 2.4477997188530516, "df": 3, "rel_entropy": 2.8902781870676054e-06, "formula": "count ~ group * mut * base - group : mut : base", "prob": 0.48479874643476017}}