{"pos2": {"stats": "{\"group\":{\"0\":\"1\",\"1\":\"1\",\"2\":\"1\",\"3\":\"1\",\"4\":\"1\",\"5\":\"1\",\"6\":\"1\",\"7\":\"1\",\"8\":\"2\",\"9\":\"2\",\"10\":\"2\",\"11\":\"2\",\"12\":\"2\",\"13\":\"2\",\"14\":\"2\",\"15\":\"2\"},\"mut\":{\"0\":\"M\",\"1\":\"M\",\"2\":\"M\",\"3\":\"M\",\"4\":\"R\",\"5\":\"R\",\"6\":\"R\",\"7\":\"R\",\"8\":\"M\",\"9\":\"M\",\"10\":\"M\",\"11\":\"M\",\"12\":\"R\",\"13\":\"R\",\"14\":\"R\",\"15\":\"R\"},\"base\":{\"0\":\"A\",\"1\":\"C\",\"2\":\"G\",\"3\":\"T\",\"4\":\"A\",\"5\":\"C\",\"6\":\"G\",\"7\":\"T\",\"8\":\"A\",\"9\":\"C\",\"10\":\"G\",\"11\":\"T\",\"12\":\"A\",\"13\":\"C\",\"14\":\"G\",\"15\":\"T\"},\"count\":{\"0\":225958,\"1\":180819,\"2\":208048,\"3\":492947,\"4\":357989,\"5\":191761,\"6\":267455,\"7\":290567,\"8\":6881,\"9\":8377,\"10\":10349,\"11\":17372,\"12\":12440,\"13\":8452,\"14\":11982,\"15\":10105},\"fitted\":{\"0\":225324.0728880431,\"1\":180967.2262694967,\"2\":208532.140194068,\"3\":492948.56064841,\"4\":358622.9271119699,\"5\":191612.7737305076,\"6\":266970.8598059369,\"7\":290565.4393515984,\"8\":7514.927112002,\"9\":8228.7737305057,\"10\":9864.8598059374,\"11\":17370.4393515957,\"12\":11806.0728880715,\"13\":8600.2262694951,\"14\":12466.1401940664,\"15\":10106.5606484055},\"ret\":{\"0\":0.0002758277,\"1\":-0.0000643778,\"2\":-0.000210114,\"3\":-0.0000006781,\"4\":-0.000275197,\"5\":0.000064429,\"6\":0.000210549,\"7\":0.0000006781,\"8\":-0.0002634819,\"9\":0.0000649808,\"10\":0.0002154378,\"11\":0.0000006781,\"12\":0.0002827066,\"13\":-0.0000638459,\"14\":-0.0002062197,\"15\":-0.000000678}}", "deviance": 141.28802247906208, "df": 3, "rel_entropy": 3.0694742494045645e-05, "formula": "count ~ group * mut * base - group : mut : base", "prob": 1.9940236769281353e-30}, "pos3": {"stats": "{\"group\":{\"0\":\"1\",\"1\":\"1\",\"2\":\"1\",\"3\":\"1\",\"4\":\"1\",\"5\":\"1\",\"6\":\"1\",\"7\":\"1\",\"8\":\"2\",\"9\":\"2\",\"10\":\"2\",\"11\":\"2\",\"12\":\"2\",\"13\":\"2\",\"14\":\"2\",\"15\":\"2\"},\"mut\":{\"0\":\"M\",\"1\":\"M\",\"2\":\"M\",\"3\":\"M\",\"4\":\"R\",\"5\":\"R\",\"6\":\"R\",\"7\":\"R\",\"8\":\"M\",\"9\":\"M\",\"10\":\"M\",\"11\":\"M\",\"12\":\"R\",\"13\":\"R\",\"14\":\"R\",\"15\":\"R\"},\"base\":{\"0\":\"A\",\"1\":\"C\",\"2\":\"G\",\"3\":\"T\",\"4\":\"A\",\"5\":\"C\",\"6\":\"G\",\"7\":\"T\",\"8\":\"A\",\"9\":\"C\",\"10\":\"G\",\"11\":\"T\",\"12\":\"A\",\"13\":\"C\",\"14\":\"G\",\"15\":\"T\"},\"count\":{\"0\":392282,\"1\":177171,\"2\":241838,\"3\":296481,\"4\":369736,\"5\":203046,\"6\":223456,\"7\":311534,\"8\":11990,\"9\":9429,\"10\":11584,\"11\":9976,\"12\":12954,\"13\":9346,\"14\":10030,\"15\":10649},\"fitted\":{\"0\":391434.476633835,\"1\":177801.9951380771,\"2\":242152.4528202652,\"3\":296383.0754078287,\"4\":370583.5233661696,\"5\":202415.0048619239,\"6\":223141.5471797349,\"7\":311631.9245921735,\"8\":12837.5233662164,\"9\":8798.0048619532,\"10\":11269.547179735,\"11\":10073.9245921723,\"12\":12106.4766338726,\"13\":9976.9951381081,\"14\":10344.4528202652,\"15\":10551.0754078278},\"ret\":{\"0\":0.0003686463,\"1\":-0.0002736796,\"2\":-0.0001365406,\"3\":0.0000425552,\"4\":-0.0003678265,\"5\":0.0002745936,\"6\":0.0001367256,\"7\":-0.0000425414,\"8\":-0.0003558155,\"9\":0.0002837714,\"10\":0.0001385181,\"11\":-0.0000423407,\"12\":0.000380847,\"13\":-0.000265308,\"14\":-0.0001345314,\"15\":0.000042745}}", "deviance": 229.31354342009158, "df": 3, "rel_entropy": 4.981823683405262e-05, "formula": "count ~ group * mut * base - group : mut : base", "prob": 1.946405403454981e-49}, "pos0": {"stats": "{\"group\":{\"0\":\"1\",\"1\":\"1\",\"2\":\"1\",\"3\":\"1\",\"4\":\"1\",\"5\":\"1\",\"6\":\"1\",\"7\":\"1\",\"8\":\"2\",\"9\":\"2\",\"10\":\"2\",\"11\":\"2\",\"12\":\"2\",\"13\":\"2\",\"14\":\"2\",\"15\":\"2\"},\"mut\":{\"0\":\"M\",\"1\":\"M\",\"2\":\"M\",\"3\":\"M\",\"4\":\"R\",\"5\":\"R\",\"6\":\"R\",\"7\":\"R\",\"8\":\"M\",\"9\":\"M\",\"10\":\"M\",\"11\":\"M\",\"12\":\"R\",\"13\":\"R\",\"14\":\"R\",\"15\":\"R\"},\"base\":{\"0\":\"A\",\"1\":\"C\",\"2\":\"G\",\"3\":\"T\",\"4\":\"A\",\"5\":\"C\",\"6\":\"G\",\"7\":\"T\",\"8\":\"A\",\"9\":\"C\",\"10\":\"G\",\"11\":\"T\",\"12\":\"A\",\"13\":\"C\",\"14\":\"G\",\"15\":\"T\"},\"count\":{\"0\":343957,\"1\":328115,\"2\":205705,\"3\":229995,\"4\":370266,\"5\":195997,\"6\":232566,\"7\":308943,\"8\":10635,\"9\":16031,\"10\":9140,\"11\":7173,\"12\":12911,\"13\":8442,\"14\":10662,\"15\":10964},\"fitted\":{\"0\":343472.4383258056,\"1\":328983.6709296185,\"2\":205721.0233436445,\"3\":229594.8674009224,\"4\":370750.5616741875,\"5\":195128.3290703781,\"6\":232549.9766563528,\"7\":309343.1325990745,\"8\":11119.5616741898,\"9\":15162.3290704697,\"10\":9123.9766563553,\"11\":7573.1325990762,\"12\":12426.4383258141,\"13\":9310.6709297103,\"14\":10678.0233436463,\"15\":10563.8674009279},\"ret\":{\"0\":0.0002106899,\"1\":-0.0003769378,\"2\":-0.0000069619,\"3\":0.0001740086,\"4\":-0.0002104038,\"5\":0.0003782754,\"6\":0.0000069624,\"7\":-0.0001737447,\"8\":-0.0002058859,\"9\":0.0003880477,\"10\":0.0000069682,\"11\":-0.0001691811,\"12\":0.0002145941,\"13\":-0.0003592548,\"14\":-0.0000069569,\"15\":0.000177109}}", "deviance": 217.85308315337767, "df": 3, "rel_entropy": 4.7328458361838846e-05, "formula": "count ~ group * mut * base - group : mut : base", "prob": 5.8452884783206135e-47}, "pos1": {"stats": "{\"group\":{\"0\":\"1\",\"1\":\"1\",\"2\":\"1\",\"3\":\"1\",\"4\":\"1\",\"5\":\"1\",\"6\":\"1\",\"7\":\"1\",\"8\":\"2\",\"9\":\"2\",\"10\":\"2\",\"11\":\"2\",\"12\":\"2\",\"13\":\"2\",\"14\":\"2\",\"15\":\"2\"},\"mut\":{\"0\":\"M\",\"1\":\"M\",\"2\":\"M\",\"3\":\"M\",\"4\":\"R\",\"5\":\"R\",\"6\":\"R\",\"7\":\"R\",\"8\":\"M\",\"9\":\"M\",\"10\":\"M\",\"11\":\"M\",\"12\":\"R\",\"13\":\"R\",\"14\":\"R\",\"15\":\"R\"},\"base\":{\"0\":\"A\",\"1\":\"C\",\"2\":\"G\",\"3\":\"T\",\"4\":\"A\",\"5\":\"C\",\"6\":\"G\",\"7\":\"T\",\"8\":\"A\",\"9\":\"C\",\"10\":\"G\",\"11\":\"T\",\"12\":\"A\",\"13\":\"C\",\"14\":\"G\",\"15\":\"T\"},\"count\":{\"0\":318688,\"1\":335235,\"2\":143675,\"3\":310174,\"4\":356895,\"5\":275720,\"6\":225645,\"7\":249512,\"8\":12584,\"9\":16592,\"10\":6370,\"11\":7433,\"12\":12443,\"13\":12386,\"14\":10351,\"15\":7799},\"fitted\":{\"0\":319349.6409713656,\"1\":335794.337945988,\"2\":143489.801330567,\"3\":309138.219752082,\"4\":356233.3590286351,\"5\":275160.6620540139,\"6\":225830.1986694332,\"7\":250547.7802479199,\"8\":11922.3590286345,\"9\":16032.6620540129,\"10\":6555.1986694334,\"11\":8468.7802479193,\"12\":13104.6409713656,\"13\":12945.3379459872,\"14\":10165.8013305667,\"15\":6763.2197520807},\"ret\":{\"0\":-0.0002871842,\"1\":-0.0002428292,\"2\":0.0000805205,\"3\":0.0004507984,\"4\":0.0002877491,\"5\":0.0002432785,\"6\":-0.0000804356,\"7\":-0.0004491138,\"8\":0.0002953157,\"9\":0.0002472226,\"10\":-0.000079321,\"11\":-0.0004213277,\"12\":-0.0002800996,\"13\":-0.000237704,\"14\":0.0000811972,\"15\":0.0004828715}}", "deviance": 418.59023592071884, "df": 3, "rel_entropy": 9.093849058586932e-05, "formula": "count ~ group * mut * base - group : mut : base", "prob": 2.0804324221702916e-90}}