{"pos2": {"stats": "{\"mut\":{\"0\":\"M\",\"1\":\"M\",\"2\":\"M\",\"3\":\"M\",\"4\":\"R\",\"5\":\"R\",\"6\":\"R\",\"7\":\"R\"},\"base\":{\"0\":\"A\",\"1\":\"C\",\"2\":\"G\",\"3\":\"T\",\"4\":\"A\",\"5\":\"C\",\"6\":\"G\",\"7\":\"T\"},\"count\":{\"0\":1035,\"1\":976,\"2\":258,\"3\":891,\"4\":1197,\"5\":801,\"6\":142,\"7\":1020},\"fitted\":{\"0\":1116.0,\"1\":888.5,\"2\":200.0,\"3\":955.5,\"4\":1116.0,\"5\":888.5,\"6\":200.0,\"7\":955.5},\"ret\":{\"0\":-0.0123396626,\"1\":0.0145053273,\"2\":0.0103952045,\"3\":-0.0098532104,\"4\":0.0132707077,\"5\":-0.0131396573,\"6\":-0.0076951937,\"7\":0.0105426591}}", "deviance": 71.87324685862342, "df": 3, "rel_entropy": 0.0056861745932455235, "formula": "count ~ mut * base - mut : base", "prob": 1.6946015970553693e-15}, "pos3": {"stats": "{\"mut\":{\"0\":\"M\",\"1\":\"M\",\"2\":\"M\",\"3\":\"M\",\"4\":\"R\",\"5\":\"R\",\"6\":\"R\",\"7\":\"R\"},\"base\":{\"0\":\"A\",\"1\":\"C\",\"2\":\"G\",\"3\":\"T\",\"4\":\"A\",\"5\":\"C\",\"6\":\"G\",\"7\":\"T\"},\"count\":{\"0\":1016,\"1\":717,\"2\":556,\"3\":871,\"4\":850,\"5\":726,\"6\":665,\"7\":919},\"fitted\":{\"0\":933.0000000284,\"1\":721.4999999997,\"2\":610.500000019,\"3\":894.9999999997,\"4\":933.0000000291,\"5\":721.5000000003,\"6\":610.5000000194,\"7\":895.0000000003},\"ret\":{\"0\":0.013700475,\"1\":-0.0007098002,\"2\":-0.0082265126,\"3\":-0.0037460913,\"4\":-0.0125306208,\"5\":0.0007142412,\"6\":0.0089973603,\"7\":0.003847935}}", "deviance": 25.873909929292573, "df": 3, "rel_entropy": 0.0020469865450389695, "formula": "count ~ mut * base - mut : base", "prob": 1.0135100408299241e-05}, "pos0": {"stats": "{\"mut\":{\"0\":\"M\",\"1\":\"M\",\"2\":\"M\",\"3\":\"M\",\"4\":\"R\",\"5\":\"R\",\"6\":\"R\",\"7\":\"R\"},\"base\":{\"0\":\"A\",\"1\":\"C\",\"2\":\"G\",\"3\":\"T\",\"4\":\"A\",\"5\":\"C\",\"6\":\"G\",\"7\":\"T\"},\"count\":{\"0\":1032,\"1\":661,\"2\":588,\"3\":879,\"4\":843,\"5\":724,\"6\":630,\"7\":963},\"fitted\":{\"0\":937.5,\"1\":692.5,\"2\":609.0,\"3\":921.0,\"4\":937.5,\"5\":692.5,\"6\":609.0,\"7\":921.0},\"ret\":{\"0\":0.0156820219,\"1\":-0.0048690597,\"2\":-0.0032648253,\"3\":-0.0064916846,\"4\":-0.0141722439,\"5\":0.005095855,\"6\":0.0033794268,\"7\":0.006794845}}", "deviance": 27.230797634273927, "df": 3, "rel_entropy": 0.002154335255876102, "formula": "count ~ mut * base - mut : base", "prob": 5.2665748520700415e-06}, "pos1": {"stats": "{\"mut\":{\"0\":\"M\",\"1\":\"M\",\"2\":\"M\",\"3\":\"M\",\"4\":\"R\",\"5\":\"R\",\"6\":\"R\",\"7\":\"R\"},\"base\":{\"0\":\"A\",\"1\":\"C\",\"2\":\"G\",\"3\":\"T\",\"4\":\"A\",\"5\":\"C\",\"6\":\"G\",\"7\":\"T\"},\"count\":{\"0\":925,\"1\":640,\"2\":751,\"3\":844,\"4\":816,\"5\":756,\"6\":647,\"7\":941},\"fitted\":{\"0\":870.5000000017,\"1\":698.0000000125,\"2\":699.0000000052,\"3\":892.5000000006,\"4\":870.5000000015,\"5\":698.0000000124,\"6\":699.0000000051,\"7\":892.5000000005},\"ret\":{\"0\":0.0088879003,\"1\":-0.0087849039,\"2\":0.0085265723,\"3\":-0.007461657,\"4\":-0.0083476547,\"5\":0.0095483606,\"6\":-0.0079139205,\"7\":0.0078788837}}", "deviance": 29.496460321750206, "df": 3, "rel_entropy": 0.002333580721657453, "formula": "count ~ mut * base - mut : base", "prob": 1.7611196306250591e-06}}