{"('pos1', 'pos2')": {"stats": "{\"mut\":{\"0\":\"M\",\"1\":\"M\",\"2\":\"M\",\"3\":\"M\",\"4\":\"M\",\"5\":\"M\",\"6\":\"M\",\"7\":\"M\",\"8\":\"M\",\"9\":\"M\",\"10\":\"M\",\"11\":\"M\",\"12\":\"M\",\"13\":\"M\",\"14\":\"M\",\"15\":\"M\",\"16\":\"R\",\"17\":\"R\",\"18\":\"R\",\"19\":\"R\",\"20\":\"R\",\"21\":\"R\",\"22\":\"R\",\"23\":\"R\",\"24\":\"R\",\"25\":\"R\",\"26\":\"R\",\"27\":\"R\",\"28\":\"R\",\"29\":\"R\",\"30\":\"R\",\"31\":\"R\"},\"base1\":{\"0\":\"A\",\"1\":\"A\",\"2\":\"A\",\"3\":\"A\",\"4\":\"C\",\"5\":\"C\",\"6\":\"C\",\"7\":\"C\",\"8\":\"G\",\"9\":\"G\",\"10\":\"G\",\"11\":\"G\",\"12\":\"T\",\"13\":\"T\",\"14\":\"T\",\"15\":\"T\",\"16\":\"A\",\"17\":\"A\",\"18\":\"A\",\"19\":\"A\",\"20\":\"C\",\"21\":\"C\",\"22\":\"C\",\"23\":\"C\",\"24\":\"G\",\"25\":\"G\",\"26\":\"G\",\"27\":\"G\",\"28\":\"T\",\"29\":\"T\",\"30\":\"T\",\"31\":\"T\"},\"base2\":{\"0\":\"A\",\"1\":\"C\",\"2\":\"G\",\"3\":\"T\",\"4\":\"A\",\"5\":\"C\",\"6\":\"G\",\"7\":\"T\",\"8\":\"A\",\"9\":\"C\",\"10\":\"G\",\"11\":\"T\",\"12\":\"A\",\"13\":\"C\",\"14\":\"G\",\"15\":\"T\",\"16\":\"A\",\"17\":\"C\",\"18\":\"G\",\"19\":\"T\",\"20\":\"A\",\"21\":\"C\",\"22\":\"G\",\"23\":\"T\",\"24\":\"A\",\"25\":\"C\",\"26\":\"G\",\"27\":\"T\",\"28\":\"A\",\"29\":\"C\",\"30\":\"G\",\"31\":\"T\"},\"count\":{\"0\":333,\"1\":356,\"2\":57,\"3\":179,\"4\":193,\"5\":204,\"6\":61,\"7\":182,\"8\":292,\"9\":205,\"10\":93,\"11\":161,\"12\":217,\"13\":211,\"14\":47,\"15\":369,\"16\":344,\"17\":199,\"18\":37,\"19\":236,\"20\":280,\"21\":192,\"22\":41,\"23\":243,\"24\":228,\"25\":171,\"26\":35,\"27\":213,\"28\":345,\"29\":239,\"30\":29,\"31\":328},\"fitted\":{\"0\":332.9703555755,\"1\":320.9431710044,\"2\":63.0589968599,\"3\":208.0274765602,\"4\":197.5791155261,\"5\":199.6050680033,\"6\":61.3721294758,\"7\":181.4436869948,\"8\":257.4461992162,\"9\":218.6252559109,\"10\":86.2350037255,\"11\":188.6935411475,\"12\":247.0043296822,\"13\":236.8265050814,\"14\":47.3338699388,\"15\":312.8352952975,\"16\":344.0296444245,\"17\":234.0568289956,\"18\":30.9410031401,\"19\":206.9725234398,\"20\":275.4208844739,\"21\":196.3949319967,\"22\":40.6278705242,\"23\":243.5563130052,\"24\":262.5538007838,\"25\":157.3747440891,\"26\":41.7649962745,\"27\":185.3064588525,\"28\":314.9956703178,\"29\":213.1734949186,\"30\":28.6661300612,\"31\":384.1647047025},\"ret\":{\"0\":0.0000046908,\"1\":0.0058394511,\"2\":-0.0009110934,\"3\":-0.0042564717,\"4\":-0.0007160819,\"5\":0.0007030008,\"6\":-0.0000587024,\"7\":0.000088159,\"8\":0.0058188872,\"9\":-0.0020872738,\"10\":0.00111134,\"11\":-0.0040433382,\"12\":-0.0044467321,\"13\":-0.00385508,\"14\":-0.0000526408,\"15\":0.0096406975,\"16\":-0.0000046904,\"17\":-0.0051091084,\"18\":0.0010469808,\"19\":0.0049009492,\"20\":0.0007305336,\"21\":-0.0006875611,\"22\":0.0000591501,\"23\":-0.0000879236,\"24\":-0.0050906912,\"25\":0.0022466394,\"26\":-0.0009786184,\"27\":0.0046941283,\"28\":0.004966773,\"29\":0.0043245835,\"30\":0.000053134,\"31\":-0.0082029982}}", "deviance": 71.290773798499, "df": 9, "rel_entropy": 0.005640092863805301, "formula": "count ~ mut * base1 * base2 - mut : base1 : base2", "prob": 8.4972845395737641e-12}, "('pos1', 'pos3')": {"stats": "{\"mut\":{\"0\":\"M\",\"1\":\"M\",\"2\":\"M\",\"3\":\"M\",\"4\":\"M\",\"5\":\"M\",\"6\":\"M\",\"7\":\"M\",\"8\":\"M\",\"9\":\"M\",\"10\":\"M\",\"11\":\"M\",\"12\":\"M\",\"13\":\"M\",\"14\":\"M\",\"15\":\"M\",\"16\":\"R\",\"17\":\"R\",\"18\":\"R\",\"19\":\"R\",\"20\":\"R\",\"21\":\"R\",\"22\":\"R\",\"23\":\"R\",\"24\":\"R\",\"25\":\"R\",\"26\":\"R\",\"27\":\"R\",\"28\":\"R\",\"29\":\"R\",\"30\":\"R\",\"31\":\"R\"},\"base1\":{\"0\":\"A\",\"1\":\"A\",\"2\":\"A\",\"3\":\"A\",\"4\":\"C\",\"5\":\"C\",\"6\":\"C\",\"7\":\"C\",\"8\":\"G\",\"9\":\"G\",\"10\":\"G\",\"11\":\"G\",\"12\":\"T\",\"13\":\"T\",\"14\":\"T\",\"15\":\"T\",\"16\":\"A\",\"17\":\"A\",\"18\":\"A\",\"19\":\"A\",\"20\":\"C\",\"21\":\"C\",\"22\":\"C\",\"23\":\"C\",\"24\":\"G\",\"25\":\"G\",\"26\":\"G\",\"27\":\"G\",\"28\":\"T\",\"29\":\"T\",\"30\":\"T\",\"31\":\"T\"},\"base2\":{\"0\":\"A\",\"1\":\"C\",\"2\":\"G\",\"3\":\"T\",\"4\":\"A\",\"5\":\"C\",\"6\":\"G\",\"7\":\"T\",\"8\":\"A\",\"9\":\"C\",\"10\":\"G\",\"11\":\"T\",\"12\":\"A\",\"13\":\"C\",\"14\":\"G\",\"15\":\"T\",\"16\":\"A\",\"17\":\"C\",\"18\":\"G\",\"19\":\"T\",\"20\":\"A\",\"21\":\"C\",\"22\":\"G\",\"23\":\"T\",\"24\":\"A\",\"25\":\"C\",\"26\":\"G\",\"27\":\"T\",\"28\":\"A\",\"29\":\"C\",\"30\":\"G\",\"31\":\"T\"},\"count\":{\"0\":345,\"1\":211,\"2\":125,\"3\":244,\"4\":172,\"5\":161,\"6\":127,\"7\":180,\"8\":242,\"9\":129,\"10\":202,\"11\":178,\"12\":257,\"13\":216,\"14\":102,\"15\":269,\"16\":239,\"17\":175,\"18\":167,\"19\":235,\"20\":199,\"21\":178,\"22\":169,\"23\":210,\"24\":172,\"25\":126,\"26\":152,\"27\":197,\"28\":240,\"29\":247,\"30\":177,\"31\":277},\"fitted\":{\"0\":333.0879341352,\"1\":204.173715644,\"2\":140.483266404,\"3\":247.2550838168,\"4\":186.4816223367,\"5\":156.2382823695,\"6\":122.4812259023,\"7\":174.7988693914,\"8\":240.8267796122,\"9\":137.8303692715,\"10\":174.4225207206,\"11\":197.9203303956,\"12\":255.6036639159,\"13\":218.757632715,\"14\":118.612986973,\"15\":251.0257163961,\"16\":250.9120658648,\"17\":181.826284356,\"18\":151.516733596,\"19\":231.7449161832,\"20\":184.5183776633,\"21\":182.7617176305,\"22\":173.5187740977,\"23\":215.2011306086,\"24\":173.1732203878,\"25\":117.1696307285,\"26\":179.5774792794,\"27\":177.0796696044,\"28\":241.3963360841,\"29\":244.242367285,\"30\":160.387013027,\"31\":294.9742836039},\"ret\":{\"0\":0.0019181288,\"1\":0.0010979664,\"2\":-0.0023096251,\"3\":-0.0005116397,\"4\":-0.0022000274,\"5\":0.0007648028,\"6\":0.000728026,\"7\":0.0008350877,\"8\":0.0001860876,\"9\":-0.0013514652,\"10\":0.0046916118,\"11\":-0.0029877251,\"12\":0.0002215416,\"13\":-0.0004335725,\"14\":-0.0024353012,\"15\":0.0029435065,\"16\":-0.0018393542,\"17\":-0.0010595745,\"18\":0.0025710004,\"19\":0.0005186452,\"20\":0.00237905,\"21\":-0.0007435349,\"22\":-0.0007056041,\"23\":-0.0008129376,\"24\":-0.0001850059,\"25\":0.0014485851,\"26\":-0.0040098714,\"27\":0.0033229407,\"28\":-0.000220299,\"29\":0.0004387883,\"30\":0.002760304,\"31\":-0.0027555659}}", "deviance": 28.629211772256532, "df": 9, "rel_entropy": 0.002264969285779789, "formula": "count ~ mut * base1 * base2 - mut : base1 : base2", "prob": 0.00074823128754123076},