{"pos1": {"rel_entropy": 1.4621287925940883e-05, "deviance": 27.301278211378744, "formula": "count ~ group * mut * base - group : mut : base", "stats": "{\"group\":{\"0\":\"1\",\"1\":\"1\",\"2\":\"1\",\"3\":\"1\",\"4\":\"1\",\"5\":\"1\",\"6\":\"1\",\"7\":\"1\",\"8\":\"2\",\"9\":\"2\",\"10\":\"2\",\"11\":\"2\",\"12\":\"2\",\"13\":\"2\",\"14\":\"2\",\"15\":\"2\"},\"mut\":{\"0\":\"M\",\"1\":\"M\",\"2\":\"M\",\"3\":\"M\",\"4\":\"R\",\"5\":\"R\",\"6\":\"R\",\"7\":\"R\",\"8\":\"M\",\"9\":\"M\",\"10\":\"M\",\"11\":\"M\",\"12\":\"R\",\"13\":\"R\",\"14\":\"R\",\"15\":\"R\"},\"base\":{\"0\":\"A\",\"1\":\"C\",\"2\":\"G\",\"3\":\"T\",\"4\":\"A\",\"5\":\"C\",\"6\":\"G\",\"7\":\"T\",\"8\":\"A\",\"9\":\"C\",\"10\":\"G\",\"11\":\"T\",\"12\":\"A\",\"13\":\"C\",\"14\":\"G\",\"15\":\"T\"},\"count\":{\"0\":66319,\"1\":57713,\"2\":28951,\"3\":37167,\"4\":64102,\"5\":45445,\"6\":36914,\"7\":43689,\"8\":94878,\"9\":84791,\"10\":43590,\"11\":53398,\"12\":90995,\"13\":68940,\"14\":55790,\"15\":60932},\"fitted\":{\"0\":66477.1380724466,\"1\":57231.9865542871,\"2\":28918.6981097283,\"3\":37522.1772635397,\"4\":63943.8619275549,\"5\":45926.0134457132,\"6\":36946.3018902718,\"7\":43333.8227364608,\"8\":94719.8619275551,\"9\":85272.0134457136,\"10\":43622.3018902719,\"11\":53042.8227364608,\"12\":91153.1380724459,\"13\":68458.9865542871,\"14\":55757.6981097285,\"15\":61287.1772635397},\"ret\":{\"0\":-0.0001691811,\"1\":0.0005173757,\"2\":0.0000346181,\"3\":-0.0003786264,\"4\":0.000169592,\"5\":-0.000512509,\"6\":-0.0000345836,\"7\":0.0003819875,\"8\":0.000169524,\"9\":-0.0005137607,\"10\":-0.000034586,\"11\":0.0003817035,\"12\":-0.0001692357,\"13\":0.0005170224,\"14\":0.0000346088,\"15\":-0.0003793282}}", "prob": 5.090350297464327e-06, "df": 3}, "pos0": {"rel_entropy": 1.4868286830718958e-05, "deviance": 27.7624814823497, "formula": "count ~ group * mut * base - group : mut : base", "stats": "{\"group\":{\"0\":\"1\",\"1\":\"1\",\"2\":\"1\",\"3\":\"1\",\"4\":\"1\",\"5\":\"1\",\"6\":\"1\",\"7\":\"1\",\"8\":\"2\",\"9\":\"2\",\"10\":\"2\",\"11\":\"2\",\"12\":\"2\",\"13\":\"2\",\"14\":\"2\",\"15\":\"2\"},\"mut\":{\"0\":\"M\",\"1\":\"M\",\"2\":\"M\",\"3\":\"M\",\"4\":\"R\",\"5\":\"R\",\"6\":\"R\",\"7\":\"R\",\"8\":\"M\",\"9\":\"M\",\"10\":\"M\",\"11\":\"M\",\"12\":\"R\",\"13\":\"R\",\"14\":\"R\",\"15\":\"R\"},\"base\":{\"0\":\"A\",\"1\":\"C\",\"2\":\"G\",\"3\":\"T\",\"4\":\"A\",\"5\":\"C\",\"6\":\"G\",\"7\":\"T\",\"8\":\"A\",\"9\":\"C\",\"10\":\"G\",\"11\":\"T\",\"12\":\"A\",\"13\":\"C\",\"14\":\"G\",\"15\":\"T\"},\"count\":{\"0\":64808,\"1\":34370,\"2\":36056,\"3\":54916,\"4\":66152,\"5\":32920,\"6\":38080,\"7\":52998,\"8\":91601,\"9\":53425,\"10\":52775,\"11\":78856,\"12\":94644,\"13\":49376,\"14\":57421,\"15\":75216},\"fitted\":{\"0\":64579.3396411019,\"1\":34735.3447896232,\"2\":35729.5489445058,\"3\":55105.7666247684,\"4\":66380.6603588973,\"5\":32554.6552103767,\"6\":38406.4510554943,\"7\":52808.2333752315,\"8\":91829.6603588974,\"9\":53059.6552103767,\"10\":53101.451055494,\"11\":78666.2333752316,\"12\":94415.3396411024,\"13\":49741.3447896232,\"14\":57094.5489445056,\"15\":75405.7666247683},\"ret\":{\"0\":0.0002453527,\"1\":-0.000389258,\"2\":0.0003512564,\"3\":-0.0002029099,\"4\":-0.0002444973,\"5\":0.0003935108,\"6\":-0.0003481736,\"7\":0.000203625,\"8\":-0.0002446144,\"9\":0.0003926673,\"10\":-0.0003485868,\"11\":0.0002035052,\"12\":0.0002452159,\"13\":-0.0003898825,\"14\":0.0003506616,\"15\":-0.0002030043}}", "prob": 4.073775454979153e-06, "df": 3}, "pos2": {"rel_entropy": 1.580395515393734e-05, "deviance": 29.50958757417611, "formula": "count ~ group * mut * base - group : mut : base", "stats": "{\"group\":{\"0\":\"1\",\"1\":\"1\",\"2\":\"1\",\"3\":\"1\",\"4\":\"1\",\"5\":\"1\",\"6\":\"1\",\"7\":\"1\",\"8\":\"2\",\"9\":\"2\",\"10\":\"2\",\"11\":\"2\",\"12\":\"2\",\"13\":\"2\",\"14\":\"2\",\"15\":\"2\"},\"mut\":{\"0\":\"M\",\"1\":\"M\",\"2\":\"M\",\"3\":\"M\",\"4\":\"R\",\"5\":\"R\",\"6\":\"R\",\"7\":\"R\",\"8\":\"M\",\"9\":\"M\",\"10\":\"M\",\"11\":\"M\",\"12\":\"R\",\"13\":\"R\",\"14\":\"R\",\"15\":\"R\"},\"base\":{\"0\":\"A\",\"1\":\"C\",\"2\":\"G\",\"3\":\"T\",\"4\":\"A\",\"5\":\"C\",\"6\":\"G\",\"7\":\"T\",\"8\":\"A\",\"9\":\"C\",\"10\":\"G\",\"11\":\"T\",\"12\":\"A\",\"13\":\"C\",\"14\":\"G\",\"15\":\"T\"},\"count\":{\"0\":69605,\"1\":30420,\"2\":39100,\"3\":51025,\"4\":64082,\"5\":31393,\"6\":42988,\"7\":51687,\"8\":102131,\"9\":46755,\"10\":58825,\"11\":68946,\"12\":91283,\"13\":48009,\"14\":66283,\"15\":71082},\"fitted\":{\"0\":70165.6822350092,\"1\":30455.8861489962,\"2\":38781.8686423427,\"3\":50746.5629736503,\"4\":63521.3177649892,\"5\":31357.1138510036,\"6\":43306.131357657,\"7\":51965.4370263495,\"8\":101570.3177649892,\"9\":46719.1138510037,\"10\":59143.1313576571,\"11\":69224.4370263496,\"12\":91843.6822350103,\"13\":48044.8861489961,\"14\":65964.8686423427,\"15\":70803.5629736501},\"ret\":{\"0\":-0.0005981445,\"1\":-0.0000384152,\"2\":0.0003421464,\"3\":0.0002990524,\"4\":0.000603193,\"5\":0.0000384599,\"6\":-0.0003394979,\"7\":-0.0002974353,\"8\":0.0006022049,\"9\":0.0000384526,\"10\":-0.0003398345,\"11\":-0.0002976351,\"12\":-0.0005987135,\"13\":-0.0000384235,\"14\":0.0003415729,\"15\":0.0002988213}}", "prob": 1.7499633958794756e-06, "df": 3}, "pos3": {"rel_entropy": 6.703587801550431e-06, "deviance": 12.51712684351341, "formula": "count ~ group * mut * base - group : mut : base", "stats": "{\"group\":{\"0\":\"1\",\"1\":\"1\",\"2\":\"1\",\"3\":\"1\",\"4\":\"1\",\"5\":\"1\",\"6\":\"1\",\"7\":\"1\",\"8\":\"2\",\"9\":\"2\",\"10\":\"2\",\"11\":\"2\",\"12\":\"2\",\"13\":\"2\",\"14\":\"2\",\"15\":\"2\"},\"mut\":{\"0\":\"M\",\"1\":\"M\",\"2\":\"M\",\"3\":\"M\",\"4\":\"R\",\"5\":\"R\",\"6\":\"R\",\"7\":\"R\",\"8\":\"M\",\"9\":\"M\",\"10\":\"M\",\"11\":\"M\",\"12\":\"R\",\"13\":\"R\",\"14\":\"R\",\"15\":\"R\"},\"base\":{\"0\":\"A\",\"1\":\"C\",\"2\":\"G\",\"3\":\"T\",\"4\":\"A\",\"5\":\"C\",\"6\":\"G\",\"7\":\"T\",\"8\":\"A\",\"9\":\"C\",\"10\":\"G\",\"11\":\"T\",\"12\":\"A\",\"13\":\"C\",\"14\":\"G\",\"15\":\"T\"},\"count\":{\"0\":64047,\"1\":30854,\"2\":34563,\"3\":60686,\"4\":66403,\"5\":33392,\"6\":36691,\"7\":53664,\"8\":92828,\"9\":46055,\"10\":51719,\"11\":86055,\"12\":94160,\"13\":50561,\"14\":55464,\"15\":76472},\"fitted\":{\"0\":64435.8333629328,\"1\":30700.6328056256,\"2\":34436.9252860563,\"3\":60576.6085453852,\"4\":66014.1666370672,\"5\":33545.3671943743,\"6\":36817.0747139436,\"7\":53773.3914546144,\"8\":92439.1666370671,\"9\":46208.3671943744,\"10\":51845.0747139436,\"11\":86164.3914546146,\"12\":94548.8333629325,\"13\":50407.6328056255,\"14\":55337.9252860561,\"15\":76362.6085453852},\"ret\":{\"0\":-0.0004152228,\"1\":0.0001646822,\"2\":0.0001352863,\"3\":0.0001172756,\"4\":0.0004177061,\"5\":-0.0001638965,\"6\":-0.000134808,\"7\":-0.0001170506,\"8\":0.0004173566,\"9\":-0.0001639997,\"10\":-0.0001348751,\"11\":-0.0001170955,\"12\":-0.0004156244,\"13\":0.0001645222,\"14\":0.0001351932,\"15\":0.0001172538}}", "prob": 0.005806211901793044, "df": 3}}