{"pos2": {"formula": "count ~ mut * base - mut : base", "rel_entropy": 0.013654948968333651, "deviance": 112.62601909081596, "df": 3, "prob": 2.9863183947147236e-24, "stats": "{\"mut\":{\"0\":\"M\",\"1\":\"M\",\"2\":\"M\",\"3\":\"M\",\"4\":\"R\",\"5\":\"R\",\"6\":\"R\",\"7\":\"R\"},\"base\":{\"0\":\"A\",\"1\":\"C\",\"2\":\"G\",\"3\":\"T\",\"4\":\"A\",\"5\":\"C\",\"6\":\"G\",\"7\":\"T\"},\"count\":{\"0\":193,\"1\":333,\"2\":788,\"3\":748,\"4\":370,\"5\":464,\"6\":631,\"7\":597},\"fitted\":{\"0\":281.5000000001,\"1\":398.5,\"2\":709.5,\"3\":672.5,\"4\":281.5000000001,\"5\":398.5,\"6\":709.5,\"7\":672.5},\"ret\":{\"0\":-0.0176640048,\"1\":-0.0144993084,\"2\":0.0200511211,\"3\":0.0192987023,\"4\":0.0245264565,\"5\":0.0171217636,\"6\":-0.0179407551,\"7\":-0.0172390262}}"}, "pos3": {"formula": "count ~ mut * base - mut : base", "rel_entropy": 0.007137729757057118, "deviance": 58.87199503620711, "df": 3, "prob": 1.0237659859393288e-12, "stats": "{\"mut\":{\"0\":\"M\",\"1\":\"M\",\"2\":\"M\",\"3\":\"M\",\"4\":\"R\",\"5\":\"R\",\"6\":\"R\",\"7\":\"R\"},\"base\":{\"0\":\"A\",\"1\":\"C\",\"2\":\"G\",\"3\":\"T\",\"4\":\"A\",\"5\":\"C\",\"6\":\"G\",\"7\":\"T\"},\"count\":{\"0\":611,\"1\":598,\"2\":417,\"3\":436,\"4\":534,\"5\":471,\"6\":418,\"7\":639},\"fitted\":{\"0\":572.5,\"1\":534.5,\"2\":417.5,\"3\":537.5,\"4\":572.5,\"5\":534.5,\"6\":417.5,\"7\":537.5},\"ret\":{\"0\":0.0096426917,\"1\":0.0162781028,\"2\":-0.0001211689,\"3\":-0.0221263146,\"4\":-0.009014409,\"5\":-0.0144444915,\"6\":0.0001213141,\"7\":0.026802005}}"}, "pos0": {"formula": "count ~ mut * base - mut : base", "rel_entropy": 0.006158139424049641, "deviance": 50.79233396956144, "df": 3, "prob": 5.416703478273868e-11, "stats": "{\"mut\":{\"0\":\"M\",\"1\":\"M\",\"2\":\"M\",\"3\":\"M\",\"4\":\"R\",\"5\":\"R\",\"6\":\"R\",\"7\":\"R\"},\"base\":{\"0\":\"A\",\"1\":\"C\",\"2\":\"G\",\"3\":\"T\",\"4\":\"A\",\"5\":\"C\",\"6\":\"G\",\"7\":\"T\"},\"count\":{\"0\":569,\"1\":426,\"2\":572,\"3\":495,\"4\":479,\"5\":453,\"6\":453,\"7\":677},\"fitted\":{\"0\":524.0,\"1\":439.5,\"2\":512.5,\"3\":586.0,\"4\":524.0,\"5\":439.5,\"6\":512.5,\"7\":586.0},\"ret\":{\"0\":0.01136741,\"1\":-0.0032227221,\"2\":0.0152346014,\"3\":-0.0202563539,\"4\":-0.0104291781,\"5\":0.0033232898,\"6\":-0.0135557927,\"7\":0.0236968851}}"}, "pos1": {"formula": "count ~ mut * base - mut : base", "rel_entropy": 0.00837254396275768, "deviance": 69.05674260482535, "df": 3, "prob": 6.79547308148661e-15, "stats": "{\"mut\":{\"0\":\"M\",\"1\":\"M\",\"2\":\"M\",\"3\":\"M\",\"4\":\"R\",\"5\":\"R\",\"6\":\"R\",\"7\":\"R\"},\"base\":{\"0\":\"A\",\"1\":\"C\",\"2\":\"G\",\"3\":\"T\",\"4\":\"A\",\"5\":\"C\",\"6\":\"G\",\"7\":\"T\"},\"count\":{\"0\":402,\"1\":604,\"2\":564,\"3\":492,\"4\":482,\"5\":582,\"6\":364,\"7\":634},\"fitted\":{\"0\":442.0,\"1\":593.0,\"2\":464.0,\"3\":563.0,\"4\":442.0,\"5\":593.0,\"6\":464.0,\"7\":563.0},\"ret\":{\"0\":-0.0092465647,\"1\":0.0026919007,\"2\":0.0266914914,\"3\":-0.016081971,\"4\":0.0101255334,\"5\":-0.0026424199,\"6\":-0.0214243378,\"7\":0.0182589119}}"}}