{"('pos1', 'pos3')": {"formula": "count ~ mut * base1 * base2 - mut : base1 : base2", "rel_entropy": 0.0067928918616403725, "deviance": 56.02777207480979, "df": 9, "prob": 7.754082047258182e-09, "stats": "{\"mut\":{\"0\":\"M\",\"1\":\"M\",\"2\":\"M\",\"3\":\"M\",\"4\":\"M\",\"5\":\"M\",\"6\":\"M\",\"7\":\"M\",\"8\":\"M\",\"9\":\"M\",\"10\":\"M\",\"11\":\"M\",\"12\":\"M\",\"13\":\"M\",\"14\":\"M\",\"15\":\"M\",\"16\":\"R\",\"17\":\"R\",\"18\":\"R\",\"19\":\"R\",\"20\":\"R\",\"21\":\"R\",\"22\":\"R\",\"23\":\"R\",\"24\":\"R\",\"25\":\"R\",\"26\":\"R\",\"27\":\"R\",\"28\":\"R\",\"29\":\"R\",\"30\":\"R\",\"31\":\"R\"},\"base1\":{\"0\":\"A\",\"1\":\"A\",\"2\":\"A\",\"3\":\"A\",\"4\":\"C\",\"5\":\"C\",\"6\":\"C\",\"7\":\"C\",\"8\":\"G\",\"9\":\"G\",\"10\":\"G\",\"11\":\"G\",\"12\":\"T\",\"13\":\"T\",\"14\":\"T\",\"15\":\"T\",\"16\":\"A\",\"17\":\"A\",\"18\":\"A\",\"19\":\"A\",\"20\":\"C\",\"21\":\"C\",\"22\":\"C\",\"23\":\"C\",\"24\":\"G\",\"25\":\"G\",\"26\":\"G\",\"27\":\"G\",\"28\":\"T\",\"29\":\"T\",\"30\":\"T\",\"31\":\"T\"},\"base2\":{\"0\":\"A\",\"1\":\"C\",\"2\":\"G\",\"3\":\"T\",\"4\":\"A\",\"5\":\"C\",\"6\":\"G\",\"7\":\"T\",\"8\":\"A\",\"9\":\"C\",\"10\":\"G\",\"11\":\"T\",\"12\":\"A\",\"13\":\"C\",\"14\":\"G\",\"15\":\"T\",\"16\":\"A\",\"17\":\"C\",\"18\":\"G\",\"19\":\"T\",\"20\":\"A\",\"21\":\"C\",\"22\":\"G\",\"23\":\"T\",\"24\":\"A\",\"25\":\"C\",\"26\":\"G\",\"27\":\"T\",\"28\":\"A\",\"29\":\"C\",\"30\":\"G\",\"31\":\"T\"},\"count\":{\"0\":143,\"1\":86,\"2\":78,\"3\":95,\"4\":124,\"5\":243,\"6\":102,\"7\":135,\"8\":224,\"9\":115,\"10\":147,\"11\":78,\"12\":120,\"13\":154,\"14\":90,\"15\":128,\"16\":129,\"17\":96,\"18\":101,\"19\":156,\"20\":141,\"21\":171,\"22\":122,\"23\":148,\"24\":86,\"25\":81,\"26\":76,\"27\":121,\"28\":178,\"29\":123,\"30\":119,\"31\":214},\"fitted\":{\"0\":132.8240478584,\"1\":94.7363731174,\"2\":80.9595843733,\"3\":93.4799946509,\"4\":141.2705282791,\"5\":233.9077049615,\"6\":111.3203439058,\"7\":117.5014228535,\"8\":196.6999916802,\"9\":130.115460106,\"10\":133.8780891903,\"11\":103.3064590235,\"12\":140.2054321822,\"13\":139.2404618151,\"14\":90.8419825306,\"15\":121.7121234721,\"16\":139.1759521416,\"17\":87.2636268826,\"18\":98.0404156267,\"19\":157.5200053491,\"20\":123.7294717209,\"21\":180.0922950385,\"22\":112.6796560942,\"23\":165.4985771465,\"24\":113.3000083198,\"25\":65.884539894,\"26\":89.1219108097,\"27\":95.6935409765,\"28\":157.7945678178,\"29\":137.7595381849,\"30\":118.1580174694,\"31\":220.2878765279},\"ret\":{\"0\":0.0025596905,\"1\":-0.002017595,\"2\":-0.0007043688,\"3\":0.0003715559,\"4\":-0.003920707,\"5\":0.0022470328,\"6\":-0.0021626575,\"7\":0.0045444436,\"8\":0.007059279,\"9\":-0.0034435886,\"10\":0.0033329143,\"11\":-0.0053145742,\"12\":-0.0045281371,\"13\":0.0037622537,\"14\":-0.0002032174,\"15\":0.0015634266,\"16\":-0.0023750067,\"17\":0.0022210932,\"18\":0.0007283736,\"19\":-0.0003667914,\"20\":0.004467361,\"21\":-0.0021481113,\"22\":0.0023510191,\"23\":-0.0040104384,\"24\":-0.0057491531,\"25\":0.0040567829,\"26\":-0.0029351752,\"27\":0.0068844347,\"28\":0.0052005681,\"29\":-0.0033799748,\"30\":0.0002048922,\"31\":-0.0015027328}}"}, "('pos0', 'pos1')": {"formula": "count ~ mut * base1 * base2 - mut : base1 : base2", "rel_entropy": 0.0037326689353906323, "deviance": 30.787053379101934, "df": 9, "prob": 0.00032198582990556875, "stats": "{\"mut\":{\"0\":\"M\",\"1\":\"M\",\"2\":\"M\",\"3\":\"M\",\"4\":\"M\",\"5\":\"M\",\"6\":\"M\",\"7\":\"M\",\"8\":\"M\",\"9\":\"M\",\"10\":\"M\",\"11\":\"M\",\"12\":\"M\",\"13\":\"M\",\"14\":\"M\",\"15\":\"M\",\"16\":\"R\",\"17\":\"R\",\"18\":\"R\",\"19\":\"R\",\"20\":\"R\",\"21\":\"R\",\"22\":\"R\",\"23\":\"R\",\"24\":\"R\",\"25\":\"R\",\"26\":\"R\",\"27\":\"R\",\"28\":\"R\",\"29\":\"R\",\"30\":\"R\",\"31\":\"R\"},\"base1\":{\"0\":\"A\",\"1\":\"A\",\"2\":\"A\",\"3\":\"A\",\"4\":\"C\",\"5\":\"C\",\"6\":\"C\",\"7\":\"C\",\"8\":\"G\",\"9\":\"G\",\"10\":\"G\",\"11\":\"G\",\"12\":\"T\",\"13\":\"T\",\"14\":\"T\",\"15\":\"T\",\"16\":\"A\",\"17\":\"A\",\"18\":\"A\",\"19\":\"A\",\"20\":\"C\",\"21\":\"C\",\"22\":\"C\",\"23\":\"C\",\"24\":\"G\",\"25\":\"G\",\"26\":\"G\",\"27\":\"G\",\"28\":\"T\",\"29\":\"T\",\"30\":\"T\",\"31\":\"T\"},\"base2\":{\"0\":\"A\",\"1\":\"C\",\"2\":\"G\",\"3\":\"T\",\"4\":\"A\",\"5\":\"C\",\"6\":\"G\",\"7\":\"T\",\"8\":\"A\",\"9\":\"C\",\"10\":\"G\",\"11\":\"T\",\"12\":\"A\",\"13\":\"C\",\"14\":\"G\",\"15\":\"T\",\"16\":\"A\",\"17\":\"C\",\"18\":\"G\",\"19\":\"T\",\"20\":\"A\",\"21\":\"C\",\"22\":\"G\",\"23\":\"T\",\"24\":\"A\",\"25\":\"C\",\"26\":\"G\",\"27\":\"T\",\"28\":\"A\",\"29\":\"C\",\"30\":\"G\",\"31\":\"T\"},\"count\":{\"0\":127,\"1\":157,\"2\":180,\"3\":105,\"4\":64,\"5\":175,\"6\":53,\"7\":134,\"8\":128,\"9\":131,\"10\":206,\"11\":107,\"12\":83,\"13\":141,\"14\":125,\"15\":146,\"16\":128,\"17\":104,\"18\":107,\"19\":140,\"20\":117,\"21\":163,\"22\":25,\"23\":148,\"24\":116,\"25\":142,\"26\":92,\"27\":103,\"28\":121,\"29\":173,\"30\":140,\"31\":243},\"fitted\":{\"0\":123.8358872664,\"1\":143.1051234944,\"2\":183.570603612,\"3\":118.4883856272,\"4\":80.9698120815,\"5\":172.3696350283,\"6\":47.068084016,\"7\":125.5924688743,\"8\":121.3463106832,\"9\":152.8396295082,\"10\":193.7980587126,\"11\":104.0160010959,\"12\":75.8479899689,\"13\":135.6856119691,\"14\":139.5632536594,\"15\":143.9031444026,\"16\":131.1641127336,\"17\":117.8948765056,\"18\":103.429396388,\"19\":126.5116143728,\"20\":100.0301879185,\"21\":165.6303649717,\"22\":30.931915984,\"23\":156.4075311257,\"24\":122.6536893168,\"25\":120.1603704918,\"26\":104.2019412874,\"27\":105.9839989041,\"28\":128.1520100311,\"29\":178.3143880309,\"30\":125.4367463406,\"31\":245.0968555974},\"ret\":{\"0\":0.0007769631,\"1\":0.0035277914,\"2\":-0.0008573353,\"3\":-0.0030770447,\"4\":-0.0036499447,\"5\":0.0006426609,\"6\":0.0015254434,\"7\":0.0021054477,\"8\":0.0016568531,\"9\":-0.0048979475,\"10\":0.0030500131,\"11\":0.0007338501,\"12\":0.00181355,\"13\":0.0013135619,\"14\":-0.0033403308,\"15\":0.0005121384,\"16\":-0.0007579141,\"17\":-0.0031624284,\"18\":0.0008805865,\"19\":0.0034391762,\"20\":0.0044457139,\"21\":-0.0006327273,\"22\":-0.0012906929,\"23\":-0.0019828808,\"24\":-0.0015688313,\"25\":0.0057502351,\"26\":-0.0027783416,\"27\":-0.000713286,\"28\":-0.0016849218,\"29\":-0.0012692521,\"30\":0.0037288343,\"31\":-0.0005062707}}"}, "('pos1', 'pos2')": {"formula": "count ~ mut * base1 * base2 - mut : base1 : base2", "rel_entropy": 0.011782539206410472, "deviance": 97.18238337447357, "df": 9, "prob": 5.836773918101065e-17,