{"('pos0', 'pos1')": {"stats": "{\"mut\":{\"0\":\"M\",\"1\":\"M\",\"2\":\"M\",\"3\":\"M\",\"4\":\"M\",\"5\":\"M\",\"6\":\"M\",\"7\":\"M\",\"8\":\"M\",\"9\":\"M\",\"10\":\"M\",\"11\":\"M\",\"12\":\"M\",\"13\":\"M\",\"14\":\"M\",\"15\":\"M\",\"16\":\"R\",\"17\":\"R\",\"18\":\"R\",\"19\":\"R\",\"20\":\"R\",\"21\":\"R\",\"22\":\"R\",\"23\":\"R\",\"24\":\"R\",\"25\":\"R\",\"26\":\"R\",\"27\":\"R\",\"28\":\"R\",\"29\":\"R\",\"30\":\"R\",\"31\":\"R\"},\"base1\":{\"0\":\"A\",\"1\":\"A\",\"2\":\"A\",\"3\":\"A\",\"4\":\"C\",\"5\":\"C\",\"6\":\"C\",\"7\":\"C\",\"8\":\"G\",\"9\":\"G\",\"10\":\"G\",\"11\":\"G\",\"12\":\"T\",\"13\":\"T\",\"14\":\"T\",\"15\":\"T\",\"16\":\"A\",\"17\":\"A\",\"18\":\"A\",\"19\":\"A\",\"20\":\"C\",\"21\":\"C\",\"22\":\"C\",\"23\":\"C\",\"24\":\"G\",\"25\":\"G\",\"26\":\"G\",\"27\":\"G\",\"28\":\"T\",\"29\":\"T\",\"30\":\"T\",\"31\":\"T\"},\"base2\":{\"0\":\"A\",\"1\":\"C\",\"2\":\"G\",\"3\":\"T\",\"4\":\"A\",\"5\":\"C\",\"6\":\"G\",\"7\":\"T\",\"8\":\"A\",\"9\":\"C\",\"10\":\"G\",\"11\":\"T\",\"12\":\"A\",\"13\":\"C\",\"14\":\"G\",\"15\":\"T\",\"16\":\"A\",\"17\":\"C\",\"18\":\"G\",\"19\":\"T\",\"20\":\"A\",\"21\":\"C\",\"22\":\"G\",\"23\":\"T\",\"24\":\"A\",\"25\":\"C\",\"26\":\"G\",\"27\":\"T\",\"28\":\"A\",\"29\":\"C\",\"30\":\"G\",\"31\":\"T\"},\"count\":{\"0\":197,\"1\":189,\"2\":164,\"3\":247,\"4\":221,\"5\":304,\"6\":63,\"7\":382,\"8\":168,\"9\":222,\"10\":145,\"11\":215,\"12\":69,\"13\":227,\"14\":153,\"15\":301,\"16\":180,\"17\":181,\"18\":254,\"19\":169,\"20\":224,\"21\":265,\"22\":70,\"23\":243,\"24\":153,\"25\":232,\"26\":227,\"27\":178,\"28\":124,\"29\":236,\"30\":245,\"31\":286},\"fitted\":{\"0\":187.4646024892,\"1\":192.9005046295,\"2\":174.6767269363,\"3\":241.958165945,\"4\":229.6788909471,\"5\":307.3529585354,\"6\":58.0369193132,\"7\":374.9312312043,\"8\":153.2091000015,\"9\":227.6280727475,\"10\":148.2719596523,\"11\":220.8908675988,\"12\":84.6474065621,\"13\":214.1184640876,\"14\":144.0143940983,\"15\":307.219735252,\"16\":189.5353975108,\"17\":177.0994953705,\"18\":243.3232730637,\"19\":174.041834055,\"20\":215.3211090529,\"21\":261.6470414646,\"22\":74.9630806868,\"23\":250.0687687957,\"24\":167.7908999985,\"25\":226.3719272525,\"26\":223.7280403477,\"27\":172.1091324012,\"28\":108.3525934379,\"29\":248.8815359124,\"30\":253.9856059017,\"31\":279.780264748},\"ret\":{\"0\":0.0014958519,\"1\":-0.0005908787,\"2\":-0.0015830383,\"3\":0.0007796148,\"4\":-0.0013028483,\"5\":-0.0005103463,\"6\":0.0007911676,\"7\":0.0010919788,\"8\":0.0023695951,\"9\":-0.0008506145,\"10\":-0.0004951928,\"11\":-0.0008894412,\"12\":-0.002158367,\"13\":0.0020296102,\"14\":0.0014172443,\"15\":-0.0009422017,\"16\":-0.0014220097,\"17\":0.0006034811,\"18\":0.0016693626,\"19\":-0.0007603443,\"20\":0.0013546826,\"21\":0.0005164296,\"22\":-0.000733859,\"23\":-0.0010664075,\"24\":-0.0021608414,\"25\":0.0008719717,\"26\":0.0005044031,\"27\":0.0009168276,\"28\":0.002559913,\"29\":-0.0019195396,\"30\":-0.0013505891,\"31\":0.0009624064}}", "prob": 0.07442812815715875, "formula": "count ~ mut * base1 * base2 - mut : base1 : base2", "rel_entropy": 0.0011980209227100895, "df": 9, "deviance": 15.655737417975448}, "('pos1', 'pos2')": {"stats": "{\"mut\":{\"0\":\"M\",\"1\":\"M\",\"2\":\"M\",\"3\":\"M\",\"4\":\"M\",\"5\":\"M\",\"6\":\"M\",\"7\":\"M\",\"8\":\"M\",\"9\":\"M\",\"10\":\"M\",\"11\":\"M\",\"12\":\"M\",\"13\":\"M\",\"14\":\"M\",\"15\":\"M\",\"16\":\"R\",\"17\":\"R\",\"18\":\"R\",\"19\":\"R\",\"20\":\"R\",\"21\":\"R\",\"22\":\"R\",\"23\":\"R\",\"24\":\"R\",\"25\":\"R\",\"26\":\"R\",\"27\":\"R\",\"28\":\"R\",\"29\":\"R\",\"30\":\"R\",\"31\":\"R\"},\"base1\":{\"0\":\"A\",\"1\":\"A\",\"2\":\"A\",\"3\":\"A\",\"4\":\"C\",\"5\":\"C\",\"6\":\"C\",\"7\":\"C\",\"8\":\"G\",\"9\":\"G\",\"10\":\"G\",\"11\":\"G\",\"12\":\"T\",\"13\":\"T\",\"14\":\"T\",\"15\":\"T\",\"16\":\"A\",\"17\":\"A\",\"18\":\"A\",\"19\":\"A\",\"20\":\"C\",\"21\":\"C\",\"22\":\"C\",\"23\":\"C\",\"24\":\"G\",\"25\":\"G\",\"26\":\"G\",\"27\":\"G\",\"28\":\"T\",\"29\":\"T\",\"30\":\"T\",\"31\":\"T\"},\"base2\":{\"0\":\"A\",\"1\":\"C\",\"2\":\"G\",\"3\":\"T\",\"4\":\"A\",\"5\":\"C\",\"6\":\"G\",\"7\":\"T\",\"8\":\"A\",\"9\":\"C\",\"10\":\"G\",\"11\":\"T\",\"12\":\"A\",\"13\":\"C\",\"14\":\"G\",\"15\":\"T\",\"16\":\"A\",\"17\":\"C\",\"18\":\"G\",\"19\":\"T\",\"20\":\"A\",\"21\":\"C\",\"22\":\"G\",\"23\":\"T\",\"24\":\"A\",\"25\":\"C\",\"26\":\"G\",\"27\":\"T\",\"28\":\"A\",\"29\":\"C\",\"30\":\"G\",\"31\":\"T\"},\"count\":{\"0\":145,\"1\":150,\"2\":185,\"3\":175,\"4\":173,\"5\":189,\"6\":332,\"7\":248,\"8\":87,\"9\":194,\"10\":101,\"11\":143,\"12\":231,\"13\":329,\"14\":160,\"15\":425,\"16\":241,\"17\":189,\"18\":59,\"19\":192,\"20\":288,\"21\":243,\"22\":73,\"23\":310,\"24\":231,\"25\":246,\"26\":86,\"27\":233,\"28\":263,\"29\":245,\"30\":57,\"31\":311},\"fitted\":{\"0\":142.9178468143,\"1\":160.5389836223,\"2\":179.9732231432,\"3\":171.5699464202,\"4\":172.4663761082,\"5\":206.3605799005,\"6\":300.0159233182,\"7\":263.1571206731,\"8\":91.6625503727,\"9\":168.3346511123,\"10\":123.3120631292,\"11\":141.6907353858,\"12\":228.9532267048,\"13\":326.7657853649,\"14\":174.6987904093,\"15\":414.5821975209,\"16\":243.0821531857,\"17\":178.4610163777,\"18\":64.0267768568,\"19\":195.4300535798,\"20\":288.5336238918,\"21\":225.6394200995,\"22\":104.9840766818,\"23\":294.8428793269,\"24\":226.3374496273,\"25\":271.6653488877,\"26\":63.6879368708,\"27\":234.3092646142,\"28\":265.0467732952,\"29\":247.2342146351,\"30\":42.3012095907,\"31\":321.4178024791},\"ret\":{\"0\":0.0003209745,\"1\":-0.0015588041,\"2\":0.0007799714,\"3\":0.0005301675,\"4\":0.000081795,\"5\":-0.002541926,\"6\":0.0051471391,\"7\":-0.0022516049,\"8\":-0.0006951183,\"9\":0.0042132557,\"10\":-0.0030853031,\"11\":0.0002013001,\"12\":0.0003146457,\"13\":0.0003431031,\"14\":-0.0021521758,\"15\":0.0016142656,\"16\":-0.0003172957,\"17\":0.0016596605,\"18\":-0.0007383031,\"19\":-0.0005203206,\"20\":-0.0000815932,\"21\":0.0027566481,\"22\":-0.0040594575,\"23\":0.0023783602,\"24\":0.0007208828,\"25\":-0.0037362874,\"26\":0.0039532113,\"27\":-0.0001998163,\"28\":-0.000312037,\"29\":-0.000340387,\"30\":0.0026016879,\"31\":-0.0015682763}}", "prob": 8.495145736611635e-07, "formula": "count ~ mut * base1 * base2 - mut : base1 : base2", "rel_entropy": 0.0034583621129966884, "df": 9, "deviance": 45.19387609264072},