{"('pos1', 'pos2')": {"stats": "{\"mut\":{\"0\":\"M\",\"1\":\"M\",\"2\":\"M\",\"3\":\"M\",\"4\":\"M\",\"5\":\"M\",\"6\":\"M\",\"7\":\"M\",\"8\":\"M\",\"9\":\"M\",\"10\":\"M\",\"11\":\"M\",\"12\":\"M\",\"13\":\"M\",\"14\":\"M\",\"15\":\"M\",\"16\":\"R\",\"17\":\"R\",\"18\":\"R\",\"19\":\"R\",\"20\":\"R\",\"21\":\"R\",\"22\":\"R\",\"23\":\"R\",\"24\":\"R\",\"25\":\"R\",\"26\":\"R\",\"27\":\"R\",\"28\":\"R\",\"29\":\"R\",\"30\":\"R\",\"31\":\"R\"},\"base1\":{\"0\":\"A\",\"1\":\"A\",\"2\":\"A\",\"3\":\"A\",\"4\":\"C\",\"5\":\"C\",\"6\":\"C\",\"7\":\"C\",\"8\":\"G\",\"9\":\"G\",\"10\":\"G\",\"11\":\"G\",\"12\":\"T\",\"13\":\"T\",\"14\":\"T\",\"15\":\"T\",\"16\":\"A\",\"17\":\"A\",\"18\":\"A\",\"19\":\"A\",\"20\":\"C\",\"21\":\"C\",\"22\":\"C\",\"23\":\"C\",\"24\":\"G\",\"25\":\"G\",\"26\":\"G\",\"27\":\"G\",\"28\":\"T\",\"29\":\"T\",\"30\":\"T\",\"31\":\"T\"},\"base2\":{\"0\":\"A\",\"1\":\"C\",\"2\":\"G\",\"3\":\"T\",\"4\":\"A\",\"5\":\"C\",\"6\":\"G\",\"7\":\"T\",\"8\":\"A\",\"9\":\"C\",\"10\":\"G\",\"11\":\"T\",\"12\":\"A\",\"13\":\"C\",\"14\":\"G\",\"15\":\"T\",\"16\":\"A\",\"17\":\"C\",\"18\":\"G\",\"19\":\"T\",\"20\":\"A\",\"21\":\"C\",\"22\":\"G\",\"23\":\"T\",\"24\":\"A\",\"25\":\"C\",\"26\":\"G\",\"27\":\"T\",\"28\":\"A\",\"29\":\"C\",\"30\":\"G\",\"31\":\"T\"},\"count\":{\"0\":3717,\"1\":4932,\"2\":5761,\"3\":3658,\"4\":14280,\"5\":19115,\"6\":27146,\"7\":22606,\"8\":4548,\"9\":4904,\"10\":4527,\"11\":4203,\"12\":3136,\"13\":3463,\"14\":4291,\"15\":4463,\"16\":14575,\"17\":9092,\"18\":11539,\"19\":10669,\"20\":1477,\"21\":1583,\"22\":1686,\"23\":1689,\"24\":10262,\"25\":7719,\"26\":8655,\"27\":7708,\"28\":12834,\"29\":9385,\"30\":12434,\"31\":13443},\"fitted\":{\"0\":4163.5175980598,\"1\":4515.6476669269,\"2\":5359.8543444441,\"3\":4028.9803905696,\"4\":14252.4677262457,\"5\":19425.5660947737,\"6\":26963.4350928149,\"7\":22505.5310861665,\"8\":4200.9359952033,\"9\":4917.3295834471,\"10\":4959.5958519038,\"11\":4104.138569446,\"12\":3064.0786804917,\"13\":3555.4566548527,\"14\":4442.1147108377,\"15\":4291.3499538181,\"16\":14128.4824019406,\"17\":9508.3523330732,\"18\":11940.1456555561,\"19\":10298.0196094305,\"20\":1504.5322737544,\"21\":1272.4339052266,\"22\":1868.5649071854,\"23\":1789.4689138337,\"24\":10609.0640047968,\"25\":7705.670416553,\"26\":8222.4041480964,\"27\":7806.8614305541,\"28\":12905.9213195085,\"29\":9292.5433451475,\"30\":12282.8852891625,\"31\":13614.650046182},\"ret\":{\"0\":-0.001564635,\"1\":0.0016140352,\"2\":0.0015428422,\"3\":-0.0013111356,\"4\":0.0001022592,\"5\":-0.0011431175,\"6\":0.000679709,\"7\":0.0003736283,\"8\":0.0013395964,\"9\":-0.0000493933,\"10\":-0.0015330452,\"11\":0.0003712159,\"12\":0.0002699773,\"13\":-0.0003385676,\"14\":-0.000551075,\"15\":0.000649492,\"16\":0.001682747,\"17\":-0.0015105776,\"18\":-0.0014631925,\"19\":0.0014010529,\"20\":-0.0001012201,\"21\":0.0012827895,\"22\":-0.000643194,\"23\":-0.0003621306,\"24\":-0.0012665089,\"25\":0.0000495032,\"26\":0.0016466835,\"27\":-0.0003645002,\"28\":-0.0002661245,\"29\":0.0003447684,\"30\":0.0005641577,\"31\":-0.0006328883}}", "prob": 9.13458098188473e-89, "deviance": 438.288704478945, "formula": "count ~ mut * base1 * base2 - mut : base1 : base2", "rel_entropy": 0.0008131515853041652, "df": 9}, "('pos0', 'pos2')": {"stats": "{\"mut\":{\"0\":\"M\",\"1\":\"M\",\"2\":\"M\",\"3\":\"M\",\"4\":\"M\",\"5\":\"M\",\"6\":\"M\",\"7\":\"M\",\"8\":\"M\",\"9\":\"M\",\"10\":\"M\",\"11\":\"M\",\"12\":\"M\",\"13\":\"M\",\"14\":\"M\",\"15\":\"M\",\"16\":\"R\",\"17\":\"R\",\"18\":\"R\",\"19\":\"R\",\"20\":\"R\",\"21\":\"R\",\"22\":\"R\",\"23\":\"R\",\"24\":\"R\",\"25\":\"R\",\"26\":\"R\",\"27\":\"R\",\"28\":\"R\",\"29\":\"R\",\"30\":\"R\",\"31\":\"R\"},\"base1\":{\"0\":\"A\",\"1\":\"A\",\"2\":\"A\",\"3\":\"A\",\"4\":\"C\",\"5\":\"C\",\"6\":\"C\",\"7\":\"C\",\"8\":\"G\",\"9\":\"G\",\"10\":\"G\",\"11\":\"G\",\"12\":\"T\",\"13\":\"T\",\"14\":\"T\",\"15\":\"T\",\"16\":\"A\",\"17\":\"A\",\"18\":\"A\",\"19\":\"A\",\"20\":\"C\",\"21\":\"C\",\"22\":\"C\",\"23\":\"C\",\"24\":\"G\",\"25\":\"G\",\"26\":\"G\",\"27\":\"G\",\"28\":\"T\",\"29\":\"T\",\"30\":\"T\",\"31\":\"T\"},\"base2\":{\"0\":\"A\",\"1\":\"C\",\"2\":\"G\",\"3\":\"T\",\"4\":\"A\",\"5\":\"C\",\"6\":\"G\",\"7\":\"T\",\"8\":\"A\",\"9\":\"C\",\"10\":\"G\",\"11\":\"T\",\"12\":\"A\",\"13\":\"C\",\"14\":\"G\",\"15\":\"T\",\"16\":\"A\",\"17\":\"C\",\"18\":\"G\",\"19\":\"T\",\"20\":\"A\",\"21\":\"C\",\"22\":\"G\",\"23\":\"T\",\"24\":\"A\",\"25\":\"C\",\"26\":\"G\",\"27\":\"T\",\"28\":\"A\",\"29\":\"C\",\"30\":\"G\",\"31\":\"T\"},\"count\":{\"0\":7010,\"1\":6652,\"2\":9233,\"3\":8593,\"4\":7356,\"5\":11258,\"6\":13034,\"7\":10438,\"8\":6403,\"9\":9131,\"10\":12271,\"11\":8629,\"12\":4912,\"13\":5373,\"14\":7187,\"15\":7270,\"16\":11637,\"17\":7807,\"18\":8998,\"19\":9980,\"20\":7834,\"21\":6883,\"22\":8334,\"23\":7145,\"24\":9545,\"25\":5969,\"26\":8351,\"27\":7264,\"28\":10132,\"29\":7120,\"30\":8631,\"31\":9120},\"fitted\":{\"0\":6635.0694749366,\"1\":7057.0500376569,\"2\":9104.506039072,\"3\":8691.3744483427,\"4\":7253.8703847005,\"5\":11103.1423339184,\"6\":13306.8792972999,\"7\":10422.1079840817,\"8\":6968.6567063624,\"9\":8645.6818750403,\"10\":12035.2263714984,\"11\":8784.4350471739,\"12\":4823.4034340589,\"13\":5608.1257534105,\"14\":7278.3882921297,\"15\":7032.0825204017,\"16\":12011.9305250671,\"17\":7401.9499623541,\"18\":9126.493960928,\"19\":9881.6255516572,\"20\":7936.1296153003,\"21\":7037.8576660819,\"22\":8061.1207027002,\"23\":7160.8920159182,\"24\":8979.3432937327,\"25\":6454.3181249997,\"26\":8586.7736285015,\"27\":7108.5649528261,\"28\":10220.5965659419,\"29\":6884.8742465901,\"30\":8539.6117078703,\"31\":9357.9174795984},\"ret\":{\"0\":0.0014297945,\"1\":-0.0014589863,\"2\":0.0004801353,\"3\":-0.0003629521,\"4\":0.0003816149,\"5\":0.0005785996,\"6\":-0.0010020855,\"7\":0.0000590135,\"8\":-0.0020113225,\"9\":0.0018504328,\"10\":0.0008833697,\"11\":-0.0005716204,\"12\":0.0003317451,\"13\":-0.0008539015,\"14\":-0.0003369652,\"15\":0.0008975792,\"16\":-0.0013692664,\"17\":0.0015433611,\"18\":-0.0004734142,\"19\":0.0003668368,\"20\":-0.0003765107,\"21\":-0.0005682424,\"22\":0.0010294868,\"23\":-0.000058903,\"24\":0.0021636764,\"25\":-0.0017313417,\"26\":-0.0008627335,\"27\":0.0005830136,\"28\":-0.0003273152,\"29\":0.0008871826,\"30\":0.0003409112,\"31\":-0.000871492}}", "prob": 8.259448203014871e-61, "deviance": 307.0684710141321, "formula": "count ~ mut * base1 * base2 - mut : base1 : base2", "rel_entropy": 0.0005697003172803935, "df": 9},