{"pos2": {"stats": "{\"strand\":{\"0\":\"+\",\"1\":\"+\",\"2\":\"+\",\"3\":\"+\",\"4\":\"+\",\"5\":\"+\",\"6\":\"+\",\"7\":\"+\",\"8\":\"-\",\"9\":\"-\",\"10\":\"-\",\"11\":\"-\",\"12\":\"-\",\"13\":\"-\",\"14\":\"-\",\"15\":\"-\"},\"mut\":{\"0\":\"M\",\"1\":\"M\",\"2\":\"M\",\"3\":\"M\",\"4\":\"R\",\"5\":\"R\",\"6\":\"R\",\"7\":\"R\",\"8\":\"M\",\"9\":\"M\",\"10\":\"M\",\"11\":\"M\",\"12\":\"R\",\"13\":\"R\",\"14\":\"R\",\"15\":\"R\"},\"base\":{\"0\":\"A\",\"1\":\"C\",\"2\":\"G\",\"3\":\"T\",\"4\":\"A\",\"5\":\"C\",\"6\":\"G\",\"7\":\"T\",\"8\":\"A\",\"9\":\"C\",\"10\":\"G\",\"11\":\"T\",\"12\":\"A\",\"13\":\"C\",\"14\":\"G\",\"15\":\"T\"},\"count\":{\"0\":81416,\"1\":74835,\"2\":21009,\"3\":68328,\"4\":91860,\"5\":59000,\"6\":9377,\"7\":85351,\"8\":80754,\"9\":75265,\"10\":20937,\"11\":68764,\"12\":91373,\"13\":59031,\"14\":9280,\"15\":86036},\"fitted\":{\"0\":81348.9932805081,\"1\":74916.5573509395,\"2\":21030.6245770086,\"3\":68291.8247915439,\"4\":91927.0067194919,\"5\":58918.4426490605,\"6\":9355.3754229913,\"7\":85387.1752084559,\"8\":80821.006719492,\"9\":75183.4426490606,\"10\":20915.3754229914,\"11\":68800.175208456,\"12\":91305.9932805079,\"13\":59112.5573509394,\"14\":9301.6245770086,\"15\":85999.8247915439},\"ret\":{\"0\":0.0000682202,\"1\":-0.000082955,\"2\":-0.0000219958,\"3\":0.000036825,\"4\":-0.0000681673,\"5\":0.0000830576,\"6\":0.0000220326,\"7\":-0.0000368074,\"8\":-0.0000681639,\"9\":0.0000830452,\"10\":0.0000220185,\"11\":-0.0000368055,\"12\":0.0000682172,\"13\":-0.0000829429,\"14\":-0.0000219815,\"15\":0.0000368229}}", "deviance": 0.825018307149918, "df": 3, "rel_entropy": 4.1980707985109033e-07, "formula": "count ~ strand * mut * base - strand : mut : base", "prob": 0.84347409838116905}, "pos3": {"stats": "{\"strand\":{\"0\":\"+\",\"1\":\"+\",\"2\":\"+\",\"3\":\"+\",\"4\":\"+\",\"5\":\"+\",\"6\":\"+\",\"7\":\"+\",\"8\":\"-\",\"9\":\"-\",\"10\":\"-\",\"11\":\"-\",\"12\":\"-\",\"13\":\"-\",\"14\":\"-\",\"15\":\"-\"},\"mut\":{\"0\":\"M\",\"1\":\"M\",\"2\":\"M\",\"3\":\"M\",\"4\":\"R\",\"5\":\"R\",\"6\":\"R\",\"7\":\"R\",\"8\":\"M\",\"9\":\"M\",\"10\":\"M\",\"11\":\"M\",\"12\":\"R\",\"13\":\"R\",\"14\":\"R\",\"15\":\"R\"},\"base\":{\"0\":\"A\",\"1\":\"C\",\"2\":\"G\",\"3\":\"T\",\"4\":\"A\",\"5\":\"C\",\"6\":\"G\",\"7\":\"T\",\"8\":\"A\",\"9\":\"C\",\"10\":\"G\",\"11\":\"T\",\"12\":\"A\",\"13\":\"C\",\"14\":\"G\",\"15\":\"T\"},\"count\":{\"0\":73896,\"1\":52125,\"2\":41445,\"3\":78122,\"4\":66575,\"5\":54338,\"6\":52228,\"7\":72447,\"8\":73484,\"9\":52150,\"10\":41459,\"11\":78627,\"12\":66609,\"13\":54353,\"14\":51910,\"15\":72848},\"fitted\":{\"0\":73792.7771046251,\"1\":52130.3664015407,\"2\":41521.6783276701,\"3\":78143.1781661644,\"4\":66678.2228953751,\"5\":54332.6335984593,\"6\":52151.3216723302,\"7\":72425.8218338359,\"8\":73587.2228953751,\"9\":52144.6335984593,\"10\":41382.3216723301,\"11\":78605.8218338359,\"12\":66505.7771046251,\"13\":54358.3664015407,\"14\":51986.6783276701,\"15\":72869.1781661644},\"ret\":{\"0\":0.0001051225,\"1\":-0.0000054611,\"2\":-0.0000779628,\"3\":-0.0000215499,\"4\":-0.0001049677,\"5\":0.0000054616,\"6\":0.0000780922,\"7\":0.000021556,\"8\":-0.0001049754,\"9\":0.0000054616,\"10\":0.0000781071,\"11\":0.0000215557,\"12\":0.0001051305,\"13\":-0.0000054611,\"14\":-0.0000779773,\"15\":-0.0000215497}}", "deviance": 1.1446695697498868, "df": 3, "rel_entropy": 5.824602742830805e-07, "formula": "count ~ strand * mut * base - strand : mut : base", "prob": 0.76630306148712835}, "pos0": {"stats": "{\"strand\":{\"0\":\"+\",\"1\":\"+\",\"2\":\"+\",\"3\":\"+\",\"4\":\"+\",\"5\":\"+\",\"6\":\"+\",\"7\":\"+\",\"8\":\"-\",\"9\":\"-\",\"10\":\"-\",\"11\":\"-\",\"12\":\"-\",\"13\":\"-\",\"14\":\"-\",\"15\":\"-\"},\"mut\":{\"0\":\"M\",\"1\":\"M\",\"2\":\"M\",\"3\":\"M\",\"4\":\"R\",\"5\":\"R\",\"6\":\"R\",\"7\":\"R\",\"8\":\"M\",\"9\":\"M\",\"10\":\"M\",\"11\":\"M\",\"12\":\"R\",\"13\":\"R\",\"14\":\"R\",\"15\":\"R\"},\"base\":{\"0\":\"A\",\"1\":\"C\",\"2\":\"G\",\"3\":\"T\",\"4\":\"A\",\"5\":\"C\",\"6\":\"G\",\"7\":\"T\",\"8\":\"A\",\"9\":\"C\",\"10\":\"G\",\"11\":\"T\",\"12\":\"A\",\"13\":\"C\",\"14\":\"G\",\"15\":\"T\"},\"count\":{\"0\":87386,\"1\":44914,\"2\":46010,\"3\":67278,\"4\":67198,\"5\":53493,\"6\":48525,\"7\":76372,\"8\":87383,\"9\":44693,\"10\":45923,\"11\":67721,\"12\":66906,\"13\":54169,\"14\":48423,\"15\":76222},\"fitted\":{\"0\":87460.6870388941,\"1\":44695.4738144689,\"2\":46007.9728910851,\"3\":67423.8662555518,\"4\":67123.3129611058,\"5\":53711.526185531,\"6\":48527.0271089148,\"7\":76226.133744448,\"8\":87308.3129611057,\"9\":44911.526185531,\"10\":45925.0271089148,\"11\":67575.1337444481,\"12\":66980.6870388942,\"13\":53950.473814469,\"14\":48420.9728910852,\"15\":76367.8662555517},\"ret\":{\"0\":-0.0000759759,\"1\":0.000222935,\"2\":0.000002063,\"3\":-0.0001482862,\"4\":0.0000760506,\"5\":-0.0002219392,\"6\":-0.0000020629,\"7\":0.0001485888,\"8\":0.0000760409,\"9\":-0.0002218503,\"10\":-0.0000020629,\"11\":0.000148607,\"12\":-0.000075966,\"13\":0.000222842,\"14\":0.000002063,\"15\":-0.000148305}}", "deviance": 5.388508201540439, "df": 3, "rel_entropy": 2.741919631646767e-06, "formula": "count ~ strand * mut * base - strand : mut : base", "prob": 0.14546123608761893}, "pos1": {"stats": "{\"strand\":{\"0\":\"+\",\"1\":\"+\",\"2\":\"+\",\"3\":\"+\",\"4\":\"+\",\"5\":\"+\",\"6\":\"+\",\"7\":\"+\",\"8\":\"-\",\"9\":\"-\",\"10\":\"-\",\"11\":\"-\",\"12\":\"-\",\"13\":\"-\",\"14\":\"-\",\"15\":\"-\"},\"mut\":{\"0\":\"M\",\"1\":\"M\",\"2\":\"M\",\"3\":\"M\",\"4\":\"R\",\"5\":\"R\",\"6\":\"R\",\"7\":\"R\",\"8\":\"M\",\"9\":\"M\",\"10\":\"M\",\"11\":\"M\",\"12\":\"R\",\"13\":\"R\",\"14\":\"R\",\"15\":\"R\"},\"base\":{\"0\":\"A\",\"1\":\"C\",\"2\":\"G\",\"3\":\"T\",\"4\":\"A\",\"5\":\"C\",\"6\":\"G\",\"7\":\"T\",\"8\":\"A\",\"9\":\"C\",\"10\":\"G\",\"11\":\"T\",\"12\":\"A\",\"13\":\"C\",\"14\":\"G\",\"15\":\"T\"},\"count\":{\"0\":75496,\"1\":48243,\"2\":57910,\"3\":63939,\"4\":63718,\"5\":59668,\"6\":48928,\"7\":73274,\"8\":75191,\"9\":48578,\"10\":58215,\"11\":63736,\"12\":63719,\"13\":59662,\"14\":48450,\"15\":73889},\"fitted\":{\"0\":75418.4852104392,\"1\":48331.1111099416,\"2\":58103.8956200467,\"3\":63734.5080595731,\"4\":63795.5147895615,\"5\":59579.8888900588,\"6\":48734.1043799533,\"7\":73478.4919404271,\"8\":75268.5147895616,\"9\":48489.8888900586,\"10\":58021.1043799534,\"11\":63940.4919404269,\"12\":63641.4852104388,\"13\":59750.1111099416,\"14\":48643.8956200468,\"15\":73684.5080595731},\"ret\":{\"0\":0.0000789267,\"1\":-0.0000895881,\"2\":-0.0001969963,\"3\":0.0002084432,\"4\":-0.0000788382,\"5\":0.0000897362,\"6\":0.000197718,\"7\":-0.0002078199,\"8\":-0.0000788455,\"9\":0.0000897514,\"10\":0.0001976553,\"11\":-0.0002077766,\"12\":0.0000789342,\"13\":-0.0000896038,\"14\":-0.0001969321,\"15\":0.0002083982}}", "deviance": 6.215127746157833, "df": 3, "rel_entropy": 3.162541494417877e-06, "formula": "count ~ strand * mut * base - strand : mut : base", "prob": 0.10160020304453056}}