{"pos1": {"prob": 2.420199670442535e-65, "stats": "{\"mut\":{\"0\":\"M\",\"1\":\"M\",\"2\":\"M\",\"3\":\"M\",\"4\":\"R\",\"5\":\"R\",\"6\":\"R\",\"7\":\"R\"},\"base\":{\"0\":\"A\",\"1\":\"C\",\"2\":\"G\",\"3\":\"T\",\"4\":\"A\",\"5\":\"C\",\"6\":\"G\",\"7\":\"T\"},\"count\":{\"0\":1761,\"1\":2873,\"2\":2068,\"3\":2449,\"4\":2319,\"5\":2182,\"6\":1588,\"7\":3062},\"fitted\":{\"0\":2040.0,\"1\":2527.5,\"2\":1828.0,\"3\":2755.5,\"4\":2040.0,\"5\":2527.5,\"6\":1828.0,\"7\":2755.5},\"ret\":{\"0\":-0.0141507327,\"1\":0.0201129007,\"2\":0.0139387724,\"3\":-0.0157788201,\"4\":0.0162421547,\"5\":-0.0175242885,\"6\":-0.0122121304,\"7\":0.0176454623}}", "rel_entropy": 0.008273318334448486, "formula": "count ~ mut * base - mut : base", "df": 3, "deviance": 302.8365443141524}, "pos2": {"prob": 6.633615574521299e-185, "stats": "{\"mut\":{\"0\":\"M\",\"1\":\"M\",\"2\":\"M\",\"3\":\"M\",\"4\":\"R\",\"5\":\"R\",\"6\":\"R\",\"7\":\"R\"},\"base\":{\"0\":\"A\",\"1\":\"C\",\"2\":\"G\",\"3\":\"T\",\"4\":\"A\",\"5\":\"C\",\"6\":\"G\",\"7\":\"T\"},\"count\":{\"0\":993,\"1\":2230,\"2\":3721,\"3\":2207,\"4\":1957,\"5\":1853,\"6\":2268,\"7\":3073},\"fitted\":{\"0\":1475.0000000009,\"1\":2041.5,\"2\":2994.5,\"3\":2640.0,\"4\":1475.0000000009,\"5\":2041.5,\"6\":2994.5,\"7\":2640.0},\"ret\":{\"0\":-0.0214683,\"1\":0.0107609202,\"2\":0.0441622594,\"3\":-0.0216026965,\"4\":0.0302344523,\"5\":-0.0098085768,\"6\":-0.034434997,\"7\":0.0255006556}}", "rel_entropy": 0.02334371717977646, "formula": "count ~ mut * base - mut : base", "df": 3, "deviance": 854.4734236485376}, "pos0": {"prob": 2.0847829431482103e-75, "stats": "{\"mut\":{\"0\":\"M\",\"1\":\"M\",\"2\":\"M\",\"3\":\"M\",\"4\":\"R\",\"5\":\"R\",\"6\":\"R\",\"7\":\"R\"},\"base\":{\"0\":\"A\",\"1\":\"C\",\"2\":\"G\",\"3\":\"T\",\"4\":\"A\",\"5\":\"C\",\"6\":\"G\",\"7\":\"T\"},\"count\":{\"0\":2326,\"1\":2309,\"2\":2288,\"3\":2228,\"4\":2527,\"5\":1745,\"6\":1689,\"7\":3190},\"fitted\":{\"0\":2426.5,\"1\":2027.0,\"2\":1988.5,\"3\":2709.0,\"4\":2426.5,\"5\":2027.0,\"6\":1988.5,\"7\":2709.0},\"ret\":{\"0\":-0.0053758834,\"1\":0.0164334468,\"2\":0.0175391024,\"3\":-0.0237962429,\"4\":0.0056033814,\"5\":-0.0142828671,\"6\":-0.0150649671,\"7\":0.0284874832}}", "rel_entropy": 0.009543453326569435, "formula": "count ~ mut * base - mut : base", "df": 3, "deviance": 349.3285655657476}, "pos3": {"prob": 8.007514019615538e-71, "stats": "{\"mut\":{\"0\":\"M\",\"1\":\"M\",\"2\":\"M\",\"3\":\"M\",\"4\":\"R\",\"5\":\"R\",\"6\":\"R\",\"7\":\"R\"},\"base\":{\"0\":\"A\",\"1\":\"C\",\"2\":\"G\",\"3\":\"T\",\"4\":\"A\",\"5\":\"C\",\"6\":\"G\",\"7\":\"T\"},\"count\":{\"0\":2007,\"1\":2548,\"2\":2195,\"3\":2401,\"4\":2546,\"5\":1858,\"6\":1669,\"7\":3078},\"fitted\":{\"0\":2276.5,\"1\":2203.0,\"2\":1932.0,\"3\":2739.5,\"4\":2276.5,\"5\":2203.0,\"6\":1932.0,\"7\":2739.5},\"ret\":{\"0\":-0.0138169708,\"1\":0.0202548973,\"2\":0.0153065103,\"3\":-0.0173023791,\"4\":0.015564282,\"5\":-0.0172906511,\"6\":-0.013344257,\"7\":0.0195935526}}", "rel_entropy": 0.008964984448876823, "formula": "count ~ mut * base - mut : base", "df": 3, "deviance": 328.15429076668727}}