{"('pos0', 'pos3')": {"prob": 0.00017965156225025085, "stats": "{\"mut\":{\"0\":\"M\",\"1\":\"M\",\"2\":\"M\",\"3\":\"M\",\"4\":\"M\",\"5\":\"M\",\"6\":\"M\",\"7\":\"M\",\"8\":\"M\",\"9\":\"M\",\"10\":\"M\",\"11\":\"M\",\"12\":\"M\",\"13\":\"M\",\"14\":\"M\",\"15\":\"M\",\"16\":\"R\",\"17\":\"R\",\"18\":\"R\",\"19\":\"R\",\"20\":\"R\",\"21\":\"R\",\"22\":\"R\",\"23\":\"R\",\"24\":\"R\",\"25\":\"R\",\"26\":\"R\",\"27\":\"R\",\"28\":\"R\",\"29\":\"R\",\"30\":\"R\",\"31\":\"R\"},\"base1\":{\"0\":\"A\",\"1\":\"A\",\"2\":\"A\",\"3\":\"A\",\"4\":\"C\",\"5\":\"C\",\"6\":\"C\",\"7\":\"C\",\"8\":\"G\",\"9\":\"G\",\"10\":\"G\",\"11\":\"G\",\"12\":\"T\",\"13\":\"T\",\"14\":\"T\",\"15\":\"T\",\"16\":\"A\",\"17\":\"A\",\"18\":\"A\",\"19\":\"A\",\"20\":\"C\",\"21\":\"C\",\"22\":\"C\",\"23\":\"C\",\"24\":\"G\",\"25\":\"G\",\"26\":\"G\",\"27\":\"G\",\"28\":\"T\",\"29\":\"T\",\"30\":\"T\",\"31\":\"T\"},\"base2\":{\"0\":\"A\",\"1\":\"C\",\"2\":\"G\",\"3\":\"T\",\"4\":\"A\",\"5\":\"C\",\"6\":\"G\",\"7\":\"T\",\"8\":\"A\",\"9\":\"C\",\"10\":\"G\",\"11\":\"T\",\"12\":\"A\",\"13\":\"C\",\"14\":\"G\",\"15\":\"T\",\"16\":\"A\",\"17\":\"C\",\"18\":\"G\",\"19\":\"T\",\"20\":\"A\",\"21\":\"C\",\"22\":\"G\",\"23\":\"T\",\"24\":\"A\",\"25\":\"C\",\"26\":\"G\",\"27\":\"T\",\"28\":\"A\",\"29\":\"C\",\"30\":\"G\",\"31\":\"T\"},\"count\":{\"0\":553,\"1\":587,\"2\":558,\"3\":628,\"4\":480,\"5\":634,\"6\":585,\"7\":610,\"8\":518,\"9\":641,\"10\":573,\"11\":556,\"12\":456,\"13\":686,\"14\":479,\"15\":607,\"16\":765,\"17\":520,\"18\":417,\"19\":825,\"20\":450,\"21\":404,\"22\":330,\"23\":561,\"24\":482,\"25\":349,\"26\":360,\"27\":498,\"28\":849,\"29\":585,\"30\":562,\"31\":1194},\"fitted\":{\"0\":557.095879288,\"1\":619.5191419875,\"2\":532.4735382963,\"3\":616.9114404284,\"4\":471.8319386417,\"5\":665.6308104631,\"6\":575.1635014356,\"7\":596.3737494603,\"8\":513.2290795349,\"9\":640.1937070273,\"10\":591.5904076571,\"11\":542.9868057808,\"12\":464.8431025354,\"13\":622.656340565,\"14\":495.7725526112,\"15\":644.7280043308,\"16\":760.904120712,\"17\":487.4808580144,\"18\":442.5264617042,\"19\":836.0885595716,\"20\":458.1680613583,\"21\":372.3691895398,\"22\":339.8364985645,\"23\":574.6262505397,\"24\":486.7709204651,\"25\":349.8062929729,\"26\":341.4095923429,\"27\":511.0131942193,\"28\":840.1568974646,\"29\":648.3436595343,\"30\":545.2274473888,\"31\":1156.2719956696},\"ret\":{\"0\":-0.0002229694,\"1\":-0.0017293369,\"2\":0.0014276458,\"3\":0.0006112787,\"4\":0.0004501343,\"5\":-0.0016865406,\"6\":0.0005420247,\"7\":0.0007529641,\"8\":0.0002618854,\"9\":0.0000440826,\"10\":-0.0009996286,\"11\":0.0007194787,\"12\":-0.0004785515,\"13\":0.0036313876,\"14\":-0.000900753,\"15\":-0.0019998875,\"16\":0.0002243953,\"17\":0.0018347967,\"18\":-0.001353713,\"19\":-0.0006018305,\"20\":-0.0004422913,\"21\":0.0017996801,\"22\":-0.0005296004,\"23\":-0.0007356243,\"24\":-0.0002593959,\"25\":-0.0000440041,\"26\":0.0010429245,\"27\":-0.0007018947,\"28\":0.0004857108,\"29\":-0.0032861596,\"30\":0.0009303863,\"31\":0.0020946853}}", "rel_entropy": 0.0008812798079080415, "formula": "count ~ mut * base1 * base2 - mut : base1 : base2", "df": 9, "deviance": 32.25836608866595}, "('pos2', 'pos3')": {"prob": 1.0751170347695907e-14, "stats": "{\"mut\":{\"0\":\"M\",\"1\":\"M\",\"2\":\"M\",\"3\":\"M\",\"4\":\"M\",\"5\":\"M\",\"6\":\"M\",\"7\":\"M\",\"8\":\"M\",\"9\":\"M\",\"10\":\"M\",\"11\":\"M\",\"12\":\"M\",\"13\":\"M\",\"14\":\"M\",\"15\":\"M\",\"16\":\"R\",\"17\":\"R\",\"18\":\"R\",\"19\":\"R\",\"20\":\"R\",\"21\":\"R\",\"22\":\"R\",\"23\":\"R\",\"24\":\"R\",\"25\":\"R\",\"26\":\"R\",\"27\":\"R\",\"28\":\"R\",\"29\":\"R\",\"30\":\"R\",\"31\":\"R\"},\"base1\":{\"0\":\"A\",\"1\":\"A\",\"2\":\"A\",\"3\":\"A\",\"4\":\"C\",\"5\":\"C\",\"6\":\"C\",\"7\":\"C\",\"8\":\"G\",\"9\":\"G\",\"10\":\"G\",\"11\":\"G\",\"12\":\"T\",\"13\":\"T\",\"14\":\"T\",\"15\":\"T\",\"16\":\"A\",\"17\":\"A\",\"18\":\"A\",\"19\":\"A\",\"20\":\"C\",\"21\":\"C\",\"22\":\"C\",\"23\":\"C\",\"24\":\"G\",\"25\":\"G\",\"26\":\"G\",\"27\":\"G\",\"28\":\"T\",\"29\":\"T\",\"30\":\"T\",\"31\":\"T\"},\"base2\":{\"0\":\"A\",\"1\":\"C\",\"2\":\"G\",\"3\":\"T\",\"4\":\"A\",\"5\":\"C\",\"6\":\"G\",\"7\":\"T\",\"8\":\"A\",\"9\":\"C\",\"10\":\"G\",\"11\":\"T\",\"12\":\"A\",\"13\":\"C\",\"14\":\"G\",\"15\":\"T\",\"16\":\"A\",\"17\":\"C\",\"18\":\"G\",\"19\":\"T\",\"20\":\"A\",\"21\":\"C\",\"22\":\"G\",\"23\":\"T\",\"24\":\"A\",\"25\":\"C\",\"26\":\"G\",\"27\":\"T\",\"28\":\"A\",\"29\":\"C\",\"30\":\"G\",\"31\":\"T\"},\"count\":{\"0\":265,\"1\":203,\"2\":299,\"3\":226,\"4\":550,\"5\":728,\"6\":193,\"7\":759,\"8\":915,\"9\":918,\"10\":1068,\"11\":820,\"12\":277,\"13\":699,\"14\":635,\"15\":596,\"16\":607,\"17\":311,\"18\":390,\"19\":649,\"20\":674,\"21\":444,\"22\":69,\"23\":666,\"24\":629,\"25\":450,\"26\":601,\"27\":588,\"28\":636,\"29\":653,\"30\":609,\"31\":1175},\"fitted\":{\"0\":244.0855675351,\"1\":211.1450276207,\"2\":282.6467110661,\"3\":255.1226937782,\"4\":601.1059317243,\"5\":742.8182587115,\"6\":165.9157401858,\"7\":720.1600693784,\"8\":847.2134319911,\"9\":937.9071180456,\"10\":1143.4404205257,\"11\":792.4390294376,\"12\":314.5950687495,\"13\":656.1295956223,\"14\":602.9971282224,\"15\":633.2782074058,\"16\":627.9144324649,\"17\":302.8549723793,\"18\":406.3532889339,\"19\":619.8773062218,\"20\":622.8940682757,\"21\":429.1817412885,\"22\":96.0842598142,\"23\":704.8399306216,\"24\":696.7865680089,\"25\":430.0928819544,\"26\":525.5595794743,\"27\":615.5609705624,\"28\":598.4049312505,\"29\":695.8704043777,\"30\":641.0028717776,\"31\":1137.7217925942},\"ret\":{\"0\":0.0011903567,\"1\":-0.0004363386,\"2\":0.0009188888,\"3\":-0.0014967416,\"4\":-0.0026701505,\"5\":-0.0008015224,\"6\":0.0015945554,\"7\":0.0021783935,\"8\":0.0038481503,\"9\":-0.001076076,\"10\":-0.0039829065,\"11\":0.0015317885,\"12\":-0.0019262081,\"13\":0.0024172987,\"14\":0.0017942016,\"15\":-0.001975676,\"16\":-0.0011234943,\"17\":0.0004509663,\"18\":-0.000875299,\"19\":0.0016280372,\"20\":0.0029039096,\"21\":0.0008234716,\"22\":-0.0012483451,\"23\":-0.0020625934,\"24\":-0.0035174748,\"25\":0.0011124946,\"26\":0.0044045982,\"27\":-0.0014716723,\"28\":0.0021173669,\"29\":-0.0022687063,\"30\":-0.0017042041,\"31\":0.0020698485}}", "rel_entropy": 0.0023469175559809852, "formula": "count ~ mut * base1 * base2 - mut : base1 : base2", "df": 9, "deviance": 85.90657021912799}, "('pos1', 'pos2')": {"prob": 7.77206812563122e-12,