{"pos2": {"df": 3, "deviance": 1485.2884461751494, "stats": "{\"mut\":{\"0\":\"M\",\"1\":\"M\",\"2\":\"M\",\"3\":\"M\",\"4\":\"R\",\"5\":\"R\",\"6\":\"R\",\"7\":\"R\"},\"base\":{\"0\":\"A\",\"1\":\"C\",\"2\":\"G\",\"3\":\"T\",\"4\":\"A\",\"5\":\"C\",\"6\":\"G\",\"7\":\"T\"},\"count\":{\"0\":7438,\"1\":6454,\"2\":16393,\"3\":12775,\"4\":7848,\"5\":10405,\"6\":12481,\"7\":12326},\"fitted\":{\"0\":7643.0,\"1\":8429.5,\"2\":14437.0,\"3\":12550.5,\"4\":7643.0,\"5\":8429.5,\"6\":14437.0,\"7\":12550.5},\"ret\":{\"0\":-0.0023481867,\"1\":-0.0200122986,\"2\":0.0241859678,\"3\":0.002630005,\"4\":0.0024120412,\"5\":0.0254384854,\"6\":-0.0210992765,\"7\":-0.0025833723}}", "formula": "count ~ mut * base - mut : base", "prob": 0, "rel_entropy": 0.008623365340078666}, "pos3": {"df": 3, "deviance": 3476.0749673349655, "stats": "{\"mut\":{\"0\":\"M\",\"1\":\"M\",\"2\":\"M\",\"3\":\"M\",\"4\":\"R\",\"5\":\"R\",\"6\":\"R\",\"7\":\"R\"},\"base\":{\"0\":\"A\",\"1\":\"C\",\"2\":\"G\",\"3\":\"T\",\"4\":\"A\",\"5\":\"C\",\"6\":\"G\",\"7\":\"T\"},\"count\":{\"0\":7085,\"1\":9255,\"2\":15994,\"3\":10726,\"4\":10953,\"5\":10780,\"6\":8493,\"7\":12834},\"fitted\":{\"0\":9019.0,\"1\":10017.4999999999,\"2\":12243.500000003,\"3\":11779.9999999999,\"4\":9019.0000000001,\"5\":10017.5000000001,\"6\":12243.5000000032,\"7\":11780.0000000001},\"ret\":{\"0\":-0.0198559009,\"1\":-0.0085080679,\"2\":0.0496271734,\"3\":-0.0116741123,\"4\":0.0247091042,\"5\":0.0091826526,\"6\":-0.0360698942,\"7\":0.012770623}}", "formula": "count ~ mut * base - mut : base", "prob": 0, "rel_entropy": 0.020181577841006534}, "pos1": {"df": 3, "deviance": 4068.9058779655625, "stats": "{\"mut\":{\"0\":\"M\",\"1\":\"M\",\"2\":\"M\",\"3\":\"M\",\"4\":\"R\",\"5\":\"R\",\"6\":\"R\",\"7\":\"R\"},\"base\":{\"0\":\"A\",\"1\":\"C\",\"2\":\"G\",\"3\":\"T\",\"4\":\"A\",\"5\":\"C\",\"6\":\"G\",\"7\":\"T\"},\"count\":{\"0\":17694,\"1\":10351,\"2\":8297,\"3\":6718,\"4\":10033,\"5\":12278,\"6\":8262,\"7\":12487},\"fitted\":{\"0\":13863.5000000005,\"1\":11314.5,\"2\":8279.5,\"3\":9602.5000000014,\"4\":13863.5000000006,\"5\":11314.5000000001,\"6\":8279.5,\"7\":9602.5000000014},\"ret\":{\"0\":0.0501246677,\"1\":-0.0106973902,\"2\":0.0002034194,\"3\":-0.027866828,\"4\":-0.037673825,\"5\":0.0116512623,\"6\":-0.0002029899,\"7\":0.0380851502}}", "formula": "count ~ mut * base - mut : base", "prob": 0, "rel_entropy": 0.023623466546479115}, "pos0": {"df": 3, "deviance": 162.9531126844699, "stats": "{\"mut\":{\"0\":\"M\",\"1\":\"M\",\"2\":\"M\",\"3\":\"M\",\"4\":\"R\",\"5\":\"R\",\"6\":\"R\",\"7\":\"R\"},\"base\":{\"0\":\"A\",\"1\":\"C\",\"2\":\"G\",\"3\":\"T\",\"4\":\"A\",\"5\":\"C\",\"6\":\"G\",\"7\":\"T\"},\"count\":{\"0\":9953,\"1\":11808,\"2\":9445,\"3\":11854,\"4\":10554,\"5\":10300,\"6\":9336,\"7\":12870},\"fitted\":{\"0\":10253.4999999997,\"1\":11054.0000000404,\"2\":9390.4999999997,\"3\":12362.0000000004,\"4\":10253.5000000003,\"5\":11054.000000041,\"6\":9390.5000000002,\"7\":12362.0000000011},\"ret\":{\"0\":-0.0034376795,\"1\":0.0090472581,\"2\":0.0006346708,\"3\":-0.0057758502,\"4\":0.0035399558,\"5\":-0.008449595,\"6\":-0.0006309979,\"7\":0.0060183196}}", "formula": "count ~ mut * base - mut : base", "prob": 4.2246779511316385e-35, "rel_entropy": 0.0009460817039274842}}