{"pos0": {"rel_entropy": 3.458486981714678e-05, "deviance": 2.2031945468315186, "df": 3, "formula": "count ~ mut * base - mut : base", "stats": "{\"mut\":{\"0\":\"M\",\"1\":\"M\",\"2\":\"M\",\"3\":\"M\",\"4\":\"R\",\"5\":\"R\",\"6\":\"R\",\"7\":\"R\"},\"base\":{\"0\":\"A\",\"1\":\"C\",\"2\":\"G\",\"3\":\"T\",\"4\":\"A\",\"5\":\"C\",\"6\":\"G\",\"7\":\"T\"},\"count\":{\"0\":3891,\"1\":4354,\"2\":4214,\"3\":3467,\"4\":3970,\"5\":4387,\"6\":4194,\"7\":3375},\"fitted\":{\"0\":3930.5,\"1\":4370.5,\"2\":4204.0,\"3\":3421.0,\"4\":3930.5,\"5\":4370.5,\"6\":4204.0,\"7\":3421.0},\"ret\":{\"0\":-0.0012338582,\"1\":-0.0005170418,\"2\":0.0003143251,\"3\":0.0014538456,\"4\":0.0012463211,\"5\":0.0005189975,\"6\":-0.0003135783,\"7\":-0.001434426}}", "prob": 0.5313194192351189}, "pos1": {"rel_entropy": 0.017700780895621555, "deviance": 1127.6105461746756, "df": 3, "formula": "count ~ mut * base - mut : base", "stats": "{\"mut\":{\"0\":\"M\",\"1\":\"M\",\"2\":\"M\",\"3\":\"M\",\"4\":\"R\",\"5\":\"R\",\"6\":\"R\",\"7\":\"R\"},\"base\":{\"0\":\"A\",\"1\":\"C\",\"2\":\"G\",\"3\":\"T\",\"4\":\"A\",\"5\":\"C\",\"6\":\"G\",\"7\":\"T\"},\"count\":{\"0\":3550,\"1\":3352,\"2\":5230,\"3\":3794,\"4\":4860,\"5\":1467,\"6\":4711,\"7\":4888},\"fitted\":{\"0\":4204.9999999999,\"1\":2409.5000000309,\"2\":4970.4999999998,\"3\":4340.9999999998,\"4\":4205.0000000002,\"5\":2409.5000000311,\"6\":4970.5000000002,\"7\":4341.0000000002},\"ret\":{\"0\":-0.0188719625,\"1\":0.0347426324,\"2\":0.0083561186,\"3\":-0.016042653,\"4\":0.0220882124,\"5\":-0.0228533544,\"6\":-0.0079305835,\"7\":0.0182123709}}", "prob": 3.722933604498106e-244}, "pos2": {"rel_entropy": 0.005245733002629264, "deviance": 334.17417519949464, "df": 3, "formula": "count ~ mut * base - mut : base", "stats": "{\"mut\":{\"0\":\"M\",\"1\":\"M\",\"2\":\"M\",\"3\":\"M\",\"4\":\"R\",\"5\":\"R\",\"6\":\"R\",\"7\":\"R\"},\"base\":{\"0\":\"A\",\"1\":\"C\",\"2\":\"G\",\"3\":\"T\",\"4\":\"A\",\"5\":\"C\",\"6\":\"G\",\"7\":\"T\"},\"count\":{\"0\":3163,\"1\":5073,\"2\":4089,\"3\":3601,\"4\":4056,\"5\":3928,\"6\":4762,\"7\":3180},\"fitted\":{\"0\":3609.5,\"1\":4500.5,\"2\":4425.5,\"3\":3390.5,\"4\":3609.5,\"5\":4500.5,\"6\":4425.5,\"7\":3390.5},\"ret\":{\"0\":-0.0131127973,\"1\":0.0190713483,\"2\":-0.0101522564,\"3\":0.0068097227,\"4\":0.0148512872,\"5\":-0.0167787348,\"6\":0.0109563199,\"7\":-0.0063991566}}", "prob": 3.983090585218263e-72}, "pos3": {"rel_entropy": 0.0058714587175781536, "deviance": 374.0354061445987, "df": 3, "formula": "count ~ mut * base - mut : base", "stats": "{\"mut\":{\"0\":\"M\",\"1\":\"M\",\"2\":\"M\",\"3\":\"M\",\"4\":\"R\",\"5\":\"R\",\"6\":\"R\",\"7\":\"R\"},\"base\":{\"0\":\"A\",\"1\":\"C\",\"2\":\"G\",\"3\":\"T\",\"4\":\"A\",\"5\":\"C\",\"6\":\"G\",\"7\":\"T\"},\"count\":{\"0\":3156,\"1\":4403,\"2\":3612,\"3\":4755,\"4\":4261,\"5\":3899,\"6\":4115,\"7\":3651},\"fitted\":{\"0\":3708.5,\"1\":4151.0,\"2\":3863.5,\"3\":4203.0,\"4\":3708.5,\"5\":4151.0,\"6\":3863.5,\"7\":4203.0},\"ret\":{\"0\":-0.0159843175,\"1\":0.0081470232,\"2\":-0.0076331309,\"3\":0.0184213913,\"4\":0.0185781837,\"5\":-0.0076664288,\"6\":0.0081474889,\"7\":-0.0161387512}}", "prob": 9.30671555459395e-81}}