{"('pos1', 'pos3')": {"rel_entropy": 0.0006848364931424126, "deviance": 43.626823959144254, "df": 9, "formula": "count ~ mut * base1 * base2 - mut : base1 : base2", "stats": "{\"mut\":{\"0\":\"M\",\"1\":\"M\",\"2\":\"M\",\"3\":\"M\",\"4\":\"M\",\"5\":\"M\",\"6\":\"M\",\"7\":\"M\",\"8\":\"M\",\"9\":\"M\",\"10\":\"M\",\"11\":\"M\",\"12\":\"M\",\"13\":\"M\",\"14\":\"M\",\"15\":\"M\",\"16\":\"R\",\"17\":\"R\",\"18\":\"R\",\"19\":\"R\",\"20\":\"R\",\"21\":\"R\",\"22\":\"R\",\"23\":\"R\",\"24\":\"R\",\"25\":\"R\",\"26\":\"R\",\"27\":\"R\",\"28\":\"R\",\"29\":\"R\",\"30\":\"R\",\"31\":\"R\"},\"base1\":{\"0\":\"A\",\"1\":\"A\",\"2\":\"A\",\"3\":\"A\",\"4\":\"C\",\"5\":\"C\",\"6\":\"C\",\"7\":\"C\",\"8\":\"G\",\"9\":\"G\",\"10\":\"G\",\"11\":\"G\",\"12\":\"T\",\"13\":\"T\",\"14\":\"T\",\"15\":\"T\",\"16\":\"A\",\"17\":\"A\",\"18\":\"A\",\"19\":\"A\",\"20\":\"C\",\"21\":\"C\",\"22\":\"C\",\"23\":\"C\",\"24\":\"G\",\"25\":\"G\",\"26\":\"G\",\"27\":\"G\",\"28\":\"T\",\"29\":\"T\",\"30\":\"T\",\"31\":\"T\"},\"base2\":{\"0\":\"A\",\"1\":\"C\",\"2\":\"G\",\"3\":\"T\",\"4\":\"A\",\"5\":\"C\",\"6\":\"G\",\"7\":\"T\",\"8\":\"A\",\"9\":\"C\",\"10\":\"G\",\"11\":\"T\",\"12\":\"A\",\"13\":\"C\",\"14\":\"G\",\"15\":\"T\",\"16\":\"A\",\"17\":\"C\",\"18\":\"G\",\"19\":\"T\",\"20\":\"A\",\"21\":\"C\",\"22\":\"G\",\"23\":\"T\",\"24\":\"A\",\"25\":\"C\",\"26\":\"G\",\"27\":\"T\",\"28\":\"A\",\"29\":\"C\",\"30\":\"G\",\"31\":\"T\"},\"count\":{\"0\":917,\"1\":839,\"2\":710,\"3\":1084,\"4\":631,\"5\":1017,\"6\":816,\"7\":888,\"8\":911,\"9\":1510,\"10\":1247,\"11\":1562,\"12\":697,\"13\":1037,\"14\":839,\"15\":1221,\"16\":1471,\"17\":1093,\"18\":1150,\"19\":1146,\"20\":281,\"21\":425,\"22\":474,\"23\":287,\"24\":1233,\"25\":1177,\"26\":1287,\"27\":1014,\"28\":1276,\"29\":1204,\"30\":1204,\"31\":1204},\"fitted\":{\"0\":860.9397656488,\"1\":865.6381346539,\"2\":717.9760719907,\"3\":1105.4460277066,\"4\":580.6629850155,\"5\":1032.7249249155,\"6\":853.335784151,\"7\":885.2763059181,\"8\":983.9851672393,\"9\":1477.3752953366,\"10\":1231.7718226564,\"11\":1536.8677147677,\"12\":730.4120820964,\"13\":1027.261645094,\"14\":808.9163212019,\"15\":1227.4099516076,\"16\":1527.0602343512,\"17\":1066.3618653461,\"18\":1142.0239280093,\"19\":1124.5539722934,\"20\":331.3370149845,\"21\":409.2750750845,\"22\":436.664215849,\"23\":289.7236940819,\"24\":1160.0148327607,\"25\":1209.6247046634,\"26\":1302.2281773436,\"27\":1039.1322852323,\"28\":1242.5879179036,\"29\":1213.738354906,\"30\":1234.0836787981,\"31\":1197.5900483924},\"ret\":{\"0\":0.0018161197,\"1\":-0.0008233078,\"2\":-0.0002490143,\"3\":-0.0006667286,\"4\":0.001646942,\"5\":-0.0004899094,\"6\":-0.0011461394,\"7\":0.0000856423,\"8\":-0.002204222,\"9\":0.0010354862,\"10\":0.0004810349,\"11\":0.0007954498,\"12\":-0.0010246123,\"13\":0.0003071823,\"14\":0.0009618322,\"15\":-0.0002007153,\"16\":-0.0017273134,\"17\":0.0008466694,\"18\":0.0002512828,\"19\":0.0006796821,\"20\":-0.0014537097,\"21\":0.0005030521,\"22\":0.0012209058,\"23\":-0.0000851077,\"24\":0.0023620022,\"25\":-0.0010103207,\"26\":-0.0004752854,\"27\":-0.0007794136,\"28\":0.0010629574,\"29\":-0.0003045078,\"30\":-0.0009328765,\"31\":0.0002017793}}", "prob": 1.653389327336732e-06}, "('pos1', 'pos2')": {"rel_entropy": 0.00144015725105764, "deviance": 91.7437775213759, "df": 9, "formula": "count ~ mut * base1 * base2 - mut : base1 : base2", "stats": "{\"mut\":{\"0\":\"M\",\"1\":\"M\",\"2\":\"M\",\"3\":\"M\",\"4\":\"M\",\"5\":\"M\",\"6\":\"M\",\"7\":\"M\",\"8\":\"M\",\"9\":\"M\",\"10\":\"M\",\"11\":\"M\",\"12\":\"M\",\"13\":\"M\",\"14\":\"M\",\"15\":\"M\",\"16\":\"R\",\"17\":\"R\",\"18\":\"R\",\"19\":\"R\",\"20\":\"R\",\"21\":\"R\",\"22\":\"R\",\"23\":\"R\",\"24\":\"R\",\"25\":\"R\",\"26\":\"R\",\"27\":\"R\",\"28\":\"R\",\"29\":\"R\",\"30\":\"R\",\"31\":\"R\"},\"base1\":{\"0\":\"A\",\"1\":\"A\",\"2\":\"A\",\"3\":\"A\",\"4\":\"C\",\"5\":\"C\",\"6\":\"C\",\"7\":\"C\",\"8\":\"G\",\"9\":\"G\",\"10\":\"G\",\"11\":\"G\",\"12\":\"T\",\"13\":\"T\",\"14\":\"T\",\"15\":\"T\",\"16\":\"A\",\"17\":\"A\",\"18\":\"A\",\"19\":\"A\",\"20\":\"C\",\"21\":\"C\",\"22\":\"C\",\"23\":\"C\",\"24\":\"G\",\"25\":\"G\",\"26\":\"G\",\"27\":\"G\",\"28\":\"T\",\"29\":\"T\",\"30\":\"T\",\"31\":\"T\"},\"base2\":{\"0\":\"A\",\"1\":\"C\",\"2\":\"G\",\"3\":\"T\",\"4\":\"A\",\"5\":\"C\",\"6\":\"G\",\"7\":\"T\",\"8\":\"A\",\"9\":\"C\",\"10\":\"G\",\"11\":\"T\",\"12\":\"A\",\"13\":\"C\",\"14\":\"G\",\"15\":\"T\",\"16\":\"A\",\"17\":\"C\",\"18\":\"G\",\"19\":\"T\",\"20\":\"A\",\"21\":\"C\",\"22\":\"G\",\"23\":\"T\",\"24\":\"A\",\"25\":\"C\",\"26\":\"G\",\"27\":\"T\",\"28\":\"A\",\"29\":\"C\",\"30\":\"G\",\"31\":\"T\"},\"count\":{\"0\":986,\"1\":1027,\"2\":872,\"3\":665,\"4\":475,\"5\":1267,\"6\":999,\"7\":611,\"8\":1088,\"9\":1560,\"10\":1191,\"11\":1391,\"12\":614,\"13\":1219,\"14\":1027,\"15\":934,\"16\":1391,\"17\":1158,\"18\":1414,\"19\":897,\"20\":278,\"21\":417,\"22\":496,\"23\":276,\"24\":1235,\"25\":1229,\"26\":1372,\"27\":875,\"28\":1152,\"29\":1124,\"30\":1480,\"31\":1132},\"fitted\":{\"0\":894.840516538,\"1\":1054.1807391791,\"2\":881.2091296274,\"3\":719.7696146555,\"4\":487.191246025,\"5\":1244.3244908511,\"6\":980.2549038534,\"7\":640.2293592705,\"8\":1100.3010481482,\"9\":1621.8174204865,\"10\":1238.4477531621,\"11\":1269.4337782032,\"12\":680.6671892888,\"13\":1152.6773494833,\"14\":989.0882133571,\"15\":971.5672478708,\"16\":1482.159483462,\"17\":1130.8192608209,\"18\":1404.7908703726,\"19\":842.2303853445,\"20\":265.808753975,\"21\":439.6755091489,\"22\":514.7450961466,\"23\":246.7706407295,\"24\":1222.6989518518,\"25\":1167.1825795135,\"26\":1324.5522468379,\"27\":996.5662217967,\"28\":1085.3328107112,\"29\":1190.3226505166,\"30\":1517.9117866429,\"31\":1094.4327521292},\"ret\":{\"0\":0.0030030357,\"1\":-0.0008422478,\"2\":-0.0002876065,\"3\":-0.0016523563,\"4\":-0.0003779174,\"5\":0.0007183497,\"6\":0.0005940975,\"7\":-0.0008963877,\"8\":-0.000384027,\"9\":-0.001903304,\"10\":-0.0014607247,\"11\":0.0039937734,\"12\":-0.0019870096,\"13\":0.0021409992,\"14\":0.0012127734,\"15\":-0.0011563293,\"16\":-0.0027720964,\"17\":0.0008635193,\"18\":0.0002900681,\"19\":0.0017742382,\"20\":0.0003913927,\"21\":-0.0006932207,\"22\":-0.000577658,\"23\":0.000969982,\"24\":0.0003881301,\"25\":0.0019912809,\"26\":0.0015159994,\"27\":-0.0035737235,\"28\":0.0021560355,\"29\":-0.002023096,\"30\":-0.0011752589,\"31\":0.0011994461}}", "prob": 7.269822217218219e-16}, "('pos0', 'pos2')": {"rel_entropy": 0.0003889715137696469, "deviance": 24.779041313181587, "df": 9, "formula": "count ~ mut * base1 * base2 - mut : base1 : base2",