{"pos2": {"stats": "{\"group\":{\"0\":\"1\",\"1\":\"1\",\"2\":\"1\",\"3\":\"1\",\"4\":\"1\",\"5\":\"1\",\"6\":\"1\",\"7\":\"1\",\"8\":\"2\",\"9\":\"2\",\"10\":\"2\",\"11\":\"2\",\"12\":\"2\",\"13\":\"2\",\"14\":\"2\",\"15\":\"2\"},\"mut\":{\"0\":\"M\",\"1\":\"M\",\"2\":\"M\",\"3\":\"M\",\"4\":\"R\",\"5\":\"R\",\"6\":\"R\",\"7\":\"R\",\"8\":\"M\",\"9\":\"M\",\"10\":\"M\",\"11\":\"M\",\"12\":\"R\",\"13\":\"R\",\"14\":\"R\",\"15\":\"R\"},\"base\":{\"0\":\"A\",\"1\":\"C\",\"2\":\"G\",\"3\":\"T\",\"4\":\"A\",\"5\":\"C\",\"6\":\"G\",\"7\":\"T\",\"8\":\"A\",\"9\":\"C\",\"10\":\"G\",\"11\":\"T\",\"12\":\"A\",\"13\":\"C\",\"14\":\"G\",\"15\":\"T\"},\"count\":{\"0\":58582,\"1\":50520,\"2\":13984,\"3\":82780,\"4\":75080,\"5\":50208,\"6\":8301,\"7\":72277,\"8\":89202,\"9\":82226,\"10\":25497,\"11\":129955,\"12\":114245,\"13\":84311,\"14\":16463,\"15\":111861},\"fitted\":{\"0\":58732.4693899515,\"1\":50138.0150909064,\"2\":13718.7340251695,\"3\":83276.7814939714,\"4\":74929.5306100476,\"5\":50589.984909093,\"6\":8566.2659748304,\"7\":71780.218506028,\"8\":89051.5306100477,\"9\":82607.9849090931,\"10\":25762.2659748304,\"11\":129458.2185060276,\"12\":114395.4693899512,\"13\":83929.0150909063,\"14\":16197.7340251694,\"15\":112357.7814939711},\"ret\":{\"0\":-0.0001410395,\"1\":0.0003598679,\"2\":0.0002513526,\"3\":-0.0004648527,\"4\":0.0001413623,\"5\":-0.0003571488,\"6\":-0.0002450659,\"7\":0.0004678558,\"8\":0.0001413398,\"9\":-0.0003576755,\"10\":-0.0002476749,\"11\":0.0004671395,\"12\":-0.0001411277,\"13\":0.0003593203,\"14\":0.0002509886,\"15\":-0.0004652138}}", "deviance": 41.40085866006376, "df": 3, "rel_entropy": 1.942804763436223e-05, "formula": "count ~ group * mut * base - group : mut : base", "prob": 5.3764598948634233e-09}, "pos3": {"stats": "{\"group\":{\"0\":\"1\",\"1\":\"1\",\"2\":\"1\",\"3\":\"1\",\"4\":\"1\",\"5\":\"1\",\"6\":\"1\",\"7\":\"1\",\"8\":\"2\",\"9\":\"2\",\"10\":\"2\",\"11\":\"2\",\"12\":\"2\",\"13\":\"2\",\"14\":\"2\",\"15\":\"2\"},\"mut\":{\"0\":\"M\",\"1\":\"M\",\"2\":\"M\",\"3\":\"M\",\"4\":\"R\",\"5\":\"R\",\"6\":\"R\",\"7\":\"R\",\"8\":\"M\",\"9\":\"M\",\"10\":\"M\",\"11\":\"M\",\"12\":\"R\",\"13\":\"R\",\"14\":\"R\",\"15\":\"R\"},\"base\":{\"0\":\"A\",\"1\":\"C\",\"2\":\"G\",\"3\":\"T\",\"4\":\"A\",\"5\":\"C\",\"6\":\"G\",\"7\":\"T\",\"8\":\"A\",\"9\":\"C\",\"10\":\"G\",\"11\":\"T\",\"12\":\"A\",\"13\":\"C\",\"14\":\"G\",\"15\":\"T\"},\"count\":{\"0\":62724,\"1\":41845,\"2\":45726,\"3\":55571,\"4\":54461,\"5\":46195,\"6\":44416,\"7\":60794,\"8\":95373,\"9\":69697,\"10\":77033,\"11\":84777,\"12\":81468,\"13\":76644,\"14\":75056,\"15\":93712},\"fitted\":{\"0\":62978.4221136535,\"1\":41873.5059927472,\"2\":45657.0506116853,\"3\":55357.0212819155,\"4\":54206.5778863478,\"5\":46166.494007253,\"6\":44484.9493883151,\"7\":61007.9787180847,\"8\":95118.5778863476,\"9\":69668.494007253,\"10\":77101.949388315,\"11\":84990.9787180847,\"12\":81722.4221136524,\"13\":76672.5059927473,\"14\":74987.0506116852,\"15\":93498.0212819155},\"ret\":{\"0\":-0.0002383007,\"1\":-0.0000267447,\"2\":0.0000647602,\"3\":0.0002012138,\"4\":0.0002393432,\"5\":0.0000267621,\"6\":-0.0000646611,\"7\":-0.0002004736,\"8\":0.0002391028,\"9\":0.0000267593,\"10\":-0.0000646824,\"11\":-0.0002005732,\"12\":-0.0002384116,\"13\":-0.0000267489,\"14\":0.0000647411,\"15\":0.0002010558}}", "deviance": 6.695591818843923, "df": 3, "rel_entropy": 3.1420188133012368e-06, "formula": "count ~ group * mut * base - group : mut : base", "prob": 0.08225991512438767}, "pos0": {"stats": "{\"group\":{\"0\":\"1\",\"1\":\"1\",\"2\":\"1\",\"3\":\"1\",\"4\":\"1\",\"5\":\"1\",\"6\":\"1\",\"7\":\"1\",\"8\":\"2\",\"9\":\"2\",\"10\":\"2\",\"11\":\"2\",\"12\":\"2\",\"13\":\"2\",\"14\":\"2\",\"15\":\"2\"},\"mut\":{\"0\":\"M\",\"1\":\"M\",\"2\":\"M\",\"3\":\"M\",\"4\":\"R\",\"5\":\"R\",\"6\":\"R\",\"7\":\"R\",\"8\":\"M\",\"9\":\"M\",\"10\":\"M\",\"11\":\"M\",\"12\":\"R\",\"13\":\"R\",\"14\":\"R\",\"15\":\"R\"},\"base\":{\"0\":\"A\",\"1\":\"C\",\"2\":\"G\",\"3\":\"T\",\"4\":\"A\",\"5\":\"C\",\"6\":\"G\",\"7\":\"T\",\"8\":\"A\",\"9\":\"C\",\"10\":\"G\",\"11\":\"T\",\"12\":\"A\",\"13\":\"C\",\"14\":\"G\",\"15\":\"T\"},\"count\":{\"0\":64301,\"1\":57973,\"2\":34765,\"3\":48827,\"4\":55551,\"5\":45956,\"6\":41073,\"7\":63286,\"8\":96393,\"9\":95440,\"10\":57761,\"11\":77286,\"12\":84050,\"13\":76476,\"14\":69235,\"15\":97119},\"fitted\":{\"0\":64131.7789351102,\"1\":57797.6878844621,\"2\":34592.4392122702,\"3\":49344.093968158,\"4\":55720.2210648902,\"5\":46131.3121155378,\"6\":41245.5607877299,\"7\":62768.9060318419,\"8\":96562.2210648904,\"9\":95615.3121155378,\"10\":57933.5607877299,\"11\":76768.906031842,\"12\":83880.7789351095,\"13\":76300.6878844619,\"14\":69062.4392122701,\"15\":97636.0939681579},\"ret\":{\"0\":0.000159029,\"1\":0.0001647856,\"2\":0.0001623574,\"3\":-0.0004827582,\"4\":-0.0001585782,\"5\":-0.0001642233,\"6\":-0.0001616148,\"7\":0.0004873036,\"8\":-0.0001586804,\"9\":-0.0001643854,\"10\":-0.0001617127,\"11\":0.0004869408,\"12\":0.0001589797,\"13\":0.0001647252,\"14\":0.0001621563,\"15\":-0.0004840226}}", "deviance": 21.95320986955113, "df": 3, "rel_entropy": 1.0301912107059992e-05, "formula": "count ~ group * mut * base - group : mut : base", "prob": 6.6709871076888003e-05}, "pos1": {"stats": "{\"group\":{\"0\":\"1\",\"1\":\"1\",\"2\":\"1\",\"3\":\"1\",\"4\":\"1\",\"5\":\"1\",\"6\":\"1\",\"7\":\"1\",\"8\":\"2\",\"9\":\"2\",\"10\":\"2\",\"11\":\"2\",\"12\":\"2\",\"13\":\"2\",\"14\":\"2\",\"15\":\"2\"},\"mut\":{\"0\":\"M\",\"1\":\"M\",\"2\":\"M\",\"3\":\"M\",\"4\":\"R\",\"5\":\"R\",\"6\":\"R\",\"7\":\"R\",\"8\":\"M\",\"9\":\"M\",\"10\":\"M\",\"11\":\"M\",\"12\":\"R\",\"13\":\"R\",\"14\":\"R\",\"15\":\"R\"},\"base\":{\"0\":\"A\",\"1\":\"C\",\"2\":\"G\",\"3\":\"T\",\"4\":\"A\",\"5\":\"C\",\"6\":\"G\",\"7\":\"T\",\"8\":\"A\",\"9\":\"C\",\"10\":\"G\",\"11\":\"T\",\"12\":\"A\",\"13\":\"C\",\"14\":\"G\",\"15\":\"T\"},\"count\":{\"0\":57020,\"1\":46011,\"2\":33125,\"3\":69710,\"4\":52219,\"5\":50277,\"6\":40886,\"7\":62484,\"8\":85027,\"9\":78661,\"10\":53271,\"11\":109921,\"12\":79299,\"13\":84267,\"14\":69173,\"15\":94141},\"fitted\":{\"0\":56634.7067965511,\"1\":46230.244831436,\"2\":32487.8362385233,\"3\":70513.2121334893,\"4\":52604.2932034487,\"5\":50057.7551685639,\"6\":41523.1637614764,\"7\":61680.7878665105,\"8\":85412.2932034484,\"9\":78441.7551685637,\"10\":53908.1637614766,\"11\":109117.7878665101,\"12\":78913.706796551,\"13\":84486.2448314357,\"14\":68535.8362385231,\"15\":94944.212133489},\"ret\":{\"0\":0.0003628379,\"1\":-0.0002052799,\"2\":0.0006038257,\"3\":-0.0007495317,\"4\":-0.0003602831,\"5\":0.0002062186,\"6\":-0.0005933878,\"7\":0.0007587287,\"8\":-0.0003607938,\"9\":0.0002060559,\"10\":-0.0005944516,\"11\":0.0007566093,\"12\":0.0003624919,\"13\":-0.0002055014,\"14\":0.0006007707,\"15\":-0.0007506438}}", "deviance": 80.26485137490607, "df": 3, "rel_entropy": 3.76656283552134e-05, "formula": "count ~ group * mut * base - group : mut : base", "prob": 2.6929286178792524e-17}}