{"pos2": {"stats": "{\"mut\":{\"0\":\"M\",\"1\":\"M\",\"2\":\"M\",\"3\":\"M\",\"4\":\"R\",\"5\":\"R\",\"6\":\"R\",\"7\":\"R\"},\"base\":{\"0\":\"A\",\"1\":\"C\",\"2\":\"G\",\"3\":\"T\",\"4\":\"A\",\"5\":\"C\",\"6\":\"G\",\"7\":\"T\"},\"count\":{\"0\":56,\"1\":38,\"2\":62,\"3\":55,\"4\":63,\"5\":39,\"6\":57,\"7\":52},\"fitted\":{\"0\":59.5000000001,\"1\":38.5,\"2\":59.5,\"3\":53.5,\"4\":59.5000000001,\"5\":38.5,\"6\":59.5,\"7\":53.5},\"ret\":{\"0\":-0.0080449735,\"1\":-0.0011771069,\"2\":0.0060469206,\"3\":0.0036038726,\"4\":0.0085331281,\"5\":0.0011924948,\"6\":-0.0057979326,\"7\":-0.0035042006}}", "deviance": 0.7192589429485094, "df": 3, "rel_entropy": 0.0008522025390385183, "formula": "count ~ mut * base - mut : base", "prob": 0.86866497324515213}, "pos3": {"stats": "{\"mut\":{\"0\":\"M\",\"1\":\"M\",\"2\":\"M\",\"3\":\"M\",\"4\":\"R\",\"5\":\"R\",\"6\":\"R\",\"7\":\"R\"},\"base\":{\"0\":\"A\",\"1\":\"C\",\"2\":\"G\",\"3\":\"T\",\"4\":\"A\",\"5\":\"C\",\"6\":\"G\",\"7\":\"T\"},\"count\":{\"0\":51,\"1\":44,\"2\":56,\"3\":60,\"4\":59,\"5\":38,\"6\":66,\"7\":48},\"fitted\":{\"0\":55.0,\"1\":41.0,\"2\":61.0,\"3\":54.0,\"4\":55.0,\"5\":41.0,\"6\":61.0,\"7\":54.0},\"ret\":{\"0\":-0.0091253203,\"1\":0.0073629691,\"2\":-0.011348914,\"3\":0.0149801681,\"4\":0.0098152874,\"5\":-0.0068423329,\"6\":0.0123211799,\"7\":-0.0133971225}}", "deviance": 3.178432059581639, "df": 3, "rel_entropy": 0.003765914762537487, "formula": "count ~ mut * base - mut : base", "prob": 0.36492414565025783}, "pos0": {"stats": "{\"mut\":{\"0\":\"M\",\"1\":\"M\",\"2\":\"M\",\"3\":\"M\",\"4\":\"R\",\"5\":\"R\",\"6\":\"R\",\"7\":\"R\"},\"base\":{\"0\":\"A\",\"1\":\"C\",\"2\":\"G\",\"3\":\"T\",\"4\":\"A\",\"5\":\"C\",\"6\":\"G\",\"7\":\"T\"},\"count\":{\"0\":46,\"1\":52,\"2\":55,\"3\":58,\"4\":63,\"5\":48,\"6\":43,\"7\":57},\"fitted\":{\"0\":54.5,\"1\":50.0,\"2\":49.0,\"3\":57.5,\"4\":54.5,\"5\":50.0,\"6\":49.0,\"7\":57.5},\"ret\":{\"0\":-0.0184827679,\"1\":0.0048328841,\"2\":0.0150549971,\"3\":0.0011899707,\"4\":0.02163707,\"5\":-0.00464326,\"6\":-0.0133096394,\"7\":-0.0011796677}}", "deviance": 4.3040513897399695, "df": 3, "rel_entropy": 0.0050995869546682105, "formula": "count ~ mut * base - mut : base", "prob": 0.23044864671330367}, "pos1": {"stats": "{\"mut\":{\"0\":\"M\",\"1\":\"M\",\"2\":\"M\",\"3\":\"M\",\"4\":\"R\",\"5\":\"R\",\"6\":\"R\",\"7\":\"R\"},\"base\":{\"0\":\"A\",\"1\":\"C\",\"2\":\"G\",\"3\":\"T\",\"4\":\"A\",\"5\":\"C\",\"6\":\"G\",\"7\":\"T\"},\"count\":{\"0\":48,\"1\":87,\"2\":52,\"3\":24,\"4\":61,\"5\":58,\"6\":52,\"7\":40},\"fitted\":{\"0\":54.5,\"1\":72.5,\"2\":52.0,\"3\":32.0,\"4\":54.5,\"5\":72.5,\"6\":52.0,\"7\":32.0},\"ret\":{\"0\":-0.0144454625,\"1\":0.0375876195,\"2\":-2.325680459e-16,\"3\":-0.0163610657,\"4\":0.0162868789,\"5\":-0.0306690189,\"6\":-8.208283974e-17,\"7\":0.0211510475}}", "deviance": 11.43619906956734, "df": 3, "rel_entropy": 0.013549998897591635, "formula": "count ~ mut * base - mut : base", "prob": 0.009586557901557928}}