{"('pos1', 'pos2')": {"stats": "{\"mut\":{\"0\":\"M\",\"1\":\"M\",\"2\":\"M\",\"3\":\"M\",\"4\":\"M\",\"5\":\"M\",\"6\":\"M\",\"7\":\"M\",\"8\":\"M\",\"9\":\"M\",\"10\":\"M\",\"11\":\"M\",\"12\":\"M\",\"13\":\"M\",\"14\":\"M\",\"15\":\"M\",\"16\":\"R\",\"17\":\"R\",\"18\":\"R\",\"19\":\"R\",\"20\":\"R\",\"21\":\"R\",\"22\":\"R\",\"23\":\"R\",\"24\":\"R\",\"25\":\"R\",\"26\":\"R\",\"27\":\"R\",\"28\":\"R\",\"29\":\"R\",\"30\":\"R\",\"31\":\"R\"},\"base1\":{\"0\":\"A\",\"1\":\"A\",\"2\":\"A\",\"3\":\"A\",\"4\":\"C\",\"5\":\"C\",\"6\":\"C\",\"7\":\"C\",\"8\":\"G\",\"9\":\"G\",\"10\":\"G\",\"11\":\"G\",\"12\":\"T\",\"13\":\"T\",\"14\":\"T\",\"15\":\"T\",\"16\":\"A\",\"17\":\"A\",\"18\":\"A\",\"19\":\"A\",\"20\":\"C\",\"21\":\"C\",\"22\":\"C\",\"23\":\"C\",\"24\":\"G\",\"25\":\"G\",\"26\":\"G\",\"27\":\"G\",\"28\":\"T\",\"29\":\"T\",\"30\":\"T\",\"31\":\"T\"},\"base2\":{\"0\":\"A\",\"1\":\"C\",\"2\":\"G\",\"3\":\"T\",\"4\":\"A\",\"5\":\"C\",\"6\":\"G\",\"7\":\"T\",\"8\":\"A\",\"9\":\"C\",\"10\":\"G\",\"11\":\"T\",\"12\":\"A\",\"13\":\"C\",\"14\":\"G\",\"15\":\"T\",\"16\":\"A\",\"17\":\"C\",\"18\":\"G\",\"19\":\"T\",\"20\":\"A\",\"21\":\"C\",\"22\":\"G\",\"23\":\"T\",\"24\":\"A\",\"25\":\"C\",\"26\":\"G\",\"27\":\"T\",\"28\":\"A\",\"29\":\"C\",\"30\":\"G\",\"31\":\"T\"},\"count\":{\"0\":8,\"1\":10,\"2\":10,\"3\":20,\"4\":20,\"5\":16,\"6\":31,\"7\":20,\"8\":22,\"9\":6,\"10\":14,\"11\":10,\"12\":6,\"13\":6,\"14\":7,\"15\":5,\"16\":21,\"17\":8,\"18\":18,\"19\":14,\"20\":11,\"21\":14,\"22\":20,\"23\":13,\"24\":11,\"25\":9,\"26\":18,\"27\":14,\"28\":20,\"29\":8,\"30\":1,\"31\":11},\"fitted\":{\"0\":12.3188677624,\"1\":7.7359179336,\"2\":12.305089131,\"3\":15.640125173,\"4\":18.1699387425,\"5\":17.7317870839,\"6\":30.6285748018,\"7\":20.4696993718,\"8\":16.0521814762,\"9\":7.3727948856,\"10\":16.0442260636,\"11\":12.5307975746,\"12\":9.4590120189,\"13\":5.1595000969,\"14\":3.0221100081,\"15\":6.3593778806,\"16\":16.6811322376,\"17\":10.2640820664,\"18\":15.694910869,\"19\":18.359874827,\"20\":12.8300612575,\"21\":12.2682129161,\"22\":20.3714251982,\"23\":12.5303006282,\"24\":16.9478185238,\"25\":7.6272051144,\"26\":15.9557739364,\"27\":11.4692024254,\"28\":16.5409879811,\"29\":8.8404999031,\"30\":4.9778900042,\"31\":9.6406221194},\"ret\":{\"0\":-0.0081837063,\"1\":0.0060831977,\"2\":-0.0049153515,\"3\":0.0116536746,\"4\":0.0045480456,\"5\":-0.0038965,\"6\":0.0008854698,\"7\":-0.001100163,\"8\":0.0164321073,\"9\":-0.0029294416,\"10\":-0.0045215259,\"11\":-0.0053460741,\"12\":-0.0064721584,\"13\":0.0021457788,\"14\":0.0139329009,\"15\":-0.0028494389,\"16\":0.0114576479,\"17\":-0.0047243428,\"18\":0.0058451053,\"19\":-0.0089941785,\"20\":-0.0040114988,\"21\":0.004380664,\"22\":-0.0008720815,\"23\":0.0011336368,\"24\":-0.0112670198,\"25\":0.003529687,\"26\":0.0051419854,\"27\":0.0066148984,\"28\":0.0089995665,\"29\":-0.0018938746,\"30\":-0.003803332,\"31\":0.0034384027}}", "deviance": 25.69311655311723, "df": 9, "rel_entropy": 0.030442081224072545, "formula": "count ~ mut * base1 * base2 - mut : base1 : base2", "prob": 0.0022929162694721229}, "('pos1', 'pos3')": {"stats": "{\"mut\":{\"0\":\"M\",\"1\":\"M\",\"2\":\"M\",\"3\":\"M\",\"4\":\"M\",\"5\":\"M\",\"6\":\"M\",\"7\":\"M\",\"8\":\"M\",\"9\":\"M\",\"10\":\"M\",\"11\":\"M\",\"12\":\"M\",\"13\":\"M\",\"14\":\"M\",\"15\":\"M\",\"16\":\"R\",\"17\":\"R\",\"18\":\"R\",\"19\":\"R\",\"20\":\"R\",\"21\":\"R\",\"22\":\"R\",\"23\":\"R\",\"24\":\"R\",\"25\":\"R\",\"26\":\"R\",\"27\":\"R\",\"28\":\"R\",\"29\":\"R\",\"30\":\"R\",\"31\":\"R\"},\"base1\":{\"0\":\"A\",\"1\":\"A\",\"2\":\"A\",\"3\":\"A\",\"4\":\"C\",\"5\":\"C\",\"6\":\"C\",\"7\":\"C\",\"8\":\"G\",\"9\":\"G\",\"10\":\"G\",\"11\":\"G\",\"12\":\"T\",\"13\":\"T\",\"14\":\"T\",\"15\":\"T\",\"16\":\"A\",\"17\":\"A\",\"18\":\"A\",\"19\":\"A\",\"20\":\"C\",\"21\":\"C\",\"22\":\"C\",\"23\":\"C\",\"24\":\"G\",\"25\":\"G\",\"26\":\"G\",\"27\":\"G\",\"28\":\"T\",\"29\":\"T\",\"30\":\"T\",\"31\":\"T\"},\"base2\":{\"0\":\"A\",\"1\":\"C\",\"2\":\"G\",\"3\":\"T\",\"4\":\"A\",\"5\":\"C\",\"6\":\"G\",\"7\":\"T\",\"8\":\"A\",\"9\":\"C\",\"10\":\"G\",\"11\":\"T\",\"12\":\"A\",\"13\":\"C\",\"14\":\"G\",\"15\":\"T\",\"16\":\"A\",\"17\":\"C\",\"18\":\"G\",\"19\":\"T\",\"20\":\"A\",\"21\":\"C\",\"22\":\"G\",\"23\":\"T\",\"24\":\"A\",\"25\":\"C\",\"26\":\"G\",\"27\":\"T\",\"28\":\"A\",\"29\":\"C\",\"30\":\"G\",\"31\":\"T\"},\"count\":{\"0\":10,\"1\":13,\"2\":13,\"3\":12,\"4\":24,\"5\":16,\"6\":24,\"7\":23,\"8\":11,\"9\":9,\"10\":13,\"11\":19,\"12\":6,\"13\":6,\"14\":6,\"15\":6,\"16\":18,\"17\":10,\"18\":19,\"19\":14,\"20\":15,\"21\":12,\"22\":18,\"23\":13,\"24\":14,\"25\":6,\"26\":21,\"27\":11,\"28\":12,\"29\":10,\"30\":8,\"31\":10},\"fitted\":{\"0\":11.30534362,\"1\":11.1594326395,\"2\":12.6226263182,\"3\":12.9125974223,\"4\":22.050422269,\"5\":18.0376970983,\"6\":23.3451893663,\"7\":23.5666912664,\"8\":11.6052685769,\"9\":8.1998250926,\"10\":15.4555346089,\"11\":16.7393717216,\"12\":6.038965534,\"13\":6.6030451697,\"14\":4.5766497066,\"15\":6.7813395897,\"16\":16.69465638,\"17\":11.8405673605,\"18\":19.3773736818,\"19\":13.0874025777,\"20\":16.949577731,\"21\":9.9623029017,\"22\":18.6548106337,\"23\":12.4333087336,\"24\":13.3947314231,\"25\":6.8001749074,\"26\":18.5444653911,\"27\":13.2606282784,\"28\":11.961034466,\"29\":9.3969548303,\"30\":9.4233502934,\"31\":9.2186604103},\"ret\":{\"0\":-0.0029073556,\"1\":0.0047029268,\"2\":0.0009074867,\"3\":-0.0020842672,\"4\":0.0048183172,\"5\":-0.0045450286,\"6\":0.0015732449,\"7\":-0.0013265938,\"8\":-0.0013962157,\"9\":0.0019857957,\"10\":-0.0053299325,\"11\":0.0057033969,\"12\":-0.0000920369,\"13\":-0.0013616796,\"14\":0.0038501267,\"15\":-0.0017405004,\"16\":0.0032111261,\"17\":-0.0040034705,\"18\":-0.0008854856,\"19\":0.0022362577,\"20\":-0.0043433431,\"21\":0.0052918973,\"22\":-0.0015241264,\"23\":0.0013730187,\"24\":0.0014662139,\"25\":-0.0017799365,\"26\":0.0061880857,\"27\":-0.0048719076,\"28\":0.0000924856,\"29\":0.0014739197,\"30\":-0.0031042491,\"31\":0.0019278521}}", "deviance": 4.647083237892909, "df": 9, "rel_entropy": 0.005506022793711977, "formula": "count ~ mut * base1 * base2 - mut : base1 : base2", "prob": 0.86392458525131},