{"pos3": {"rel_entropy": 0.0004446347974588126, "prob": 1.9804859243109235e-08, "formula": "count ~ mut * base - mut : base", "df": 3, "deviance": 38.72946939785241, "stats": "{\"mut\":{\"0\":\"M\",\"1\":\"M\",\"2\":\"M\",\"3\":\"M\",\"4\":\"R\",\"5\":\"R\",\"6\":\"R\",\"7\":\"R\"},\"base\":{\"0\":\"A\",\"1\":\"C\",\"2\":\"G\",\"3\":\"T\",\"4\":\"A\",\"5\":\"C\",\"6\":\"G\",\"7\":\"T\"},\"count\":{\"0\":5487,\"1\":5292,\"2\":4584,\"3\":6413,\"4\":5904,\"5\":4812,\"6\":4560,\"7\":6500},\"fitted\":{\"0\":5695.5000000002,\"1\":5052.000000001,\"2\":4572.0,\"3\":6456.5,\"4\":5695.5000000002,\"5\":5052.000000001,\"6\":4572.0,\"7\":6456.5},\"ret\":{\"0\":-0.0046986634,\"1\":0.0056395234,\"2\":0.000275894,\"3\":-0.0009954338,\"4\":0.0048739583,\"5\":-0.0053776361,\"6\":-0.0002751708,\"7\":0.0010021632}}"}, "pos0": {"rel_entropy": 0.0005514785641955193, "prob": 2.0922580096093716e-10, "formula": "count ~ mut * base - mut : base", "df": 3, "deviance": 48.03598885568651, "stats": "{\"mut\":{\"0\":\"M\",\"1\":\"M\",\"2\":\"M\",\"3\":\"M\",\"4\":\"R\",\"5\":\"R\",\"6\":\"R\",\"7\":\"R\"},\"base\":{\"0\":\"A\",\"1\":\"C\",\"2\":\"G\",\"3\":\"T\",\"4\":\"A\",\"5\":\"C\",\"6\":\"G\",\"7\":\"T\"},\"count\":{\"0\":5362,\"1\":5139,\"2\":4254,\"3\":7021,\"4\":5942,\"5\":4743,\"6\":4252,\"7\":6839},\"fitted\":{\"0\":5652.0000000022,\"1\":4941.0000000003,\"2\":4253.0,\"3\":6930.0,\"4\":5652.0000000021,\"5\":4941.0000000003,\"6\":4253.0,\"7\":6930.0},\"ret\":{\"0\":-0.0064848811,\"1\":0.0046361879,\"2\":0.0000229638,\"3\":0.0021031153,\"4\":0.0068266846,\"5\":-0.0044539563,\"6\":-0.0000229584,\"7\":-0.0020756772}}"}, "pos2": {"rel_entropy": 0.07687971827563361, "prob": 0, "formula": "count ~ mut * base - mut : base", "df": 3, "deviance": 6696.53098068079, "stats": "{\"mut\":{\"0\":\"M\",\"1\":\"M\",\"2\":\"M\",\"3\":\"M\",\"4\":\"R\",\"5\":\"R\",\"6\":\"R\",\"7\":\"R\"},\"base\":{\"0\":\"A\",\"1\":\"C\",\"2\":\"G\",\"3\":\"T\",\"4\":\"A\",\"5\":\"C\",\"6\":\"G\",\"7\":\"T\"},\"count\":{\"0\":5046,\"1\":4111,\"2\":6939,\"3\":5680,\"4\":8084,\"5\":5274,\"6\":807,\"7\":7611},\"fitted\":{\"0\":6564.9999999996,\"1\":4692.4999999997,\"2\":3873.0000000481,\"3\":6645.4999999996,\"4\":6565.0000000004,\"5\":4692.5000000003,\"6\":3873.0000000485,\"7\":6645.5000000004},\"ret\":{\"0\":-0.0304897248,\"1\":-0.0124881047,\"2\":0.0929079508,\"3\":-0.0204742795,\"4\":0.0386333031,\"5\":0.0141469429,\"6\":-0.0290629141,\"7\":0.0237065446}}"}, "pos1": {"rel_entropy": 0.004149879028097006, "prob": 4.894737010719809e-78, "formula": "count ~ mut * base - mut : base", "df": 3, "deviance": 361.4710628633616, "stats": "{\"mut\":{\"0\":\"M\",\"1\":\"M\",\"2\":\"M\",\"3\":\"M\",\"4\":\"R\",\"5\":\"R\",\"6\":\"R\",\"7\":\"R\"},\"base\":{\"0\":\"A\",\"1\":\"C\",\"2\":\"G\",\"3\":\"T\",\"4\":\"A\",\"5\":\"C\",\"6\":\"G\",\"7\":\"T\"},\"count\":{\"0\":6637,\"1\":5802,\"2\":4568,\"3\":4769,\"4\":5686,\"5\":5277,\"6\":4346,\"7\":6467},\"fitted\":{\"0\":6161.5,\"1\":5539.5,\"2\":4457.0,\"3\":5618.0,\"4\":6161.5,\"5\":5539.5,\"6\":4457.0,\"7\":5618.0},\"ret\":{\"0\":0.0113288311,\"1\":0.0061678811,\"2\":0.0025801542,\"3\":-0.017940591,\"4\":-0.0104854218,\"5\":-0.0058821598,\"6\":-0.0025166737,\"7\":0.0208978589}}"}}