{"('pos1', 'pos2')": {"stats": "{\"mut\":{\"0\":\"M\",\"1\":\"M\",\"2\":\"M\",\"3\":\"M\",\"4\":\"M\",\"5\":\"M\",\"6\":\"M\",\"7\":\"M\",\"8\":\"M\",\"9\":\"M\",\"10\":\"M\",\"11\":\"M\",\"12\":\"M\",\"13\":\"M\",\"14\":\"M\",\"15\":\"M\",\"16\":\"R\",\"17\":\"R\",\"18\":\"R\",\"19\":\"R\",\"20\":\"R\",\"21\":\"R\",\"22\":\"R\",\"23\":\"R\",\"24\":\"R\",\"25\":\"R\",\"26\":\"R\",\"27\":\"R\",\"28\":\"R\",\"29\":\"R\",\"30\":\"R\",\"31\":\"R\"},\"base1\":{\"0\":\"A\",\"1\":\"A\",\"2\":\"A\",\"3\":\"A\",\"4\":\"C\",\"5\":\"C\",\"6\":\"C\",\"7\":\"C\",\"8\":\"G\",\"9\":\"G\",\"10\":\"G\",\"11\":\"G\",\"12\":\"T\",\"13\":\"T\",\"14\":\"T\",\"15\":\"T\",\"16\":\"A\",\"17\":\"A\",\"18\":\"A\",\"19\":\"A\",\"20\":\"C\",\"21\":\"C\",\"22\":\"C\",\"23\":\"C\",\"24\":\"G\",\"25\":\"G\",\"26\":\"G\",\"27\":\"G\",\"28\":\"T\",\"29\":\"T\",\"30\":\"T\",\"31\":\"T\"},\"base2\":{\"0\":\"A\",\"1\":\"C\",\"2\":\"G\",\"3\":\"T\",\"4\":\"A\",\"5\":\"C\",\"6\":\"G\",\"7\":\"T\",\"8\":\"A\",\"9\":\"C\",\"10\":\"G\",\"11\":\"T\",\"12\":\"A\",\"13\":\"C\",\"14\":\"G\",\"15\":\"T\",\"16\":\"A\",\"17\":\"C\",\"18\":\"G\",\"19\":\"T\",\"20\":\"A\",\"21\":\"C\",\"22\":\"G\",\"23\":\"T\",\"24\":\"A\",\"25\":\"C\",\"26\":\"G\",\"27\":\"T\",\"28\":\"A\",\"29\":\"C\",\"30\":\"G\",\"31\":\"T\"},\"count\":{\"0\":1913,\"1\":1084,\"2\":2262,\"3\":1378,\"4\":1227,\"5\":1050,\"6\":1868,\"7\":1657,\"8\":921,\"9\":970,\"10\":1479,\"11\":1198,\"12\":985,\"13\":1007,\"14\":1330,\"15\":1447,\"16\":2341,\"17\":1275,\"18\":228,\"19\":1842,\"20\":1998,\"21\":1241,\"22\":217,\"23\":1821,\"24\":1572,\"25\":1156,\"26\":160,\"27\":1458,\"28\":2173,\"29\":1602,\"30\":202,\"31\":2490},\"fitted\":{\"0\":1763.5599693309,\"1\":1118.8284507118,\"2\":2258.1138365742,\"3\":1496.4977434249,\"4\":1295.0448044185,\"5\":1055.8796738289,\"6\":1881.1422537018,\"7\":1569.9332680524,\"8\":973.0733941083,\"9\":955.0534114927,\"10\":1471.8232682425,\"11\":1168.0499261571,\"12\":1014.3218321653,\"13\":981.2384639672,\"14\":1327.9206414816,\"15\":1445.5190623862,\"16\":2490.4400306962,\"17\":1240.1715492889,\"18\":231.8861634259,\"19\":1723.5022566021,\"20\":1929.9551955823,\"21\":1235.1203261711,\"22\":203.8577462982,\"23\":1908.0667319488,\"24\":1519.9266058922,\"25\":1170.9465885074,\"26\":167.1767317576,\"27\":1487.9500738429,\"28\":2143.6781678349,\"29\":1627.7615360329,\"30\":204.0793585185,\"31\":2491.4809376138},\"ret\":{\"0\":0.0035727407,\"1\":-0.0007871198,\"2\":0.0000893072,\"3\":-0.0026101497,\"4\":-0.0015205967,\"5\":-0.0001346269,\"6\":-0.0003007035,\"7\":0.0020535821,\"8\":-0.0011630813,\"9\":0.000345861,\"10\":0.0001651865,\"11\":0.0006964275,\"12\":-0.0006634339,\"13\":0.0005992099,\"14\":0.0000477816,\"15\":0.0000340213,\"16\":-0.0033262295,\"17\":0.0008108236,\"18\":-0.0000884785,\"19\":0.0028122949,\"20\":0.0015896052,\"21\":0.0001353244,\"22\":0.0003112844,\"23\":-0.0019528229,\"24\":0.0012159122,\"25\":-0.0003409898,\"26\":-0.0001611966,\"27\":-0.0006807175,\"28\":0.000677844,\"29\":-0.0005868065,\"30\":-0.0000475002,\"31\":-0.0000339938}}", "deviance": 66.0909734447905, "df": 9, "rel_entropy": 0.0007587593387765258, "formula": "count ~ mut * base1 * base2 - mut : base1 : base2", "prob": 8.8466028481791982e-11}, "('pos1', 'pos3')": {"stats": "{\"mut\":{\"0\":\"M\",\"1\":\"M\",\"2\":\"M\",\"3\":\"M\",\"4\":\"M\",\"5\":\"M\",\"6\":\"M\",\"7\":\"M\",\"8\":\"M\",\"9\":\"M\",\"10\":\"M\",\"11\":\"M\",\"12\":\"M\",\"13\":\"M\",\"14\":\"M\",\"15\":\"M\",\"16\":\"R\",\"17\":\"R\",\"18\":\"R\",\"19\":\"R\",\"20\":\"R\",\"21\":\"R\",\"22\":\"R\",\"23\":\"R\",\"24\":\"R\",\"25\":\"R\",\"26\":\"R\",\"27\":\"R\",\"28\":\"R\",\"29\":\"R\",\"30\":\"R\",\"31\":\"R\"},\"base1\":{\"0\":\"A\",\"1\":\"A\",\"2\":\"A\",\"3\":\"A\",\"4\":\"C\",\"5\":\"C\",\"6\":\"C\",\"7\":\"C\",\"8\":\"G\",\"9\":\"G\",\"10\":\"G\",\"11\":\"G\",\"12\":\"T\",\"13\":\"T\",\"14\":\"T\",\"15\":\"T\",\"16\":\"A\",\"17\":\"A\",\"18\":\"A\",\"19\":\"A\",\"20\":\"C\",\"21\":\"C\",\"22\":\"C\",\"23\":\"C\",\"24\":\"G\",\"25\":\"G\",\"26\":\"G\",\"27\":\"G\",\"28\":\"T\",\"29\":\"T\",\"30\":\"T\",\"31\":\"T\"},\"base2\":{\"0\":\"A\",\"1\":\"C\",\"2\":\"G\",\"3\":\"T\",\"4\":\"A\",\"5\":\"C\",\"6\":\"G\",\"7\":\"T\",\"8\":\"A\",\"9\":\"C\",\"10\":\"G\",\"11\":\"T\",\"12\":\"A\",\"13\":\"C\",\"14\":\"G\",\"15\":\"T\",\"16\":\"A\",\"17\":\"C\",\"18\":\"G\",\"19\":\"T\",\"20\":\"A\",\"21\":\"C\",\"22\":\"G\",\"23\":\"T\",\"24\":\"A\",\"25\":\"C\",\"26\":\"G\",\"27\":\"T\",\"28\":\"A\",\"29\":\"C\",\"30\":\"G\",\"31\":\"T\"},\"count\":{\"0\":1644,\"1\":1551,\"2\":1358,\"3\":2084,\"4\":1474,\"5\":1493,\"6\":1294,\"7\":1541,\"8\":1202,\"9\":1057,\"10\":1020,\"11\":1289,\"12\":1167,\"13\":1191,\"14\":912,\"15\":1499,\"16\":1661,\"17\":1171,\"18\":1133,\"19\":1721,\"20\":1395,\"21\":1255,\"22\":1171,\"23\":1456,\"24\":1165,\"25\":884,\"26\":1017,\"27\":1280,\"28\":1683,\"29\":1502,\"30\":1239,\"31\":2043},\"fitted\":{\"0\":1717.9025991074,\"1\":1534.3661262436,\"2\":1341.2857461191,\"3\":2043.4455285301,\"4\":1445.7297217658,\"5\":1505.9182237474,\"6\":1288.2786363024,\"7\":1562.0734181844,\"8\":1168.2739209616,\"9\":1043.7424194901,\"10\":1043.5428719448,\"11\":1312.4407876035,\"12\":1155.0937581654,\"13\":1207.9732305189,\"14\":910.8927456337,\"15\":1495.040265682,\"16\":1587.097400893,\"17\":1187.6338737564,\"18\":1149.7142538809,\"19\":1761.5544714699,\"20\":1423.2702782342,\"21\":1242.0817762526,\"22\":1176.7213636976,\"23\":1434.9265818155,\"24\":1198.7260790384,\"25\":897.2575805099,\"26\":993.4571280552,\"27\":1256.5592123965,\"28\":1694.9062418346,\"29\":1485.0267694811,\"30\":1240.1072543663,\"31\":2046.959734318},\"ret\":{\"0\":-0.0016598478,\"1\":0.0003839941,\"2\":0.0003861583,\"3\":0.0009403531,\"4\":0.000655421,\"5\":-0.0002953402,\"6\":0.0001316598,\"7\":-0.0004805893,\"8\":0.000785458,\"9\":0.0003063332,\"10\":-0.0005344251,\"11\":-0.0005333899,\"12\":0.000274784,\"13\":-0.0003869724,\"14\":0.0000254392,\"15\":0.00009104,\"16\":0.0017357899,\"17\":-0.0003792441,\"18\":-0.0003809737,\"19\":-0.0009203716,\"20\":-0.0006426257,\"21\":0.0002981532,\"22\":-0.0001310487,\"23\":0.0004874038,\"24\":-0.0007633892,\"25\":-0.000302148,\"26\":0.0005469244,\"27\":0.0005432146,\"28\":-0.0002724174,\"29\":0.0003919421,\"30\":-0.0000254124,\"31\":-0.0000908317}}", "deviance": 16.117858382701677, "df": 9, "rel_entropy": 0.0001850415409476221, "formula": "count ~ mut * base1 * base2 - mut : base1 : base2", "prob": 0.064460816800286952},