{"C": {"prob": 8.597845715788058e-05, "stats": "{\"count\":{\"4\":2950,\"3\":3160,\"5\":13871,\"0\":322438,\"1\":326880,\"2\":1541857},\"direction\":{\"4\":\"CtoG\",\"3\":\"CtoA\",\"5\":\"CtoT\",\"0\":\"CtoA\",\"1\":\"CtoG\",\"2\":\"CtoT\"},\"group\":{\"4\":\"2\",\"3\":\"2\",\"5\":\"2\",\"0\":\"1\",\"1\":\"1\",\"2\":\"1\"},\"fitted\":{\"4\":2980.4922086004,\"3\":2942.249953418,\"5\":14058.2578379816,\"0\":322655.750046576,\"1\":326849.5077913975,\"2\":1541669.7421620092},\"ret\":{\"4\":-0.0000137194,\"3\":0.0001020353,\"5\":-0.0000841212,\"0\":-0.0000984447,\"1\":0.0000137908,\"2\":0.0000846929}}", "df": 2, "deviance": 18.7228275825097, "rel_entropy": 4.23371928134191e-06, "formula": "count ~ direction + group"}, "T": {"prob": 5.249484122136121e-07, "stats": "{\"count\":{\"5\":2664,\"3\":3141,\"4\":11243,\"2\":245935,\"0\":277031,\"1\":1100674},\"direction\":{\"5\":\"TtoA\",\"3\":\"TtoG\",\"4\":\"TtoC\",\"2\":\"TtoA\",\"0\":\"TtoG\",\"1\":\"TtoC\"},\"group\":{\"5\":\"2\",\"3\":\"2\",\"4\":\"2\",\"2\":\"1\",\"0\":\"1\",\"1\":\"1\"},\"fitted\":{\"5\":2583.1332660446,\"3\":2911.2008230695,\"4\":11553.6659108868,\"2\":246015.8667339543,\"0\":277260.7991769259,\"1\":1100363.3340891106},\"ret\":{\"5\":0.0000500519,\"3\":0.0001454507,\"4\":-0.0001867821,\"2\":-0.0000492802,\"0\":-0.0001400046,\"1\":0.0001893777}}", "df": 2, "deviance": 28.919931683266242, "rel_entropy": 8.813355032543129e-06, "formula": "count ~ direction + group"}, "G": {"prob": 6.0423594631078324e-09, "stats": "{\"count\":{\"3\":3211,\"4\":3304,\"5\":14068,\"1\":325078,\"0\":327012,\"2\":1541864},\"direction\":{\"3\":\"GtoC\",\"4\":\"GtoT\",\"5\":\"GtoA\",\"1\":\"GtoT\",\"0\":\"GtoC\",\"2\":\"GtoA\"},\"group\":{\"3\":\"2\",\"4\":\"2\",\"5\":\"2\",\"1\":\"1\",\"0\":\"1\",\"2\":\"1\"},\"fitted\":{\"3\":3069.2555640301,\"4\":3052.1444012905,\"5\":14461.6000346812,\"1\":325329.8555987109,\"0\":327153.7444359708,\"2\":1541470.3999653209},\"ret\":{\"3\":0.0000654621,\"4\":0.0001182966,\"5\":-0.0001752937,\"1\":-0.0001136843,\"0\":-0.0000639925,\"2\":0.0001777574}}", "df": 2, "deviance": 37.84894252338415, "rel_entropy": 8.545565624639406e-06, "formula": "count ~ direction + group"}, "A": {"prob": 3.5497081566198547e-07, "stats": "{\"count\":{\"3\":2630,\"4\":3053,\"5\":11015,\"0\":247269,\"1\":276657,\"2\":1107772},\"direction\":{\"3\":\"AtoT\",\"4\":\"AtoC\",\"5\":\"AtoG\",\"0\":\"AtoT\",\"1\":\"AtoC\",\"2\":\"AtoG\"},\"group\":{\"3\":\"2\",\"4\":\"2\",\"5\":\"2\",\"0\":\"1\",\"1\":\"1\",\"2\":\"1\"},\"fitted\":{\"3\":2531.4387453017,\"4\":2833.4196273228,\"5\":11333.1416273768,\"0\":247367.5612547028,\"1\":276876.5803726782,\"2\":1107453.8583726292},\"ret\":{\"3\":0.0000609414,\"4\":0.0001382417,\"5\":-0.0001902661,\"0\":-0.0000597803,\"1\":-0.0001331557,\"2\":0.0001930284}}", "df": 2, "deviance": 29.702460520506463, "rel_entropy": 9.009503942167557e-06, "formula": "count ~ direction + group"}}