{"A": {"rel_entropy": 9.009503942167557e-06, "stats": "{\"count\":{\"3\":2630,\"4\":3053,\"5\":11015,\"0\":247269,\"1\":276657,\"2\":1107772},\"direction\":{\"3\":\"AtoT\",\"4\":\"AtoC\",\"5\":\"AtoG\",\"0\":\"AtoT\",\"1\":\"AtoC\",\"2\":\"AtoG\"},\"group\":{\"3\":\"2\",\"4\":\"2\",\"5\":\"2\",\"0\":\"1\",\"1\":\"1\",\"2\":\"1\"},\"fitted\":{\"3\":2531.4387453017,\"4\":2833.4196273228,\"5\":11333.1416273768,\"0\":247367.5612547028,\"1\":276876.5803726782,\"2\":1107453.8583726292},\"ret\":{\"3\":0.0000609414,\"4\":0.0001382417,\"5\":-0.0001902661,\"0\":-0.0000597803,\"1\":-0.0001331557,\"2\":0.0001930284}}", "deviance": 29.702460520506463, "df": 2, "formula": "count ~ direction + group", "prob": 3.5497081566198547e-07}, "C": {"rel_entropy": 4.233719281342564e-06, "stats": "{\"count\":{\"3\":2950,\"4\":3160,\"5\":13871,\"1\":322438,\"0\":326880,\"2\":1541857},\"direction\":{\"3\":\"CtoG\",\"4\":\"CtoA\",\"5\":\"CtoT\",\"1\":\"CtoA\",\"0\":\"CtoG\",\"2\":\"CtoT\"},\"group\":{\"3\":\"2\",\"4\":\"2\",\"5\":\"2\",\"1\":\"1\",\"0\":\"1\",\"2\":\"1\"},\"fitted\":{\"3\":2980.4922086004,\"4\":2942.249953418,\"5\":14058.2578379817,\"1\":322655.7500465817,\"0\":326849.5077913998,\"2\":1541669.7421620202},\"ret\":{\"3\":-0.0000137194,\"4\":0.0001020353,\"5\":-0.0000841212,\"1\":-0.0000984447,\"0\":0.0000137908,\"2\":0.0000846929}}", "deviance": 18.722827582512593, "df": 2, "formula": "count ~ direction + group", "prob": 8.5978457157756281e-05}, "T": {"rel_entropy": 8.813355032554701e-06, "stats": "{\"count\":{\"3\":2664,\"5\":3141,\"4\":11243,\"0\":245935,\"2\":277031,\"1\":1100674},\"direction\":{\"3\":\"TtoA\",\"5\":\"TtoG\",\"4\":\"TtoC\",\"0\":\"TtoA\",\"2\":\"TtoG\",\"1\":\"TtoC\"},\"group\":{\"3\":\"2\",\"5\":\"2\",\"4\":\"2\",\"0\":\"1\",\"2\":\"1\",\"1\":\"1\"},\"fitted\":{\"3\":2583.1332660446,\"5\":2911.2008230695,\"4\":11553.6659108869,\"0\":246015.8667339539,\"2\":277260.7991769303,\"1\":1100363.3340891106},\"ret\":{\"3\":0.0000500519,\"5\":0.0001454507,\"4\":-0.0001867821,\"0\":-0.0000492802,\"2\":-0.0001400046,\"1\":0.0001893777}}", "deviance": 28.919931683304213, "df": 2, "formula": "count ~ direction + group", "prob": 5.2494841220364547e-07}, "G": {"rel_entropy": 8.545565624651817e-06, "stats": "{\"count\":{\"4\":3211,\"5\":3304,\"3\":14068,\"2\":325078,\"1\":327012,\"0\":1541864},\"direction\":{\"4\":\"GtoC\",\"5\":\"GtoT\",\"3\":\"GtoA\",\"2\":\"GtoT\",\"1\":\"GtoC\",\"0\":\"GtoA\"},\"group\":{\"4\":\"2\",\"5\":\"2\",\"3\":\"2\",\"2\":\"1\",\"1\":\"1\",\"0\":\"1\"},\"fitted\":{\"4\":3069.2555640301,\"5\":3052.1444012905,\"3\":14461.6000346812,\"2\":325329.8555987097,\"1\":327153.7444359703,\"0\":1541470.3999653209},\"ret\":{\"4\":0.0000654621,\"5\":0.0001182966,\"3\":-0.0001752937,\"2\":-0.0001136843,\"1\":-0.0000639925,\"0\":0.0001777574}}", "deviance": 37.84894252343912, "df": 2, "formula": "count ~ direction + group", "prob": 6.0423594629417701e-09}}