{"pos2": {"stats": "{\"group\":{\"0\":\"1\",\"1\":\"1\",\"2\":\"1\",\"3\":\"1\",\"4\":\"1\",\"5\":\"1\",\"6\":\"1\",\"7\":\"1\",\"8\":\"2\",\"9\":\"2\",\"10\":\"2\",\"11\":\"2\",\"12\":\"2\",\"13\":\"2\",\"14\":\"2\",\"15\":\"2\"},\"mut\":{\"0\":\"M\",\"1\":\"M\",\"2\":\"M\",\"3\":\"M\",\"4\":\"R\",\"5\":\"R\",\"6\":\"R\",\"7\":\"R\",\"8\":\"M\",\"9\":\"M\",\"10\":\"M\",\"11\":\"M\",\"12\":\"R\",\"13\":\"R\",\"14\":\"R\",\"15\":\"R\"},\"base\":{\"0\":\"A\",\"1\":\"C\",\"2\":\"G\",\"3\":\"T\",\"4\":\"A\",\"5\":\"C\",\"6\":\"G\",\"7\":\"T\",\"8\":\"A\",\"9\":\"C\",\"10\":\"G\",\"11\":\"T\",\"12\":\"A\",\"13\":\"C\",\"14\":\"G\",\"15\":\"T\"},\"count\":{\"0\":63736,\"1\":58215,\"2\":48578,\"3\":75191,\"4\":73889,\"5\":48450,\"6\":59662,\"7\":63719,\"8\":3163,\"9\":5073,\"10\":4089,\"11\":3601,\"12\":4056,\"13\":3928,\"14\":4762,\"15\":3180},\"fitted\":{\"0\":63560.5325396298,\"1\":58357.892470896,\"2\":48680.8328682794,\"3\":75120.7421211947,\"4\":74064.4674603703,\"5\":48307.107529104,\"6\":59559.1671317207,\"7\":63789.2578788052,\"8\":3338.4674603711,\"9\":4930.107529104,\"10\":3986.1671317206,\"11\":3671.2578788052,\"12\":3880.5325396307,\"13\":4070.8924708961,\"14\":4864.8328682794,\"15\":3109.7421211948},\"ret\":{\"0\":0.000335777,\"1\":-0.0002727299,\"2\":-0.0001963037,\"3\":0.0001343241,\"4\":-0.0003349171,\"5\":0.000273468,\"6\":0.000196681,\"7\":-0.0001341874,\"8\":-0.0003263441,\"9\":0.000276984,\"10\":0.0001990247,\"11\":-0.0001329684,\"12\":0.0003427839,\"13\":-0.000268215,\"14\":-0.0001944197,\"15\":0.0001357667}}", "deviance": 36.341643051762475, "df": 3, "rel_entropy": 3.472405755463725e-05, "formula": "count ~ group * mut * base - group : mut : base", "prob": 6.3408416291152496e-08}, "pos3": {"stats": "{\"group\":{\"0\":\"1\",\"1\":\"1\",\"2\":\"1\",\"3\":\"1\",\"4\":\"1\",\"5\":\"1\",\"6\":\"1\",\"7\":\"1\",\"8\":\"2\",\"9\":\"2\",\"10\":\"2\",\"11\":\"2\",\"12\":\"2\",\"13\":\"2\",\"14\":\"2\",\"15\":\"2\"},\"mut\":{\"0\":\"M\",\"1\":\"M\",\"2\":\"M\",\"3\":\"M\",\"4\":\"R\",\"5\":\"R\",\"6\":\"R\",\"7\":\"R\",\"8\":\"M\",\"9\":\"M\",\"10\":\"M\",\"11\":\"M\",\"12\":\"R\",\"13\":\"R\",\"14\":\"R\",\"15\":\"R\"},\"base\":{\"0\":\"A\",\"1\":\"C\",\"2\":\"G\",\"3\":\"T\",\"4\":\"A\",\"5\":\"C\",\"6\":\"G\",\"7\":\"T\",\"8\":\"A\",\"9\":\"C\",\"10\":\"G\",\"11\":\"T\",\"12\":\"A\",\"13\":\"C\",\"14\":\"G\",\"15\":\"T\"},\"count\":{\"0\":67721,\"1\":45923,\"2\":44693,\"3\":87383,\"4\":76222,\"5\":48423,\"6\":54169,\"7\":66906,\"8\":3156,\"9\":4403,\"10\":3612,\"11\":4755,\"12\":4261,\"13\":3899,\"14\":4115,\"15\":3651},\"fitted\":{\"0\":67375.291777051,\"1\":46224.7101374484,\"2\":44774.3130402004,\"3\":87345.6850452998,\"4\":76567.7082229486,\"5\":48121.2898625517,\"6\":54087.6869598,\"7\":66943.3149547002,\"8\":3501.7082231288,\"9\":4101.2898625823,\"10\":3530.6869598001,\"11\":4792.3149547004,\"12\":3915.2917772213,\"13\":4200.7101374684,\"14\":4196.3130402004,\"15\":3613.6850453002},\"ret\":{\"0\":0.0006623331,\"1\":-0.000574676,\"2\":-0.0001552463,\"3\":0.0000713233,\"4\":-0.0006591475,\"5\":0.0005783654,\"6\":0.0001555043,\"7\":-0.0000712882,\"8\":-0.0006269005,\"9\":0.0005972673,\"10\":0.0001571632,\"11\":-0.0000710298,\"12\":0.000688985,\"13\":-0.000555342,\"14\":-0.0001538722,\"15\":0.000071675}}", "deviance": 120.47664483984308, "df": 3, "rel_entropy": 0.00011511416650726849, "formula": "count ~ group * mut * base - group : mut : base", "prob": 6.092302029808383e-26}, "pos0": {"stats": "{\"group\":{\"0\":\"1\",\"1\":\"1\",\"2\":\"1\",\"3\":\"1\",\"4\":\"1\",\"5\":\"1\",\"6\":\"1\",\"7\":\"1\",\"8\":\"2\",\"9\":\"2\",\"10\":\"2\",\"11\":\"2\",\"12\":\"2\",\"13\":\"2\",\"14\":\"2\",\"15\":\"2\"},\"mut\":{\"0\":\"M\",\"1\":\"M\",\"2\":\"M\",\"3\":\"M\",\"4\":\"R\",\"5\":\"R\",\"6\":\"R\",\"7\":\"R\",\"8\":\"M\",\"9\":\"M\",\"10\":\"M\",\"11\":\"M\",\"12\":\"R\",\"13\":\"R\",\"14\":\"R\",\"15\":\"R\"},\"base\":{\"0\":\"A\",\"1\":\"C\",\"2\":\"G\",\"3\":\"T\",\"4\":\"A\",\"5\":\"C\",\"6\":\"G\",\"7\":\"T\",\"8\":\"A\",\"9\":\"C\",\"10\":\"G\",\"11\":\"T\",\"12\":\"A\",\"13\":\"C\",\"14\":\"G\",\"15\":\"T\"},\"count\":{\"0\":78627,\"1\":41459,\"2\":52150,\"3\":73484,\"4\":72848,\"5\":51910,\"6\":54353,\"7\":66609,\"8\":3891,\"9\":4354,\"10\":4214,\"11\":3467,\"12\":3970,\"13\":4387,\"14\":4194,\"15\":3375},\"fitted\":{\"0\":78390.1333847486,\"1\":41830.9847676627,\"2\":52180.5797016518,\"3\":73318.3021459372,\"4\":73084.8666152518,\"5\":51538.0152323374,\"6\":54322.4202983483,\"7\":66774.6978540629,\"8\":4127.8666152579,\"9\":3982.0152324265,\"10\":4183.4202983482,\"11\":3632.6978540639,\"12\":3733.1333847529,\"13\":4758.9847677633,\"14\":4224.5797016519,\"15\":3209.3021459378},\"ret\":{\"0\":0.0004533303,\"1\":-0.000707685,\"2\":-0.00005842,\"3\":0.0003170026,\"4\":-0.0004519128,\"5\":0.0007134143,\"6\":0.0000584536,\"7\":-0.0003162519,\"8\":-0.0004394044,\"9\":0.0007430696,\"10\":0.0000586502,\"11\":-0.0003093112,\"12\":0.0004667129,\"13\":-0.0006823196,\"14\":-0.0000582252,\"15\":0.0003246822}}", "deviance": 116.99311062733594, "df": 3, "rel_entropy": 0.00011178568622044283, "formula": "count ~ group * mut * base - group : mut : base", "prob": 3.4273203313497319e-25}, "pos1": {"stats": "{\"group\":{\"0\":\"1\",\"1\":\"1\",\"2\":\"1\",\"3\":\"1\",\"4\":\"1\",\"5\":\"1\",\"6\":\"1\",\"7\":\"1\",\"8\":\"2\",\"9\":\"2\",\"10\":\"2\",\"11\":\"2\",\"12\":\"2\",\"13\":\"2\",\"14\":\"2\",\"15\":\"2\"},\"mut\":{\"0\":\"M\",\"1\":\"M\",\"2\":\"M\",\"3\":\"M\",\"4\":\"R\",\"5\":\"R\",\"6\":\"R\",\"7\":\"R\",\"8\":\"M\",\"9\":\"M\",\"10\":\"M\",\"11\":\"M\",\"12\":\"R\",\"13\":\"R\",\"14\":\"R\",\"15\":\"R\"},\"base\":{\"0\":\"A\",\"1\":\"C\",\"2\":\"G\",\"3\":\"T\",\"4\":\"A\",\"5\":\"C\",\"6\":\"G\",\"7\":\"T\",\"8\":\"A\",\"9\":\"C\",\"10\":\"G\",\"11\":\"T\",\"12\":\"A\",\"13\":\"C\",\"14\":\"G\",\"15\":\"T\"},\"count\":{\"0\":68764,\"1\":20937,\"2\":75265,\"3\":80754,\"4\":86036,\"5\":9280,\"6\":59031,\"7\":91373,\"8\":3550,\"9\":3352,\"10\":5230,\"11\":3794,\"12\":4860,\"13\":1467,\"14\":4711,\"15\":4888},\"fitted\":{\"0\":68791.3093460898,\"1\":21041.4464061245,\"2\":75185.7599984173,\"3\":80701.4842493674,\"4\":86008.6906539095,\"5\":9175.5535938755,\"6\":59110.2400015824,\"7\":91425.5157506321,\"8\":3522.6906539097,\"9\":3247.553593876,\"10\":5309.2400015826,\"11\":3846.5157506323,\"12\":4887.3093460903,\"13\":1571.446406125,\"14\":4631.7599984174,\"15\":4835.4842493677},\"ret\":{\"0\":-0.0000521772,\"1\":-0.0001990987,\"2\":0.0001515057,\"3\":0.0001003891,\"4\":0.0000521959,\"5\":0.0002007266,\"6\":-0.0001513244,\"7\":-0.0001003277,\"8\":0.0000523894,\"9\":0.0002027707,\"10\":-0.0001502903,\"11\":-0.0000996683,\"12\":-0.0000520415,\"13\":-0.0001928098,\"14\":0.0001527139,\"15\":0.0001008995}}", "deviance": 16.591417851336253, "df": 3, "rel_entropy": 1.5852925184539657e-05, "formula": "count ~ group * mut * base - group : mut : base", "prob": 0.00085751038968599834}}