{"pos2": {"rel_entropy": 0.16319065259176715, "formula": "count ~ mut * base - mut : base", "df": 3, "deviance": 87007.38109843695, "stats": "{\"mut\":{\"0\":\"M\",\"1\":\"M\",\"2\":\"M\",\"3\":\"M\",\"4\":\"R\",\"5\":\"R\",\"6\":\"R\",\"7\":\"R\"},\"base\":{\"0\":\"A\",\"1\":\"C\",\"2\":\"G\",\"3\":\"T\",\"4\":\"A\",\"5\":\"C\",\"6\":\"G\",\"7\":\"T\"},\"count\":{\"0\":15058,\"1\":18114,\"2\":82310,\"3\":17809,\"4\":40691,\"5\":40221,\"6\":12498,\"7\":39881},\"fitted\":{\"0\":27874.4999999833,\"1\":29167.4999999825,\"2\":47404.0000002925,\"3\":28844.9999999826,\"4\":27874.5000000259,\"5\":29167.500000027,\"6\":47404.0000003649,\"7\":28845.0000000267},\"ret\":{\"0\":-0.0347838931,\"1\":-0.0323688973,\"2\":0.1703697367,\"3\":-0.0322155379,\"4\":0.0577427861,\"5\":0.0484818244,\"6\":-0.0625006883,\"7\":0.0484653219}}", "prob": 0}, "pos1": {"rel_entropy": 0.0035989251672275398, "formula": "count ~ mut * base - mut : base", "df": 3, "deviance": 1918.817337859704, "stats": "{\"mut\":{\"0\":\"M\",\"1\":\"M\",\"2\":\"M\",\"3\":\"M\",\"4\":\"R\",\"5\":\"R\",\"6\":\"R\",\"7\":\"R\"},\"base\":{\"0\":\"A\",\"1\":\"C\",\"2\":\"G\",\"3\":\"T\",\"4\":\"A\",\"5\":\"C\",\"6\":\"G\",\"7\":\"T\"},\"count\":{\"0\":34858,\"1\":40892,\"2\":31839,\"3\":25702,\"4\":27535,\"5\":39914,\"6\":32293,\"7\":33549},\"fitted\":{\"0\":31196.5000000001,\"1\":40403.0000000001,\"2\":32066.0000000001,\"3\":29625.5,\"4\":31196.5000000001,\"5\":40403.0000000001,\"6\":32066.0000000001,\"7\":29625.5},\"ret\":{\"0\":0.0145112116,\"1\":0.0018453884,\"2\":-0.0008484992,\"3\":-0.0136970894,\"4\":-0.0128954292,\"5\":-0.0018231868,\"6\":0.0008545273,\"7\":0.0156520025}}", "prob": 0}, "pos0": {"rel_entropy": 0.00029091298452895423, "formula": "count ~ mut * base - mut : base", "df": 3, "deviance": 155.10433048339536, "stats": "{\"mut\":{\"0\":\"M\",\"1\":\"M\",\"2\":\"M\",\"3\":\"M\",\"4\":\"R\",\"5\":\"R\",\"6\":\"R\",\"7\":\"R\"},\"base\":{\"0\":\"A\",\"1\":\"C\",\"2\":\"G\",\"3\":\"T\",\"4\":\"A\",\"5\":\"C\",\"6\":\"G\",\"7\":\"T\"},\"count\":{\"0\":29647,\"1\":34842,\"2\":37109,\"3\":31693,\"4\":30002,\"5\":35097,\"6\":34531,\"7\":33661},\"fitted\":{\"0\":29824.4999999999,\"1\":34969.5000000001,\"2\":35820.0000000007,\"3\":32677.0000000002,\"4\":29824.5,\"5\":34969.5000000001,\"6\":35820.0000000008,\"7\":32677.0000000002},\"ret\":{\"0\":-0.0006638511,\"1\":-0.0004774039,\"2\":0.00492126,\"3\":-0.0036350296,\"4\":0.0006678138,\"5\":0.0004791477,\"6\":-0.0047472224,\"7\":0.0037461983}}", "prob": 2.087122911949835e-33}, "pos3": {"rel_entropy": 0.0014191548591698916, "formula": "count ~ mut * base - mut : base", "df": 3, "deviance": 756.6422813344561, "stats": "{\"mut\":{\"0\":\"M\",\"1\":\"M\",\"2\":\"M\",\"3\":\"M\",\"4\":\"R\",\"5\":\"R\",\"6\":\"R\",\"7\":\"R\"},\"base\":{\"0\":\"A\",\"1\":\"C\",\"2\":\"G\",\"3\":\"T\",\"4\":\"A\",\"5\":\"C\",\"6\":\"G\",\"7\":\"T\"},\"count\":{\"0\":24474,\"1\":36254,\"2\":41438,\"3\":31125,\"4\":28207,\"5\":35071,\"6\":36167,\"7\":33846},\"fitted\":{\"0\":26340.500000131,\"1\":35662.4999999999,\"2\":38802.5000001375,\"3\":32485.5000000023,\"4\":26340.5000001313,\"5\":35662.5000000003,\"6\":38802.5000001379,\"7\":32485.5000000026},\"ret\":{\"0\":-0.0067474535,\"1\":0.0022371294,\"2\":0.0102146525,\"3\":-0.0049951037,\"4\":0.007244006,\"5\":-0.0022003261,\"6\":-0.0095426516,\"7\":0.0052089017}}", "prob": 1.0943958255782902e-163}}