{"pos3": {"prob": 9.00406950518121e-07, "deviance": 30.881281982571156, "stats": "{\"mut\":{\"0\":\"M\",\"1\":\"M\",\"2\":\"M\",\"3\":\"M\",\"4\":\"R\",\"5\":\"R\",\"6\":\"R\",\"7\":\"R\"},\"base\":{\"0\":\"A\",\"1\":\"C\",\"2\":\"G\",\"3\":\"T\",\"4\":\"A\",\"5\":\"C\",\"6\":\"G\",\"7\":\"T\"},\"count\":{\"0\":1903,\"1\":1219,\"2\":978,\"3\":1765,\"4\":1706,\"5\":1246,\"6\":1183,\"7\":1730},\"fitted\":{\"0\":1804.5000000015,\"1\":1232.5000000003,\"2\":1080.5000000561,\"3\":1747.5000000004,\"4\":1804.5000000007,\"5\":1232.4999999997,\"6\":1080.5000000556,\"7\":1747.4999999996},\"ret\":{\"0\":0.0086223978,\"1\":-0.0011445689,\"2\":-0.0083100407,\"3\":0.0014993465,\"4\":-0.0081637985,\"5\":0.0011571753,\"6\":0.009140232,\"7\":-0.0014844059}}", "df": 3, "formula": "count ~ mut * base - mut : base", "rel_entropy": 0.0013163376804165028}, "pos0": {"prob": 2.5434776654516335e-21, "deviance": 99.00500043422467, "stats": "{\"mut\":{\"0\":\"M\",\"1\":\"M\",\"2\":\"M\",\"3\":\"M\",\"4\":\"R\",\"5\":\"R\",\"6\":\"R\",\"7\":\"R\"},\"base\":{\"0\":\"A\",\"1\":\"C\",\"2\":\"G\",\"3\":\"T\",\"4\":\"A\",\"5\":\"C\",\"6\":\"G\",\"7\":\"T\"},\"count\":{\"0\":2168,\"1\":1063,\"2\":1037,\"3\":1597,\"4\":1673,\"5\":1285,\"6\":1116,\"7\":1791},\"fitted\":{\"0\":1920.5,\"1\":1174.0,\"2\":1076.5,\"3\":1694.0,\"4\":1920.5,\"5\":1174.0,\"6\":1076.5,\"7\":1694.0},\"ret\":{\"0\":0.0224044252,\"1\":-0.0090007574,\"2\":-0.0033048835,\"3\":-0.0080279852,\"4\":-0.0196776672,\"5\":0.0098968002,\"6\":0.0034284725,\"7\":0.0085017574}}", "df": 3, "formula": "count ~ mut * base - mut : base", "rel_entropy": 0.004220161996343763}, "pos1": {"prob": 1.3799122023737345e-15, "deviance": 72.28972634050817, "stats": "{\"mut\":{\"0\":\"M\",\"1\":\"M\",\"2\":\"M\",\"3\":\"M\",\"4\":\"R\",\"5\":\"R\",\"6\":\"R\",\"7\":\"R\"},\"base\":{\"0\":\"A\",\"1\":\"C\",\"2\":\"G\",\"3\":\"T\",\"4\":\"A\",\"5\":\"C\",\"6\":\"G\",\"7\":\"T\"},\"count\":{\"0\":1768,\"1\":1185,\"2\":1342,\"3\":1570,\"4\":1512,\"5\":1455,\"6\":1149,\"7\":1749},\"fitted\":{\"0\":1640.0000000186,\"1\":1320.000000125,\"2\":1245.5000000134,\"3\":1659.500000002,\"4\":1640.0000000166,\"5\":1320.0000001233,\"6\":1245.5000000118,\"7\":1659.4999999999},\"ret\":{\"0\":0.0113273668,\"1\":-0.0108992686,\"2\":0.0085375435,\"3\":-0.0074204561,\"4\":-0.0104748169,\"5\":0.0120783809,\"6\":-0.007899503,\"7\":0.0078321568}}", "df": 3, "formula": "count ~ mut * base - mut : base", "rel_entropy": 0.0030814035098255827}, "pos2": {"prob": 7.469150394843067e-47, "deviance": 217.36054964641846, "stats": "{\"mut\":{\"0\":\"M\",\"1\":\"M\",\"2\":\"M\",\"3\":\"M\",\"4\":\"R\",\"5\":\"R\",\"6\":\"R\",\"7\":\"R\"},\"base\":{\"0\":\"A\",\"1\":\"C\",\"2\":\"G\",\"3\":\"T\",\"4\":\"A\",\"5\":\"C\",\"6\":\"G\",\"7\":\"T\"},\"count\":{\"0\":1971,\"1\":1689,\"2\":458,\"3\":1747,\"4\":2289,\"5\":1306,\"6\":189,\"7\":2081},\"fitted\":{\"0\":2130.0,\"1\":1497.5,\"2\":323.5000000099,\"3\":1914.0,\"4\":2130.0,\"5\":1497.5,\"6\":323.5000000099,\"7\":1914.0},\"ret\":{\"0\":-0.0130359809,\"1\":0.0173276694,\"2\":0.0135748416,\"3\":-0.0135970011,\"4\":0.0140487738,\"5\":-0.0152342195,\"6\":-0.0086597141,\"7\":0.0148407862}}", "df": 3, "formula": "count ~ mut * base - mut : base", "rel_entropy": 0.009265155568901043}}