{"('pos1', 'pos2')": {"stats": "{\"mut\":{\"0\":\"M\",\"1\":\"M\",\"2\":\"M\",\"3\":\"M\",\"4\":\"M\",\"5\":\"M\",\"6\":\"M\",\"7\":\"M\",\"8\":\"M\",\"9\":\"M\",\"10\":\"M\",\"11\":\"M\",\"12\":\"M\",\"13\":\"M\",\"14\":\"M\",\"15\":\"M\",\"16\":\"R\",\"17\":\"R\",\"18\":\"R\",\"19\":\"R\",\"20\":\"R\",\"21\":\"R\",\"22\":\"R\",\"23\":\"R\",\"24\":\"R\",\"25\":\"R\",\"26\":\"R\",\"27\":\"R\",\"28\":\"R\",\"29\":\"R\",\"30\":\"R\",\"31\":\"R\"},\"base1\":{\"0\":\"A\",\"1\":\"A\",\"2\":\"A\",\"3\":\"A\",\"4\":\"C\",\"5\":\"C\",\"6\":\"C\",\"7\":\"C\",\"8\":\"G\",\"9\":\"G\",\"10\":\"G\",\"11\":\"G\",\"12\":\"T\",\"13\":\"T\",\"14\":\"T\",\"15\":\"T\",\"16\":\"A\",\"17\":\"A\",\"18\":\"A\",\"19\":\"A\",\"20\":\"C\",\"21\":\"C\",\"22\":\"C\",\"23\":\"C\",\"24\":\"G\",\"25\":\"G\",\"26\":\"G\",\"27\":\"G\",\"28\":\"T\",\"29\":\"T\",\"30\":\"T\",\"31\":\"T\"},\"base2\":{\"0\":\"A\",\"1\":\"C\",\"2\":\"G\",\"3\":\"T\",\"4\":\"A\",\"5\":\"C\",\"6\":\"G\",\"7\":\"T\",\"8\":\"A\",\"9\":\"C\",\"10\":\"G\",\"11\":\"T\",\"12\":\"A\",\"13\":\"C\",\"14\":\"G\",\"15\":\"T\",\"16\":\"A\",\"17\":\"C\",\"18\":\"G\",\"19\":\"T\",\"20\":\"A\",\"21\":\"C\",\"22\":\"G\",\"23\":\"T\",\"24\":\"A\",\"25\":\"C\",\"26\":\"G\",\"27\":\"T\",\"28\":\"A\",\"29\":\"C\",\"30\":\"G\",\"31\":\"T\"},\"count\":{\"0\":642,\"1\":612,\"2\":133,\"3\":381,\"4\":392,\"5\":368,\"6\":84,\"7\":341,\"8\":526,\"9\":364,\"10\":148,\"11\":304,\"12\":411,\"13\":345,\"14\":93,\"15\":721,\"16\":661,\"17\":312,\"18\":51,\"19\":488,\"20\":598,\"21\":305,\"22\":53,\"23\":499,\"24\":424,\"25\":282,\"26\":50,\"27\":393,\"28\":606,\"29\":407,\"30\":35,\"31\":701},\"fitted\":{\"0\":648.0252813542,\"1\":552.8067262827,\"2\":135.0149595253,\"3\":432.1530328379,\"4\":406.0207865222,\"5\":344.1526175803,\"6\":90.3517977134,\"7\":344.4747981841,\"8\":468.9953426667,\"9\":384.2133864678,\"10\":144.7205306505,\"11\":344.070740215,\"12\":447.9585894569,\"13\":407.8272696693,\"14\":87.9127121108,\"15\":626.301428763,\"16\":654.9747186458,\"17\":371.1932737173,\"18\":48.9850404747,\"19\":436.8469671621,\"20\":583.9792134778,\"21\":328.8473824197,\"22\":46.6482022866,\"23\":495.5252018159,\"24\":481.0046573333,\"25\":261.7866135322,\"26\":53.2794693495,\"27\":352.929259785,\"28\":569.0414105431,\"29\":344.1727303307,\"30\":40.0872878892,\"31\":795.698571237},\"ret\":{\"0\":-0.0005112688,\"1\":0.0053073309,\"2\":-0.0001704901,\"3\":-0.0040919463,\"4\":-0.0011744132,\"5\":0.0021018894,\"6\":-0.0005220039,\"7\":-0.0002947326,\"8\":0.0051437856,\"9\":-0.0016770757,\"10\":0.0002827237,\"11\":-0.0032089643,\"12\":-0.0030170686,\"13\":-0.0049205679,\"14\":0.0004460121,\"15\":0.0086549114,\"16\":0.0005160197,\"17\":-0.0046206772,\"18\":0.0001752638,\"19\":0.0046067725,\"20\":0.0012095284,\"21\":-0.0019574599,\"22\":0.0005767987,\"23\":0.000297268,\"24\":-0.0045596627,\"25\":0.0017881,\"26\":-0.0002707931,\"27\":0.0036030686,\"28\":0.0032509486,\"29\":0.0058176896,\"30\":-0.0004049354,\"31\":-0.0075725061}}", "deviance": 112.6911742221466, "df": 9, "rel_entropy": 0.004803545363262856, "formula": "count ~ mut * base1 * base2 - mut : base1 : base2", "prob": 4.1602147838391356e-20}, "('pos1', 'pos3')": {"stats": "{\"mut\":{\"0\":\"M\",\"1\":\"M\",\"2\":\"M\",\"3\":\"M\",\"4\":\"M\",\"5\":\"M\",\"6\":\"M\",\"7\":\"M\",\"8\":\"M\",\"9\":\"M\",\"10\":\"M\",\"11\":\"M\",\"12\":\"M\",\"13\":\"M\",\"14\":\"M\",\"15\":\"M\",\"16\":\"R\",\"17\":\"R\",\"18\":\"R\",\"19\":\"R\",\"20\":\"R\",\"21\":\"R\",\"22\":\"R\",\"23\":\"R\",\"24\":\"R\",\"25\":\"R\",\"26\":\"R\",\"27\":\"R\",\"28\":\"R\",\"29\":\"R\",\"30\":\"R\",\"31\":\"R\"},\"base1\":{\"0\":\"A\",\"1\":\"A\",\"2\":\"A\",\"3\":\"A\",\"4\":\"C\",\"5\":\"C\",\"6\":\"C\",\"7\":\"C\",\"8\":\"G\",\"9\":\"G\",\"10\":\"G\",\"11\":\"G\",\"12\":\"T\",\"13\":\"T\",\"14\":\"T\",\"15\":\"T\",\"16\":\"A\",\"17\":\"A\",\"18\":\"A\",\"19\":\"A\",\"20\":\"C\",\"21\":\"C\",\"22\":\"C\",\"23\":\"C\",\"24\":\"G\",\"25\":\"G\",\"26\":\"G\",\"27\":\"G\",\"28\":\"T\",\"29\":\"T\",\"30\":\"T\",\"31\":\"T\"},\"base2\":{\"0\":\"A\",\"1\":\"C\",\"2\":\"G\",\"3\":\"T\",\"4\":\"A\",\"5\":\"C\",\"6\":\"G\",\"7\":\"T\",\"8\":\"A\",\"9\":\"C\",\"10\":\"G\",\"11\":\"T\",\"12\":\"A\",\"13\":\"C\",\"14\":\"G\",\"15\":\"T\",\"16\":\"A\",\"17\":\"C\",\"18\":\"G\",\"19\":\"T\",\"20\":\"A\",\"21\":\"C\",\"22\":\"G\",\"23\":\"T\",\"24\":\"A\",\"25\":\"C\",\"26\":\"G\",\"27\":\"T\",\"28\":\"A\",\"29\":\"C\",\"30\":\"G\",\"31\":\"T\"},\"count\":{\"0\":649,\"1\":387,\"2\":247,\"3\":485,\"4\":359,\"5\":270,\"6\":244,\"7\":312,\"8\":475,\"9\":230,\"10\":290,\"11\":347,\"12\":420,\"13\":332,\"14\":197,\"15\":621,\"16\":457,\"17\":316,\"18\":269,\"19\":470,\"20\":412,\"21\":315,\"22\":352,\"23\":376,\"24\":335,\"25\":229,\"26\":237,\"27\":348,\"28\":502,\"29\":386,\"30\":325,\"31\":536},\"fitted\":{\"0\":621.1596811907,\"1\":374.9697464939,\"2\":253.3588837419,\"3\":518.5116885735,\"4\":366.8460762314,\"5\":261.7722204377,\"6\":241.9648736484,\"7\":314.4168296825,\"8\":456.9032644658,\"9\":245.9613214009,\"10\":260.0719953581,\"11\":379.0634187753,\"12\":458.0909781121,\"13\":336.2967116675,\"14\":222.6042472517,\"15\":553.0080629687,\"16\":484.8403188093,\"17\":328.0302535061,\"18\":262.6411162581,\"19\":436.4883114265,\"20\":404.1539237686,\"21\":323.2277795623,\"22\":354.0351263516,\"23\":373.5831703175,\"24\":353.0967355342,\"25\":213.0386785991,\"26\":266.9280046419,\"27\":315.9365812247,\"28\":463.9090218879,\"29\":381.7032883325,\"30\":299.3957527483,\"31\":603.9919370313},\"ret\":{\"0\":0.0024258398,\"1\":0.0010418761,\"2\":-0.0005352437,\"3\":-0.0027625434,\"4\":-0.0006616851,\"5\":0.0007123401,\"6\":0.0001742252,\"7\":-0.0002052444,\"8\":0.0015729307,\"9\":-0.0013155879,\"10\":0.0026928818,\"11\":-0.0026144436,\"12\":-0.0031083973,\"13\":-0.000363951,\"14\":-0.0020521554,\"15\":0.0061389794,\"16\":-0.0023039426,\"17\":-0.0010065564,\"18\":0.0005486145,\"19\":0.0029638888,\"20\":0.0006753409,\"21\":-0.0006924263,\"22\":-0.0001729979,\"23\":0.0002067034,\"24\":-0.0015025457,\"25\":0.0014104734,\"26\":-0.0024027079,\"27\":0.0028676914,\"28\":0.0033771231,\"29\":0.0003683551,\"30\":0.0022735841,\"31\":-0.0054571786}}", "deviance": 53.79942286398881, "df": 9, "rel_entropy": 0.0022932405312868203, "formula": "count ~ mut * base1 * base2 - mut : base1 : base2", "prob": 2.0610159546819207e-08},