{"pos2": {"stats": "{\"group\":{\"0\":\"1\",\"1\":\"1\",\"2\":\"1\",\"3\":\"1\",\"4\":\"1\",\"5\":\"1\",\"6\":\"1\",\"7\":\"1\",\"8\":\"2\",\"9\":\"2\",\"10\":\"2\",\"11\":\"2\",\"12\":\"2\",\"13\":\"2\",\"14\":\"2\",\"15\":\"2\"},\"mut\":{\"0\":\"M\",\"1\":\"M\",\"2\":\"M\",\"3\":\"M\",\"4\":\"R\",\"5\":\"R\",\"6\":\"R\",\"7\":\"R\",\"8\":\"M\",\"9\":\"M\",\"10\":\"M\",\"11\":\"M\",\"12\":\"R\",\"13\":\"R\",\"14\":\"R\",\"15\":\"R\"},\"base\":{\"0\":\"A\",\"1\":\"C\",\"2\":\"G\",\"3\":\"T\",\"4\":\"A\",\"5\":\"C\",\"6\":\"G\",\"7\":\"T\",\"8\":\"A\",\"9\":\"C\",\"10\":\"G\",\"11\":\"T\",\"12\":\"A\",\"13\":\"C\",\"14\":\"G\",\"15\":\"T\"},\"count\":{\"0\":158330,\"1\":126662,\"2\":137275,\"3\":338050,\"4\":252589,\"5\":126200,\"6\":173148,\"7\":208380,\"8\":6881,\"9\":8377,\"10\":10349,\"11\":17372,\"12\":12440,\"13\":8452,\"14\":11982,\"15\":10105},\"fitted\":{\"0\":157745.0938134108,\"1\":126570.2752162709,\"2\":137662.03516695,\"3\":338339.595803373,\"4\":253173.9061865923,\"5\":126291.7247837305,\"6\":172760.9648330517,\"7\":208090.4041966286,\"8\":7465.9061866094,\"9\":8468.7247837301,\"10\":9961.9648330516,\"11\":17082.4041966285,\"12\":11855.0938134286,\"13\":8360.2752162702,\"14\":12369.0351669492,\"15\":10394.595803372},\"ret\":{\"0\":0.0003647405,\"1\":0.0000571135,\"2\":-0.0002405655,\"3\":-0.0001801776,\"4\":-0.0003636455,\"5\":-0.000057072,\"6\":0.0002411741,\"7\":0.0001803801,\"8\":-0.0003494175,\"9\":-0.0000567825,\"10\":0.0002455247,\"11\":0.0001817741,\"12\":0.0003729034,\"13\":0.0000574048,\"14\":-0.0002370955,\"15\":-0.0001777201}}", "deviance": 123.83294601409631, "df": 3, "rel_entropy": 3.853901488806626e-05, "formula": "count ~ group * mut * base - group : mut : base", "prob": 1.1530315006436565e-26}, "pos3": {"stats": "{\"group\":{\"0\":\"1\",\"1\":\"1\",\"2\":\"1\",\"3\":\"1\",\"4\":\"1\",\"5\":\"1\",\"6\":\"1\",\"7\":\"1\",\"8\":\"2\",\"9\":\"2\",\"10\":\"2\",\"11\":\"2\",\"12\":\"2\",\"13\":\"2\",\"14\":\"2\",\"15\":\"2\"},\"mut\":{\"0\":\"M\",\"1\":\"M\",\"2\":\"M\",\"3\":\"M\",\"4\":\"R\",\"5\":\"R\",\"6\":\"R\",\"7\":\"R\",\"8\":\"M\",\"9\":\"M\",\"10\":\"M\",\"11\":\"M\",\"12\":\"R\",\"13\":\"R\",\"14\":\"R\",\"15\":\"R\"},\"base\":{\"0\":\"A\",\"1\":\"C\",\"2\":\"G\",\"3\":\"T\",\"4\":\"A\",\"5\":\"C\",\"6\":\"G\",\"7\":\"T\",\"8\":\"A\",\"9\":\"C\",\"10\":\"G\",\"11\":\"T\",\"12\":\"A\",\"13\":\"C\",\"14\":\"G\",\"15\":\"T\"},\"count\":{\"0\":275461,\"1\":119421,\"2\":159027,\"3\":206408,\"4\":261982,\"5\":133488,\"6\":147777,\"7\":217070,\"8\":11990,\"9\":9429,\"10\":11584,\"11\":9976,\"12\":12954,\"13\":9346,\"14\":10030,\"15\":10649},\"fitted\":{\"0\":274687.4900218883,\"1\":119935.4707874963,\"2\":159370.8509944851,\"3\":206323.1881961299,\"4\":262755.5099781115,\"5\":132973.5292125038,\"6\":147433.149005515,\"7\":217154.81180387,\"8\":12763.5099781337,\"9\":8914.5292125097,\"10\":11240.149005515,\"11\":10060.81180387,\"12\":12180.4900219091,\"13\":9860.4707875023,\"14\":10373.8509944853,\"15\":10564.18819613},\"ret\":{\"0\":0.0004821374,\"1\":-0.0003195371,\"2\":-0.000213794,\"3\":0.0000528007,\"4\":-0.0004807508,\"5\":0.0003208436,\"6\":0.0002142745,\"7\":-0.0000527796,\"8\":-0.0004665671,\"9\":0.0003292924,\"10\":0.0002172659,\"11\":-0.0000525667,\"12\":0.0004964337,\"13\":-0.0003117218,\"14\":-0.0002104382,\"15\":0.0000530012}}", "deviance": 186.02424291835806, "df": 3, "rel_entropy": 5.7894052416032836e-05, "formula": "count ~ group * mut * base - group : mut : base", "prob": 4.4095046726089634e-40}, "pos0": {"stats": "{\"group\":{\"0\":\"1\",\"1\":\"1\",\"2\":\"1\",\"3\":\"1\",\"4\":\"1\",\"5\":\"1\",\"6\":\"1\",\"7\":\"1\",\"8\":\"2\",\"9\":\"2\",\"10\":\"2\",\"11\":\"2\",\"12\":\"2\",\"13\":\"2\",\"14\":\"2\",\"15\":\"2\"},\"mut\":{\"0\":\"M\",\"1\":\"M\",\"2\":\"M\",\"3\":\"M\",\"4\":\"R\",\"5\":\"R\",\"6\":\"R\",\"7\":\"R\",\"8\":\"M\",\"9\":\"M\",\"10\":\"M\",\"11\":\"M\",\"12\":\"R\",\"13\":\"R\",\"14\":\"R\",\"15\":\"R\"},\"base\":{\"0\":\"A\",\"1\":\"C\",\"2\":\"G\",\"3\":\"T\",\"4\":\"A\",\"5\":\"C\",\"6\":\"G\",\"7\":\"T\",\"8\":\"A\",\"9\":\"C\",\"10\":\"G\",\"11\":\"T\",\"12\":\"A\",\"13\":\"C\",\"14\":\"G\",\"15\":\"T\"},\"count\":{\"0\":244880,\"1\":211075,\"2\":139217,\"3\":165145,\"4\":262392,\"5\":130967,\"6\":152778,\"7\":214180,\"8\":10635,\"9\":16031,\"10\":9140,\"11\":7173,\"12\":12911,\"13\":8442,\"14\":10662,\"15\":10964},\"fitted\":{\"0\":244408.1091323385,\"1\":212160.4463891451,\"2\":139122.0172262296,\"3\":164626.427252283,\"4\":262863.8908676571,\"5\":129881.5536108564,\"6\":152872.9827737691,\"7\":214698.5727477155,\"8\":11106.8908676608,\"9\":14945.5536113757,\"10\":9234.9827737737,\"11\":7691.5727477169,\"12\":12439.1091323532,\"13\":9527.446389689,\"14\":10567.0172262356,\"15\":10445.427252312},\"ret\":{\"0\":0.000294005,\"1\":-0.0006738892,\"2\":0.0000591408,\"3\":0.000323286,\"4\":-0.0002934579,\"5\":0.0006784358,\"6\":-0.0000591023,\"7\":-0.000322388,\"8\":-0.0002873918,\"9\":0.0006995812,\"10\":-0.0000588156,\"11\":-0.000311644,\"12\":0.0002992238,\"13\":-0.0006355833,\"14\":0.0000593856,\"15\":0.000330661}}", "deviance": 325.9686233276386, "df": 3, "rel_entropy": 0.00010144723219325088, "formula": "count ~ group * mut * base - group : mut : base", "prob": 2.3804935596061744e-70}, "pos1": {"stats": "{\"group\":{\"0\":\"1\",\"1\":\"1\",\"2\":\"1\",\"3\":\"1\",\"4\":\"1\",\"5\":\"1\",\"6\":\"1\",\"7\":\"1\",\"8\":\"2\",\"9\":\"2\",\"10\":\"2\",\"11\":\"2\",\"12\":\"2\",\"13\":\"2\",\"14\":\"2\",\"15\":\"2\"},\"mut\":{\"0\":\"M\",\"1\":\"M\",\"2\":\"M\",\"3\":\"M\",\"4\":\"R\",\"5\":\"R\",\"6\":\"R\",\"7\":\"R\",\"8\":\"M\",\"9\":\"M\",\"10\":\"M\",\"11\":\"M\",\"12\":\"R\",\"13\":\"R\",\"14\":\"R\",\"15\":\"R\"},\"base\":{\"0\":\"A\",\"1\":\"C\",\"2\":\"G\",\"3\":\"T\",\"4\":\"A\",\"5\":\"C\",\"6\":\"G\",\"7\":\"T\",\"8\":\"A\",\"9\":\"C\",\"10\":\"G\",\"11\":\"T\",\"12\":\"A\",\"13\":\"C\",\"14\":\"G\",\"15\":\"T\"},\"count\":{\"0\":218788,\"1\":226112,\"2\":100817,\"3\":214600,\"4\":251749,\"5\":182552,\"6\":149201,\"7\":176815,\"8\":12584,\"9\":16592,\"10\":6370,\"11\":7433,\"12\":12443,\"13\":12386,\"14\":10351,\"15\":7799},\"fitted\":{\"0\":219631.6757170974,\"1\":226570.8661457893,\"2\":100432.387918031,\"3\":213682.0702190762,\"4\":250905.3242828974,\"5\":182093.1338542088,\"6\":149585.612081968,\"7\":177732.9297809221,\"8\":11740.3242828988,\"9\":16133.1338542096,\"10\":6754.6120819686,\"11\":8350.9297809229,\"12\":13286.6757171011,\"13\":12844.8661457903,\"14\":9966.3879180314,\"15\":6881.0702190771},\"ret\":{\"0\":-0.0005241239,\"1\":-0.0002853252,\"2\":0.000239854,\"3\":0.0005725776,\"4\":0.0005260157,\"5\":0.0002859742,\"6\":-0.0002390882,\"7\":-0.0005698742,\"8\":0.0005435658,\"9\":0.0002896384,\"10\":-0.0002324474,\"11\":-0.0005387325,\"12\":-0.0005080968,\"13\":-0.0002804511,\"14\":0.0002439572,\"15\":0.0006078713}}", "deviance": 421.93894369329314, "df": 3, "rel_entropy": 0.00013131490250583008, "formula": "count ~ group * mut * base - group : mut : base", "prob": 3.9148312150818242e-91}}