{"pos2": {"stats": "{\"group\":{\"0\":\"1\",\"1\":\"1\",\"2\":\"1\",\"3\":\"1\",\"4\":\"1\",\"5\":\"1\",\"6\":\"1\",\"7\":\"1\",\"8\":\"2\",\"9\":\"2\",\"10\":\"2\",\"11\":\"2\",\"12\":\"2\",\"13\":\"2\",\"14\":\"2\",\"15\":\"2\"},\"mut\":{\"0\":\"M\",\"1\":\"M\",\"2\":\"M\",\"3\":\"M\",\"4\":\"R\",\"5\":\"R\",\"6\":\"R\",\"7\":\"R\",\"8\":\"M\",\"9\":\"M\",\"10\":\"M\",\"11\":\"M\",\"12\":\"R\",\"13\":\"R\",\"14\":\"R\",\"15\":\"R\"},\"base\":{\"0\":\"A\",\"1\":\"C\",\"2\":\"G\",\"3\":\"T\",\"4\":\"A\",\"5\":\"C\",\"6\":\"G\",\"7\":\"T\",\"8\":\"A\",\"9\":\"C\",\"10\":\"G\",\"11\":\"T\",\"12\":\"A\",\"13\":\"C\",\"14\":\"G\",\"15\":\"T\"},\"count\":{\"0\":223477,\"1\":208857,\"2\":258859,\"3\":314418,\"4\":299957,\"5\":204208,\"6\":248255,\"7\":253191,\"8\":25681,\"9\":32414,\"10\":41725,\"11\":34930,\"12\":33688,\"13\":32995,\"14\":40233,\"15\":27834},\"fitted\":{\"0\":223825.0780781313,\"1\":208340.7180308937,\"2\":258828.8296356701,\"3\":314616.3742553041,\"4\":299608.921921867,\"5\":204724.2819691059,\"6\":248285.1703643305,\"7\":252992.6257446961,\"8\":25332.9219218672,\"9\":32930.2819691064,\"10\":41755.17036433,\"11\":34731.6257446962,\"12\":34036.0780781328,\"13\":32478.7180308936,\"14\":40202.8296356697,\"15\":28032.3742553037},\"ret\":{\"0\":-0.0001524988,\"1\":0.000226648,\"2\":0.0000132292,\"3\":-0.0000869513,\"4\":0.0001527061,\"5\":-0.0002260821,\"6\":-0.0000132276,\"7\":0.0000870128,\"8\":0.0001536612,\"9\":-0.0002245839,\"10\":-0.0000132236,\"11\":0.0000872266,\"12\":-0.0001518344,\"13\":0.0002281575,\"14\":0.0000132334,\"15\":-0.0000866702}}", "deviance": 31.030879258990744, "df": 3, "rel_entropy": 6.802863141362854e-06, "formula": "count ~ group * mut * base - group : mut : base", "prob": 8.3741662817846792e-07}, "pos3": {"stats": "{\"group\":{\"0\":\"1\",\"1\":\"1\",\"2\":\"1\",\"3\":\"1\",\"4\":\"1\",\"5\":\"1\",\"6\":\"1\",\"7\":\"1\",\"8\":\"2\",\"9\":\"2\",\"10\":\"2\",\"11\":\"2\",\"12\":\"2\",\"13\":\"2\",\"14\":\"2\",\"15\":\"2\"},\"mut\":{\"0\":\"M\",\"1\":\"M\",\"2\":\"M\",\"3\":\"M\",\"4\":\"R\",\"5\":\"R\",\"6\":\"R\",\"7\":\"R\",\"8\":\"M\",\"9\":\"M\",\"10\":\"M\",\"11\":\"M\",\"12\":\"R\",\"13\":\"R\",\"14\":\"R\",\"15\":\"R\"},\"base\":{\"0\":\"A\",\"1\":\"C\",\"2\":\"G\",\"3\":\"T\",\"4\":\"A\",\"5\":\"C\",\"6\":\"G\",\"7\":\"T\",\"8\":\"A\",\"9\":\"C\",\"10\":\"G\",\"11\":\"T\",\"12\":\"A\",\"13\":\"C\",\"14\":\"G\",\"15\":\"T\"},\"count\":{\"0\":308911,\"1\":199996,\"2\":246743,\"3\":249961,\"4\":306721,\"5\":204425,\"6\":226806,\"7\":267659,\"8\":32236,\"9\":37454,\"10\":35312,\"11\":29748,\"12\":34347,\"13\":34829,\"14\":35134,\"15\":30440},\"fitted\":{\"0\":307905.4261084564,\"1\":201500.1593332184,\"2\":245584.3964737171,\"3\":250621.0180846123,\"4\":307726.5738915466,\"5\":202920.8406667823,\"6\":227964.6035262841,\"7\":266998.9819153891,\"8\":33241.5738915463,\"9\":35949.8406667843,\"10\":36470.603526284,\"11\":29087.9819153889,\"12\":33341.4261084543,\"13\":36333.159333221,\"14\":33975.3964737169,\"15\":31100.0180846114},\"ret\":{\"0\":0.0004416207,\"1\":-0.0006570425,\"2\":0.000509195,\"3\":-0.0002890086,\"4\":-0.0004401804,\"5\":0.0006619485,\"6\":-0.0005067055,\"7\":0.0002897474,\"8\":-0.0004341645,\"9\":0.0006731188,\"10\":-0.0004998427,\"11\":0.0002926486,\"12\":0.0004474845,\"13\":-0.0006456662,\"14\":0.0005165635,\"15\":-0.0002862972}}", "deviance": 334.89824387097815, "df": 3, "rel_entropy": 7.34193478799648e-05, "formula": "count ~ group * mut * base - group : mut : base", "prob": 2.7762455595275618e-72}, "pos0": {"stats": "{\"group\":{\"0\":\"1\",\"1\":\"1\",\"2\":\"1\",\"3\":\"1\",\"4\":\"1\",\"5\":\"1\",\"6\":\"1\",\"7\":\"1\",\"8\":\"2\",\"9\":\"2\",\"10\":\"2\",\"11\":\"2\",\"12\":\"2\",\"13\":\"2\",\"14\":\"2\",\"15\":\"2\"},\"mut\":{\"0\":\"M\",\"1\":\"M\",\"2\":\"M\",\"3\":\"M\",\"4\":\"R\",\"5\":\"R\",\"6\":\"R\",\"7\":\"R\",\"8\":\"M\",\"9\":\"M\",\"10\":\"M\",\"11\":\"M\",\"12\":\"R\",\"13\":\"R\",\"14\":\"R\",\"15\":\"R\"},\"base\":{\"0\":\"A\",\"1\":\"C\",\"2\":\"G\",\"3\":\"T\",\"4\":\"A\",\"5\":\"C\",\"6\":\"G\",\"7\":\"T\",\"8\":\"A\",\"9\":\"C\",\"10\":\"G\",\"11\":\"T\",\"12\":\"A\",\"13\":\"C\",\"14\":\"G\",\"15\":\"T\"},\"count\":{\"0\":305247,\"1\":215528,\"2\":246479,\"3\":238357,\"4\":295737,\"5\":219667,\"6\":227042,\"7\":263165,\"8\":31488,\"9\":42086,\"10\":36434,\"11\":24742,\"12\":33953,\"13\":36924,\"14\":35480,\"15\":28393},\"fitted\":{\"0\":303769.9526839391,\"1\":218145.257131475,\"2\":245718.8435691561,\"3\":237976.9466154327,\"4\":297214.0473160626,\"5\":217049.7428685277,\"6\":227802.1564308456,\"7\":263545.0533845685,\"8\":32965.0473160654,\"9\":39468.7428686359,\"10\":37194.1564308447,\"11\":25122.0533845677,\"12\":32475.9526839438,\"13\":39541.2571315962,\"14\":34719.8435691558,\"15\":28012.9466154327},\"ret\":{\"0\":0.0006491946,\"1\":-0.0011406446,\"2\":0.0003338114,\"3\":0.0001667703,\"4\":-0.0006460108,\"5\":0.0011544476,\"6\":-0.0003327397,\"7\":-0.0001665171,\"8\":-0.0006328922,\"9\":0.0011847907,\"10\":-0.0003298671,\"11\":-0.0001653704,\"12\":0.0006621317,\"13\":-0.0011087109,\"14\":0.0003369187,\"15\":0.0001677626}}", "deviance": 607.0131531431346, "df": 3, "rel_entropy": 0.00013307477920218566, "formula": "count ~ group * mut * base - group : mut : base", "prob": 3.041034784135638e-131}, "pos1": {"stats": "{\"group\":{\"0\":\"1\",\"1\":\"1\",\"2\":\"1\",\"3\":\"1\",\"4\":\"1\",\"5\":\"1\",\"6\":\"1\",\"7\":\"1\",\"8\":\"2\",\"9\":\"2\",\"10\":\"2\",\"11\":\"2\",\"12\":\"2\",\"13\":\"2\",\"14\":\"2\",\"15\":\"2\"},\"mut\":{\"0\":\"M\",\"1\":\"M\",\"2\":\"M\",\"3\":\"M\",\"4\":\"R\",\"5\":\"R\",\"6\":\"R\",\"7\":\"R\",\"8\":\"M\",\"9\":\"M\",\"10\":\"M\",\"11\":\"M\",\"12\":\"R\",\"13\":\"R\",\"14\":\"R\",\"15\":\"R\"},\"base\":{\"0\":\"A\",\"1\":\"C\",\"2\":\"G\",\"3\":\"T\",\"4\":\"A\",\"5\":\"C\",\"6\":\"G\",\"7\":\"T\",\"8\":\"A\",\"9\":\"C\",\"10\":\"G\",\"11\":\"T\",\"12\":\"A\",\"13\":\"C\",\"14\":\"G\",\"15\":\"T\"},\"count\":{\"0\":233503,\"1\":353739,\"2\":189646,\"3\":228723,\"4\":349853,\"5\":40679,\"6\":248953,\"7\":366126,\"8\":18068,\"9\":83147,\"10\":18182,\"11\":15353,\"12\":40352,\"13\":12619,\"14\":40128,\"15\":41651},\"fitted\":{\"0\":233954.3326102835,\"1\":355140.9527311636,\"2\":188730.4843120673,\"3\":227785.230346486,\"4\":349401.6673897167,\"5\":39277.0472688856,\"6\":249868.5156879325,\"7\":367063.7696535132,\"8\":17616.6673897181,\"9\":81745.0472688411,\"10\":19097.5156879328,\"11\":16290.7696535137,\"12\":40803.3326102829,\"13\":14020.9527312059,\"14\":39212.484312069,\"15\":40713.2303464886},\"ret\":{\"0\":-0.0001976992,\"1\":-0.000613482,\"2\":0.0004023869,\"3\":0.0004120175,\"4\":0.000198018,\"5\":0.0006255391,\"6\":-0.0004006786,\"7\":-0.0004106466,\"8\":0.0002004038,\"9\":0.0006199381,\"10\":-0.0003916356,\"11\":-0.000399104,\"12\":-0.0001967917,\"13\":-0.0005828864,\"14\":0.0004060648,\"15\":0.0004158717}}", "deviance": 398.2866220537469, "df": 3, "rel_entropy": 8.731590743057393e-05, "formula": "count ~ group * mut * base - group : mut : base", "prob": 5.2033514918277371e-86}}