{"pos2": {"df": 3, "formula": "count ~ group * mut * base - group : mut : base", "stats": "{\"group\":{\"8\":\"1\",\"9\":\"1\",\"10\":\"1\",\"11\":\"1\",\"12\":\"1\",\"13\":\"1\",\"14\":\"1\",\"15\":\"1\",\"0\":\"2\",\"1\":\"2\",\"2\":\"2\",\"3\":\"2\",\"4\":\"2\",\"5\":\"2\",\"6\":\"2\",\"7\":\"2\"},\"mut\":{\"8\":\"M\",\"9\":\"M\",\"10\":\"M\",\"11\":\"M\",\"12\":\"R\",\"13\":\"R\",\"14\":\"R\",\"15\":\"R\",\"0\":\"M\",\"1\":\"M\",\"2\":\"M\",\"3\":\"M\",\"4\":\"R\",\"5\":\"R\",\"6\":\"R\",\"7\":\"R\"},\"base\":{\"8\":\"A\",\"9\":\"C\",\"10\":\"G\",\"11\":\"T\",\"12\":\"A\",\"13\":\"C\",\"14\":\"G\",\"15\":\"T\",\"0\":\"A\",\"1\":\"C\",\"2\":\"G\",\"3\":\"T\",\"4\":\"A\",\"5\":\"C\",\"6\":\"G\",\"7\":\"T\"},\"count\":{\"8\":63736,\"9\":58215,\"10\":48578,\"11\":75191,\"12\":73889,\"13\":48450,\"14\":59662,\"15\":63719,\"0\":82505,\"1\":76348,\"2\":66542,\"3\":99683,\"4\":92990,\"5\":67715,\"6\":82845,\"7\":81528},\"fitted\":{\"8\":64262.4237806571,\"9\":57234.3713008385,\"10\":48354.9951091833,\"11\":75868.209809321,\"12\":73362.5762193427,\"13\":49430.6286991613,\"14\":59885.0048908167,\"15\":63041.7901906789,\"0\":81978.576219342,\"1\":77328.6286991614,\"2\":66765.0048908169,\"3\":99005.7901906789,\"4\":93516.4237806572,\"5\":66734.3713008385,\"6\":82621.9951091831,\"7\":82205.2098093209},\"ret\":{\"8\":-0.0004592357,\"9\":0.0008663152,\"10\":0.0001957946,\"11\":-0.0005905577,\"12\":0.0004627802,\"13\":-0.0008504205,\"14\":-0.0001949807,\"15\":0.0005963881,\"0\":0.0004626071,\"1\":-0.0008535282,\"2\":-0.0001950182,\"3\":0.0005952374,\"4\":-0.0004598293,\"5\":0.0008652786,\"6\":0.0001956082,\"7\":-0.000590763}}", "prob": 1.8601933778871068e-22, "rel_entropy": 4.567590249502339e-05, "deviance": 104.28685516941744}, "pos3": {"df": 3, "formula": "count ~ group * mut * base - group : mut : base", "stats": "{\"group\":{\"8\":\"1\",\"9\":\"1\",\"10\":\"1\",\"11\":\"1\",\"12\":\"1\",\"13\":\"1\",\"14\":\"1\",\"15\":\"1\",\"0\":\"2\",\"1\":\"2\",\"2\":\"2\",\"3\":\"2\",\"4\":\"2\",\"5\":\"2\",\"6\":\"2\",\"7\":\"2\"},\"mut\":{\"8\":\"M\",\"9\":\"M\",\"10\":\"M\",\"11\":\"M\",\"12\":\"R\",\"13\":\"R\",\"14\":\"R\",\"15\":\"R\",\"0\":\"M\",\"1\":\"M\",\"2\":\"M\",\"3\":\"M\",\"4\":\"R\",\"5\":\"R\",\"6\":\"R\",\"7\":\"R\"},\"base\":{\"8\":\"A\",\"9\":\"C\",\"10\":\"G\",\"11\":\"T\",\"12\":\"A\",\"13\":\"C\",\"14\":\"G\",\"15\":\"T\",\"0\":\"A\",\"1\":\"C\",\"2\":\"G\",\"3\":\"T\",\"4\":\"A\",\"5\":\"C\",\"6\":\"G\",\"7\":\"T\"},\"count\":{\"8\":67721,\"9\":45923,\"10\":44693,\"11\":87383,\"12\":76222,\"13\":48423,\"14\":54169,\"15\":66906,\"0\":87202,\"1\":63626,\"2\":66056,\"3\":108194,\"4\":96374,\"5\":67489,\"6\":75096,\"7\":86119},\"fitted\":{\"8\":67975.4463789254,\"9\":45765.0387143098,\"10\":45536.8314181659,\"11\":86442.6834885995,\"12\":75967.5536210749,\"13\":48580.9612856905,\"14\":53325.1685818343,\"15\":67846.3165114009,\"0\":86947.5536210754,\"1\":63783.9612856906,\"2\":65212.1685818343,\"3\":109134.3165114011,\"4\":96628.4463789257,\"5\":67331.03871431,\"6\":75939.8314181661,\"7\":85178.6834885996},\"ret\":{\"8\":-0.0002224689,\"9\":0.0001386073,\"10\":-0.0007322768,\"11\":0.0008281497,\"12\":0.0002232594,\"13\":-0.0001381436,\"14\":0.000744986,\"15\":-0.0008179514,\"0\":0.0002232124,\"1\":-0.0001381973,\"2\":0.00074393,\"3\":-0.0008201272,\"4\":-0.0002225928,\"5\":0.000138531,\"6\":-0.0007350461,\"7\":0.0008282157}}", "prob": 1.074677345084203e-20, "rel_entropy": 4.208739355920255e-05, "deviance": 96.0936002752228}, "pos1": {"df": 3, "formula": "count ~ group * mut * base - group : mut : base", "stats": "{\"group\":{\"8\":\"1\",\"9\":\"1\",\"10\":\"1\",\"11\":\"1\",\"12\":\"1\",\"13\":\"1\",\"14\":\"1\",\"15\":\"1\",\"0\":\"2\",\"1\":\"2\",\"2\":\"2\",\"3\":\"2\",\"4\":\"2\",\"5\":\"2\",\"6\":\"2\",\"7\":\"2\"},\"mut\":{\"8\":\"M\",\"9\":\"M\",\"10\":\"M\",\"11\":\"M\",\"12\":\"R\",\"13\":\"R\",\"14\":\"R\",\"15\":\"R\",\"0\":\"M\",\"1\":\"M\",\"2\":\"M\",\"3\":\"M\",\"4\":\"R\",\"5\":\"R\",\"6\":\"R\",\"7\":\"R\"},\"base\":{\"8\":\"A\",\"9\":\"C\",\"10\":\"G\",\"11\":\"T\",\"12\":\"A\",\"13\":\"C\",\"14\":\"G\",\"15\":\"T\",\"0\":\"A\",\"1\":\"C\",\"2\":\"G\",\"3\":\"T\",\"4\":\"A\",\"5\":\"C\",\"6\":\"G\",\"7\":\"T\"},\"count\":{\"8\":68764,\"9\":20937,\"10\":75265,\"11\":80754,\"12\":86036,\"13\":9280,\"14\":59031,\"15\":91373,\"0\":86572,\"1\":31679,\"2\":104753,\"3\":102074,\"4\":110376,\"5\":15634,\"6\":82845,\"7\":116223},\"fitted\":{\"8\":68717.5019715905,\"9\":20573.8065591036,\"10\":75425.7980378459,\"11\":81002.8934314604,\"12\":86082.4980284095,\"13\":9643.1934408965,\"14\":58870.2019621542,\"15\":91124.1065685397,\"0\":86618.4980284091,\"1\":32042.1934408965,\"2\":104592.2019621543,\"3\":101825.1065685398,\"4\":110329.5019715902,\"5\":15270.8065591036,\"6\":83005.7980378456,\"7\":116471.8934314602},\"ret\":{\"8\":0.0000407445,\"9\":0.0003209371,\"10\":-0.0001407035,\"11\":-0.000217687,\"12\":-0.0000407197,\"13\":-0.0003120775,\"14\":0.0001410459,\"15\":0.0002183198,\"0\":-0.0000407198,\"1\":-0.0003163354,\"2\":0.0001409619,\"3\":0.0002182886,\"4\":0.0000407393,\"5\":0.000321899,\"6\":-0.0001407172,\"7\":-0.0002177892}}", "prob": 4.6975085455294085e-08, "rel_entropy": 1.6186793610795966e-05, "deviance": 36.95755767782046}, "pos0": {"df": 3, "formula": "count ~ group * mut * base - group : mut : base", "stats": "{\"group\":{\"8\":\"1\",\"9\":\"1\",\"10\":\"1\",\"11\":\"1\",\"12\":\"1\",\"13\":\"1\",\"14\":\"1\",\"15\":\"1\",\"0\":\"2\",\"1\":\"2\",\"2\":\"2\",\"3\":\"2\",\"4\":\"2\",\"5\":\"2\",\"6\":\"2\",\"7\":\"2\"},\"mut\":{\"8\":\"M\",\"9\":\"M\",\"10\":\"M\",\"11\":\"M\",\"12\":\"R\",\"13\":\"R\",\"14\":\"R\",\"15\":\"R\",\"0\":\"M\",\"1\":\"M\",\"2\":\"M\",\"3\":\"M\",\"4\":\"R\",\"5\":\"R\",\"6\":\"R\",\"7\":\"R\"},\"base\":{\"8\":\"A\",\"9\":\"C\",\"10\":\"G\",\"11\":\"T\",\"12\":\"A\",\"13\":\"C\",\"14\":\"G\",\"15\":\"T\",\"0\":\"A\",\"1\":\"C\",\"2\":\"G\",\"3\":\"T\",\"4\":\"A\",\"5\":\"C\",\"6\":\"G\",\"7\":\"T\"},\"count\":{\"8\":78627,\"9\":41459,\"10\":52150,\"11\":73484,\"12\":72848,\"13\":51910,\"14\":54353,\"15\":66609,\"0\":97236,\"1\":58737,\"2\":75604,\"3\":93501,\"4\":92441,\"5\":73248,\"6\":75638,\"7\":83751},\"fitted\":{\"8\":77969.1217404928,\"9\":41438.9800623641,\"10\":52703.2737460784,\"11\":73608.6244510656,\"12\":73505.8782595078,\"13\":51930.0199376361,\"14\":53799.7262539221,\"15\":66484.3755489348,\"0\":97893.8782595085,\"1\":58757.0199376361,\"2\":75050.726253922,\"3\":93376.3755489351,\"4\":91783.1217404927,\"5\":73227.9800623641,\"6\":76191.2737460783,\"7\":83875.6244510657},\"ret\":{\"8\":0.0005787038,\"9\":0.000017541,\"10\":-0.0004820965,\"11\":-0.0001090744,\"12\":-0.0005736928,\"13\":-0.0000175334,\"14\":0.0004871329,\"15\":0.0001092691,\"0\":-0.0005743387,\"1\":-0.0000175338,\"2\":0.0004864314,\"3\":0.0001092397,\"4\":0.0005783398,\"5\":0.0000175392,\"6\":-0.0004828854,\"7\":-0.0001090857}}", "prob": 6.547219823247325e-09, "rel_entropy": 1.795621702666499e-05, "deviance": 40.99749106554529}}