{"pos2": {"stats": "{\"group\":{\"0\":\"1\",\"1\":\"1\",\"2\":\"1\",\"3\":\"1\",\"4\":\"1\",\"5\":\"1\",\"6\":\"1\",\"7\":\"1\",\"8\":\"2\",\"9\":\"2\",\"10\":\"2\",\"11\":\"2\",\"12\":\"2\",\"13\":\"2\",\"14\":\"2\",\"15\":\"2\"},\"mut\":{\"0\":\"M\",\"1\":\"M\",\"2\":\"M\",\"3\":\"M\",\"4\":\"R\",\"5\":\"R\",\"6\":\"R\",\"7\":\"R\",\"8\":\"M\",\"9\":\"M\",\"10\":\"M\",\"11\":\"M\",\"12\":\"R\",\"13\":\"R\",\"14\":\"R\",\"15\":\"R\"},\"base\":{\"0\":\"A\",\"1\":\"C\",\"2\":\"G\",\"3\":\"T\",\"4\":\"A\",\"5\":\"C\",\"6\":\"G\",\"7\":\"T\",\"8\":\"A\",\"9\":\"C\",\"10\":\"G\",\"11\":\"T\",\"12\":\"A\",\"13\":\"C\",\"14\":\"G\",\"15\":\"T\"},\"count\":{\"0\":63736,\"1\":58215,\"2\":48578,\"3\":75191,\"4\":73889,\"5\":48450,\"6\":59662,\"7\":63719,\"8\":82505,\"9\":76348,\"10\":66542,\"11\":99683,\"12\":92990,\"13\":67715,\"14\":82845,\"15\":81528},\"fitted\":{\"0\":64262.4237806569,\"1\":57234.3713008383,\"2\":48354.9951091829,\"3\":75868.2098093207,\"4\":73362.5762193425,\"5\":49430.6286991613,\"6\":59885.0048908165,\"7\":63041.7901906788,\"8\":81978.5762193423,\"9\":77328.6286991613,\"10\":66765.0048908165,\"11\":99005.7901906787,\"12\":93516.423780657,\"13\":66734.3713008384,\"14\":82621.9951091828,\"15\":82205.2098093206},\"ret\":{\"0\":-0.0004592357,\"1\":0.0008663152,\"2\":0.0001957946,\"3\":-0.0005905577,\"4\":0.0004627802,\"5\":-0.0008504205,\"6\":-0.0001949807,\"7\":0.0005963881,\"8\":0.0004626071,\"9\":-0.0008535282,\"10\":-0.0001950182,\"11\":0.0005952374,\"12\":-0.0004598293,\"13\":0.0008652786,\"14\":0.0001956082,\"15\":-0.000590763}}", "deviance": 104.28685516936753, "df": 3, "rel_entropy": 4.567590249500153e-05, "formula": "count ~ group * mut * base - group : mut : base", "prob": 1.8601933779330893e-22}, "pos3": {"stats": "{\"group\":{\"0\":\"1\",\"1\":\"1\",\"2\":\"1\",\"3\":\"1\",\"4\":\"1\",\"5\":\"1\",\"6\":\"1\",\"7\":\"1\",\"8\":\"2\",\"9\":\"2\",\"10\":\"2\",\"11\":\"2\",\"12\":\"2\",\"13\":\"2\",\"14\":\"2\",\"15\":\"2\"},\"mut\":{\"0\":\"M\",\"1\":\"M\",\"2\":\"M\",\"3\":\"M\",\"4\":\"R\",\"5\":\"R\",\"6\":\"R\",\"7\":\"R\",\"8\":\"M\",\"9\":\"M\",\"10\":\"M\",\"11\":\"M\",\"12\":\"R\",\"13\":\"R\",\"14\":\"R\",\"15\":\"R\"},\"base\":{\"0\":\"A\",\"1\":\"C\",\"2\":\"G\",\"3\":\"T\",\"4\":\"A\",\"5\":\"C\",\"6\":\"G\",\"7\":\"T\",\"8\":\"A\",\"9\":\"C\",\"10\":\"G\",\"11\":\"T\",\"12\":\"A\",\"13\":\"C\",\"14\":\"G\",\"15\":\"T\"},\"count\":{\"0\":67721,\"1\":45923,\"2\":44693,\"3\":87383,\"4\":76222,\"5\":48423,\"6\":54169,\"7\":66906,\"8\":87202,\"9\":63626,\"10\":66056,\"11\":108194,\"12\":96374,\"13\":67489,\"14\":75096,\"15\":86119},\"fitted\":{\"0\":67975.4463789253,\"1\":45765.0387143097,\"2\":45536.8314181658,\"3\":86442.6834885992,\"4\":75967.5536210748,\"5\":48580.9612856904,\"6\":53325.1685818342,\"7\":67846.3165114008,\"8\":86947.5536210749,\"9\":63783.9612856903,\"10\":65212.1685818342,\"11\":109134.3165114005,\"12\":96628.4463789252,\"13\":67331.0387143098,\"14\":75939.831418166,\"15\":85178.6834885993},\"ret\":{\"0\":-0.0002224689,\"1\":0.0001386073,\"2\":-0.0007322768,\"3\":0.0008281497,\"4\":0.0002232594,\"5\":-0.0001381436,\"6\":0.000744986,\"7\":-0.0008179514,\"8\":0.0002232124,\"9\":-0.0001381973,\"10\":0.00074393,\"11\":-0.0008201272,\"12\":-0.0002225928,\"13\":0.000138531,\"14\":-0.0007350461,\"15\":0.0008282157}}", "deviance": 96.09360027523485, "df": 3, "rel_entropy": 4.208739355920783e-05, "formula": "count ~ group * mut * base - group : mut : base", "prob": 1.0746773450777909e-20}, "pos0": {"stats": "{\"group\":{\"0\":\"1\",\"1\":\"1\",\"2\":\"1\",\"3\":\"1\",\"4\":\"1\",\"5\":\"1\",\"6\":\"1\",\"7\":\"1\",\"8\":\"2\",\"9\":\"2\",\"10\":\"2\",\"11\":\"2\",\"12\":\"2\",\"13\":\"2\",\"14\":\"2\",\"15\":\"2\"},\"mut\":{\"0\":\"M\",\"1\":\"M\",\"2\":\"M\",\"3\":\"M\",\"4\":\"R\",\"5\":\"R\",\"6\":\"R\",\"7\":\"R\",\"8\":\"M\",\"9\":\"M\",\"10\":\"M\",\"11\":\"M\",\"12\":\"R\",\"13\":\"R\",\"14\":\"R\",\"15\":\"R\"},\"base\":{\"0\":\"A\",\"1\":\"C\",\"2\":\"G\",\"3\":\"T\",\"4\":\"A\",\"5\":\"C\",\"6\":\"G\",\"7\":\"T\",\"8\":\"A\",\"9\":\"C\",\"10\":\"G\",\"11\":\"T\",\"12\":\"A\",\"13\":\"C\",\"14\":\"G\",\"15\":\"T\"},\"count\":{\"0\":78627,\"1\":41459,\"2\":52150,\"3\":73484,\"4\":72848,\"5\":51910,\"6\":54353,\"7\":66609,\"8\":97236,\"9\":58737,\"10\":75604,\"11\":93501,\"12\":92441,\"13\":73248,\"14\":75638,\"15\":83751},\"fitted\":{\"0\":77969.1217404921,\"1\":41438.9800623641,\"2\":52703.2737460783,\"3\":73608.6244510655,\"4\":73505.8782595078,\"5\":51930.0199376361,\"6\":53799.7262539221,\"7\":66484.3755489347,\"8\":97893.8782595076,\"9\":58757.0199376361,\"10\":75050.726253922,\"11\":93376.3755489347,\"12\":91783.1217404927,\"13\":73227.9800623643,\"14\":76191.2737460784,\"15\":83875.6244510654},\"ret\":{\"0\":0.0005787038,\"1\":0.000017541,\"2\":-0.0004820965,\"3\":-0.0001090744,\"4\":-0.0005736928,\"5\":-0.0000175334,\"6\":0.0004871329,\"7\":0.0001092691,\"8\":-0.0005743387,\"9\":-0.0000175338,\"10\":0.0004864314,\"11\":0.0001092397,\"12\":0.0005783398,\"13\":0.0000175392,\"14\":-0.0004828854,\"15\":-0.0001090857}}", "deviance": 40.99749106553021, "df": 3, "rel_entropy": 1.7956217026658386e-05, "formula": "count ~ group * mut * base - group : mut : base", "prob": 6.5472198232955422e-09}, "pos1": {"stats": "{\"group\":{\"0\":\"1\",\"1\":\"1\",\"2\":\"1\",\"3\":\"1\",\"4\":\"1\",\"5\":\"1\",\"6\":\"1\",\"7\":\"1\",\"8\":\"2\",\"9\":\"2\",\"10\":\"2\",\"11\":\"2\",\"12\":\"2\",\"13\":\"2\",\"14\":\"2\",\"15\":\"2\"},\"mut\":{\"0\":\"M\",\"1\":\"M\",\"2\":\"M\",\"3\":\"M\",\"4\":\"R\",\"5\":\"R\",\"6\":\"R\",\"7\":\"R\",\"8\":\"M\",\"9\":\"M\",\"10\":\"M\",\"11\":\"M\",\"12\":\"R\",\"13\":\"R\",\"14\":\"R\",\"15\":\"R\"},\"base\":{\"0\":\"A\",\"1\":\"C\",\"2\":\"G\",\"3\":\"T\",\"4\":\"A\",\"5\":\"C\",\"6\":\"G\",\"7\":\"T\",\"8\":\"A\",\"9\":\"C\",\"10\":\"G\",\"11\":\"T\",\"12\":\"A\",\"13\":\"C\",\"14\":\"G\",\"15\":\"T\"},\"count\":{\"0\":68764,\"1\":20937,\"2\":75265,\"3\":80754,\"4\":86036,\"5\":9280,\"6\":59031,\"7\":91373,\"8\":86572,\"9\":31679,\"10\":104753,\"11\":102074,\"12\":110376,\"13\":15634,\"14\":82845,\"15\":116223},\"fitted\":{\"0\":68717.5019715908,\"1\":20573.8065591035,\"2\":75425.7980378458,\"3\":81002.8934314599,\"4\":86082.4980284095,\"5\":9643.1934408965,\"6\":58870.2019621542,\"7\":91124.1065685396,\"8\":86618.4980284096,\"9\":32042.1934408965,\"10\":104592.2019621543,\"11\":101825.1065685394,\"12\":110329.5019715904,\"13\":15270.8065591036,\"14\":83005.7980378458,\"15\":116471.8934314602},\"ret\":{\"0\":0.0000407445,\"1\":0.0003209371,\"2\":-0.0001407035,\"3\":-0.000217687,\"4\":-0.0000407197,\"5\":-0.0003120775,\"6\":0.0001410459,\"7\":0.0002183198,\"8\":-0.0000407198,\"9\":-0.0003163354,\"10\":0.0001409619,\"11\":0.0002182886,\"12\":0.0000407393,\"13\":0.000321899,\"14\":-0.0001407172,\"15\":-0.0002177892}}", "deviance": 36.957557677792195, "df": 3, "rel_entropy": 1.6186793610783586e-05, "formula": "count ~ group * mut * base - group : mut : base", "prob": 4.6975085455940894e-08}}