{"pos3": {"prob": 1.6573224998150905e-79, "deviance": 368.2606552670719, "rel_entropy": 0.013083013189820658, "formula": "count ~ mut * base - mut : base", "df": 3, "stats": "{\"mut\":{\"0\":\"M\",\"1\":\"M\",\"2\":\"M\",\"3\":\"M\",\"4\":\"R\",\"5\":\"R\",\"6\":\"R\",\"7\":\"R\"},\"base\":{\"0\":\"A\",\"1\":\"C\",\"2\":\"G\",\"3\":\"T\",\"4\":\"A\",\"5\":\"C\",\"6\":\"G\",\"7\":\"T\"},\"count\":{\"0\":1491,\"1\":1865,\"2\":1762,\"3\":1919,\"4\":2394,\"5\":1270,\"6\":1398,\"7\":1975},\"fitted\":{\"0\":1942.5,\"1\":1567.5,\"2\":1580.0,\"3\":1947.0,\"4\":1942.5,\"5\":1567.5,\"6\":1580.0,\"7\":1947.0},\"ret\":{\"0\":-0.0280241859,\"1\":0.0230281332,\"2\":0.013649388,\"3\":-0.0019751096,\"4\":0.0355493527,\"5\":-0.0189918053,\"6\":-0.0121564815,\"7\":0.0020037216}}"}, "pos0": {"prob": 1.3780201538839147e-31, "deviance": 146.66907567411957, "rel_entropy": 0.005210639323366476, "formula": "count ~ mut * base - mut : base", "df": 3, "stats": "{\"mut\":{\"0\":\"M\",\"1\":\"M\",\"2\":\"M\",\"3\":\"M\",\"4\":\"R\",\"5\":\"R\",\"6\":\"R\",\"7\":\"R\"},\"base\":{\"0\":\"A\",\"1\":\"C\",\"2\":\"G\",\"3\":\"T\",\"4\":\"A\",\"5\":\"C\",\"6\":\"G\",\"7\":\"T\"},\"count\":{\"0\":2005,\"1\":1435,\"2\":1964,\"3\":1633,\"4\":2438,\"5\":1267,\"6\":1453,\"7\":1879},\"fitted\":{\"0\":2221.5,\"1\":1351.0,\"2\":1708.5,\"3\":1756.0,\"4\":2221.5,\"5\":1351.0,\"6\":1708.5,\"7\":1756.0},\"ret\":{\"0\":-0.0146077773,\"1\":0.0061502699,\"2\":0.0194484587,\"3\":-0.0084260295,\"4\":0.0161093332,\"5\":-0.005778935,\"6\":-0.0167233763,\"7\":0.0090386956}}"}, "pos2": {"prob": 2.80314905560303e-116, "deviance": 537.9781973198013, "rel_entropy": 0.019112483917855666, "formula": "count ~ mut * base - mut : base", "df": 3, "stats": "{\"mut\":{\"0\":\"M\",\"1\":\"M\",\"2\":\"M\",\"3\":\"M\",\"4\":\"R\",\"5\":\"R\",\"6\":\"R\",\"7\":\"R\"},\"base\":{\"0\":\"A\",\"1\":\"C\",\"2\":\"G\",\"3\":\"T\",\"4\":\"A\",\"5\":\"C\",\"6\":\"G\",\"7\":\"T\"},\"count\":{\"0\":1158,\"1\":1696,\"2\":2025,\"3\":2158,\"4\":2315,\"5\":1189,\"6\":1677,\"7\":1856},\"fitted\":{\"0\":1736.5000000018,\"1\":1442.5,\"2\":1851.0,\"3\":2007.0,\"4\":1736.5000000017,\"5\":1442.5,\"6\":1851.0,\"7\":2007.0},\"ret\":{\"0\":-0.0333377301,\"1\":0.0195092803,\"2\":0.0129269167,\"3\":0.0111228535,\"4\":0.0472964821,\"5\":-0.0163274269,\"6\":-0.011763016,\"7\":-0.0103148757}}"}, "pos1": {"prob": 6.900741042309777e-150, "deviance": 693.0046039920205, "rel_entropy": 0.024620029984084857, "formula": "count ~ mut * base - mut : base", "df": 3, "stats": "{\"mut\":{\"0\":\"M\",\"1\":\"M\",\"2\":\"M\",\"3\":\"M\",\"4\":\"R\",\"5\":\"R\",\"6\":\"R\",\"7\":\"R\"},\"base\":{\"0\":\"A\",\"1\":\"C\",\"2\":\"G\",\"3\":\"T\",\"4\":\"A\",\"5\":\"C\",\"6\":\"G\",\"7\":\"T\"},\"count\":{\"0\":1441,\"1\":2457,\"2\":2192,\"3\":947,\"4\":2281,\"5\":1677,\"6\":1430,\"7\":1649},\"fitted\":{\"0\":1861.0,\"1\":2067.0,\"2\":1811.0,\"3\":1298.0,\"4\":1861.0,\"5\":2067.0,\"6\":1811.0,\"7\":1298.0},\"ret\":{\"0\":-0.0261883024,\"1\":0.0301744203,\"2\":0.0297378099,\"3\":-0.0212143613,\"4\":0.0329816272,\"5\":-0.0249145193,\"6\":-0.0239997705,\"7\":0.0280431261}}"}}