{"pos0": {"prob": 0.009604229815185137, "rel_entropy": 0.001072843128220384, "stats": "{\"mut\":{\"0\":\"M\",\"1\":\"M\",\"2\":\"M\",\"3\":\"M\",\"4\":\"R\",\"5\":\"R\",\"6\":\"R\",\"7\":\"R\"},\"base\":{\"0\":\"A\",\"1\":\"C\",\"2\":\"G\",\"3\":\"T\",\"4\":\"A\",\"5\":\"C\",\"6\":\"G\",\"7\":\"T\"},\"count\":{\"0\":860,\"1\":444,\"2\":421,\"3\":939,\"4\":780,\"5\":485,\"6\":490,\"7\":909},\"fitted\":{\"0\":820.0000000002,\"1\":464.5000000001,\"2\":455.5000000039,\"3\":924.0,\"4\":820.0000000002,\"5\":464.5,\"6\":455.5000000039,\"7\":924.0},\"ret\":{\"0\":0.0076877106,\"1\":-0.0037614163,\"2\":-0.0062235686,\"3\":0.0028380442,\"4\":-0.0073213454,\"5\":0.0039312793,\"6\":0.0067144783,\"7\":-0.0027923391}}", "df": 3, "deviance": 11.432216374316411, "formula": "count ~ mut * base - mut : base"}, "pos2": {"prob": 0.0006170199103442337, "rel_entropy": 0.0016222384176839187, "stats": "{\"mut\":{\"0\":\"M\",\"1\":\"M\",\"2\":\"M\",\"3\":\"M\",\"4\":\"R\",\"5\":\"R\",\"6\":\"R\",\"7\":\"R\"},\"base\":{\"0\":\"A\",\"1\":\"C\",\"2\":\"G\",\"3\":\"T\",\"4\":\"A\",\"5\":\"C\",\"6\":\"G\",\"7\":\"T\"},\"count\":{\"0\":738,\"1\":541,\"2\":613,\"3\":772,\"4\":628,\"5\":523,\"6\":626,\"7\":887},\"fitted\":{\"0\":683.0000000094,\"1\":532.0,\"2\":619.5,\"3\":829.5000000034,\"4\":683.0000000095,\"5\":532.0,\"6\":619.5,\"7\":829.5000000035},\"ret\":{\"0\":0.0107277283,\"1\":0.0017033975,\"2\":-0.0012135473,\"3\":-0.0104090405,\"4\":-0.0098955607,\"5\":-0.0016748197,\"6\":0.0012263479,\"7\":0.0111577329}}", "df": 3, "deviance": 17.286572578839838, "formula": "count ~ mut * base - mut : base"}, "pos1": {"prob": 3.295180092881271e-23, "rel_entropy": 0.010114565894160361, "stats": "{\"mut\":{\"0\":\"M\",\"1\":\"M\",\"2\":\"M\",\"3\":\"M\",\"4\":\"R\",\"5\":\"R\",\"6\":\"R\",\"7\":\"R\"},\"base\":{\"0\":\"A\",\"1\":\"C\",\"2\":\"G\",\"3\":\"T\",\"4\":\"A\",\"5\":\"C\",\"6\":\"G\",\"7\":\"T\"},\"count\":{\"0\":976,\"1\":382,\"2\":479,\"3\":827,\"4\":709,\"5\":629,\"6\":436,\"7\":890},\"fitted\":{\"0\":842.5,\"1\":505.5,\"2\":457.5,\"3\":858.5,\"4\":842.5,\"5\":505.5,\"6\":457.5,\"7\":858.5},\"ret\":{\"0\":0.0269442173,\"1\":-0.0200842114,\"2\":0.0041286521,\"3\":-0.0058023464,\"4\":-0.0229570868,\"5\":0.0258049633,\"6\":-0.0039389459,\"7\":0.0060193236}}", "df": 3, "deviance": 107.78081416817281, "formula": "count ~ mut * base - mut : base"}, "pos3": {"prob": 1.3695238027026958e-08, "rel_entropy": 0.003705484576747441, "stats": "{\"mut\":{\"0\":\"M\",\"1\":\"M\",\"2\":\"M\",\"3\":\"M\",\"4\":\"R\",\"5\":\"R\",\"6\":\"R\",\"7\":\"R\"},\"base\":{\"0\":\"A\",\"1\":\"C\",\"2\":\"G\",\"3\":\"T\",\"4\":\"A\",\"5\":\"C\",\"6\":\"G\",\"7\":\"T\"},\"count\":{\"0\":902,\"1\":454,\"2\":351,\"3\":957,\"4\":727,\"5\":563,\"6\":434,\"7\":940},\"fitted\":{\"0\":814.5,\"1\":508.5,\"2\":392.5,\"3\":948.5,\"4\":814.5,\"5\":508.5,\"6\":392.5,\"7\":948.5},\"ret\":{\"0\":0.0172748054,\"1\":-0.0096601126,\"2\":-0.0073619295,\"3\":0.0016024724,\"4\":-0.0155071434,\"5\":0.0107585425,\"6\":0.0081870253,\"7\":-0.0015881755}}", "df": 3, "deviance": 39.48564364982073, "formula": "count ~ mut * base - mut : base"}}