{"('pos1', 'pos2')": {"stats": "{\"mut\":{\"0\":\"M\",\"1\":\"M\",\"2\":\"M\",\"3\":\"M\",\"4\":\"M\",\"5\":\"M\",\"6\":\"M\",\"7\":\"M\",\"8\":\"M\",\"9\":\"M\",\"10\":\"M\",\"11\":\"M\",\"12\":\"M\",\"13\":\"M\",\"14\":\"M\",\"15\":\"M\",\"16\":\"R\",\"17\":\"R\",\"18\":\"R\",\"19\":\"R\",\"20\":\"R\",\"21\":\"R\",\"22\":\"R\",\"23\":\"R\",\"24\":\"R\",\"25\":\"R\",\"26\":\"R\",\"27\":\"R\",\"28\":\"R\",\"29\":\"R\",\"30\":\"R\",\"31\":\"R\"},\"base1\":{\"0\":\"A\",\"1\":\"A\",\"2\":\"A\",\"3\":\"A\",\"4\":\"C\",\"5\":\"C\",\"6\":\"C\",\"7\":\"C\",\"8\":\"G\",\"9\":\"G\",\"10\":\"G\",\"11\":\"G\",\"12\":\"T\",\"13\":\"T\",\"14\":\"T\",\"15\":\"T\",\"16\":\"A\",\"17\":\"A\",\"18\":\"A\",\"19\":\"A\",\"20\":\"C\",\"21\":\"C\",\"22\":\"C\",\"23\":\"C\",\"24\":\"G\",\"25\":\"G\",\"26\":\"G\",\"27\":\"G\",\"28\":\"T\",\"29\":\"T\",\"30\":\"T\",\"31\":\"T\"},\"base2\":{\"0\":\"A\",\"1\":\"C\",\"2\":\"G\",\"3\":\"T\",\"4\":\"A\",\"5\":\"C\",\"6\":\"G\",\"7\":\"T\",\"8\":\"A\",\"9\":\"C\",\"10\":\"G\",\"11\":\"T\",\"12\":\"A\",\"13\":\"C\",\"14\":\"G\",\"15\":\"T\",\"16\":\"A\",\"17\":\"C\",\"18\":\"G\",\"19\":\"T\",\"20\":\"A\",\"21\":\"C\",\"22\":\"G\",\"23\":\"T\",\"24\":\"A\",\"25\":\"C\",\"26\":\"G\",\"27\":\"T\",\"28\":\"A\",\"29\":\"C\",\"30\":\"G\",\"31\":\"T\"},\"count\":{\"0\":233,\"1\":240,\"2\":247,\"3\":256,\"4\":78,\"5\":96,\"6\":109,\"7\":99,\"8\":93,\"9\":98,\"10\":142,\"11\":146,\"12\":334,\"13\":107,\"14\":115,\"15\":271,\"16\":174,\"17\":126,\"18\":181,\"19\":228,\"20\":119,\"21\":137,\"22\":177,\"23\":196,\"24\":121,\"25\":76,\"26\":114,\"27\":125,\"28\":214,\"29\":184,\"30\":154,\"31\":338},\"fitted\":{\"0\":250.9333053225,\"1\":215.2738280622,\"2\":245.5430720248,\"3\":264.2497945905,\"4\":82.0310427288,\"5\":90.3876717036,\"6\":106.9361909014,\"7\":102.6450946662,\"8\":120.4479304691,\"9\":92.8307606379,\"10\":132.7820212835,\"11\":132.9392876095,\"12\":284.5877214796,\"13\":142.5077395962,\"14\":127.7387157902,\"15\":272.1658231339,\"16\":156.0666946775,\"17\":150.7261719378,\"18\":182.4569279752,\"19\":219.7502054095,\"20\":114.9689572712,\"21\":142.6123282964,\"22\":179.0638090986,\"23\":192.3549053338,\"24\":93.5520695309,\"25\":81.1692393621,\"26\":123.2179787165,\"27\":138.0607123905,\"28\":263.4122785204,\"29\":148.4922604038,\"30\":141.2612842098,\"31\":336.8341768661},\"ret\":{\"0\":-0.0032426155,\"1\":0.0048976616,\"2\":0.0002742571,\"3\":-0.0015239593,\"4\":-0.0007376756,\"5\":0.001085411,\"6\":0.0003910656,\"7\":-0.0006718455,\"8\":-0.0045141665,\"9\":0.0009967273,\"10\":0.0017888112,\"11\":0.002567991,\"12\":0.0100362644,\"13\":-0.005755015,\"14\":-0.0022675109,\"15\":-0.0002183413,\"16\":0.0035522339,\"17\":-0.0042374323,\"18\":-0.0002723528,\"19\":0.0015770923,\"20\":0.0007696883,\"21\":-0.0010323606,\"22\":-0.0003851107,\"23\":0.000690581,\"24\":0.0058427096,\"25\":-0.0009386315,\"26\":-0.0016637094,\"27\":-0.0023315455,\"28\":-0.0083440877,\"29\":0.007404305,\"30\":0.002495602,\"31\":0.0002191889}}", "deviance": 68.76561898735696, "df": 9, "rel_entropy": 0.00645323001007479, "formula": "count ~ mut * base1 * base2 - mut : base1 : base2", "prob": 2.6571914653924759e-11}, "('pos1', 'pos3')": {"stats": "{\"mut\":{\"0\":\"M\",\"1\":\"M\",\"2\":\"M\",\"3\":\"M\",\"4\":\"M\",\"5\":\"M\",\"6\":\"M\",\"7\":\"M\",\"8\":\"M\",\"9\":\"M\",\"10\":\"M\",\"11\":\"M\",\"12\":\"M\",\"13\":\"M\",\"14\":\"M\",\"15\":\"M\",\"16\":\"R\",\"17\":\"R\",\"18\":\"R\",\"19\":\"R\",\"20\":\"R\",\"21\":\"R\",\"22\":\"R\",\"23\":\"R\",\"24\":\"R\",\"25\":\"R\",\"26\":\"R\",\"27\":\"R\",\"28\":\"R\",\"29\":\"R\",\"30\":\"R\",\"31\":\"R\"},\"base1\":{\"0\":\"A\",\"1\":\"A\",\"2\":\"A\",\"3\":\"A\",\"4\":\"C\",\"5\":\"C\",\"6\":\"C\",\"7\":\"C\",\"8\":\"G\",\"9\":\"G\",\"10\":\"G\",\"11\":\"G\",\"12\":\"T\",\"13\":\"T\",\"14\":\"T\",\"15\":\"T\",\"16\":\"A\",\"17\":\"A\",\"18\":\"A\",\"19\":\"A\",\"20\":\"C\",\"21\":\"C\",\"22\":\"C\",\"23\":\"C\",\"24\":\"G\",\"25\":\"G\",\"26\":\"G\",\"27\":\"G\",\"28\":\"T\",\"29\":\"T\",\"30\":\"T\",\"31\":\"T\"},\"base2\":{\"0\":\"A\",\"1\":\"C\",\"2\":\"G\",\"3\":\"T\",\"4\":\"A\",\"5\":\"C\",\"6\":\"G\",\"7\":\"T\",\"8\":\"A\",\"9\":\"C\",\"10\":\"G\",\"11\":\"T\",\"12\":\"A\",\"13\":\"C\",\"14\":\"G\",\"15\":\"T\",\"16\":\"A\",\"17\":\"C\",\"18\":\"G\",\"19\":\"T\",\"20\":\"A\",\"21\":\"C\",\"22\":\"G\",\"23\":\"T\",\"24\":\"A\",\"25\":\"C\",\"26\":\"G\",\"27\":\"T\",\"28\":\"A\",\"29\":\"C\",\"30\":\"G\",\"31\":\"T\"},\"count\":{\"0\":314,\"1\":188,\"2\":121,\"3\":353,\"4\":102,\"5\":73,\"6\":59,\"7\":148,\"8\":140,\"9\":90,\"10\":82,\"11\":167,\"12\":346,\"13\":103,\"14\":89,\"15\":289,\"16\":216,\"17\":137,\"18\":119,\"19\":237,\"20\":150,\"21\":160,\"22\":112,\"23\":207,\"24\":123,\"25\":87,\"26\":82,\"27\":144,\"28\":238,\"29\":179,\"30\":121,\"31\":352},\"fitted\":{\"0\":332.9047920384,\"1\":171.6815798012,\"2\":126.6342335224,\"3\":344.779394638,\"4\":108.9121582907,\"5\":78.1429732955,\"6\":57.2565559896,\"7\":137.6883124242,\"8\":151.76543996,\"9\":84.0632329741,\"10\":77.7892687175,\"11\":165.3820583483,\"12\":308.4176097109,\"13\":120.1122139291,\"14\":89.3199417704,\"15\":309.1502345895,\"16\":197.0952079616,\"17\":153.3184201988,\"18\":113.3657664776,\"19\":245.220605362,\"20\":143.0878417093,\"21\":154.8570267045,\"22\":113.7434440104,\"23\":217.3116875758,\"24\":111.23456004,\"25\":92.9367670259,\"26\":86.2107312825,\"27\":145.6179416517,\"28\":275.5823902891,\"29\":161.8877860709,\"30\":120.6800582296,\"31\":331.8497654105},\"ret\":{\"0\":-0.0034454872,\"1\":0.0032039209,\"2\":-0.0010335947,\"3\":0.0015611558,\"4\":-0.0012552596,\"5\":-0.0009327873,\"6\":0.0003321551,\"7\":0.0020061041,\"8\":-0.0021203312,\"9\":0.0011527091,\"10\":0.0008113161,\"11\":0.0003051483,\"12\":0.0074670563,\"13\":-0.0029712529,\"14\":-0.0000599415,\"15\":-0.0036559296,\"16\":0.0037131692,\"17\":-0.0028936624,\"18\":0.0010833295,\"19\":-0.0015167508,\"20\":0.0013281693,\"21\":0.0009811271,\"22\":-0.0003247022,\"23\":-0.0018887149,\"24\":0.0023210993,\"25\":-0.0010778859,\"26\":-0.0007706802,\"27\":-0.0003019744,\"28\":-0.0065492868,\"29\":0.003375816,\"30\":0.0000601287,\"31\":0.0038945168}}", "deviance": 29.82273374932144, "df": 9, "rel_entropy": 0.0027986799689678527, "formula": "count ~ mut * base1 * base2 - mut : base1 : base2", "prob": 0.00047024887808522236},