{"pos2": {"stats": "{\"group\":{\"0\":\"1\",\"1\":\"1\",\"2\":\"1\",\"3\":\"1\",\"4\":\"1\",\"5\":\"1\",\"6\":\"1\",\"7\":\"1\",\"8\":\"2\",\"9\":\"2\",\"10\":\"2\",\"11\":\"2\",\"12\":\"2\",\"13\":\"2\",\"14\":\"2\",\"15\":\"2\"},\"mut\":{\"0\":\"M\",\"1\":\"M\",\"2\":\"M\",\"3\":\"M\",\"4\":\"R\",\"5\":\"R\",\"6\":\"R\",\"7\":\"R\",\"8\":\"M\",\"9\":\"M\",\"10\":\"M\",\"11\":\"M\",\"12\":\"R\",\"13\":\"R\",\"14\":\"R\",\"15\":\"R\"},\"base\":{\"0\":\"A\",\"1\":\"C\",\"2\":\"G\",\"3\":\"T\",\"4\":\"A\",\"5\":\"C\",\"6\":\"G\",\"7\":\"T\",\"8\":\"A\",\"9\":\"C\",\"10\":\"G\",\"11\":\"T\",\"12\":\"A\",\"13\":\"C\",\"14\":\"G\",\"15\":\"T\"},\"count\":{\"0\":63736,\"1\":58215,\"2\":48578,\"3\":75191,\"4\":73889,\"5\":48450,\"6\":59662,\"7\":63719,\"8\":1587,\"9\":1278,\"10\":1117,\"11\":1857,\"12\":1765,\"13\":1077,\"14\":1378,\"15\":1619},\"fitted\":{\"0\":63769.8045993394,\"1\":58207.848904582,\"2\":48575.2974068512,\"3\":75167.0490892284,\"4\":73855.1954006613,\"5\":48457.1510954183,\"6\":59664.702593149,\"7\":63742.9509107718,\"8\":1553.1954006611,\"9\":1285.1510954182,\"10\":1119.7025931489,\"11\":1880.9509107718,\"12\":1798.8045993389,\"13\":1069.8489045818,\"14\":1375.2974068511,\"15\":1595.0490892282},\"ret\":{\"0\":-0.0000671724,\"1\":0.0000142144,\"2\":0.0000053718,\"3\":0.0000476125,\"4\":0.0000672056,\"5\":-0.0000142125,\"6\":-0.0000053716,\"7\":-0.000047596,\"8\":0.0000679161,\"9\":-0.0000141739,\"10\":-0.0000053652,\"11\":-0.0000473006,\"12\":-0.0000665549,\"13\":0.000014261,\"14\":0.000005377,\"15\":0.0000479606}}", "deviance": 2.185523111117533, "df": 3, "rel_entropy": 2.171978652242151e-06, "formula": "count ~ group * mut * base - group : mut : base", "prob": 0.53480549314467307}, "pos3": {"stats": "{\"group\":{\"0\":\"1\",\"1\":\"1\",\"2\":\"1\",\"3\":\"1\",\"4\":\"1\",\"5\":\"1\",\"6\":\"1\",\"7\":\"1\",\"8\":\"2\",\"9\":\"2\",\"10\":\"2\",\"11\":\"2\",\"12\":\"2\",\"13\":\"2\",\"14\":\"2\",\"15\":\"2\"},\"mut\":{\"0\":\"M\",\"1\":\"M\",\"2\":\"M\",\"3\":\"M\",\"4\":\"R\",\"5\":\"R\",\"6\":\"R\",\"7\":\"R\",\"8\":\"M\",\"9\":\"M\",\"10\":\"M\",\"11\":\"M\",\"12\":\"R\",\"13\":\"R\",\"14\":\"R\",\"15\":\"R\"},\"base\":{\"0\":\"A\",\"1\":\"C\",\"2\":\"G\",\"3\":\"T\",\"4\":\"A\",\"5\":\"C\",\"6\":\"G\",\"7\":\"T\",\"8\":\"A\",\"9\":\"C\",\"10\":\"G\",\"11\":\"T\",\"12\":\"A\",\"13\":\"C\",\"14\":\"G\",\"15\":\"T\"},\"count\":{\"0\":67721,\"1\":45923,\"2\":44693,\"3\":87383,\"4\":76222,\"5\":48423,\"6\":54169,\"7\":66906,\"8\":1650,\"9\":1059,\"10\":1009,\"11\":2121,\"12\":1818,\"13\":1112,\"14\":1237,\"15\":1672},\"fitted\":{\"0\":67742.7273013458,\"1\":45927.5718282334,\"2\":44689.2016821367,\"3\":87360.4991882837,\"4\":76200.2726986538,\"5\":48418.4281717664,\"6\":54172.7983178632,\"7\":66928.500811716,\"8\":1628.272698654,\"9\":1054.4281717665,\"10\":1012.7983178633,\"11\":2143.5008117161,\"12\":1839.727301346,\"13\":1116.5718282335,\"14\":1233.2016821367,\"15\":1649.4991882839},\"ret\":{\"0\":-0.0000431784,\"1\":-0.0000090865,\"2\":0.0000075499,\"3\":0.0000447285,\"4\":0.0000431915,\"5\":0.0000090874,\"6\":-0.0000075493,\"7\":-0.0000447152,\"8\":0.0000434722,\"9\":0.0000091067,\"10\":-0.0000075354,\"11\":-0.0000444872,\"12\":-0.0000429293,\"13\":-0.0000090684,\"14\":0.0000075612,\"15\":0.0000450264}}", "deviance": 1.1813235854567266, "df": 3, "rel_entropy": 1.1740025058303684e-06, "formula": "count ~ group * mut * base - group : mut : base", "prob": 0.75748708386454056}, "pos0": {"stats": "{\"group\":{\"0\":\"1\",\"1\":\"1\",\"2\":\"1\",\"3\":\"1\",\"4\":\"1\",\"5\":\"1\",\"6\":\"1\",\"7\":\"1\",\"8\":\"2\",\"9\":\"2\",\"10\":\"2\",\"11\":\"2\",\"12\":\"2\",\"13\":\"2\",\"14\":\"2\",\"15\":\"2\"},\"mut\":{\"0\":\"M\",\"1\":\"M\",\"2\":\"M\",\"3\":\"M\",\"4\":\"R\",\"5\":\"R\",\"6\":\"R\",\"7\":\"R\",\"8\":\"M\",\"9\":\"M\",\"10\":\"M\",\"11\":\"M\",\"12\":\"R\",\"13\":\"R\",\"14\":\"R\",\"15\":\"R\"},\"base\":{\"0\":\"A\",\"1\":\"C\",\"2\":\"G\",\"3\":\"T\",\"4\":\"A\",\"5\":\"C\",\"6\":\"G\",\"7\":\"T\",\"8\":\"A\",\"9\":\"C\",\"10\":\"G\",\"11\":\"T\",\"12\":\"A\",\"13\":\"C\",\"14\":\"G\",\"15\":\"T\"},\"count\":{\"0\":78627,\"1\":41459,\"2\":52150,\"3\":73484,\"4\":72848,\"5\":51910,\"6\":54353,\"7\":66609,\"8\":1745,\"9\":962,\"10\":1229,\"11\":1903,\"12\":1752,\"13\":1191,\"14\":1220,\"15\":1676},\"fitted\":{\"0\":78560.9484693495,\"1\":41466.4255764844,\"2\":52180.9612086295,\"3\":73511.6647455372,\"4\":72914.051530651,\"5\":51902.5744235157,\"6\":54322.0387913704,\"7\":66581.335254463,\"8\":1811.0515306511,\"9\":954.5744235156,\"10\":1198.0387913704,\"11\":1875.335254463,\"12\":1685.9484693491,\"13\":1198.4255764844,\"14\":1250.9612086296,\"15\":1703.664745537},\"ret\":{\"0\":0.0001313395,\"1\":-0.0000147578,\"2\":-0.0000615204,\"3\":-0.0000549762,\"4\":-0.0001312249,\"5\":0.0000147602,\"6\":0.0000615562,\"7\":0.000054998,\"8\":-0.0001288607,\"9\":0.0000148164,\"10\":0.0000623271,\"11\":0.0000553902,\"12\":0.0001338231,\"13\":-0.0000147133,\"14\":-0.0000607708,\"15\":-0.0000545377}}", "deviance": 7.696645136866497, "df": 3, "rel_entropy": 7.648946307691731e-06, "formula": "count ~ group * mut * base - group : mut : base", "prob": 0.05271535453015605}, "pos1": {"stats": "{\"group\":{\"0\":\"1\",\"1\":\"1\",\"2\":\"1\",\"3\":\"1\",\"4\":\"1\",\"5\":\"1\",\"6\":\"1\",\"7\":\"1\",\"8\":\"2\",\"9\":\"2\",\"10\":\"2\",\"11\":\"2\",\"12\":\"2\",\"13\":\"2\",\"14\":\"2\",\"15\":\"2\"},\"mut\":{\"0\":\"M\",\"1\":\"M\",\"2\":\"M\",\"3\":\"M\",\"4\":\"R\",\"5\":\"R\",\"6\":\"R\",\"7\":\"R\",\"8\":\"M\",\"9\":\"M\",\"10\":\"M\",\"11\":\"M\",\"12\":\"R\",\"13\":\"R\",\"14\":\"R\",\"15\":\"R\"},\"base\":{\"0\":\"A\",\"1\":\"C\",\"2\":\"G\",\"3\":\"T\",\"4\":\"A\",\"5\":\"C\",\"6\":\"G\",\"7\":\"T\",\"8\":\"A\",\"9\":\"C\",\"10\":\"G\",\"11\":\"T\",\"12\":\"A\",\"13\":\"C\",\"14\":\"G\",\"15\":\"T\"},\"count\":{\"0\":68764,\"1\":20937,\"2\":75265,\"3\":80754,\"4\":86036,\"5\":9280,\"6\":59031,\"7\":91373,\"8\":1794,\"9\":431,\"10\":1676,\"11\":1938,\"12\":2059,\"13\":205,\"14\":1336,\"15\":2239},\"fitted\":{\"0\":68831.8369244699,\"1\":20925.7267027844,\"2\":75243.3708195949,\"3\":80719.0655531501,\"4\":85968.1630755297,\"5\":9291.2732972155,\"6\":59052.629180405,\"7\":91407.9344468494,\"8\":1726.1630755299,\"9\":442.2732972155,\"10\":1697.6291804051,\"11\":1972.9344468496,\"12\":2126.8369244702,\"13\":193.7267027845,\"14\":1314.3708195949,\"15\":2204.0655531504},\"ret\":{\"0\":-0.0001347666,\"1\":0.0000224129,\"2\":0.0000429965,\"3\":0.0000694509,\"4\":0.0001348862,\"5\":-0.0000223933,\"6\":-0.0000429824,\"7\":-0.0000694226,\"8\":0.0001374484,\"9\":-0.0000221188,\"10\":-0.0000427152,\"11\":-0.0000688175,\"12\":-0.0001326595,\"13\":0.0000230465,\"14\":0.0000433421,\"15\":0.0000699833}}", "deviance": 7.738814461403049, "df": 3, "rel_entropy": 7.690854294025506e-06, "formula": "count ~ group * mut * base - group : mut : base", "prob": 0.051729589090928223}}