{"pos2": {"stats": "{\"group\":{\"0\":\"1\",\"1\":\"1\",\"2\":\"1\",\"3\":\"1\",\"4\":\"1\",\"5\":\"1\",\"6\":\"1\",\"7\":\"1\",\"8\":\"2\",\"9\":\"2\",\"10\":\"2\",\"11\":\"2\",\"12\":\"2\",\"13\":\"2\",\"14\":\"2\",\"15\":\"2\"},\"mut\":{\"0\":\"M\",\"1\":\"M\",\"2\":\"M\",\"3\":\"M\",\"4\":\"R\",\"5\":\"R\",\"6\":\"R\",\"7\":\"R\",\"8\":\"M\",\"9\":\"M\",\"10\":\"M\",\"11\":\"M\",\"12\":\"R\",\"13\":\"R\",\"14\":\"R\",\"15\":\"R\"},\"base\":{\"0\":\"A\",\"1\":\"C\",\"2\":\"G\",\"3\":\"T\",\"4\":\"A\",\"5\":\"C\",\"6\":\"G\",\"7\":\"T\",\"8\":\"A\",\"9\":\"C\",\"10\":\"G\",\"11\":\"T\",\"12\":\"A\",\"13\":\"C\",\"14\":\"G\",\"15\":\"T\"},\"count\":{\"0\":82505,\"1\":76348,\"2\":66542,\"3\":99683,\"4\":92990,\"5\":67715,\"6\":82845,\"7\":81528,\"8\":3163,\"9\":5073,\"10\":4089,\"11\":3601,\"12\":4056,\"13\":3928,\"14\":4762,\"15\":3180},\"fitted\":{\"0\":82265.5790937164,\"1\":76611.4005259734,\"2\":66659.1120990628,\"3\":99541.9082812482,\"4\":93229.4209062842,\"5\":67451.5994740269,\"6\":82727.8879009376,\"7\":81669.0917187521,\"8\":3402.4209062941,\"9\":4809.5994740319,\"10\":3971.8879009375,\"11\":3742.0917187522,\"12\":3816.5790937276,\"13\":4191.4005259782,\"14\":4879.1120990626,\"15\":3038.9082812483},\"ret\":{\"0\":0.0003515633,\"1\":-0.0003855486,\"2\":-0.0001715657,\"3\":0.0002070235,\"4\":-0.0003506018,\"5\":0.0003869664,\"6\":0.0001718381,\"7\":-0.0002066981,\"8\":-0.0003384012,\"9\":0.0003966009,\"10\":0.0001742236,\"11\":-0.0002029269,\"12\":0.0003618407,\"13\":-0.0003738153,\"14\":-0.0001696391,\"15\":0.0002116068}}", "deviance": 85.2054712792337, "df": 3, "rel_entropy": 6.246662156399463e-05, "formula": "count ~ group * mut * base - group : mut : base", "prob": 2.344504046744319e-18}, "pos3": {"stats": "{\"group\":{\"0\":\"1\",\"1\":\"1\",\"2\":\"1\",\"3\":\"1\",\"4\":\"1\",\"5\":\"1\",\"6\":\"1\",\"7\":\"1\",\"8\":\"2\",\"9\":\"2\",\"10\":\"2\",\"11\":\"2\",\"12\":\"2\",\"13\":\"2\",\"14\":\"2\",\"15\":\"2\"},\"mut\":{\"0\":\"M\",\"1\":\"M\",\"2\":\"M\",\"3\":\"M\",\"4\":\"R\",\"5\":\"R\",\"6\":\"R\",\"7\":\"R\",\"8\":\"M\",\"9\":\"M\",\"10\":\"M\",\"11\":\"M\",\"12\":\"R\",\"13\":\"R\",\"14\":\"R\",\"15\":\"R\"},\"base\":{\"0\":\"A\",\"1\":\"C\",\"2\":\"G\",\"3\":\"T\",\"4\":\"A\",\"5\":\"C\",\"6\":\"G\",\"7\":\"T\",\"8\":\"A\",\"9\":\"C\",\"10\":\"G\",\"11\":\"T\",\"12\":\"A\",\"13\":\"C\",\"14\":\"G\",\"15\":\"T\"},\"count\":{\"0\":87202,\"1\":63626,\"2\":66056,\"3\":108194,\"4\":96374,\"5\":67489,\"6\":75096,\"7\":86119,\"8\":3156,\"9\":4403,\"10\":3612,\"11\":4755,\"12\":4261,\"13\":3899,\"14\":4115,\"15\":3651},\"fitted\":{\"0\":86833.3400594011,\"1\":63960.7698336804,\"2\":66036.0237993125,\"3\":108247.8663076039,\"4\":96742.6599405977,\"5\":67154.230166319,\"6\":75115.976200687,\"7\":86065.1336923951,\"8\":3524.659940598,\"9\":4068.2301663193,\"10\":3631.9762006872,\"11\":4701.1336923954,\"12\":3892.340059402,\"13\":4233.7698336807,\"14\":4095.0237993128,\"15\":3704.8663076045},\"ret\":{\"0\":0.0005416966,\"1\":-0.0004895723,\"2\":0.0000292947,\"3\":-0.0000789623,\"4\":-0.0005395195,\"5\":0.0004920806,\"6\":-0.0000292864,\"7\":0.0000790066,\"8\":-0.0005112408,\"9\":0.000510523,\"10\":-0.0000292096,\"11\":0.0000794327,\"12\":0.0005653777,\"13\":-0.0004709199,\"14\":0.0000293616,\"15\":-0.000078405}}", "deviance": 135.93482537573064, "df": 3, "rel_entropy": 9.96577938790532e-05, "formula": "count ~ group * mut * base - group : mut : base", "prob": 2.8437636089311159e-29}, "pos0": {"stats": "{\"group\":{\"0\":\"1\",\"1\":\"1\",\"2\":\"1\",\"3\":\"1\",\"4\":\"1\",\"5\":\"1\",\"6\":\"1\",\"7\":\"1\",\"8\":\"2\",\"9\":\"2\",\"10\":\"2\",\"11\":\"2\",\"12\":\"2\",\"13\":\"2\",\"14\":\"2\",\"15\":\"2\"},\"mut\":{\"0\":\"M\",\"1\":\"M\",\"2\":\"M\",\"3\":\"M\",\"4\":\"R\",\"5\":\"R\",\"6\":\"R\",\"7\":\"R\",\"8\":\"M\",\"9\":\"M\",\"10\":\"M\",\"11\":\"M\",\"12\":\"R\",\"13\":\"R\",\"14\":\"R\",\"15\":\"R\"},\"base\":{\"0\":\"A\",\"1\":\"C\",\"2\":\"G\",\"3\":\"T\",\"4\":\"A\",\"5\":\"C\",\"6\":\"G\",\"7\":\"T\",\"8\":\"A\",\"9\":\"C\",\"10\":\"G\",\"11\":\"T\",\"12\":\"A\",\"13\":\"C\",\"14\":\"G\",\"15\":\"T\"},\"count\":{\"0\":97236,\"1\":58737,\"2\":75604,\"3\":93501,\"4\":92441,\"5\":73248,\"6\":75638,\"7\":83751,\"8\":3891,\"9\":4354,\"10\":4214,\"11\":3467,\"12\":3970,\"13\":4387,\"14\":4194,\"15\":3375},\"fitted\":{\"0\":97058.8654480507,\"1\":59125.0404925488,\"2\":75568.1123970369,\"3\":93325.98166236,\"4\":92618.1345519466,\"5\":72859.9595074503,\"6\":75673.8876029619,\"7\":83926.0183376389,\"8\":4068.1345519479,\"9\":3965.9595075753,\"10\":4249.8876029625,\"11\":3642.0183376411,\"12\":3792.8654480531,\"13\":4775.040492691,\"14\":4158.1123970375,\"15\":3199.9816623614},\"ret\":{\"0\":0.0002599619,\"1\":-0.0005670965,\"2\":0.000052633,\"3\":0.0002568626,\"4\":-0.0002594765,\"5\":0.0005704801,\"6\":-0.000052608,\"7\":-0.0002563544,\"8\":-0.0002539867,\"9\":0.0005959365,\"10\":-0.0000523977,\"11\":-0.0002503549,\"12\":0.0002656976,\"13\":-0.0005451963,\"14\":0.0000528469,\"15\":0.0002635154}}", "deviance": 109.75292967944738, "df": 3, "rel_entropy": 8.046308084322132e-05, "formula": "count ~ group * mut * base - group : mut : base", "prob": 1.2402423658345697e-23}, "pos1": {"stats": "{\"group\":{\"0\":\"1\",\"1\":\"1\",\"2\":\"1\",\"3\":\"1\",\"4\":\"1\",\"5\":\"1\",\"6\":\"1\",\"7\":\"1\",\"8\":\"2\",\"9\":\"2\",\"10\":\"2\",\"11\":\"2\",\"12\":\"2\",\"13\":\"2\",\"14\":\"2\",\"15\":\"2\"},\"mut\":{\"0\":\"M\",\"1\":\"M\",\"2\":\"M\",\"3\":\"M\",\"4\":\"R\",\"5\":\"R\",\"6\":\"R\",\"7\":\"R\",\"8\":\"M\",\"9\":\"M\",\"10\":\"M\",\"11\":\"M\",\"12\":\"R\",\"13\":\"R\",\"14\":\"R\",\"15\":\"R\"},\"base\":{\"0\":\"A\",\"1\":\"C\",\"2\":\"G\",\"3\":\"T\",\"4\":\"A\",\"5\":\"C\",\"6\":\"G\",\"7\":\"T\",\"8\":\"A\",\"9\":\"C\",\"10\":\"G\",\"11\":\"T\",\"12\":\"A\",\"13\":\"C\",\"14\":\"G\",\"15\":\"T\"},\"count\":{\"0\":86572,\"1\":31679,\"2\":104753,\"3\":102074,\"4\":110376,\"5\":15634,\"6\":82845,\"7\":116223,\"8\":3550,\"9\":3352,\"10\":5230,\"11\":3794,\"12\":4860,\"13\":1467,\"14\":4711,\"15\":4888},\"fitted\":{\"0\":86588.9210250996,\"1\":31870.5355766384,\"2\":104634.7248740087,\"3\":101983.8185242527,\"4\":110359.0789748997,\"5\":15442.4644233627,\"6\":82963.2751259913,\"7\":116313.1814757468,\"8\":3533.0789749001,\"9\":3160.4644234248,\"10\":5348.2751259914,\"11\":3884.1814757472,\"12\":4876.9210251004,\"13\":1658.5355766852,\"14\":4592.7248740093,\"15\":4797.8185242534},\"ret\":{\"0\":-0.0000248082,\"1\":-0.0002799951,\"2\":0.0001735199,\"3\":0.0001322878,\"4\":0.0000248125,\"5\":0.0002825752,\"6\":-0.0001732982,\"7\":-0.0001321781,\"8\":0.0000248699,\"9\":0.0002891838,\"10\":-0.00017149,\"11\":-0.0001306823,\"12\":-0.0000247675,\"13\":-0.0002639612,\"14\":0.000175636,\"15\":0.0001334644}}", "deviance": 47.970735834538964, "df": 3, "rel_entropy": 3.5168748632375986e-05, "formula": "count ~ group * mut * base - group : mut : base", "prob": 2.1602358370694252e-10}}