{"pos1": {"df": 3, "rel_entropy": 3.5168748632390305e-05, "stats": "{\"group\":{\"8\":\"1\",\"9\":\"1\",\"10\":\"1\",\"11\":\"1\",\"12\":\"1\",\"13\":\"1\",\"14\":\"1\",\"15\":\"1\",\"0\":\"2\",\"1\":\"2\",\"2\":\"2\",\"3\":\"2\",\"4\":\"2\",\"5\":\"2\",\"6\":\"2\",\"7\":\"2\"},\"mut\":{\"8\":\"M\",\"9\":\"M\",\"10\":\"M\",\"11\":\"M\",\"12\":\"R\",\"13\":\"R\",\"14\":\"R\",\"15\":\"R\",\"0\":\"M\",\"1\":\"M\",\"2\":\"M\",\"3\":\"M\",\"4\":\"R\",\"5\":\"R\",\"6\":\"R\",\"7\":\"R\"},\"base\":{\"8\":\"A\",\"9\":\"C\",\"10\":\"G\",\"11\":\"T\",\"12\":\"A\",\"13\":\"C\",\"14\":\"G\",\"15\":\"T\",\"0\":\"A\",\"1\":\"C\",\"2\":\"G\",\"3\":\"T\",\"4\":\"A\",\"5\":\"C\",\"6\":\"G\",\"7\":\"T\"},\"count\":{\"8\":86572,\"9\":31679,\"10\":104753,\"11\":102074,\"12\":110376,\"13\":15634,\"14\":82845,\"15\":116223,\"0\":3550,\"1\":3352,\"2\":5230,\"3\":3794,\"4\":4860,\"5\":1467,\"6\":4711,\"7\":4888},\"fitted\":{\"8\":86588.9210250997,\"9\":31870.5355766384,\"10\":104634.7248740084,\"11\":101983.8185242527,\"12\":110359.0789748999,\"13\":15442.4644233626,\"14\":82963.275125991,\"15\":116313.1814757468,\"0\":3533.0789749,\"1\":3160.4644234248,\"2\":5348.2751259913,\"3\":3884.1814757472,\"4\":4876.9210251003,\"5\":1658.5355766852,\"6\":4592.7248740094,\"7\":4797.8185242534},\"ret\":{\"8\":-0.0000248082,\"9\":-0.0002799951,\"10\":0.0001735199,\"11\":0.0001322878,\"12\":0.0000248125,\"13\":0.0002825752,\"14\":-0.0001732982,\"15\":-0.0001321781,\"0\":0.0000248699,\"1\":0.0002891838,\"2\":-0.00017149,\"3\":-0.0001306823,\"4\":-0.0000247675,\"5\":-0.0002639612,\"6\":0.000175636,\"7\":0.0001334644}}", "prob": 2.1602358370487578e-10, "formula": "count ~ group * mut * base - group : mut : base", "deviance": 47.97073583455849}, "pos2": {"df": 3, "rel_entropy": 6.246662156400377e-05, "stats": "{\"group\":{\"8\":\"1\",\"9\":\"1\",\"10\":\"1\",\"11\":\"1\",\"12\":\"1\",\"13\":\"1\",\"14\":\"1\",\"15\":\"1\",\"0\":\"2\",\"1\":\"2\",\"2\":\"2\",\"3\":\"2\",\"4\":\"2\",\"5\":\"2\",\"6\":\"2\",\"7\":\"2\"},\"mut\":{\"8\":\"M\",\"9\":\"M\",\"10\":\"M\",\"11\":\"M\",\"12\":\"R\",\"13\":\"R\",\"14\":\"R\",\"15\":\"R\",\"0\":\"M\",\"1\":\"M\",\"2\":\"M\",\"3\":\"M\",\"4\":\"R\",\"5\":\"R\",\"6\":\"R\",\"7\":\"R\"},\"base\":{\"8\":\"A\",\"9\":\"C\",\"10\":\"G\",\"11\":\"T\",\"12\":\"A\",\"13\":\"C\",\"14\":\"G\",\"15\":\"T\",\"0\":\"A\",\"1\":\"C\",\"2\":\"G\",\"3\":\"T\",\"4\":\"A\",\"5\":\"C\",\"6\":\"G\",\"7\":\"T\"},\"count\":{\"8\":82505,\"9\":76348,\"10\":66542,\"11\":99683,\"12\":92990,\"13\":67715,\"14\":82845,\"15\":81528,\"0\":3163,\"1\":5073,\"2\":4089,\"3\":3601,\"4\":4056,\"5\":3928,\"6\":4762,\"7\":3180},\"fitted\":{\"8\":82265.5790937164,\"9\":76611.4005259736,\"10\":66659.1120990628,\"11\":99541.9082812486,\"12\":93229.4209062844,\"13\":67451.5994740268,\"14\":82727.8879009378,\"15\":81669.0917187522,\"0\":3402.4209062942,\"1\":4809.5994740319,\"2\":3971.8879009375,\"3\":3742.0917187522,\"4\":3816.5790937277,\"5\":4191.4005259781,\"6\":4879.1120990626,\"7\":3038.9082812483},\"ret\":{\"8\":0.0003515633,\"9\":-0.0003855486,\"10\":-0.0001715657,\"11\":0.0002070235,\"12\":-0.0003506018,\"13\":0.0003869664,\"14\":0.0001718381,\"15\":-0.0002066981,\"0\":-0.0003384012,\"1\":0.0003966009,\"2\":0.0001742236,\"3\":-0.0002029269,\"4\":0.0003618407,\"5\":-0.0003738153,\"6\":-0.0001696391,\"7\":0.0002116068}}", "prob": 2.344504046729896e-18, "formula": "count ~ group * mut * base - group : mut : base", "deviance": 85.20547127924615}, "pos0": {"df": 3, "rel_entropy": 8.046308084321554e-05, "stats": "{\"group\":{\"8\":\"1\",\"9\":\"1\",\"10\":\"1\",\"11\":\"1\",\"12\":\"1\",\"13\":\"1\",\"14\":\"1\",\"15\":\"1\",\"0\":\"2\",\"1\":\"2\",\"2\":\"2\",\"3\":\"2\",\"4\":\"2\",\"5\":\"2\",\"6\":\"2\",\"7\":\"2\"},\"mut\":{\"8\":\"M\",\"9\":\"M\",\"10\":\"M\",\"11\":\"M\",\"12\":\"R\",\"13\":\"R\",\"14\":\"R\",\"15\":\"R\",\"0\":\"M\",\"1\":\"M\",\"2\":\"M\",\"3\":\"M\",\"4\":\"R\",\"5\":\"R\",\"6\":\"R\",\"7\":\"R\"},\"base\":{\"8\":\"A\",\"9\":\"C\",\"10\":\"G\",\"11\":\"T\",\"12\":\"A\",\"13\":\"C\",\"14\":\"G\",\"15\":\"T\",\"0\":\"A\",\"1\":\"C\",\"2\":\"G\",\"3\":\"T\",\"4\":\"A\",\"5\":\"C\",\"6\":\"G\",\"7\":\"T\"},\"count\":{\"8\":97236,\"9\":58737,\"10\":75604,\"11\":93501,\"12\":92441,\"13\":73248,\"14\":75638,\"15\":83751,\"0\":3891,\"1\":4354,\"2\":4214,\"3\":3467,\"4\":3970,\"5\":4387,\"6\":4194,\"7\":3375},\"fitted\":{\"8\":97058.8654480523,\"9\":59125.0404925491,\"10\":75568.1123970373,\"11\":93325.9816623603,\"12\":92618.1345519471,\"13\":72859.9595074505,\"14\":75673.8876029622,\"15\":83926.0183376394,\"0\":4068.1345519479,\"1\":3965.9595075753,\"2\":4249.8876029625,\"3\":3642.0183376412,\"4\":3792.865448053,\"5\":4775.040492691,\"6\":4158.1123970376,\"7\":3199.9816623614},\"ret\":{\"8\":0.0002599619,\"9\":-0.0005670965,\"10\":0.000052633,\"11\":0.0002568626,\"12\":-0.0002594765,\"13\":0.0005704801,\"14\":-0.000052608,\"15\":-0.0002563544,\"0\":-0.0002539867,\"1\":0.0005959365,\"2\":-0.0000523977,\"3\":-0.0002503549,\"4\":0.0002656976,\"5\":-0.0005451963,\"6\":0.0000528469,\"7\":0.0002635154}}", "prob": 1.2402423658394279e-23, "formula": "count ~ group * mut * base - group : mut : base", "deviance": 109.75292967943948}, "pos3": {"df": 3, "rel_entropy": 9.965779387908252e-05, "stats": "{\"group\":{\"8\":\"1\",\"9\":\"1\",\"10\":\"1\",\"11\":\"1\",\"12\":\"1\",\"13\":\"1\",\"14\":\"1\",\"15\":\"1\",\"0\":\"2\",\"1\":\"2\",\"2\":\"2\",\"3\":\"2\",\"4\":\"2\",\"5\":\"2\",\"6\":\"2\",\"7\":\"2\"},\"mut\":{\"8\":\"M\",\"9\":\"M\",\"10\":\"M\",\"11\":\"M\",\"12\":\"R\",\"13\":\"R\",\"14\":\"R\",\"15\":\"R\",\"0\":\"M\",\"1\":\"M\",\"2\":\"M\",\"3\":\"M\",\"4\":\"R\",\"5\":\"R\",\"6\":\"R\",\"7\":\"R\"},\"base\":{\"8\":\"A\",\"9\":\"C\",\"10\":\"G\",\"11\":\"T\",\"12\":\"A\",\"13\":\"C\",\"14\":\"G\",\"15\":\"T\",\"0\":\"A\",\"1\":\"C\",\"2\":\"G\",\"3\":\"T\",\"4\":\"A\",\"5\":\"C\",\"6\":\"G\",\"7\":\"T\"},\"count\":{\"8\":87202,\"9\":63626,\"10\":66056,\"11\":108194,\"12\":96374,\"13\":67489,\"14\":75096,\"15\":86119,\"0\":3156,\"1\":4403,\"2\":3612,\"3\":4755,\"4\":4261,\"5\":3899,\"6\":4115,\"7\":3651},\"fitted\":{\"8\":86833.3400594018,\"9\":63960.7698336807,\"10\":66036.0237993126,\"11\":108247.8663076045,\"12\":96742.6599405981,\"13\":67154.2301663194,\"14\":75115.9762006872,\"15\":86065.1336923955,\"0\":3524.659940598,\"1\":4068.2301663193,\"2\":3631.9762006872,\"3\":4701.1336923955,\"4\":3892.340059402,\"5\":4233.7698336807,\"6\":4095.0237993128,\"7\":3704.8663076045},\"ret\":{\"8\":0.0005416966,\"9\":-0.0004895723,\"10\":0.0000292947,\"11\":-0.0000789623,\"12\":-0.0005395195,\"13\":0.0004920806,\"14\":-0.0000292864,\"15\":0.0000790066,\"0\":-0.0005112408,\"1\":0.000510523,\"2\":-0.0000292096,\"3\":0.0000794327,\"4\":0.0005653777,\"5\":-0.0004709199,\"6\":0.0000293616,\"7\":-0.000078405}}", "prob": 2.843763608874666e-29, "formula": "count ~ group * mut * base - group : mut : base", "deviance": 135.93482537577063}}