{"pos2": {"stats": "{\"mut\":{\"0\":\"M\",\"1\":\"M\",\"2\":\"M\",\"3\":\"M\",\"4\":\"R\",\"5\":\"R\",\"6\":\"R\",\"7\":\"R\"},\"base\":{\"0\":\"A\",\"1\":\"C\",\"2\":\"G\",\"3\":\"T\",\"4\":\"A\",\"5\":\"C\",\"6\":\"G\",\"7\":\"T\"},\"count\":{\"0\":102131,\"1\":46755,\"2\":58825,\"3\":68946,\"4\":91283,\"5\":48009,\"6\":66283,\"7\":71082},\"fitted\":{\"0\":96707.0000000727,\"1\":47381.9999999994,\"2\":62554.0000000772,\"3\":70013.9999999992,\"4\":96707.0000000741,\"5\":47382.0000000001,\"6\":62554.0000000781,\"7\":70014.0000000002},\"ret\":{\"0\":0.0100726553,\"1\":-0.0011256413,\"2\":-0.0065344011,\"3\":-0.0019153909,\"4\":-0.0095225603,\"5\":0.0011406368,\"6\":0.0069363914,\"7\":0.0019448353}}", "deviance": 1102.7827474484766, "df": 3, "rel_entropy": 0.0009965252527936006, "formula": "count ~ mut * base - mut : base", "prob": 9.0645729448627501e-239}, "pos3": {"stats": "{\"mut\":{\"0\":\"M\",\"1\":\"M\",\"2\":\"M\",\"3\":\"M\",\"4\":\"R\",\"5\":\"R\",\"6\":\"R\",\"7\":\"R\"},\"base\":{\"0\":\"A\",\"1\":\"C\",\"2\":\"G\",\"3\":\"T\",\"4\":\"A\",\"5\":\"C\",\"6\":\"G\",\"7\":\"T\"},\"count\":{\"0\":92828,\"1\":46055,\"2\":51719,\"3\":86055,\"4\":94160,\"5\":50561,\"6\":55464,\"7\":76472},\"fitted\":{\"0\":93493.9999999983,\"1\":48308.0000000077,\"2\":53591.5000000001,\"3\":81263.5000000919,\"4\":93494.0000000005,\"5\":48308.0000000089,\"6\":53591.5000000014,\"7\":81263.5000000938},\"ret\":{\"0\":-0.0011993592,\"1\":-0.003975366,\"2\":-0.0033243319,\"3\":0.0089100622,\"4\":0.0012079335,\"5\":0.0041653378,\"6\":0.0034425992,\"7\":-0.0083991718}}", "deviance": 915.9601113551803, "df": 3, "rel_entropy": 0.0008277037191858332, "formula": "count ~ mut * base - mut : base", "prob": 3.0559110356275784e-198}, "pos0": {"stats": "{\"mut\":{\"0\":\"M\",\"1\":\"M\",\"2\":\"M\",\"3\":\"M\",\"4\":\"R\",\"5\":\"R\",\"6\":\"R\",\"7\":\"R\"},\"base\":{\"0\":\"A\",\"1\":\"C\",\"2\":\"G\",\"3\":\"T\",\"4\":\"A\",\"5\":\"C\",\"6\":\"G\",\"7\":\"T\"},\"count\":{\"0\":91601,\"1\":53425,\"2\":52775,\"3\":78856,\"4\":94644,\"5\":49376,\"6\":57421,\"7\":75216},\"fitted\":{\"0\":93122.5000000001,\"1\":51400.5000000024,\"2\":55098.0000000043,\"3\":77036.0000000001,\"4\":93122.5000000001,\"5\":51400.5000000024,\"6\":55098.0000000043,\"7\":77036.0000000001},\"ret\":{\"0\":-0.0027272075,\"1\":0.0037299904,\"2\":-0.0041085652,\"3\":0.0033278242,\"4\":0.0027721375,\"5\":-0.0035858423,\"6\":0.0042856248,\"7\":-0.0032501069}}", "deviance": 491.18252720798455, "df": 3, "rel_entropy": 0.00044385514121094403, "formula": "count ~ mut * base - mut : base", "prob": 3.8860861690190622e-106}, "pos1": {"stats": "{\"mut\":{\"0\":\"M\",\"1\":\"M\",\"2\":\"M\",\"3\":\"M\",\"4\":\"R\",\"5\":\"R\",\"6\":\"R\",\"7\":\"R\"},\"base\":{\"0\":\"A\",\"1\":\"C\",\"2\":\"G\",\"3\":\"T\",\"4\":\"A\",\"5\":\"C\",\"6\":\"G\",\"7\":\"T\"},\"count\":{\"0\":94878,\"1\":84791,\"2\":43590,\"3\":53398,\"4\":90995,\"5\":68940,\"6\":55790,\"7\":60932},\"fitted\":{\"0\":92936.4999999998,\"1\":76865.4999999998,\"2\":49690.0,\"3\":57164.9999999999,\"4\":92936.4999999997,\"5\":76865.4999999997,\"6\":49689.9999999999,\"7\":57164.9999999998},\"ret\":{\"0\":0.003545256,\"1\":0.0150379943,\"2\":-0.0103182663,\"3\":-0.0065786574,\"4\":-0.0034719485,\"5\":-0.0135584691,\"6\":0.0116750639,\"7\":0.0070276137}}", "deviance": 3716.706047650425, "df": 3, "rel_entropy": 0.0033585866683749415, "formula": "count ~ mut * base - mut : base", "prob": 0}}