{"('pos1', 'pos2')": {"stats": "{\"mut\":{\"0\":\"M\",\"1\":\"M\",\"2\":\"M\",\"3\":\"M\",\"4\":\"M\",\"5\":\"M\",\"6\":\"M\",\"7\":\"M\",\"8\":\"M\",\"9\":\"M\",\"10\":\"M\",\"11\":\"M\",\"12\":\"M\",\"13\":\"M\",\"14\":\"M\",\"15\":\"M\",\"16\":\"R\",\"17\":\"R\",\"18\":\"R\",\"19\":\"R\",\"20\":\"R\",\"21\":\"R\",\"22\":\"R\",\"23\":\"R\",\"24\":\"R\",\"25\":\"R\",\"26\":\"R\",\"27\":\"R\",\"28\":\"R\",\"29\":\"R\",\"30\":\"R\",\"31\":\"R\"},\"base1\":{\"0\":\"A\",\"1\":\"A\",\"2\":\"A\",\"3\":\"A\",\"4\":\"C\",\"5\":\"C\",\"6\":\"C\",\"7\":\"C\",\"8\":\"G\",\"9\":\"G\",\"10\":\"G\",\"11\":\"G\",\"12\":\"T\",\"13\":\"T\",\"14\":\"T\",\"15\":\"T\",\"16\":\"A\",\"17\":\"A\",\"18\":\"A\",\"19\":\"A\",\"20\":\"C\",\"21\":\"C\",\"22\":\"C\",\"23\":\"C\",\"24\":\"G\",\"25\":\"G\",\"26\":\"G\",\"27\":\"G\",\"28\":\"T\",\"29\":\"T\",\"30\":\"T\",\"31\":\"T\"},\"base2\":{\"0\":\"A\",\"1\":\"C\",\"2\":\"G\",\"3\":\"T\",\"4\":\"A\",\"5\":\"C\",\"6\":\"G\",\"7\":\"T\",\"8\":\"A\",\"9\":\"C\",\"10\":\"G\",\"11\":\"T\",\"12\":\"A\",\"13\":\"C\",\"14\":\"G\",\"15\":\"T\",\"16\":\"A\",\"17\":\"C\",\"18\":\"G\",\"19\":\"T\",\"20\":\"A\",\"21\":\"C\",\"22\":\"G\",\"23\":\"T\",\"24\":\"A\",\"25\":\"C\",\"26\":\"G\",\"27\":\"T\",\"28\":\"A\",\"29\":\"C\",\"30\":\"G\",\"31\":\"T\"},\"count\":{\"0\":42806,\"1\":14183,\"2\":17989,\"3\":19900,\"4\":23623,\"5\":18165,\"6\":19589,\"7\":23414,\"8\":15985,\"9\":6144,\"10\":12287,\"11\":9174,\"12\":19717,\"13\":8263,\"14\":8960,\"15\":16458,\"16\":35685,\"17\":13829,\"18\":18620,\"19\":22861,\"20\":17711,\"21\":14489,\"22\":19758,\"23\":16982,\"24\":18495,\"25\":8942,\"26\":15889,\"27\":12464,\"28\":19392,\"29\":10749,\"30\":12016,\"31\":18775},\"fitted\":{\"0\":42225.0572513428,\"1\":13875.6775521278,\"2\":17445.7587412399,\"3\":21331.5064553495,\"4\":24225.6146768615,\"5\":17768.9648339282,\"6\":20674.1126626148,\"7\":22122.3078266436,\"8\":16227.7430120395,\"9\":6463.1042639459,\"10\":11554.6604507665,\"11\":9344.4922732598,\"12\":19452.5850597572,\"13\":8647.2533500017,\"14\":9150.468145399,\"15\":16147.6934448439,\"16\":36265.9427486576,\"17\":14136.3224478726,\"18\":19163.2412587606,\"19\":21429.4935447859,\"20\":17108.3853231406,\"21\":14885.0351660723,\"22\":18672.8873374122,\"23\":18273.6921734612,\"24\":18252.256987961,\"25\":8622.8957360563,\"26\":16621.339549248,\"27\":12293.5077267403,\"28\":19656.414940243,\"29\":10364.7466499998,\"30\":11825.5318546013,\"31\":19085.3065551565},\"ret\":{\"0\":0.0010571229,\"1\":0.0005615273,\"2\":0.0009969254,\"3\":-0.0024983318,\"4\":-0.0010754412,\"5\":0.0007236689,\"6\":-0.0019087246,\"7\":0.0024013291,\"8\":-0.0004354098,\"9\":-0.0005622372,\"10\":0.001364636,\"11\":-0.0003053011,\"12\":0.0004811082,\"13\":-0.0006787946,\"14\":-0.0003406238,\"15\":0.0005661689,\"16\":-0.0010414785,\"17\":-0.0005493398,\"18\":-0.0009677462,\"19\":0.0026716997,\"20\":0.0011080603,\"21\":-0.0007061439,\"22\":0.0020170246,\"23\":-0.0022499424,\"24\":0.0004416119,\"25\":0.0005872565,\"26\":-0.0012939556,\"27\":0.0003102562,\"28\":-0.0004746464,\"29\":0.0007071747,\"30\":0.000346989,\"31\":-0.0005562305}}", "deviance": 772.6612473429252, "df": 9, "rel_entropy": 0.0006982122694735044, "formula": "count ~ mut * base1 * base2 - mut : base1 : base2", "prob": 1.6270347057467147e-160}, "('pos1', 'pos3')": {"stats": "{\"mut\":{\"0\":\"M\",\"1\":\"M\",\"2\":\"M\",\"3\":\"M\",\"4\":\"M\",\"5\":\"M\",\"6\":\"M\",\"7\":\"M\",\"8\":\"M\",\"9\":\"M\",\"10\":\"M\",\"11\":\"M\",\"12\":\"M\",\"13\":\"M\",\"14\":\"M\",\"15\":\"M\",\"16\":\"R\",\"17\":\"R\",\"18\":\"R\",\"19\":\"R\",\"20\":\"R\",\"21\":\"R\",\"22\":\"R\",\"23\":\"R\",\"24\":\"R\",\"25\":\"R\",\"26\":\"R\",\"27\":\"R\",\"28\":\"R\",\"29\":\"R\",\"30\":\"R\",\"31\":\"R\"},\"base1\":{\"0\":\"A\",\"1\":\"A\",\"2\":\"A\",\"3\":\"A\",\"4\":\"C\",\"5\":\"C\",\"6\":\"C\",\"7\":\"C\",\"8\":\"G\",\"9\":\"G\",\"10\":\"G\",\"11\":\"G\",\"12\":\"T\",\"13\":\"T\",\"14\":\"T\",\"15\":\"T\",\"16\":\"A\",\"17\":\"A\",\"18\":\"A\",\"19\":\"A\",\"20\":\"C\",\"21\":\"C\",\"22\":\"C\",\"23\":\"C\",\"24\":\"G\",\"25\":\"G\",\"26\":\"G\",\"27\":\"G\",\"28\":\"T\",\"29\":\"T\",\"30\":\"T\",\"31\":\"T\"},\"base2\":{\"0\":\"A\",\"1\":\"C\",\"2\":\"G\",\"3\":\"T\",\"4\":\"A\",\"5\":\"C\",\"6\":\"G\",\"7\":\"T\",\"8\":\"A\",\"9\":\"C\",\"10\":\"G\",\"11\":\"T\",\"12\":\"A\",\"13\":\"C\",\"14\":\"G\",\"15\":\"T\",\"16\":\"A\",\"17\":\"C\",\"18\":\"G\",\"19\":\"T\",\"20\":\"A\",\"21\":\"C\",\"22\":\"G\",\"23\":\"T\",\"24\":\"A\",\"25\":\"C\",\"26\":\"G\",\"27\":\"T\",\"28\":\"A\",\"29\":\"C\",\"30\":\"G\",\"31\":\"T\"},\"count\":{\"0\":34804,\"1\":14971,\"2\":15681,\"3\":29422,\"4\":26554,\"5\":15916,\"6\":17219,\"7\":25102,\"8\":14705,\"9\":6922,\"10\":9818,\"11\":12145,\"12\":16765,\"13\":8246,\"14\":9001,\"15\":19386,\"16\":33055,\"17\":15523,\"18\":17061,\"19\":25356,\"20\":21334,\"21\":14428,\"22\":15124,\"23\":18054,\"24\":18447,\"25\":10189,\"26\":12993,\"27\":14161,\"28\":21324,\"29\":10421,\"30\":10286,\"31\":18901},\"fitted\":{\"0\":34404.3025618081,\"1\":14761.9249676681,\"2\":16123.2466781744,\"3\":29588.5257923496,\"4\":26334.8437234707,\"5\":15996.0204258685,\"6\":17318.6486947642,\"7\":25141.4871558967,\"8\":14488.53880006,\"9\":7094.7671333574,\"10\":9643.492916835,\"11\":12363.2011497477,\"12\":17600.3149146641,\"13\":8202.2874731061,\"14\":8633.611710227,\"15\":18961.7859020061,\"16\":33454.6974381921,\"17\":15732.0750323319,\"18\":16618.7533218257,\"19\":25189.4742076504,\"20\":21553.1562765293,\"21\":14347.9795741316,\"22\":15024.3513052358,\"23\":18014.5128441033,\"24\":18663.46119994,\"25\":10016.2328666426,\"26\":13167.507083165,\"27\":13942.7988502523,\"28\":20488.6850853404,\"29\":10464.712526894,\"30\":10653.3882897738,\"31\":19325.2140979939},\"ret\":{\"0\":0.00072655,\"1\":0.0003805229,\"2\":-0.0007882057,\"3\":-0.0003001122,\"4\":0.0003977229,\"5\":-0.0001442579,\"6\":-0.0001795752,\"7\":-0.0000713088,\"8\":0.0003941165,\"9\":-0.0003084077,\"10\":0.0003182218,\"11\":-0.0003908525,\"12\":-0.0014732531,\"13\":0.0000792114,\"14\":0.0006779089,\"15\":0.0007751916,\"16\":-0.0007180375,\"17\":-0.0003753376,\"18\":0.0008098106,\"19\":0.0003019534,\"20\":-0.0003940588,\"21\":0.0001450228,\"22\":0.0001806902,\"23\":0.000071443,\"24\":-0.0003889311,\"25\":0.0003149182,\"26\":-0.0003132861,\"27\":0.000397423,\"28\":0.0015400222,\"29\":-0.0000788361,\"30\":-0.0006523952,\"31\":-0.0007582017}}", "deviance": 194.40383648099737, "df": 9, "rel_entropy": 0.00017567225524837377, "formula": "count ~ mut * base1 * base2 - mut : base1 : base2", "prob": 4.9285358723207555e-37},