{"pos0": {"prob": 0.0678856533387648, "stats": "{\"group\":{\"8\":\"1\",\"9\":\"1\",\"10\":\"1\",\"11\":\"1\",\"12\":\"1\",\"13\":\"1\",\"14\":\"1\",\"15\":\"1\",\"0\":\"2\",\"1\":\"2\",\"2\":\"2\",\"3\":\"2\",\"4\":\"2\",\"5\":\"2\",\"6\":\"2\",\"7\":\"2\"},\"mut\":{\"8\":\"M\",\"9\":\"M\",\"10\":\"M\",\"11\":\"M\",\"12\":\"R\",\"13\":\"R\",\"14\":\"R\",\"15\":\"R\",\"0\":\"M\",\"1\":\"M\",\"2\":\"M\",\"3\":\"M\",\"4\":\"R\",\"5\":\"R\",\"6\":\"R\",\"7\":\"R\"},\"base\":{\"8\":\"A\",\"9\":\"C\",\"10\":\"G\",\"11\":\"T\",\"12\":\"A\",\"13\":\"C\",\"14\":\"G\",\"15\":\"T\",\"0\":\"A\",\"1\":\"C\",\"2\":\"G\",\"3\":\"T\",\"4\":\"A\",\"5\":\"C\",\"6\":\"G\",\"7\":\"T\"},\"count\":{\"8\":60838,\"9\":34573,\"10\":30586,\"11\":64271,\"12\":53894,\"13\":36853,\"14\":33297,\"15\":66224,\"0\":1361,\"1\":788,\"2\":784,\"3\":1671,\"4\":1278,\"5\":888,\"6\":796,\"7\":1642},\"fitted\":{\"8\":60799.0801227683,\"9\":34549.378272884,\"10\":30612.0095904831,\"11\":64307.5320138651,\"12\":53932.919877232,\"13\":36876.621727116,\"14\":33270.990409517,\"15\":66187.4679861352,\"0\":1399.9198772318,\"1\":811.6217271161,\"2\":757.990409517,\"3\":1634.4679861352,\"4\":1239.0801227682,\"5\":864.378272884,\"6\":822.009590483,\"7\":1678.5320138649},\"ret\":{\"8\":0.0000998921,\"9\":0.000060629,\"10\":-0.0000667067,\"11\":-0.0000937067,\"12\":-0.0000998241,\"13\":-0.0000605889,\"14\":0.0000667611,\"15\":0.0000937592,\"0\":-0.0000984589,\"1\":-0.0000597176,\"2\":0.0000678672,\"3\":0.0000947732,\"4\":0.0001014123,\"5\":0.000061429,\"6\":-0.000065668,\"7\":-0.0000927059}}", "rel_entropy": 9.146264018762548e-06, "formula": "count ~ group * mut * base - group : mut : base", "deviance": 7.129403047457181, "df": 3}, "pos3": {"prob": 0.15779677076053003, "stats": "{\"group\":{\"8\":\"1\",\"9\":\"1\",\"10\":\"1\",\"11\":\"1\",\"12\":\"1\",\"13\":\"1\",\"14\":\"1\",\"15\":\"1\",\"0\":\"2\",\"1\":\"2\",\"2\":\"2\",\"3\":\"2\",\"4\":\"2\",\"5\":\"2\",\"6\":\"2\",\"7\":\"2\"},\"mut\":{\"8\":\"M\",\"9\":\"M\",\"10\":\"M\",\"11\":\"M\",\"12\":\"R\",\"13\":\"R\",\"14\":\"R\",\"15\":\"R\",\"0\":\"M\",\"1\":\"M\",\"2\":\"M\",\"3\":\"M\",\"4\":\"R\",\"5\":\"R\",\"6\":\"R\",\"7\":\"R\"},\"base\":{\"8\":\"A\",\"9\":\"C\",\"10\":\"G\",\"11\":\"T\",\"12\":\"A\",\"13\":\"C\",\"14\":\"G\",\"15\":\"T\",\"0\":\"A\",\"1\":\"C\",\"2\":\"G\",\"3\":\"T\",\"4\":\"A\",\"5\":\"C\",\"6\":\"G\",\"7\":\"T\"},\"count\":{\"8\":54810,\"9\":36010,\"10\":34627,\"11\":64821,\"12\":52731,\"13\":38276,\"14\":32775,\"15\":66486,\"0\":1264,\"1\":828,\"2\":879,\"3\":1633,\"4\":1241,\"5\":946,\"6\":769,\"7\":1648},\"fitted\":{\"8\":54797.3193334785,\"9\":35978.6203814492,\"10\":34658.4182006132,\"11\":64833.6420844592,\"12\":52743.6806665216,\"13\":38307.3796185507,\"14\":32743.5817993869,\"15\":66473.3579155407,\"0\":1276.6806665216,\"1\":859.3796185508,\"2\":847.5817993869,\"3\":1620.3579155408,\"4\":1228.3193334784,\"5\":914.6203814493,\"6\":800.4182006132,\"7\":1660.6420844592},\"ret\":{\"8\":0.0000325397,\"9\":0.0000805485,\"10\":-0.0000805759,\"11\":-0.0000324337,\"12\":-0.000032532,\"13\":-0.0000804804,\"14\":0.0000806511,\"15\":0.00003244,\"0\":-0.0000323738,\"1\":-0.0000790252,\"2\":0.0000820883,\"3\":0.0000325631,\"4\":0.0000327033,\"5\":0.000081879,\"6\":-0.0000790092,\"7\":-0.0000323131}}", "rel_entropy": 6.669672796872901e-06, "formula": "count ~ group * mut * base - group : mut : base", "deviance": 5.198929909088864, "df": 3}, "pos2": {"prob": 0.27135783435610683, "stats": "{\"group\":{\"8\":\"1\",\"9\":\"1\",\"10\":\"1\",\"11\":\"1\",\"12\":\"1\",\"13\":\"1\",\"14\":\"1\",\"15\":\"1\",\"0\":\"2\",\"1\":\"2\",\"2\":\"2\",\"3\":\"2\",\"4\":\"2\",\"5\":\"2\",\"6\":\"2\",\"7\":\"2\"},\"mut\":{\"8\":\"M\",\"9\":\"M\",\"10\":\"M\",\"11\":\"M\",\"12\":\"R\",\"13\":\"R\",\"14\":\"R\",\"15\":\"R\",\"0\":\"M\",\"1\":\"M\",\"2\":\"M\",\"3\":\"M\",\"4\":\"R\",\"5\":\"R\",\"6\":\"R\",\"7\":\"R\"},\"base\":{\"8\":\"A\",\"9\":\"C\",\"10\":\"G\",\"11\":\"T\",\"12\":\"A\",\"13\":\"C\",\"14\":\"G\",\"15\":\"T\",\"0\":\"A\",\"1\":\"C\",\"2\":\"G\",\"3\":\"T\",\"4\":\"A\",\"5\":\"C\",\"6\":\"G\",\"7\":\"T\"},\"count\":{\"8\":37538,\"9\":28951,\"10\":57590,\"11\":66189,\"12\":43626,\"13\":37350,\"14\":45305,\"15\":63987,\"0\":890,\"1\":663,\"2\":1371,\"3\":1680,\"4\":1085,\"5\":888,\"6\":1091,\"7\":1540},\"fitted\":{\"8\":37515.5322995675,\"9\":28937.3809492598,\"10\":57583.6899219244,\"11\":66231.3968292476,\"12\":43648.4677004322,\"13\":37363.6190507399,\"14\":45311.3100780752,\"15\":63944.6031707519,\"0\":912.4677004323,\"1\":676.6190507401,\"2\":1377.3100780754,\"3\":1637.6031707521,\"4\":1062.5322995676,\"5\":874.3809492599,\"6\":1084.6899219246,\"7\":1582.3968292479},\"ret\":{\"8\":0.0000576646,\"9\":0.0000349518,\"10\":0.0000161912,\"11\":-0.0001087464,\"12\":-0.0000576325,\"13\":-0.0000349372,\"14\":-0.0000161892,\"15\":0.0001088173,\"0\":-0.0000569317,\"1\":-0.0000345895,\"2\":-0.0000161532,\"3\":0.0001101774,\"4\":0.0000582526,\"5\":0.0000352143,\"6\":0.0000162373,\"7\":-0.0001073108}}", "rel_entropy": 5.015999441718102e-06, "formula": "count ~ group * mut * base - group : mut : base", "deviance": 3.9099113728259596, "df": 3}, "pos1": {"prob": 0.0010691991476505253, "stats": "{\"group\":{\"8\":\"1\",\"9\":\"1\",\"10\":\"1\",\"11\":\"1\",\"12\":\"1\",\"13\":\"1\",\"14\":\"1\",\"15\":\"1\",\"0\":\"2\",\"1\":\"2\",\"2\":\"2\",\"3\":\"2\",\"4\":\"2\",\"5\":\"2\",\"6\":\"2\",\"7\":\"2\"},\"mut\":{\"8\":\"M\",\"9\":\"M\",\"10\":\"M\",\"11\":\"M\",\"12\":\"R\",\"13\":\"R\",\"14\":\"R\",\"15\":\"R\",\"0\":\"M\",\"1\":\"M\",\"2\":\"M\",\"3\":\"M\",\"4\":\"R\",\"5\":\"R\",\"6\":\"R\",\"7\":\"R\"},\"base\":{\"8\":\"A\",\"9\":\"C\",\"10\":\"G\",\"11\":\"T\",\"12\":\"A\",\"13\":\"C\",\"14\":\"G\",\"15\":\"T\",\"0\":\"A\",\"1\":\"C\",\"2\":\"G\",\"3\":\"T\",\"4\":\"A\",\"5\":\"C\",\"6\":\"G\",\"7\":\"T\"},\"count\":{\"8\":51213,\"9\":38836,\"10\":30490,\"11\":69729,\"12\":51507,\"13\":43062,\"14\":31402,\"15\":64297,\"0\":1229,\"1\":878,\"2\":866,\"3\":1631,\"4\":1264,\"5\":1028,\"6\":743,\"7\":1569},\"fitted\":{\"8\":51199.5065482478,\"9\":38810.8458776023,\"10\":30561.5659764924,\"11\":69696.0815976567,\"12\":51520.4934517518,\"13\":43087.1541223974,\"14\":31330.4340235074,\"15\":64329.9184023428,\"0\":1242.4934517519,\"1\":903.1541223976,\"2\":794.4340235316,\"3\":1663.9184023429,\"4\":1250.506548248,\"5\":1002.8458776024,\"6\":814.565976518,\"7\":1536.081597657},\"ret\":{\"8\":0.0000346259,\"9\":0.000064561,\"10\":-0.0001834079,\"11\":0.0000844815,\"12\":-0.0000346168,\"13\":-0.0000645213,\"14\":0.0001838326,\"15\":-0.00008444,\"0\":-0.0000344326,\"1\":-0.0000636329,\"2\":0.0001916561,\"3\":-0.0000836206,\"4\":0.0000348074,\"5\":0.0000653429,\"6\":-0.0001753095,\"7\":0.0000853602}}", "rel_entropy": 2.068612994671506e-05, "formula": "count ~ group * mut * base - group : mut : base", "deviance": 16.124590059905028, "df": 3}}