{"pos2": {"stats": "{\"group\":{\"0\":\"1\",\"1\":\"1\",\"2\":\"1\",\"3\":\"1\",\"4\":\"1\",\"5\":\"1\",\"6\":\"1\",\"7\":\"1\",\"8\":\"2\",\"9\":\"2\",\"10\":\"2\",\"11\":\"2\",\"12\":\"2\",\"13\":\"2\",\"14\":\"2\",\"15\":\"2\"},\"mut\":{\"0\":\"M\",\"1\":\"M\",\"2\":\"M\",\"3\":\"M\",\"4\":\"R\",\"5\":\"R\",\"6\":\"R\",\"7\":\"R\",\"8\":\"M\",\"9\":\"M\",\"10\":\"M\",\"11\":\"M\",\"12\":\"R\",\"13\":\"R\",\"14\":\"R\",\"15\":\"R\"},\"base\":{\"0\":\"A\",\"1\":\"C\",\"2\":\"G\",\"3\":\"T\",\"4\":\"A\",\"5\":\"C\",\"6\":\"G\",\"7\":\"T\",\"8\":\"A\",\"9\":\"C\",\"10\":\"G\",\"11\":\"T\",\"12\":\"A\",\"13\":\"C\",\"14\":\"G\",\"15\":\"T\"},\"count\":{\"0\":37538,\"1\":28951,\"2\":57590,\"3\":66189,\"4\":43626,\"5\":37350,\"6\":45305,\"7\":63987,\"8\":890,\"9\":663,\"10\":1371,\"11\":1680,\"12\":1085,\"13\":888,\"14\":1091,\"15\":1540},\"fitted\":{\"0\":37515.5322995671,\"1\":28937.3809492597,\"2\":57583.6899219243,\"3\":66231.3968292476,\"4\":43648.4677004321,\"5\":37363.6190507399,\"6\":45311.3100780753,\"7\":63944.6031707517,\"8\":912.4677004323,\"9\":676.6190507401,\"10\":1377.3100780754,\"11\":1637.6031707521,\"12\":1062.5322995677,\"13\":874.3809492599,\"14\":1084.6899219245,\"15\":1582.3968292479},\"ret\":{\"0\":0.0000576646,\"1\":0.0000349518,\"2\":0.0000161912,\"3\":-0.0001087464,\"4\":-0.0000576325,\"5\":-0.0000349372,\"6\":-0.0000161892,\"7\":0.0001088173,\"8\":-0.0000569317,\"9\":-0.0000345895,\"10\":-0.0000161532,\"11\":0.0001101774,\"12\":0.0000582526,\"13\":0.0000352143,\"14\":0.0000162373,\"15\":-0.0001073108}}", "deviance": 3.9099113728198596, "df": 3, "rel_entropy": 5.015999441710276e-06, "formula": "count ~ group * mut * base - group : mut : base", "prob": 0.27135783435678851}, "pos3": {"stats": "{\"group\":{\"0\":\"1\",\"1\":\"1\",\"2\":\"1\",\"3\":\"1\",\"4\":\"1\",\"5\":\"1\",\"6\":\"1\",\"7\":\"1\",\"8\":\"2\",\"9\":\"2\",\"10\":\"2\",\"11\":\"2\",\"12\":\"2\",\"13\":\"2\",\"14\":\"2\",\"15\":\"2\"},\"mut\":{\"0\":\"M\",\"1\":\"M\",\"2\":\"M\",\"3\":\"M\",\"4\":\"R\",\"5\":\"R\",\"6\":\"R\",\"7\":\"R\",\"8\":\"M\",\"9\":\"M\",\"10\":\"M\",\"11\":\"M\",\"12\":\"R\",\"13\":\"R\",\"14\":\"R\",\"15\":\"R\"},\"base\":{\"0\":\"A\",\"1\":\"C\",\"2\":\"G\",\"3\":\"T\",\"4\":\"A\",\"5\":\"C\",\"6\":\"G\",\"7\":\"T\",\"8\":\"A\",\"9\":\"C\",\"10\":\"G\",\"11\":\"T\",\"12\":\"A\",\"13\":\"C\",\"14\":\"G\",\"15\":\"T\"},\"count\":{\"0\":54810,\"1\":36010,\"2\":34627,\"3\":64821,\"4\":52731,\"5\":38276,\"6\":32775,\"7\":66486,\"8\":1264,\"9\":828,\"10\":879,\"11\":1633,\"12\":1241,\"13\":946,\"14\":769,\"15\":1648},\"fitted\":{\"0\":54797.319333478,\"1\":35978.6203814492,\"2\":34658.4182006132,\"3\":64833.6420844592,\"4\":52743.6806665214,\"5\":38307.3796185507,\"6\":32743.5817993868,\"7\":66473.3579155409,\"8\":1276.6806665216,\"9\":859.3796185508,\"10\":847.5817993869,\"11\":1620.3579155408,\"12\":1228.3193334784,\"13\":914.6203814493,\"14\":800.4182006132,\"15\":1660.6420844592},\"ret\":{\"0\":0.0000325397,\"1\":0.0000805485,\"2\":-0.0000805759,\"3\":-0.0000324337,\"4\":-0.000032532,\"5\":-0.0000804804,\"6\":0.0000806511,\"7\":0.00003244,\"8\":-0.0000323738,\"9\":-0.0000790252,\"10\":0.0000820883,\"11\":0.0000325631,\"12\":0.0000327033,\"13\":0.000081879,\"14\":-0.0000790092,\"15\":-0.0000323131}}", "deviance": 5.198929909088296, "df": 3, "rel_entropy": 6.669672796872173e-06, "formula": "count ~ group * mut * base - group : mut : base", "prob": 0.15779677076056825}, "pos0": {"stats": "{\"group\":{\"0\":\"1\",\"1\":\"1\",\"2\":\"1\",\"3\":\"1\",\"4\":\"1\",\"5\":\"1\",\"6\":\"1\",\"7\":\"1\",\"8\":\"2\",\"9\":\"2\",\"10\":\"2\",\"11\":\"2\",\"12\":\"2\",\"13\":\"2\",\"14\":\"2\",\"15\":\"2\"},\"mut\":{\"0\":\"M\",\"1\":\"M\",\"2\":\"M\",\"3\":\"M\",\"4\":\"R\",\"5\":\"R\",\"6\":\"R\",\"7\":\"R\",\"8\":\"M\",\"9\":\"M\",\"10\":\"M\",\"11\":\"M\",\"12\":\"R\",\"13\":\"R\",\"14\":\"R\",\"15\":\"R\"},\"base\":{\"0\":\"A\",\"1\":\"C\",\"2\":\"G\",\"3\":\"T\",\"4\":\"A\",\"5\":\"C\",\"6\":\"G\",\"7\":\"T\",\"8\":\"A\",\"9\":\"C\",\"10\":\"G\",\"11\":\"T\",\"12\":\"A\",\"13\":\"C\",\"14\":\"G\",\"15\":\"T\"},\"count\":{\"0\":60838,\"1\":34573,\"2\":30586,\"3\":64271,\"4\":53894,\"5\":36853,\"6\":33297,\"7\":66224,\"8\":1361,\"9\":788,\"10\":784,\"11\":1671,\"12\":1278,\"13\":888,\"14\":796,\"15\":1642},\"fitted\":{\"0\":60799.0801227683,\"1\":34549.3782728841,\"2\":30612.0095904831,\"3\":64307.5320138651,\"4\":53932.919877232,\"5\":36876.621727116,\"6\":33270.9904095171,\"7\":66187.4679861354,\"8\":1399.9198772318,\"9\":811.6217271161,\"10\":757.990409517,\"11\":1634.4679861352,\"12\":1239.0801227682,\"13\":864.378272884,\"14\":822.009590483,\"15\":1678.5320138649},\"ret\":{\"0\":0.0000998921,\"1\":0.000060629,\"2\":-0.0000667067,\"3\":-0.0000937067,\"4\":-0.0000998241,\"5\":-0.0000605889,\"6\":0.0000667611,\"7\":0.0000937592,\"8\":-0.0000984589,\"9\":-0.0000597176,\"10\":0.0000678672,\"11\":0.0000947732,\"12\":0.0001014123,\"13\":0.000061429,\"14\":-0.000065668,\"15\":-0.0000927059}}", "deviance": 7.129403047475478, "df": 3, "rel_entropy": 9.146264018786021e-06, "formula": "count ~ group * mut * base - group : mut : base", "prob": 0.067885653338213017}, "pos1": {"stats": "{\"group\":{\"0\":\"1\",\"1\":\"1\",\"2\":\"1\",\"3\":\"1\",\"4\":\"1\",\"5\":\"1\",\"6\":\"1\",\"7\":\"1\",\"8\":\"2\",\"9\":\"2\",\"10\":\"2\",\"11\":\"2\",\"12\":\"2\",\"13\":\"2\",\"14\":\"2\",\"15\":\"2\"},\"mut\":{\"0\":\"M\",\"1\":\"M\",\"2\":\"M\",\"3\":\"M\",\"4\":\"R\",\"5\":\"R\",\"6\":\"R\",\"7\":\"R\",\"8\":\"M\",\"9\":\"M\",\"10\":\"M\",\"11\":\"M\",\"12\":\"R\",\"13\":\"R\",\"14\":\"R\",\"15\":\"R\"},\"base\":{\"0\":\"A\",\"1\":\"C\",\"2\":\"G\",\"3\":\"T\",\"4\":\"A\",\"5\":\"C\",\"6\":\"G\",\"7\":\"T\",\"8\":\"A\",\"9\":\"C\",\"10\":\"G\",\"11\":\"T\",\"12\":\"A\",\"13\":\"C\",\"14\":\"G\",\"15\":\"T\"},\"count\":{\"0\":51213,\"1\":38836,\"2\":30490,\"3\":69729,\"4\":51507,\"5\":43062,\"6\":31402,\"7\":64297,\"8\":1229,\"9\":878,\"10\":866,\"11\":1631,\"12\":1264,\"13\":1028,\"14\":743,\"15\":1569},\"fitted\":{\"0\":51199.5065482486,\"1\":38810.8458776025,\"2\":30561.5659764926,\"3\":69696.081597657,\"4\":51520.4934517521,\"5\":43087.1541223977,\"6\":31330.4340235076,\"7\":64329.918402343,\"8\":1242.493451752,\"9\":903.1541223976,\"10\":794.4340235316,\"11\":1663.918402343,\"12\":1250.506548248,\"13\":1002.8458776024,\"14\":814.565976518,\"15\":1536.0815976571},\"ret\":{\"0\":0.0000346259,\"1\":0.000064561,\"2\":-0.0001834079,\"3\":0.0000844815,\"4\":-0.0000346168,\"5\":-0.0000645213,\"6\":0.0001838326,\"7\":-0.00008444,\"8\":-0.0000344326,\"9\":-0.0000636329,\"10\":0.0001916561,\"11\":-0.0000836206,\"12\":0.0000348074,\"13\":0.0000653429,\"14\":-0.0001753095,\"15\":0.0000853602}}", "deviance": 16.12459005993676, "df": 3, "rel_entropy": 2.068612994675577e-05, "formula": "count ~ group * mut * base - group : mut : base", "prob": 0.0010691991476345008}}