{"pos2": {"prob": 0, "stats": "{\"mut\":{\"0\":\"M\",\"1\":\"M\",\"2\":\"M\",\"3\":\"M\",\"4\":\"R\",\"5\":\"R\",\"6\":\"R\",\"7\":\"R\"},\"base\":{\"0\":\"A\",\"1\":\"C\",\"2\":\"G\",\"3\":\"T\",\"4\":\"A\",\"5\":\"C\",\"6\":\"G\",\"7\":\"T\"},\"count\":{\"0\":100666,\"1\":103832,\"2\":31228,\"3\":86712,\"4\":115170,\"5\":81928,\"6\":15381,\"7\":109959},\"fitted\":{\"0\":107917.9999999992,\"1\":92879.9999999996,\"2\":23304.5000000268,\"3\":98335.4999999996,\"4\":107917.9999999994,\"5\":92879.9999999998,\"6\":23304.5000000269,\"7\":98335.4999999998},\"ret\":{\"0\":-0.0108589662,\"1\":0.0179472089,\"2\":0.0141724249,\"3\":-0.0169144873,\"4\":0.0116152291,\"5\":-0.0159399689,\"6\":-0.0099104526,\"7\":0.0190500047}}", "df": 3, "formula": "count ~ mut * base - mut : base", "deviance": 11815.408721569376, "rel_entropy": 0.00916099275021041}, "pos0": {"prob": 0, "stats": "{\"mut\":{\"0\":\"M\",\"1\":\"M\",\"2\":\"M\",\"3\":\"M\",\"4\":\"R\",\"5\":\"R\",\"6\":\"R\",\"7\":\"R\"},\"base\":{\"0\":\"A\",\"1\":\"C\",\"2\":\"G\",\"3\":\"T\",\"4\":\"A\",\"5\":\"C\",\"6\":\"G\",\"7\":\"T\"},\"count\":{\"0\":107445,\"1\":64897,\"2\":63386,\"3\":86710,\"4\":84804,\"5\":74916,\"6\":67329,\"7\":95389},\"fitted\":{\"0\":96124.5000000002,\"1\":69906.5000000001,\"2\":65357.5000000001,\"3\":91049.5000000002,\"4\":96124.5000000001,\"5\":69906.5,\"6\":65357.5,\"7\":91049.5000000001},\"ret\":{\"0\":0.0185498829,\"1\":-0.0074829295,\"2\":-0.0030105965,\"3\":-0.0065662307,\"4\":-0.0164776944,\"5\":0.0080400733,\"6\":0.0031028298,\"7\":0.0068870719}}", "df": 3, "formula": "count ~ mut * base - mut : base", "deviance": 3923.9502832179487, "rel_entropy": 0.003042406821790506}, "pos1": {"prob": 0, "stats": "{\"mut\":{\"0\":\"M\",\"1\":\"M\",\"2\":\"M\",\"3\":\"M\",\"4\":\"R\",\"5\":\"R\",\"6\":\"R\",\"7\":\"R\"},\"base\":{\"0\":\"A\",\"1\":\"C\",\"2\":\"G\",\"3\":\"T\",\"4\":\"A\",\"5\":\"C\",\"6\":\"G\",\"7\":\"T\"},\"count\":{\"0\":97649,\"1\":66054,\"2\":75657,\"3\":83078,\"4\":80060,\"5\":82110,\"6\":67088,\"7\":93180},\"fitted\":{\"0\":88854.5,\"1\":74082.0,\"2\":71372.4999999999,\"3\":88129.0,\"4\":88854.5,\"5\":74082.0,\"6\":71372.4999999999,\"7\":88129.0},\"ret\":{\"0\":0.0142911755,\"1\":-0.0117486055,\"2\":0.0068394557,\"3\":-0.0076036429,\"4\":-0.0129391715,\"5\":0.0131003014,\"6\":-0.0064403809,\"7\":0.0080527994}}", "df": 3, "formula": "count ~ mut * base - mut : base", "deviance": 4581.110320447204, "rel_entropy": 0.003551931162306555}, "pos3": {"prob": 0, "stats": "{\"mut\":{\"0\":\"M\",\"1\":\"M\",\"2\":\"M\",\"3\":\"M\",\"4\":\"R\",\"5\":\"R\",\"6\":\"R\",\"7\":\"R\"},\"base\":{\"0\":\"A\",\"1\":\"C\",\"2\":\"G\",\"3\":\"T\",\"4\":\"A\",\"5\":\"C\",\"6\":\"G\",\"7\":\"T\"},\"count\":{\"0\":92347,\"1\":74251,\"2\":58173,\"3\":97667,\"4\":83012,\"5\":74520,\"6\":72737,\"7\":92169},\"fitted\":{\"0\":87679.5000000001,\"1\":74385.5000000001,\"2\":65454.9999999999,\"3\":94918.0000000001,\"4\":87679.5000000001,\"5\":74385.5000000001,\"6\":65454.9999999999,\"7\":94918.0000000001},\"ret\":{\"0\":0.0074271432,\"1\":-0.0002083786,\"2\":-0.0106392764,\"3\":0.0043239773,\"4\":-0.0070416652,\"5\":0.0002087557,\"6\":0.0118981488,\"7\":-0.0042005005}}", "df": 3, "formula": "count ~ mut * base - mut : base", "deviance": 2280.545193518327, "rel_entropy": 0.0017682044249734267}}