{"pos2": {"stats": "{\"strand\":{\"0\":\"+\",\"1\":\"+\",\"2\":\"+\",\"3\":\"+\",\"4\":\"+\",\"5\":\"+\",\"6\":\"+\",\"7\":\"+\",\"8\":\"-\",\"9\":\"-\",\"10\":\"-\",\"11\":\"-\",\"12\":\"-\",\"13\":\"-\",\"14\":\"-\",\"15\":\"-\"},\"mut\":{\"0\":\"M\",\"1\":\"M\",\"2\":\"M\",\"3\":\"M\",\"4\":\"R\",\"5\":\"R\",\"6\":\"R\",\"7\":\"R\",\"8\":\"M\",\"9\":\"M\",\"10\":\"M\",\"11\":\"M\",\"12\":\"R\",\"13\":\"R\",\"14\":\"R\",\"15\":\"R\"},\"base\":{\"0\":\"A\",\"1\":\"C\",\"2\":\"G\",\"3\":\"T\",\"4\":\"A\",\"5\":\"C\",\"6\":\"G\",\"7\":\"T\",\"8\":\"A\",\"9\":\"C\",\"10\":\"G\",\"11\":\"T\",\"12\":\"A\",\"13\":\"C\",\"14\":\"G\",\"15\":\"T\"},\"count\":{\"0\":1158,\"1\":1696,\"2\":2025,\"3\":2158,\"4\":1968,\"5\":1427,\"6\":2089,\"7\":1553,\"8\":1087,\"9\":1616,\"10\":1955,\"11\":2260,\"12\":1936,\"13\":1384,\"14\":2012,\"15\":1586},\"fitted\":{\"0\":1143.543992343,\"1\":1691.6567641189,\"2\":2029.3757104457,\"3\":2172.4235330924,\"4\":1982.456007657,\"5\":1431.3432358811,\"6\":2084.6242895544,\"7\":1538.5764669076,\"8\":1101.456007657,\"9\":1620.3432358811,\"10\":1950.6242895544,\"11\":2245.5764669076,\"12\":1921.543992343,\"13\":1379.6567641189,\"14\":2016.3757104457,\"15\":1600.4235330924},\"ret\":{\"0\":0.0005212109,\"1\":0.0001558154,\"2\":-0.0001566102,\"3\":-0.0005150679,\"4\":-0.0005160578,\"5\":-0.0001553794,\"6\":0.0001569437,\"7\":0.0005192021,\"8\":-0.000514537,\"9\":-0.000155407,\"10\":0.000156955,\"11\":0.0005184434,\"12\":0.0005198943,\"13\":0.0001558604,\"14\":-0.0001566091,\"15\":-0.0005144515}}", "deviance": 1.1278675772799538, "df": 3, "rel_entropy": 2.0205438503761263e-05, "formula": "count ~ strand * mut * base - strand : mut : base", "prob": 0.77035135323736048}, "pos3": {"stats": "{\"strand\":{\"0\":\"+\",\"1\":\"+\",\"2\":\"+\",\"3\":\"+\",\"4\":\"+\",\"5\":\"+\",\"6\":\"+\",\"7\":\"+\",\"8\":\"-\",\"9\":\"-\",\"10\":\"-\",\"11\":\"-\",\"12\":\"-\",\"13\":\"-\",\"14\":\"-\",\"15\":\"-\"},\"mut\":{\"0\":\"M\",\"1\":\"M\",\"2\":\"M\",\"3\":\"M\",\"4\":\"R\",\"5\":\"R\",\"6\":\"R\",\"7\":\"R\",\"8\":\"M\",\"9\":\"M\",\"10\":\"M\",\"11\":\"M\",\"12\":\"R\",\"13\":\"R\",\"14\":\"R\",\"15\":\"R\"},\"base\":{\"0\":\"A\",\"1\":\"C\",\"2\":\"G\",\"3\":\"T\",\"4\":\"A\",\"5\":\"C\",\"6\":\"G\",\"7\":\"T\",\"8\":\"A\",\"9\":\"C\",\"10\":\"G\",\"11\":\"T\",\"12\":\"A\",\"13\":\"C\",\"14\":\"G\",\"15\":\"T\"},\"count\":{\"0\":1491,\"1\":1865,\"2\":1762,\"3\":1919,\"4\":2089,\"5\":1541,\"6\":1695,\"7\":1712,\"8\":1401,\"9\":1815,\"10\":1907,\"11\":1795,\"12\":2026,\"13\":1492,\"14\":1705,\"15\":1695},\"fitted\":{\"0\":1478.6183848816,\"1\":1868.158240199,\"2\":1795.3607371145,\"3\":1894.8626378048,\"4\":2101.3816151184,\"5\":1537.841759801,\"6\":1661.6392628855,\"7\":1736.1373621952,\"8\":1413.3816151184,\"9\":1811.841759801,\"10\":1873.6392628855,\"11\":1819.1373621952,\"12\":2013.6183848816,\"13\":1495.158240199,\"14\":1738.3607371145,\"15\":1670.8626378048},\"ret\":{\"0\":0.0004454787,\"1\":-0.0001130623,\"2\":-0.0011841222,\"3\":0.0008703134,\"4\":-0.000442317,\"5\":0.0001132741,\"6\":0.0012072164,\"7\":-0.0008587886,\"8\":-0.0004416776,\"9\":0.0001132566,\"10\":0.0012058756,\"11\":-0.0008590654,\"12\":0.0004449876,\"13\":-0.0001130384,\"14\":-0.0011837534,\"15\":0.0008710453}}", "deviance": 4.221270229331797, "df": 3, "rel_entropy": 7.562289912812248e-05, "formula": "count ~ strand * mut * base - strand : mut : base", "prob": 0.23854094120147626}, "pos0": {"stats": "{\"strand\":{\"0\":\"+\",\"1\":\"+\",\"2\":\"+\",\"3\":\"+\",\"4\":\"+\",\"5\":\"+\",\"6\":\"+\",\"7\":\"+\",\"8\":\"-\",\"9\":\"-\",\"10\":\"-\",\"11\":\"-\",\"12\":\"-\",\"13\":\"-\",\"14\":\"-\",\"15\":\"-\"},\"mut\":{\"0\":\"M\",\"1\":\"M\",\"2\":\"M\",\"3\":\"M\",\"4\":\"R\",\"5\":\"R\",\"6\":\"R\",\"7\":\"R\",\"8\":\"M\",\"9\":\"M\",\"10\":\"M\",\"11\":\"M\",\"12\":\"R\",\"13\":\"R\",\"14\":\"R\",\"15\":\"R\"},\"base\":{\"0\":\"A\",\"1\":\"C\",\"2\":\"G\",\"3\":\"T\",\"4\":\"A\",\"5\":\"C\",\"6\":\"G\",\"7\":\"T\",\"8\":\"A\",\"9\":\"C\",\"10\":\"G\",\"11\":\"T\",\"12\":\"A\",\"13\":\"C\",\"14\":\"G\",\"15\":\"T\"},\"count\":{\"0\":2005,\"1\":1435,\"2\":1964,\"3\":1633,\"4\":1980,\"5\":1396,\"6\":1842,\"7\":1819,\"8\":1977,\"9\":1376,\"10\":1973,\"11\":1592,\"12\":2101,\"13\":1372,\"14\":1722,\"15\":1723},\"fitted\":{\"0\":1967.9715838873,\"1\":1426.3657250298,\"2\":1997.5706253336,\"3\":1645.0920657493,\"4\":2017.0284161127,\"5\":1404.6342749702,\"6\":1808.4293746664,\"7\":1806.9079342507,\"8\":2014.0284161127,\"9\":1384.6342749702,\"10\":1939.4293746664,\"11\":1579.9079342507,\"12\":2063.9715838873,\"13\":1363.3657250298,\"14\":1755.5706253336,\"15\":1735.0920657493},\"ret\":{\"0\":0.0013391116,\"1\":0.0003102958,\"2\":-0.0011926529,\"3\":-0.0004316559,\"4\":-0.0013144549,\"5\":-0.0003084086,\"6\":0.0012139129,\"7\":0.0004346986,\"8\":-0.0013144365,\"9\":-0.0003083948,\"10\":0.0012131677,\"11\":0.0004349059,\"12\":0.0013385381,\"13\":0.0003103389,\"14\":-0.0011912427,\"15\":-0.0004317389}}", "deviance": 5.692762796647219, "df": 3, "rel_entropy": 0.00010198428514237226, "formula": "count ~ strand * mut * base - strand : mut : base", "prob": 0.12755323187301046}, "pos1": {"stats": "{\"strand\":{\"0\":\"+\",\"1\":\"+\",\"2\":\"+\",\"3\":\"+\",\"4\":\"+\",\"5\":\"+\",\"6\":\"+\",\"7\":\"+\",\"8\":\"-\",\"9\":\"-\",\"10\":\"-\",\"11\":\"-\",\"12\":\"-\",\"13\":\"-\",\"14\":\"-\",\"15\":\"-\"},\"mut\":{\"0\":\"M\",\"1\":\"M\",\"2\":\"M\",\"3\":\"M\",\"4\":\"R\",\"5\":\"R\",\"6\":\"R\",\"7\":\"R\",\"8\":\"M\",\"9\":\"M\",\"10\":\"M\",\"11\":\"M\",\"12\":\"R\",\"13\":\"R\",\"14\":\"R\",\"15\":\"R\"},\"base\":{\"0\":\"A\",\"1\":\"C\",\"2\":\"G\",\"3\":\"T\",\"4\":\"A\",\"5\":\"C\",\"6\":\"G\",\"7\":\"T\",\"8\":\"A\",\"9\":\"C\",\"10\":\"G\",\"11\":\"T\",\"12\":\"A\",\"13\":\"C\",\"14\":\"G\",\"15\":\"T\"},\"count\":{\"0\":1441,\"1\":2457,\"2\":2192,\"3\":947,\"4\":1983,\"5\":2093,\"6\":1754,\"7\":1207,\"8\":1460,\"9\":2384,\"10\":2196,\"11\":878,\"12\":1983,\"13\":1978,\"14\":1734,\"15\":1223},\"fitted\":{\"0\":1445.664797296,\"1\":2470.4765293671,\"2\":2197.5038211784,\"3\":923.3548521586,\"4\":1978.335202704,\"5\":2079.5234706329,\"6\":1748.4961788216,\"7\":1230.6451478415,\"8\":1455.335202704,\"9\":2370.5234706329,\"10\":2190.4961788216,\"11\":901.6451478415,\"12\":1987.664797296,\"13\":1991.4765293671,\"14\":1739.5038211784,\"15\":1199.3548521586},\"ret\":{\"0\":-0.0001668672,\"1\":-0.0004815373,\"2\":-0.0001969517,\"3\":0.0008579487,\"4\":0.000167334,\"5\":0.0004844179,\"6\":0.0001975089,\"7\":-0.0008390012,\"8\":0.0001674047,\"9\":0.0004842266,\"10\":0.0001974464,\"11\":-0.0008359857,\"12\":-0.0001669409,\"13\":-0.0004812192,\"14\":-0.0001968866,\"15\":0.0008554895}}", "deviance": 2.5893208686634654, "df": 3, "rel_entropy": 4.638697364140927e-05, "formula": "count ~ strand * mut * base - strand : mut : base", "prob": 0.4593648131617577}}