{"pos2": {"deviance": 1.773663807494132, "formula": "count ~ group * mut * base - group : mut : base", "rel_entropy": 1.3427773107068043e-06, "prob": 0.6206826865467232, "df": 3, "stats": "{\"group\":{\"8\":\"1\",\"9\":\"1\",\"10\":\"1\",\"11\":\"1\",\"12\":\"1\",\"13\":\"1\",\"14\":\"1\",\"15\":\"1\",\"0\":\"2\",\"1\":\"2\",\"2\":\"2\",\"3\":\"2\",\"4\":\"2\",\"5\":\"2\",\"6\":\"2\",\"7\":\"2\"},\"mut\":{\"8\":\"M\",\"9\":\"M\",\"10\":\"M\",\"11\":\"M\",\"12\":\"R\",\"13\":\"R\",\"14\":\"R\",\"15\":\"R\",\"0\":\"M\",\"1\":\"M\",\"2\":\"M\",\"3\":\"M\",\"4\":\"R\",\"5\":\"R\",\"6\":\"R\",\"7\":\"R\"},\"base\":{\"8\":\"A\",\"9\":\"C\",\"10\":\"G\",\"11\":\"T\",\"12\":\"A\",\"13\":\"C\",\"14\":\"G\",\"15\":\"T\",\"0\":\"A\",\"1\":\"C\",\"2\":\"G\",\"3\":\"T\",\"4\":\"A\",\"5\":\"C\",\"6\":\"G\",\"7\":\"T\"},\"count\":{\"8\":108476,\"9\":53507,\"10\":78946,\"11\":86083,\"12\":94260,\"13\":68716,\"14\":84352,\"15\":79684,\"0\":1089,\"1\":505,\"2\":778,\"3\":839,\"4\":916,\"5\":636,\"6\":841,\"7\":818},\"fitted\":{\"8\":108493.4312792603,\"9\":53513.220851948,\"10\":78942.468059216,\"11\":86062.8798095766,\"12\":94242.5687207405,\"13\":68709.7791480524,\"14\":84355.5319407845,\"15\":79704.1201904238,\"0\":1071.5687207402,\"1\":498.7791480521,\"2\":781.5319407842,\"3\":859.1201904236,\"4\":933.4312792599,\"5\":642.2208519479,\"6\":837.4680592158,\"7\":797.8798095764},\"ret\":{\"8\":-0.0000263911,\"9\":-0.0000094186,\"10\":0.0000053479,\"11\":0.0000304681,\"12\":0.0000263956,\"13\":0.0000094196,\"14\":-0.0000053477,\"15\":-0.0000304607,\"0\":0.0000266067,\"1\":0.0000094777,\"2\":-0.0000053357,\"3\":-0.000030105,\"4\":-0.0000261452,\"5\":-0.0000093734,\"6\":0.0000053591,\"7\":0.0000308455}}"}, "pos1": {"deviance": 5.558423470336655, "formula": "count ~ group * mut * base - group : mut : base", "rel_entropy": 4.208083227346865e-06, "prob": 0.13518570701642008, "df": 3, "stats": "{\"group\":{\"8\":\"1\",\"9\":\"1\",\"10\":\"1\",\"11\":\"1\",\"12\":\"1\",\"13\":\"1\",\"14\":\"1\",\"15\":\"1\",\"0\":\"2\",\"1\":\"2\",\"2\":\"2\",\"3\":\"2\",\"4\":\"2\",\"5\":\"2\",\"6\":\"2\",\"7\":\"2\"},\"mut\":{\"8\":\"M\",\"9\":\"M\",\"10\":\"M\",\"11\":\"M\",\"12\":\"R\",\"13\":\"R\",\"14\":\"R\",\"15\":\"R\",\"0\":\"M\",\"1\":\"M\",\"2\":\"M\",\"3\":\"M\",\"4\":\"R\",\"5\":\"R\",\"6\":\"R\",\"7\":\"R\"},\"base\":{\"8\":\"A\",\"9\":\"C\",\"10\":\"G\",\"11\":\"T\",\"12\":\"A\",\"13\":\"C\",\"14\":\"G\",\"15\":\"T\",\"0\":\"A\",\"1\":\"C\",\"2\":\"G\",\"3\":\"T\",\"4\":\"A\",\"5\":\"C\",\"6\":\"G\",\"7\":\"T\"},\"count\":{\"8\":129415,\"9\":25528,\"10\":82239,\"11\":89830,\"12\":111767,\"13\":16594,\"14\":84597,\"15\":114054,\"0\":1299,\"1\":275,\"2\":776,\"3\":861,\"4\":1122,\"5\":143,\"6\":809,\"7\":1137},\"fitted\":{\"8\":129416.0545036014,\"9\":25549.6457571211,\"10\":82234.4944906004,\"11\":89811.8052486768,\"12\":111765.9454963982,\"13\":16572.3542428788,\"14\":84601.505509399,\"15\":114072.1947513232,\"0\":1297.9454963985,\"1\":253.3542428789,\"2\":780.5055093994,\"3\":879.1947513233,\"4\":1123.0545036015,\"5\":164.6457571211,\"6\":804.4944906006,\"7\":1118.8052486767},\"ret\":{\"8\":-0.0000015966,\"9\":-0.0000327606,\"10\":0.0000068221,\"11\":0.000027552,\"12\":0.0000015967,\"13\":0.0000327958,\"14\":-0.0000068217,\"15\":-0.000027547,\"0\":0.0000015973,\"1\":0.0000341363,\"2\":-0.0000068022,\"3\":-0.0000272621,\"4\":-0.0000015959,\"5\":-0.0000305189,\"6\":0.000006841,\"7\":0.000027772}}"}, "pos0": {"deviance": 4.991734010118436, "formula": "count ~ group * mut * base - group : mut : base", "rel_entropy": 3.779062943918531e-06, "prob": 0.17240342229223615, "df": 3, "stats": "{\"group\":{\"8\":\"1\",\"9\":\"1\",\"10\":\"1\",\"11\":\"1\",\"12\":\"1\",\"13\":\"1\",\"14\":\"1\",\"15\":\"1\",\"0\":\"2\",\"1\":\"2\",\"2\":\"2\",\"3\":\"2\",\"4\":\"2\",\"5\":\"2\",\"6\":\"2\",\"7\":\"2\"},\"mut\":{\"8\":\"M\",\"9\":\"M\",\"10\":\"M\",\"11\":\"M\",\"12\":\"R\",\"13\":\"R\",\"14\":\"R\",\"15\":\"R\",\"0\":\"M\",\"1\":\"M\",\"2\":\"M\",\"3\":\"M\",\"4\":\"R\",\"5\":\"R\",\"6\":\"R\",\"7\":\"R\"},\"base\":{\"8\":\"A\",\"9\":\"C\",\"10\":\"G\",\"11\":\"T\",\"12\":\"A\",\"13\":\"C\",\"14\":\"G\",\"15\":\"T\",\"0\":\"A\",\"1\":\"C\",\"2\":\"G\",\"3\":\"T\",\"4\":\"A\",\"5\":\"C\",\"6\":\"G\",\"7\":\"T\"},\"count\":{\"8\":84350,\"9\":77512,\"10\":69732,\"11\":95418,\"12\":93433,\"13\":74996,\"14\":76992,\"15\":81591,\"0\":779,\"1\":771,\"2\":703,\"3\":958,\"4\":943,\"5\":723,\"6\":731,\"7\":814},\"fitted\":{\"8\":84312.9036462,\"9\":77524.0415457496,\"10\":69753.72799389,\"11\":95421.3268141596,\"12\":93470.0963537998,\"13\":74983.9584542498,\"14\":76970.2720061095,\"15\":81587.6731858399,\"0\":816.0963538001,\"1\":758.95845425,\"2\":681.2720061098,\"3\":954.6731858401,\"4\":905.9036462001,\"5\":735.04154575,\"6\":752.7279938902,\"7\":817.3268141599},\"ret\":{\"8\":0.000056181,\"9\":-0.000018231,\"10\":-0.0000328938,\"11\":-0.0000050371,\"12\":-0.0000561575,\"13\":0.0000182339,\"14\":0.0000329036,\"15\":0.0000050373,\"0\":-0.0000548722,\"1\":0.0000183763,\"2\":0.0000334181,\"3\":0.000005046,\"4\":0.0000573033,\"5\":-0.0000180823,\"6\":-0.0000324195,\"7\":-0.000005027}}"}, "pos3": {"deviance": 4.993086783261823, "formula": "count ~ group * mut * base - group : mut : base", "rel_entropy": 3.780087079989752e-06, "prob": 0.1723040644756496, "df": 3, "stats": "{\"group\":{\"8\":\"1\",\"9\":\"1\",\"10\":\"1\",\"11\":\"1\",\"12\":\"1\",\"13\":\"1\",\"14\":\"1\",\"15\":\"1\",\"0\":\"2\",\"1\":\"2\",\"2\":\"2\",\"3\":\"2\",\"4\":\"2\",\"5\":\"2\",\"6\":\"2\",\"7\":\"2\"},\"mut\":{\"8\":\"M\",\"9\":\"M\",\"10\":\"M\",\"11\":\"M\",\"12\":\"R\",\"13\":\"R\",\"14\":\"R\",\"15\":\"R\",\"0\":\"M\",\"1\":\"M\",\"2\":\"M\",\"3\":\"M\",\"4\":\"R\",\"5\":\"R\",\"6\":\"R\",\"7\":\"R\"},\"base\":{\"8\":\"A\",\"9\":\"C\",\"10\":\"G\",\"11\":\"T\",\"12\":\"A\",\"13\":\"C\",\"14\":\"G\",\"15\":\"T\",\"0\":\"A\",\"1\":\"C\",\"2\":\"G\",\"3\":\"T\",\"4\":\"A\",\"5\":\"C\",\"6\":\"G\",\"7\":\"T\"},\"count\":{\"8\":76982,\"9\":57519,\"10\":95697,\"11\":96814,\"12\":96751,\"13\":69271,\"14\":76567,\"15\":84423,\"0\":761,\"1\":571,\"2\":982,\"3\":897,\"4\":1001,\"5\":648,\"6\":736,\"7\":826},\"fitted\":{\"8\":76961.7839525881,\"9\":57536.361458672,\"10\":95723.688240208,\"11\":96790.1663485317,\"12\":96771.2160474118,\"13\":69253.638541328,\"14\":76540.3117597919,\"15\":84446.8336514682,\"0\":781.2160474117,\"1\":553.638541328,\"2\":955.311759792,\"3\":920.8336514682,\"4\":980.7839525882,\"5\":665.361458672,\"6\":762.688240208,\"7\":802.1663485318},\"ret\":{\"8\":0.0000306137,\"9\":-0.0000262835,\"10\":-0.0000404038,\"11\":0.0000360916,\"12\":-0.0000306065,\"13\":0.0000262908,\"14\":0.0000404165,\"15\":-0.0000360821,\"0\":-0.0000302102,\"1\":0.0000266954,\"2\":0.0000409687,\"3\":-0.0000356161,\"4\":0.000030923,\"5\":-0.0000259415,\"6\":-0.000039694,\"7\":0.0000366181}}"}}