{"pos2": {"stats": "{\"group\":{\"0\":\"1\",\"1\":\"1\",\"2\":\"1\",\"3\":\"1\",\"4\":\"1\",\"5\":\"1\",\"6\":\"1\",\"7\":\"1\",\"8\":\"2\",\"9\":\"2\",\"10\":\"2\",\"11\":\"2\",\"12\":\"2\",\"13\":\"2\",\"14\":\"2\",\"15\":\"2\"},\"mut\":{\"0\":\"M\",\"1\":\"M\",\"2\":\"M\",\"3\":\"M\",\"4\":\"R\",\"5\":\"R\",\"6\":\"R\",\"7\":\"R\",\"8\":\"M\",\"9\":\"M\",\"10\":\"M\",\"11\":\"M\",\"12\":\"R\",\"13\":\"R\",\"14\":\"R\",\"15\":\"R\"},\"base\":{\"0\":\"A\",\"1\":\"C\",\"2\":\"G\",\"3\":\"T\",\"4\":\"A\",\"5\":\"C\",\"6\":\"G\",\"7\":\"T\",\"8\":\"A\",\"9\":\"C\",\"10\":\"G\",\"11\":\"T\",\"12\":\"A\",\"13\":\"C\",\"14\":\"G\",\"15\":\"T\"},\"count\":{\"0\":108476,\"1\":53507,\"2\":78946,\"3\":86083,\"4\":94260,\"5\":68716,\"6\":84352,\"7\":79684,\"8\":1089,\"9\":505,\"10\":778,\"11\":839,\"12\":916,\"13\":636,\"14\":841,\"15\":818},\"fitted\":{\"0\":108493.4312792597,\"1\":53513.2208519479,\"2\":78942.4680592158,\"3\":86062.8798095766,\"4\":94242.5687207402,\"5\":68709.7791480522,\"6\":84355.5319407842,\"7\":79704.1201904235,\"8\":1071.5687207401,\"9\":498.7791480521,\"10\":781.5319407842,\"11\":859.1201904236,\"12\":933.4312792599,\"13\":642.2208519479,\"14\":837.4680592158,\"15\":797.8798095764},\"ret\":{\"0\":-0.0000263911,\"1\":-0.0000094186,\"2\":0.0000053479,\"3\":0.0000304681,\"4\":0.0000263956,\"5\":0.0000094196,\"6\":-0.0000053477,\"7\":-0.0000304607,\"8\":0.0000266067,\"9\":0.0000094777,\"10\":-0.0000053357,\"11\":-0.000030105,\"12\":-0.0000261452,\"13\":-0.0000093734,\"14\":0.0000053591,\"15\":0.0000308455}}", "deviance": 1.773663807523759, "df": 3, "rel_entropy": 1.3427773107292337e-06, "formula": "count ~ group * mut * base - group : mut : base", "prob": 0.62068268654023862}, "pos3": {"stats": "{\"group\":{\"0\":\"1\",\"1\":\"1\",\"2\":\"1\",\"3\":\"1\",\"4\":\"1\",\"5\":\"1\",\"6\":\"1\",\"7\":\"1\",\"8\":\"2\",\"9\":\"2\",\"10\":\"2\",\"11\":\"2\",\"12\":\"2\",\"13\":\"2\",\"14\":\"2\",\"15\":\"2\"},\"mut\":{\"0\":\"M\",\"1\":\"M\",\"2\":\"M\",\"3\":\"M\",\"4\":\"R\",\"5\":\"R\",\"6\":\"R\",\"7\":\"R\",\"8\":\"M\",\"9\":\"M\",\"10\":\"M\",\"11\":\"M\",\"12\":\"R\",\"13\":\"R\",\"14\":\"R\",\"15\":\"R\"},\"base\":{\"0\":\"A\",\"1\":\"C\",\"2\":\"G\",\"3\":\"T\",\"4\":\"A\",\"5\":\"C\",\"6\":\"G\",\"7\":\"T\",\"8\":\"A\",\"9\":\"C\",\"10\":\"G\",\"11\":\"T\",\"12\":\"A\",\"13\":\"C\",\"14\":\"G\",\"15\":\"T\"},\"count\":{\"0\":76982,\"1\":57519,\"2\":95697,\"3\":96814,\"4\":96751,\"5\":69271,\"6\":76567,\"7\":84423,\"8\":761,\"9\":571,\"10\":982,\"11\":897,\"12\":1001,\"13\":648,\"14\":736,\"15\":826},\"fitted\":{\"0\":76961.7839525879,\"1\":57536.3614586721,\"2\":95723.688240208,\"3\":96790.1663485319,\"4\":96771.2160474118,\"5\":69253.6385413282,\"6\":76540.3117597922,\"7\":84446.8336514683,\"8\":781.2160474117,\"9\":553.6385413281,\"10\":955.311759792,\"11\":920.8336514682,\"12\":980.7839525883,\"13\":665.361458672,\"14\":762.688240208,\"15\":802.1663485318},\"ret\":{\"0\":0.0000306137,\"1\":-0.0000262835,\"2\":-0.0000404038,\"3\":0.0000360916,\"4\":-0.0000306065,\"5\":0.0000262908,\"6\":0.0000404165,\"7\":-0.0000360821,\"8\":-0.0000302102,\"9\":0.0000266954,\"10\":0.0000409687,\"11\":-0.0000356161,\"12\":0.000030923,\"13\":-0.0000259415,\"14\":-0.000039694,\"15\":0.0000366181}}", "deviance": 4.9930867833222266, "df": 3, "rel_entropy": 3.780087080035481e-06, "formula": "count ~ group * mut * base - group : mut : base", "prob": 0.17230406447121493}, "pos0": {"stats": "{\"group\":{\"0\":\"1\",\"1\":\"1\",\"2\":\"1\",\"3\":\"1\",\"4\":\"1\",\"5\":\"1\",\"6\":\"1\",\"7\":\"1\",\"8\":\"2\",\"9\":\"2\",\"10\":\"2\",\"11\":\"2\",\"12\":\"2\",\"13\":\"2\",\"14\":\"2\",\"15\":\"2\"},\"mut\":{\"0\":\"M\",\"1\":\"M\",\"2\":\"M\",\"3\":\"M\",\"4\":\"R\",\"5\":\"R\",\"6\":\"R\",\"7\":\"R\",\"8\":\"M\",\"9\":\"M\",\"10\":\"M\",\"11\":\"M\",\"12\":\"R\",\"13\":\"R\",\"14\":\"R\",\"15\":\"R\"},\"base\":{\"0\":\"A\",\"1\":\"C\",\"2\":\"G\",\"3\":\"T\",\"4\":\"A\",\"5\":\"C\",\"6\":\"G\",\"7\":\"T\",\"8\":\"A\",\"9\":\"C\",\"10\":\"G\",\"11\":\"T\",\"12\":\"A\",\"13\":\"C\",\"14\":\"G\",\"15\":\"T\"},\"count\":{\"0\":84350,\"1\":77512,\"2\":69732,\"3\":95418,\"4\":93433,\"5\":74996,\"6\":76992,\"7\":81591,\"8\":779,\"9\":771,\"10\":703,\"11\":958,\"12\":943,\"13\":723,\"14\":731,\"15\":814},\"fitted\":{\"0\":84312.9036461987,\"1\":77524.0415457492,\"2\":69753.7279938894,\"3\":95421.3268141588,\"4\":93470.096353799,\"5\":74983.9584542493,\"6\":76970.272006109,\"7\":81587.6731858393,\"8\":816.0963538001,\"9\":758.95845425,\"10\":681.2720061098,\"11\":954.6731858401,\"12\":905.9036462001,\"13\":735.04154575,\"14\":752.7279938902,\"15\":817.3268141599},\"ret\":{\"0\":0.000056181,\"1\":-0.000018231,\"2\":-0.0000328938,\"3\":-0.0000050371,\"4\":-0.0000561575,\"5\":0.0000182339,\"6\":0.0000329036,\"7\":0.0000050373,\"8\":-0.0000548722,\"9\":0.0000183763,\"10\":0.0000334181,\"11\":0.000005046,\"12\":0.0000573033,\"13\":-0.0000180823,\"14\":-0.0000324195,\"15\":-0.000005027}}", "deviance": 4.9917340101365335, "df": 3, "rel_entropy": 3.7790629439322316e-06, "formula": "count ~ group * mut * base - group : mut : base", "prob": 0.17240342229090652}, "pos1": {"stats": "{\"group\":{\"0\":\"1\",\"1\":\"1\",\"2\":\"1\",\"3\":\"1\",\"4\":\"1\",\"5\":\"1\",\"6\":\"1\",\"7\":\"1\",\"8\":\"2\",\"9\":\"2\",\"10\":\"2\",\"11\":\"2\",\"12\":\"2\",\"13\":\"2\",\"14\":\"2\",\"15\":\"2\"},\"mut\":{\"0\":\"M\",\"1\":\"M\",\"2\":\"M\",\"3\":\"M\",\"4\":\"R\",\"5\":\"R\",\"6\":\"R\",\"7\":\"R\",\"8\":\"M\",\"9\":\"M\",\"10\":\"M\",\"11\":\"M\",\"12\":\"R\",\"13\":\"R\",\"14\":\"R\",\"15\":\"R\"},\"base\":{\"0\":\"A\",\"1\":\"C\",\"2\":\"G\",\"3\":\"T\",\"4\":\"A\",\"5\":\"C\",\"6\":\"G\",\"7\":\"T\",\"8\":\"A\",\"9\":\"C\",\"10\":\"G\",\"11\":\"T\",\"12\":\"A\",\"13\":\"C\",\"14\":\"G\",\"15\":\"T\"},\"count\":{\"0\":129415,\"1\":25528,\"2\":82239,\"3\":89830,\"4\":111767,\"5\":16594,\"6\":84597,\"7\":114054,\"8\":1299,\"9\":275,\"10\":776,\"11\":861,\"12\":1122,\"13\":143,\"14\":809,\"15\":1137},\"fitted\":{\"0\":129416.054503602,\"1\":25549.6457571211,\"2\":82234.4944906007,\"3\":89811.8052486768,\"4\":111765.9454963984,\"5\":16572.3542428789,\"6\":84601.5055093993,\"7\":114072.1947513232,\"8\":1297.9454963985,\"9\":253.3542428789,\"10\":780.5055093994,\"11\":879.1947513233,\"12\":1123.0545036015,\"13\":164.6457571211,\"14\":804.4944906006,\"15\":1118.8052486767},\"ret\":{\"0\":-0.0000015966,\"1\":-0.0000327606,\"2\":0.0000068221,\"3\":0.000027552,\"4\":0.0000015967,\"5\":0.0000327958,\"6\":-0.0000068217,\"7\":-0.000027547,\"8\":0.0000015973,\"9\":0.0000341363,\"10\":-0.0000068022,\"11\":-0.0000272621,\"12\":-0.0000015959,\"13\":-0.0000305189,\"14\":0.000006841,\"15\":0.000027772}}", "deviance": 5.558423470353392, "df": 3, "rel_entropy": 4.208083227359536e-06, "formula": "count ~ group * mut * base - group : mut : base", "prob": 0.13518570701544352}}