{"pos2": {"stats": "{\"mut\":{\"0\":\"M\",\"1\":\"M\",\"2\":\"M\",\"3\":\"M\",\"4\":\"R\",\"5\":\"R\",\"6\":\"R\",\"7\":\"R\"},\"base\":{\"0\":\"A\",\"1\":\"C\",\"2\":\"G\",\"3\":\"T\",\"4\":\"A\",\"5\":\"C\",\"6\":\"G\",\"7\":\"T\"},\"count\":{\"0\":993,\"1\":2230,\"2\":3721,\"3\":2207,\"4\":1583,\"5\":2270,\"6\":2704,\"7\":2594},\"fitted\":{\"0\":1288.0,\"1\":2250.0,\"2\":3212.5,\"3\":2400.5,\"4\":1288.0,\"5\":2250.0,\"6\":3212.5,\"7\":2400.5},\"ret\":{\"0\":-0.0141129077,\"1\":-0.0010879055,\"2\":0.0298751448,\"3\":-0.0101345606,\"4\":0.0178376088,\"5\":0.0010976192,\"6\":-0.0254587454,\"7\":0.0109877255}}", "deviance": 329.5816507665189, "df": 3, "rel_entropy": 0.009003979094266172, "formula": "count ~ mut * base - mut : base", "prob": 3.9308566888446399e-71}, "pos3": {"stats": "{\"mut\":{\"0\":\"M\",\"1\":\"M\",\"2\":\"M\",\"3\":\"M\",\"4\":\"R\",\"5\":\"R\",\"6\":\"R\",\"7\":\"R\"},\"base\":{\"0\":\"A\",\"1\":\"C\",\"2\":\"G\",\"3\":\"T\",\"4\":\"A\",\"5\":\"C\",\"6\":\"G\",\"7\":\"T\"},\"count\":{\"0\":2007,\"1\":2548,\"2\":2195,\"3\":2401,\"4\":2332,\"5\":2318,\"6\":1749,\"7\":2752},\"fitted\":{\"0\":2169.5,\"1\":2433.0,\"2\":1972.0,\"3\":2576.5,\"4\":2169.5,\"5\":2433.0,\"6\":1972.0,\"7\":2576.5},\"ret\":{\"0\":-0.0085376627,\"1\":0.0064296799,\"2\":0.0128487963,\"3\":-0.0092548529,\"4\":0.0092033271,\"5\":-0.0061325702,\"6\":-0.0114679872,\"7\":0.0099085279}}", "deviance": 109.71164076585839, "df": 3, "rel_entropy": 0.0029972582440678176, "formula": "count ~ mut * base - mut : base", "prob": 1.2658786646422583e-23}, "pos0": {"stats": "{\"mut\":{\"0\":\"M\",\"1\":\"M\",\"2\":\"M\",\"3\":\"M\",\"4\":\"R\",\"5\":\"R\",\"6\":\"R\",\"7\":\"R\"},\"base\":{\"0\":\"A\",\"1\":\"C\",\"2\":\"G\",\"3\":\"T\",\"4\":\"A\",\"5\":\"C\",\"6\":\"G\",\"7\":\"T\"},\"count\":{\"0\":2326,\"1\":2309,\"2\":2288,\"3\":2228,\"4\":2253,\"5\":2239,\"6\":1993,\"7\":2666},\"fitted\":{\"0\":2289.5000000008,\"1\":2274.0000000008,\"2\":2140.5000000092,\"3\":2447.0000000804,\"4\":2289.4999999992,\"5\":2273.9999999992,\"6\":2140.5000000077,\"7\":2447.0000000786},\"ret\":{\"0\":0.0020101308,\"1\":0.0019270013,\"2\":0.0083307386,\"3\":-0.0114137173,\"4\":-0.0019783354,\"5\":-0.0018975663,\"6\":-0.0077749438,\"7\":0.0124860683}}", "deviance": 61.83792789966992, "df": 3, "rel_entropy": 0.0016893762402925888, "formula": "count ~ mut * base - mut : base", "prob": 2.3795359576941189e-13}, "pos1": {"stats": "{\"mut\":{\"0\":\"M\",\"1\":\"M\",\"2\":\"M\",\"3\":\"M\",\"4\":\"R\",\"5\":\"R\",\"6\":\"R\",\"7\":\"R\"},\"base\":{\"0\":\"A\",\"1\":\"C\",\"2\":\"G\",\"3\":\"T\",\"4\":\"A\",\"5\":\"C\",\"6\":\"G\",\"7\":\"T\"},\"count\":{\"0\":1761,\"1\":2873,\"2\":2068,\"3\":2449,\"4\":2050,\"5\":2672,\"6\":1749,\"7\":2680},\"fitted\":{\"0\":1905.5000000162,\"1\":2772.4999999999,\"2\":1908.5000000355,\"3\":2564.5000000002,\"4\":1905.5000000164,\"5\":2772.5000000002,\"6\":1908.5000000357,\"7\":2564.5000000005},\"ret\":{\"0\":-0.0075880811,\"1\":0.0055895469,\"2\":0.0090693205,\"3\":-0.0061664902,\"4\":0.0081873823,\"5\":-0.0053904533,\"6\":-0.0083401361,\"7\":0.0064508116}}", "deviance": 66.32280992775489, "df": 3, "rel_entropy": 0.0018119006099812831, "formula": "count ~ mut * base - mut : base", "prob": 2.6143424346390368e-14}}