{"('pos1', 'pos2')": {"stats": "{\"mut\":{\"0\":\"M\",\"1\":\"M\",\"2\":\"M\",\"3\":\"M\",\"4\":\"M\",\"5\":\"M\",\"6\":\"M\",\"7\":\"M\",\"8\":\"M\",\"9\":\"M\",\"10\":\"M\",\"11\":\"M\",\"12\":\"M\",\"13\":\"M\",\"14\":\"M\",\"15\":\"M\",\"16\":\"R\",\"17\":\"R\",\"18\":\"R\",\"19\":\"R\",\"20\":\"R\",\"21\":\"R\",\"22\":\"R\",\"23\":\"R\",\"24\":\"R\",\"25\":\"R\",\"26\":\"R\",\"27\":\"R\",\"28\":\"R\",\"29\":\"R\",\"30\":\"R\",\"31\":\"R\"},\"base1\":{\"0\":\"A\",\"1\":\"A\",\"2\":\"A\",\"3\":\"A\",\"4\":\"C\",\"5\":\"C\",\"6\":\"C\",\"7\":\"C\",\"8\":\"G\",\"9\":\"G\",\"10\":\"G\",\"11\":\"G\",\"12\":\"T\",\"13\":\"T\",\"14\":\"T\",\"15\":\"T\",\"16\":\"A\",\"17\":\"A\",\"18\":\"A\",\"19\":\"A\",\"20\":\"C\",\"21\":\"C\",\"22\":\"C\",\"23\":\"C\",\"24\":\"G\",\"25\":\"G\",\"26\":\"G\",\"27\":\"G\",\"28\":\"T\",\"29\":\"T\",\"30\":\"T\",\"31\":\"T\"},\"base2\":{\"0\":\"A\",\"1\":\"C\",\"2\":\"G\",\"3\":\"T\",\"4\":\"A\",\"5\":\"C\",\"6\":\"G\",\"7\":\"T\",\"8\":\"A\",\"9\":\"C\",\"10\":\"G\",\"11\":\"T\",\"12\":\"A\",\"13\":\"C\",\"14\":\"G\",\"15\":\"T\",\"16\":\"A\",\"17\":\"C\",\"18\":\"G\",\"19\":\"T\",\"20\":\"A\",\"21\":\"C\",\"22\":\"G\",\"23\":\"T\",\"24\":\"A\",\"25\":\"C\",\"26\":\"G\",\"27\":\"T\",\"28\":\"A\",\"29\":\"C\",\"30\":\"G\",\"31\":\"T\"},\"count\":{\"0\":248,\"1\":394,\"2\":742,\"3\":377,\"4\":200,\"5\":736,\"6\":1178,\"7\":759,\"8\":276,\"9\":382,\"10\":982,\"11\":428,\"12\":269,\"13\":718,\"14\":819,\"15\":643,\"16\":459,\"17\":439,\"18\":576,\"19\":576,\"20\":343,\"21\":733,\"22\":922,\"23\":674,\"24\":294,\"25\":391,\"26\":631,\"27\":433,\"28\":487,\"29\":707,\"30\":575,\"31\":911},\"fitted\":{\"0\":252.0222198752,\"1\":385.3764935167,\"2\":716.056783583,\"3\":407.5445030251,\"4\":216.5652699575,\"5\":745.7595736603,\"6\":1233.9279129013,\"7\":676.7472434809,\"8\":241.2108312458,\"9\":411.8285303796,\"10\":986.7175375224,\"11\":428.2431008522,\"12\":283.2016789215,\"13\":687.0354024434,\"14\":784.2977659932,\"15\":694.4651526418,\"16\":454.9777801248,\"17\":447.6235064833,\"18\":601.943216417,\"19\":545.4554969749,\"20\":326.4347300425,\"21\":723.2404263397,\"22\":866.0720870987,\"23\":756.2527565191,\"24\":328.7891687542,\"25\":361.1714696204,\"26\":626.2824624776,\"27\":432.7568991478,\"28\":472.7983210785,\"29\":737.9645975566,\"30\":609.7022340068,\"31\":859.5348473582},\"ret\":{\"0\":-0.0002180063,\"1\":0.0004764112,\"2\":0.0014428812,\"3\":-0.0016047517,\"4\":-0.0008695729,\"5\":-0.0005297472,\"6\":-0.0029855124,\"7\":0.0047568723,\"8\":0.0020317638,\"9\":-0.0015692946,\"10\":-0.0002571436,\"11\":-0.000013279,\"12\":-0.0007561735,\"13\":0.0017294356,\"14\":0.0019374318,\"15\":-0.0027051272,\"16\":0.000220738,\"17\":-0.0004666103,\"18\":-0.001386512,\"19\":0.0017147956,\"20\":0.0009276935,\"21\":0.0005368336,\"22\":0.0031524459,\"23\":-0.0042404161,\"24\":-0.0017965285,\"25\":0.0016953174,\"26\":0.0002587291,\"27\":0.0000132865,\"28\":0.0007875023,\"29\":-0.0016558675,\"30\":-0.0018410762,\"31\":0.0028945494}}", "deviance": 61.533820011367624, "df": 9, "rel_entropy": 0.0016810681895794892, "formula": "count ~ mut * base1 * base2 - mut : base1 : base2", "prob": 6.7812181689149194e-10}, "('pos1', 'pos3')": {"stats": "{\"mut\":{\"0\":\"M\",\"1\":\"M\",\"2\":\"M\",\"3\":\"M\",\"4\":\"M\",\"5\":\"M\",\"6\":\"M\",\"7\":\"M\",\"8\":\"M\",\"9\":\"M\",\"10\":\"M\",\"11\":\"M\",\"12\":\"M\",\"13\":\"M\",\"14\":\"M\",\"15\":\"M\",\"16\":\"R\",\"17\":\"R\",\"18\":\"R\",\"19\":\"R\",\"20\":\"R\",\"21\":\"R\",\"22\":\"R\",\"23\":\"R\",\"24\":\"R\",\"25\":\"R\",\"26\":\"R\",\"27\":\"R\",\"28\":\"R\",\"29\":\"R\",\"30\":\"R\",\"31\":\"R\"},\"base1\":{\"0\":\"A\",\"1\":\"A\",\"2\":\"A\",\"3\":\"A\",\"4\":\"C\",\"5\":\"C\",\"6\":\"C\",\"7\":\"C\",\"8\":\"G\",\"9\":\"G\",\"10\":\"G\",\"11\":\"G\",\"12\":\"T\",\"13\":\"T\",\"14\":\"T\",\"15\":\"T\",\"16\":\"A\",\"17\":\"A\",\"18\":\"A\",\"19\":\"A\",\"20\":\"C\",\"21\":\"C\",\"22\":\"C\",\"23\":\"C\",\"24\":\"G\",\"25\":\"G\",\"26\":\"G\",\"27\":\"G\",\"28\":\"T\",\"29\":\"T\",\"30\":\"T\",\"31\":\"T\"},\"base2\":{\"0\":\"A\",\"1\":\"C\",\"2\":\"G\",\"3\":\"T\",\"4\":\"A\",\"5\":\"C\",\"6\":\"G\",\"7\":\"T\",\"8\":\"A\",\"9\":\"C\",\"10\":\"G\",\"11\":\"T\",\"12\":\"A\",\"13\":\"C\",\"14\":\"G\",\"15\":\"T\",\"16\":\"A\",\"17\":\"C\",\"18\":\"G\",\"19\":\"T\",\"20\":\"A\",\"21\":\"C\",\"22\":\"G\",\"23\":\"T\",\"24\":\"A\",\"25\":\"C\",\"26\":\"G\",\"27\":\"T\",\"28\":\"A\",\"29\":\"C\",\"30\":\"G\",\"31\":\"T\"},\"count\":{\"0\":484,\"1\":441,\"2\":350,\"3\":486,\"4\":542,\"5\":985,\"6\":658,\"7\":688,\"8\":380,\"9\":556,\"10\":655,\"11\":477,\"12\":601,\"13\":566,\"14\":532,\"15\":750,\"16\":622,\"17\":422,\"18\":349,\"19\":657,\"20\":578,\"21\":826,\"22\":555,\"23\":713,\"24\":430,\"25\":418,\"26\":393,\"27\":508,\"28\":702,\"29\":652,\"30\":452,\"31\":874},\"fitted\":{\"0\":478.8758777746,\"1\":421.3185581485,\"2\":363.3980773884,\"3\":497.4074866886,\"4\":538.0558234949,\"5\":970.6246300989,\"6\":688.1409686546,\"7\":676.1785777516,\"8\":407.7379188307,\"9\":544.2065589687,\"10\":618.023772631,\"11\":498.031749573,\"12\":582.3303799009,\"13\":611.8502527902,\"14\":525.4371813283,\"15\":729.3821859869,\"16\":627.1241222254,\"17\":441.6814418516,\"18\":335.6019226117,\"19\":645.5925133114,\"20\":581.9441765052,\"21\":840.3753699011,\"22\":524.859031346,\"23\":724.8214222484,\"24\":402.2620811724,\"25\":429.7934410314,\"26\":429.9762273766,\"27\":486.9682504272,\"28\":720.6696200992,\"29\":606.14974722,\"30\":458.5628186717,\"31\":894.6178140132},\"ret\":{\"0\":0.0002814687,\"1\":0.0011001063,\"2\":-0.0007183914,\"3\":-0.0006160893,\"4\":0.0002162932,\"5\":0.0007912414,\"6\":-0.0016102622,\"7\":0.0006515223,\"8\":-0.0014628061,\"9\":0.0006513122,\"10\":0.0020796057,\"11\":-0.0011245372,\"12\":0.0010362664,\"13\":-0.0024089015,\"14\":0.0003608149,\"15\":0.0011423076,\"16\":-0.0002788291,\"17\":-0.0010510477,\"18\":0.0007464775,\"19\":0.0006287664,\"20\":-0.0002147733,\"21\":-0.0007786969,\"22\":0.0016932746,\"23\":-0.0006406127,\"24\":0.0015666592,\"25\":-0.0006354571,\"26\":-0.0019308645,\"27\":0.001173616,\"28\":-0.0010067576,\"29\":0.002597651,\"30\":-0.0003560065,\"31\":-0.0011134512}}", "deviance": 28.181392598344274, "df": 9, "rel_entropy": 0.0007698992623304632, "formula": "count ~ mut * base1 * base2 - mut : base1 : base2", "prob": 0.00088951357008031301},