{"pos2": {"stats": "{\"group\":{\"0\":\"1\",\"1\":\"1\",\"2\":\"1\",\"3\":\"1\",\"4\":\"1\",\"5\":\"1\",\"6\":\"1\",\"7\":\"1\",\"8\":\"2\",\"9\":\"2\",\"10\":\"2\",\"11\":\"2\",\"12\":\"2\",\"13\":\"2\",\"14\":\"2\",\"15\":\"2\"},\"mut\":{\"0\":\"M\",\"1\":\"M\",\"2\":\"M\",\"3\":\"M\",\"4\":\"R\",\"5\":\"R\",\"6\":\"R\",\"7\":\"R\",\"8\":\"M\",\"9\":\"M\",\"10\":\"M\",\"11\":\"M\",\"12\":\"R\",\"13\":\"R\",\"14\":\"R\",\"15\":\"R\"},\"base\":{\"0\":\"A\",\"1\":\"C\",\"2\":\"G\",\"3\":\"T\",\"4\":\"A\",\"5\":\"C\",\"6\":\"G\",\"7\":\"T\",\"8\":\"A\",\"9\":\"C\",\"10\":\"G\",\"11\":\"T\",\"12\":\"A\",\"13\":\"C\",\"14\":\"G\",\"15\":\"T\"},\"count\":{\"0\":158330,\"1\":126662,\"2\":137275,\"3\":338050,\"4\":252589,\"5\":126200,\"6\":173148,\"7\":208380,\"8\":3678,\"9\":3135,\"10\":3133,\"11\":7577,\"12\":5840,\"13\":2861,\"14\":3901,\"15\":4921},\"fitted\":{\"0\":158337.9035146615,\"1\":126788.8129185652,\"2\":137295.0063755508,\"3\":337895.2771912259,\"4\":252581.0964853413,\"5\":126073.187081435,\"6\":173127.9936244496,\"7\":208534.7228087751,\"8\":3670.0964853407,\"9\":3008.1870814353,\"10\":3112.9936244495,\"11\":7731.7228087749,\"12\":5847.9035146594,\"13\":2987.8129185653,\"14\":3921.0063755505,\"15\":4766.2771912252},\"ret\":{\"0\":-0.0000050803,\"1\":-0.0000814753,\"2\":-0.0000128593,\"3\":0.0000994795,\"4\":0.0000050805,\"5\":0.0000815571,\"6\":0.000012861,\"7\":-0.0000994198,\"8\":0.0000050859,\"9\":0.0000832106,\"10\":0.0000129014,\"11\":-0.0000984549,\"12\":-0.000005077,\"13\":-0.0000797612,\"14\":-0.0000128273,\"15\":0.0001010538}}", "deviance": 19.52290511508156, "df": 3, "rel_entropy": 6.274717523874306e-06, "formula": "count ~ group * mut * base - group : mut : base", "prob": 0.00021311367417527086}, "pos3": {"stats": "{\"group\":{\"0\":\"1\",\"1\":\"1\",\"2\":\"1\",\"3\":\"1\",\"4\":\"1\",\"5\":\"1\",\"6\":\"1\",\"7\":\"1\",\"8\":\"2\",\"9\":\"2\",\"10\":\"2\",\"11\":\"2\",\"12\":\"2\",\"13\":\"2\",\"14\":\"2\",\"15\":\"2\"},\"mut\":{\"0\":\"M\",\"1\":\"M\",\"2\":\"M\",\"3\":\"M\",\"4\":\"R\",\"5\":\"R\",\"6\":\"R\",\"7\":\"R\",\"8\":\"M\",\"9\":\"M\",\"10\":\"M\",\"11\":\"M\",\"12\":\"R\",\"13\":\"R\",\"14\":\"R\",\"15\":\"R\"},\"base\":{\"0\":\"A\",\"1\":\"C\",\"2\":\"G\",\"3\":\"T\",\"4\":\"A\",\"5\":\"C\",\"6\":\"G\",\"7\":\"T\",\"8\":\"A\",\"9\":\"C\",\"10\":\"G\",\"11\":\"T\",\"12\":\"A\",\"13\":\"C\",\"14\":\"G\",\"15\":\"T\"},\"count\":{\"0\":275461,\"1\":119421,\"2\":159027,\"3\":206408,\"4\":261982,\"5\":133488,\"6\":147777,\"7\":217070,\"8\":6478,\"9\":2831,\"10\":3646,\"11\":4568,\"12\":6102,\"13\":3044,\"14\":3269,\"15\":5108},\"fitted\":{\"0\":275490.3307024012,\"1\":119476.4897510538,\"2\":159087.2349757244,\"3\":206262.9445708184,\"4\":261952.669297597,\"5\":133432.510248946,\"6\":147716.7650242743,\"7\":217215.0554291814,\"8\":6448.6692975976,\"9\":2775.5102489461,\"10\":3585.7650242748,\"11\":4713.0554291814,\"12\":6131.3307024023,\"13\":3099.4897510539,\"14\":3329.2349757252,\"15\":4962.9445708186},\"ret\":{\"0\":-0.0000188529,\"1\":-0.0000356608,\"2\":-0.0000387121,\"3\":0.0000932752,\"4\":0.000018855,\"5\":0.0000356765,\"6\":0.0000387273,\"7\":-0.0000932113,\"8\":0.0000188968,\"9\":0.0000360233,\"10\":0.0000390428,\"11\":-0.0000917926,\"12\":-0.0000188088,\"13\":-0.0000353479,\"14\":-0.000038367,\"15\":0.000094592}}", "deviance": 13.489258259061913, "df": 3, "rel_entropy": 4.335486172947493e-06, "formula": "count ~ group * mut * base - group : mut : base", "prob": 0.0036896135932858965}, "pos0": {"stats": "{\"group\":{\"0\":\"1\",\"1\":\"1\",\"2\":\"1\",\"3\":\"1\",\"4\":\"1\",\"5\":\"1\",\"6\":\"1\",\"7\":\"1\",\"8\":\"2\",\"9\":\"2\",\"10\":\"2\",\"11\":\"2\",\"12\":\"2\",\"13\":\"2\",\"14\":\"2\",\"15\":\"2\"},\"mut\":{\"0\":\"M\",\"1\":\"M\",\"2\":\"M\",\"3\":\"M\",\"4\":\"R\",\"5\":\"R\",\"6\":\"R\",\"7\":\"R\",\"8\":\"M\",\"9\":\"M\",\"10\":\"M\",\"11\":\"M\",\"12\":\"R\",\"13\":\"R\",\"14\":\"R\",\"15\":\"R\"},\"base\":{\"0\":\"A\",\"1\":\"C\",\"2\":\"G\",\"3\":\"T\",\"4\":\"A\",\"5\":\"C\",\"6\":\"G\",\"7\":\"T\",\"8\":\"A\",\"9\":\"C\",\"10\":\"G\",\"11\":\"T\",\"12\":\"A\",\"13\":\"C\",\"14\":\"G\",\"15\":\"T\"},\"count\":{\"0\":244880,\"1\":211075,\"2\":139217,\"3\":165145,\"4\":262392,\"5\":130967,\"6\":152778,\"7\":214180,\"8\":5737,\"9\":4671,\"10\":3319,\"11\":3796,\"12\":6089,\"13\":3042,\"14\":3552,\"15\":4840},\"fitted\":{\"0\":244901.2577659783,\"1\":210984.3967608542,\"2\":139255.4484278246,\"3\":165175.8970453489,\"4\":262370.7422340267,\"5\":131057.6032391478,\"6\":152739.5515721765,\"7\":214149.1029546532,\"8\":5715.7422340254,\"9\":4761.6032391469,\"10\":3280.5515721758,\"11\":3765.1029546519,\"12\":6110.2577659746,\"13\":2951.3967608531,\"14\":3590.4484278242,\"15\":4870.8970453481},\"ret\":{\"0\":-0.000013664,\"1\":0.0000582528,\"2\":-0.0000247115,\"3\":-0.0000198589,\"4\":0.0000136652,\"5\":-0.0000582201,\"6\":0.000024718,\"7\":0.0000198622,\"8\":0.00001369,\"9\":-0.0000576826,\"10\":0.0000248591,\"11\":0.0000199421,\"12\":-0.0000136408,\"13\":0.0000591252,\"14\":-0.0000245821,\"15\":-0.0000197977}}", "deviance": 6.088360580171091, "df": 3, "rel_entropy": 1.9568164983065577e-06, "formula": "count ~ group * mut * base - group : mut : base", "prob": 0.10738954028010929}, "pos1": {"stats": "{\"group\":{\"0\":\"1\",\"1\":\"1\",\"2\":\"1\",\"3\":\"1\",\"4\":\"1\",\"5\":\"1\",\"6\":\"1\",\"7\":\"1\",\"8\":\"2\",\"9\":\"2\",\"10\":\"2\",\"11\":\"2\",\"12\":\"2\",\"13\":\"2\",\"14\":\"2\",\"15\":\"2\"},\"mut\":{\"0\":\"M\",\"1\":\"M\",\"2\":\"M\",\"3\":\"M\",\"4\":\"R\",\"5\":\"R\",\"6\":\"R\",\"7\":\"R\",\"8\":\"M\",\"9\":\"M\",\"10\":\"M\",\"11\":\"M\",\"12\":\"R\",\"13\":\"R\",\"14\":\"R\",\"15\":\"R\"},\"base\":{\"0\":\"A\",\"1\":\"C\",\"2\":\"G\",\"3\":\"T\",\"4\":\"A\",\"5\":\"C\",\"6\":\"G\",\"7\":\"T\",\"8\":\"A\",\"9\":\"C\",\"10\":\"G\",\"11\":\"T\",\"12\":\"A\",\"13\":\"C\",\"14\":\"G\",\"15\":\"T\"},\"count\":{\"0\":218788,\"1\":226112,\"2\":100817,\"3\":214600,\"4\":251749,\"5\":182552,\"6\":149201,\"7\":176815,\"8\":4965,\"9\":5143,\"10\":2379,\"11\":5036,\"12\":5907,\"13\":4070,\"14\":3314,\"15\":4232},\"fitted\":{\"0\":218701.8525283253,\"1\":226158.1903764948,\"2\":100899.5308788164,\"3\":214557.4262163644,\"4\":251835.1474716756,\"5\":182505.8096235056,\"6\":149118.469121184,\"7\":176857.5737836361,\"8\":5051.1474716749,\"9\":5096.8096235056,\"10\":2296.4691211836,\"11\":5078.5737836359,\"12\":5820.8525283251,\"13\":4116.1903764944,\"14\":3396.5308788164,\"15\":4189.426216364},\"ret\":{\"0\":0.000055387,\"1\":-0.0000296884,\"2\":-0.0000530296,\"3\":0.0000273694,\"4\":-0.0000553666,\"5\":0.0000296952,\"6\":0.000053066,\"7\":-0.0000273634,\"8\":-0.0000549012,\"9\":0.0000298256,\"10\":0.0000539934,\"11\":-0.0000272516,\"12\":0.0000557839,\"13\":-0.0000295242,\"14\":-0.0000524015,\"15\":0.0000275053}}", "deviance": 9.642449616529007, "df": 3, "rel_entropy": 3.0991108764427794e-06, "formula": "count ~ group * mut * base - group : mut : base", "prob": 0.02186324007459238}}