{"pos9": {"stats": "{\"mut\":{\"0\":\"M\",\"1\":\"M\",\"2\":\"M\",\"3\":\"M\",\"4\":\"R\",\"5\":\"R\",\"6\":\"R\",\"7\":\"R\"},\"base\":{\"0\":\"A\",\"1\":\"C\",\"2\":\"G\",\"3\":\"T\",\"4\":\"A\",\"5\":\"C\",\"6\":\"G\",\"7\":\"T\"},\"count\":{\"0\":51213,\"1\":38836,\"2\":30490,\"3\":69729,\"4\":51554,\"5\":43277,\"6\":31318,\"7\":64119},\"fitted\":{\"0\":51383.5000000004,\"1\":41056.5000000236,\"2\":30904.0000000001,\"3\":66924.0000000052,\"4\":51383.5000000002,\"5\":41056.5000000234,\"6\":30904.0,\"7\":66924.000000005},\"ret\":{\"0\":-0.000447308,\"1\":-0.0056744709,\"2\":-0.0010806192,\"3\":0.0075235426,\"4\":0.0004487948,\"5\":0.0059902154,\"6\":0.001095194,\"7\":-0.0072145022}}", "deviance": 487.73032293332193, "df": 3, "prob": 2.1758237051212517e-105, "formula": "count ~ mut * base - mut : base", "rel_entropy": 0.0006408464940680014}, "pos5": {"stats": "{\"mut\":{\"0\":\"M\",\"1\":\"M\",\"2\":\"M\",\"3\":\"M\",\"4\":\"R\",\"5\":\"R\",\"6\":\"R\",\"7\":\"R\"},\"base\":{\"0\":\"A\",\"1\":\"C\",\"2\":\"G\",\"3\":\"T\",\"4\":\"A\",\"5\":\"C\",\"6\":\"G\",\"7\":\"T\"},\"count\":{\"0\":57382,\"1\":36246,\"2\":33525,\"3\":63115,\"4\":56140,\"5\":36828,\"6\":35827,\"7\":61473},\"fitted\":{\"0\":56760.9999999998,\"1\":36536.9999999999,\"2\":34676.0000000003,\"3\":62294.0,\"4\":56760.9999999998,\"5\":36536.9999999999,\"6\":34676.0000000003,\"7\":62294.0},\"ret\":{\"0\":0.0016408033,\"1\":-0.0007616574,\"2\":-0.0029739171,\"3\":0.0021716383,\"4\":-0.0016229489,\"5\":0.0007677481,\"6\":0.0030743337,\"7\":-0.002143203}}", "deviance": 116.28947278398789, "df": 3, "prob": 4.858024203115823e-25, "formula": "count ~ mut * base - mut : base", "rel_entropy": 0.00015279694008449646}, "pos3": {"stats": "{\"mut\":{\"0\":\"M\",\"1\":\"M\",\"2\":\"M\",\"3\":\"M\",\"4\":\"R\",\"5\":\"R\",\"6\":\"R\",\"7\":\"R\"},\"base\":{\"0\":\"A\",\"1\":\"C\",\"2\":\"G\",\"3\":\"T\",\"4\":\"A\",\"5\":\"C\",\"6\":\"G\",\"7\":\"T\"},\"count\":{\"0\":57778,\"1\":35091,\"2\":35467,\"3\":61932,\"4\":56911,\"5\":36531,\"6\":35946,\"7\":60880},\"fitted\":{\"0\":57344.5000000003,\"1\":35811.0000000001,\"2\":35706.5000000001,\"3\":61406.0000000002,\"4\":57344.5000000003,\"5\":35811.0000000001,\"6\":35706.5000000001,\"7\":61406.0000000002},\"ret\":{\"0\":0.0011434777,\"1\":-0.0018729187,\"2\":-0.0006272599,\"3\":0.0013881642,\"4\":-0.0011348659,\"5\":0.0019109624,\"6\":0.0006314815,\"7\":-0.0013763237}}", "deviance": 47.73253775310536, "df": 3, "prob": 2.427654448476557e-10, "formula": "count ~ mut * base - mut : base", "rel_entropy": 6.271750603504709e-05}, "pos15": {"stats": "{\"mut\":{\"0\":\"M\",\"1\":\"M\",\"2\":\"M\",\"3\":\"M\",\"4\":\"R\",\"5\":\"R\",\"6\":\"R\",\"7\":\"R\"},\"base\":{\"0\":\"A\",\"1\":\"C\",\"2\":\"G\",\"3\":\"T\",\"4\":\"A\",\"5\":\"C\",\"6\":\"G\",\"7\":\"T\"},\"count\":{\"0\":54515,\"1\":36354,\"2\":36450,\"3\":62949,\"4\":55924,\"5\":36517,\"6\":34740,\"7\":63087},\"fitted\":{\"0\":55219.4999999996,\"1\":36435.4999999998,\"2\":35594.9999999999,\"3\":63017.9999999998,\"4\":55219.4999999998,\"5\":36435.4999999999,\"6\":35595.0,\"7\":63018.0},\"ret\":{\"0\":-0.0018394756,\"1\":-0.0002139319,\"2\":0.002273602,\"3\":-0.0001812239,\"4\":0.0018630959,\"5\":0.0002144109,\"6\":-0.0022196274,\"7\":0.0001814224}}", "deviance": 59.5709982152633, "df": 3, "prob": 7.2592989102933e-13, "formula": "count ~ mut * base - mut : base", "rel_entropy": 7.827248698580857e-05}, "pos7": {"stats": "{\"mut\":{\"0\":\"M\",\"1\":\"M\",\"2\":\"M\",\"3\":\"M\",\"4\":\"R\",\"5\":\"R\",\"6\":\"R\",\"7\":\"R\"},\"base\":{\"0\":\"A\",\"1\":\"C\",\"2\":\"G\",\"3\":\"T\",\"4\":\"A\",\"5\":\"C\",\"6\":\"G\",\"7\":\"T\"},\"count\":{\"0\":62593,\"1\":32541,\"2\":35948,\"3\":59186,\"4\":57327,\"5\":35562,\"6\":35912,\"7\":61467},\"fitted\":{\"0\":59960.0000000063,\"1\":34051.5000000039,\"2\":35929.9999999999,\"3\":60326.4999999998,\"4\":59960.0000000064,\"5\":34051.500000004,\"6\":35930.0,\"7\":60326.4999999999},\"ret\":{\"0\":0.0070689313,\"1\":-0.0038800297,\"2\":0.0000473135,\"3\":-0.0029685774,\"4\":-0.006764994,\"5\":0.0040561673,\"6\":-0.0000472899,\"7\":0.0030252421}}", "deviance": 408.51548841252105, "df": 3, "prob": 3.166593806701118e-88, "formula": "count ~ mut * base - mut : base", "rel_entropy": 0.0005367632607854724}, "pos2": {"stats": "{\"mut\":{\"0\":\"M\",\"1\":\"M\",\"2\":\"M\",\"3\":\"M\",\"4\":\"R\",\"5\":\"R\",\"6\":\"R\",\"7\":\"R\"},\"base\":{\"0\":\"A\",\"1\":\"C\",\"2\":\"G\",\"3\":\"T\",\"4\":\"A\",\"5\":\"C\",\"6\":\"G\",\"7\":\"T\"},\"count\":{\"0\":56448,\"1\":34971,\"2\":35289,\"3\":63560,\"4\":55172,\"5\":36699,\"6\":35415,\"7\":62982},\"fitted\":{\"0\":55810.0000000004,\"1\":35835.0000000002,\"2\":35352.0000000001,\"3\":63271.0000000002,\"4\":55810.0000000002,\"5\":35835.0,\"6\":35352.0,\"7\":63271.0},\"ret\":{\"0\":0.0016861292,\"1\":-0.0022428877,\"2\":-0.0001654083,\"3\":0.0007611869,\"4\":-0.0016669627,\"5\":0.0022976355,\"6\":0.0001657034,\"7\":-0.000757718}}", "deviance": 59.11874172866243, "df": 3, "prob": 9.067743336217907e-13, "formula": "count ~ mut * base - mut : base", "rel_entropy": 7.767825084704525e-05}, "pos19": {"stats": "{\"mut\":{\"0\":\"M\",\"1\":\"M\",\"2\":\"M\",\"3\":\"M\",\"4\":\"R\",\"5\":\"R\",\"6\":\"R\",\"7\":\"R\"},\"base\":{\"0\":\"A\",\"1\":\"C\",\"2\":\"G\",\"3\":\"T\",\"4\":\"A\",\"5\":\"C\",\"6\":\"G\",\"7\":\"T\"},\"count\":{\"0\":56312,\"1\":34847,\"2\":35515,\"3\":63594,\"4\":56498,\"5\":35661,\"6\":35909,\"7\":62200},\"fitted\":{\"0\":56405.0,\"1\":35254.0,\"2\":35712.0000000001,\"3\":62897.0000000001,\"4\":56404.9999999999,\"5\":35254.0,\"6\":35712.0,\"7\":62897.0},\"ret\":{\"0\":-0.0002441905,\"1\":-0.0010633463,\"2\":-0.0005162603,\"3\":0.0018417384,\"4\":0.0002445935,\"5\":0.0010756942,\"6\":0.0005191161,\"7\":-0.0018214406}}", "deviance": 27.325876399848198, "df": 3, "prob": 5.030241635112918e-06, "formula": "count ~ mut * base - mut : base", "rel_entropy": 3.590445634558649e-05}, "pos8": {"stats": "{\"mut\":{\"0\":\"M\",\"1\":\"M\",\"2\":\"M\",\"3\":\"M\",\"4\":\"R\",\"5\":\"R\",\"6\":\"R\",\"7\":\"R\"},\"base\":{\"0\":\"A\",\"1\":\"C\",\"2\":\"G\",\"3\":\"T\",\"4\":\"A\",\"5\":\"C\",\"6\":\"G\",\"7\":\"T\"},\"count\":{\"0\":60838,\"1\":34573,\"2\":30586,\"3\":64271,\"4\":53792,\"5\":36901,\"6\":33444,\"7\":66131},\"fitted\":{\"0\":57315.0000000906,\"1\":35736.9999999996,\"2\":32015.0000000033,\"3\":65200.9999999987,\"4\":57315.0000000927,\"5\":35737.000000001,\"6\":32015.0000000045,\"7\":65201.0000000011},\"ret\":{\"0\":0.0095368691,\"1\":-0.0030084783,\"2\":-0.003670146,\"3\":-0.0024264082,\"4\":-0.008967446,\"5\":0.0031081263,\"6\":0.0038378176,\"7\":0.0024612685}}", "deviance": 663.352631715278, "df": 3, "prob": 1.854691821816809e-143, "formula": "count ~ mut * base - mut : base", "rel_entropy": 0.0008716029911956792}, "pos11": {"stats": "{\"mut\":{\"0\":\"M\",\"1\":\"M\",\"2\":\"M\",\"3\":\"M\",\"4\":\"R\",\"5\":\"R\",\"6\":\"R\",\"7\":\"R\"},\"base\":{\"0\":\"A\",\"1\":\"C\",\"2\":\"G\",\"3\":\"T\",\"4\":\"A\",\"5\":\"C\",\"6\":\"G\",\"7\":\"T\"},\"count\":{\"0\":54810,\"1\":36010,\"2\":34627,\"3\":64821,\"4\":52540,\"5\":38458,\"6\":33048,\"7\":66222},\"fitted\":{\"0\":53675.0000000004,\"1\":37234.0000000005,\"2\":33837.5000000001,\"3\":65521.5000000002,\"4\":53675.0000000002,\"5\":37234.0000000004,\"6\":33837.5,\"7\":65521.4999999999},\"ret\":{\"0\":0.0030139501,\"1\":-0.0031630581,\"2\":0.0020987227,\"3\":-0.001830949,\"4\":-0.0029508753,\"5\":0.0032688142,\"6\":-0.0020503111,\"7\":0.0018506299}}", "deviance": 180.3158701837217, "df": 3, "prob": 7.537930435756131e-39, "formula": "count ~ mut * base - mut : base", "rel_entropy": 0.00023692353704212176},