{"pos2": {"stats": "{\"mut\":{\"0\":\"M\",\"1\":\"M\",\"2\":\"M\",\"3\":\"M\",\"4\":\"R\",\"5\":\"R\",\"6\":\"R\",\"7\":\"R\"},\"base\":{\"0\":\"A\",\"1\":\"C\",\"2\":\"G\",\"3\":\"T\",\"4\":\"A\",\"5\":\"C\",\"6\":\"G\",\"7\":\"T\"},\"count\":{\"0\":53073,\"1\":44132,\"2\":84026,\"3\":95800,\"4\":60867,\"5\":55762,\"6\":68770,\"7\":91632},\"fitted\":{\"0\":56969.9999999999,\"1\":49946.9999999999,\"2\":76398.0000000001,\"3\":93716.0000000001,\"4\":56969.9999999999,\"5\":49946.9999999999,\"6\":76398.0000000001,\"7\":93716.0000000001},\"ret\":{\"0\":-0.0067872665,\"1\":-0.0098590768,\"2\":0.0144329227,\"3\":0.0038028262,\"4\":0.0072687655,\"5\":0.011083741,\"6\":-0.0130560148,\"7\":-0.0037191775}}", "deviance": 3509.1181827271575, "df": 3, "rel_entropy": 0.00316671977389458, "formula": "count ~ mut * base - mut : base", "prob": 0}, "pos3": {"stats": "{\"mut\":{\"0\":\"M\",\"1\":\"M\",\"2\":\"M\",\"3\":\"M\",\"4\":\"R\",\"5\":\"R\",\"6\":\"R\",\"7\":\"R\"},\"base\":{\"0\":\"A\",\"1\":\"C\",\"2\":\"G\",\"3\":\"T\",\"4\":\"A\",\"5\":\"C\",\"6\":\"G\",\"7\":\"T\"},\"count\":{\"0\":78871,\"1\":52667,\"2\":53416,\"3\":92077,\"4\":75307,\"5\":57442,\"6\":49477,\"7\":94805},\"fitted\":{\"0\":77088.9999999991,\"1\":55054.500000005,\"2\":51446.5000000015,\"3\":93440.9999999993,\"4\":77088.9999999994,\"5\":55054.5000000052,\"6\":51446.5000000017,\"7\":93440.9999999997},\"ret\":{\"0\":0.003253137,\"1\":-0.0042142697,\"2\":0.0036218449,\"3\":-0.0024437621,\"4\":-0.0031787832,\"5\":0.0044011966,\"6\":-0.0034857305,\"7\":0.0024796997}}", "deviance": 480.18624965010804, "df": 3, "rel_entropy": 0.0004333325960362812, "formula": "count ~ mut * base - mut : base", "prob": 9.3848489655184572e-104}, "pos0": {"stats": "{\"mut\":{\"0\":\"M\",\"1\":\"M\",\"2\":\"M\",\"3\":\"M\",\"4\":\"R\",\"5\":\"R\",\"6\":\"R\",\"7\":\"R\"},\"base\":{\"0\":\"A\",\"1\":\"C\",\"2\":\"G\",\"3\":\"T\",\"4\":\"A\",\"5\":\"C\",\"6\":\"G\",\"7\":\"T\"},\"count\":{\"0\":85957,\"1\":52020,\"2\":46257,\"3\":92797,\"4\":76105,\"5\":55483,\"6\":50607,\"7\":94836},\"fitted\":{\"0\":81031.0000001179,\"1\":53751.4999999997,\"2\":48432.0000000056,\"3\":93816.4999999987,\"4\":81031.0000001202,\"5\":53751.5000000013,\"6\":48432.000000007,\"7\":93816.5000000014},\"ret\":{\"0\":0.009155626,\"1\":-0.0030742176,\"2\":-0.0038360585,\"3\":-0.0018300125,\"4\":-0.0086148131,\"5\":0.0031749041,\"6\":0.0040124078,\"7\":0.0018500086}}", "deviance": 928.4359840117049, "df": 3, "rel_entropy": 0.0008378448476990887, "formula": "count ~ mut * base - mut : base", "prob": 6.011332243623827e-201}, "pos1": {"stats": "{\"mut\":{\"0\":\"M\",\"1\":\"M\",\"2\":\"M\",\"3\":\"M\",\"4\":\"R\",\"5\":\"R\",\"6\":\"R\",\"7\":\"R\"},\"base\":{\"0\":\"A\",\"1\":\"C\",\"2\":\"G\",\"3\":\"T\",\"4\":\"A\",\"5\":\"C\",\"6\":\"G\",\"7\":\"T\"},\"count\":{\"0\":69047,\"1\":59298,\"2\":46513,\"3\":102173,\"4\":71066,\"5\":66318,\"6\":48315,\"7\":91332},\"fitted\":{\"0\":70056.4999999995,\"1\":62808.0000000461,\"2\":47413.9999999997,\"3\":96752.5000000728,\"4\":70056.5000000006,\"5\":62808.0000000471,\"6\":47414.0000000005,\"7\":96752.5000000744},\"ret\":{\"0\":-0.0018088074,\"1\":-0.0061546229,\"2\":-0.0016106221,\"3\":0.010052271,\"4\":0.001835063,\"5\":0.0065088381,\"6\":0.0016415258,\"7\":-0.009503886}}", "deviance": 1063.532456459069, "df": 3, "rel_entropy": 0.0009597594280595573, "formula": "count ~ mut * base - mut : base", "prob": 2.9688252119912799e-230}}