{"('pos0', 'pos1')": {"df": 9, "prob": 0, "formula": "count ~ mut * base1 * base2 - mut : base1 : base2", "stats": "{\"mut\":{\"0\":\"M\",\"1\":\"M\",\"2\":\"M\",\"3\":\"M\",\"4\":\"M\",\"5\":\"M\",\"6\":\"M\",\"7\":\"M\",\"8\":\"M\",\"9\":\"M\",\"10\":\"M\",\"11\":\"M\",\"12\":\"M\",\"13\":\"M\",\"14\":\"M\",\"15\":\"M\",\"16\":\"R\",\"17\":\"R\",\"18\":\"R\",\"19\":\"R\",\"20\":\"R\",\"21\":\"R\",\"22\":\"R\",\"23\":\"R\",\"24\":\"R\",\"25\":\"R\",\"26\":\"R\",\"27\":\"R\",\"28\":\"R\",\"29\":\"R\",\"30\":\"R\",\"31\":\"R\"},\"base1\":{\"0\":\"A\",\"1\":\"A\",\"2\":\"A\",\"3\":\"A\",\"4\":\"C\",\"5\":\"C\",\"6\":\"C\",\"7\":\"C\",\"8\":\"G\",\"9\":\"G\",\"10\":\"G\",\"11\":\"G\",\"12\":\"T\",\"13\":\"T\",\"14\":\"T\",\"15\":\"T\",\"16\":\"A\",\"17\":\"A\",\"18\":\"A\",\"19\":\"A\",\"20\":\"C\",\"21\":\"C\",\"22\":\"C\",\"23\":\"C\",\"24\":\"G\",\"25\":\"G\",\"26\":\"G\",\"27\":\"G\",\"28\":\"T\",\"29\":\"T\",\"30\":\"T\",\"31\":\"T\"},\"base2\":{\"0\":\"A\",\"1\":\"C\",\"2\":\"G\",\"3\":\"T\",\"4\":\"A\",\"5\":\"C\",\"6\":\"G\",\"7\":\"T\",\"8\":\"A\",\"9\":\"C\",\"10\":\"G\",\"11\":\"T\",\"12\":\"A\",\"13\":\"C\",\"14\":\"G\",\"15\":\"T\",\"16\":\"A\",\"17\":\"C\",\"18\":\"G\",\"19\":\"T\",\"20\":\"A\",\"21\":\"C\",\"22\":\"G\",\"23\":\"T\",\"24\":\"A\",\"25\":\"C\",\"26\":\"G\",\"27\":\"T\",\"28\":\"A\",\"29\":\"C\",\"30\":\"G\",\"31\":\"T\"},\"count\":{\"0\":19459,\"1\":19004,\"2\":16692,\"3\":30802,\"4\":16525,\"5\":14713,\"6\":1775,\"7\":19007,\"8\":12939,\"9\":9650,\"10\":10792,\"11\":12876,\"12\":20124,\"13\":15931,\"14\":17254,\"15\":39488,\"16\":23029,\"17\":15199,\"18\":15196,\"19\":22681,\"20\":17045,\"21\":17050,\"22\":2508,\"23\":18880,\"24\":12144,\"25\":13482,\"26\":11274,\"27\":13707,\"28\":18848,\"29\":20587,\"30\":19337,\"31\":36064},\"fitted\":{\"0\":22252.1604923082,\"1\":17248.932490762,\"2\":16558.8155072438,\"3\":29897.0915096861,\"4\":16022.0266984985,\"5\":14544.9422867555,\"6\":2025.1196042334,\"7\":19427.9114105127,\"8\":11875.0392049814,\"9\":10504.2178346532,\"10\":10348.7036948908,\"11\":13529.0392654747,\"12\":18897.7736042121,\"13\":16999.9073878293,\"14\":17580.3611936321,\"15\":39318.9578143266,\"16\":20235.8395076919,\"17\":16954.067509238,\"18\":15329.1844927563,\"19\":23585.9084903139,\"20\":17547.9733015016,\"21\":17218.0577132446,\"22\":2257.8803957666,\"23\":18459.0885894874,\"24\":13207.9607950187,\"25\":12627.7821653468,\"26\":11717.2963051092,\"27\":13053.9607345253,\"28\":20074.226395788,\"29\":19518.0926121707,\"30\":19010.6388063679,\"31\":36233.0421856734},\"ret\":{\"0\":-0.004710708,\"1\":0.0033235863,\"2\":0.0002413424,\"3\":0.0016576972,\"4\":0.0009218946,\"5\":0.0003050649,\"6\":-0.0004223269,\"7\":-0.0007513934,\"8\":0.0020038576,\"9\":-0.0014772768,\"10\":0.0008169809,\"11\":-0.0011497241,\"12\":0.0022834558,\"13\":-0.001867255,\"14\":-0.0005835322,\"15\":0.0003057511,\"16\":0.005374177,\"17\":-0.0029977123,\"18\":-0.000239331,\"19\":-0.0016014869,\"20\":-0.0008946564,\"21\":-0.0003018342,\"22\":0.0004755574,\"23\":0.0007682791,\"24\":-0.0018407831,\"25\":0.0015927454,\"26\":-0.0007847551,\"27\":0.001207641,\"28\":-0.0021441425,\"29\":0.0019811078,\"30\":0.0005940611,\"31\":-0.0003043833}}", "deviance": 1974.564352149813, "rel_entropy": 0.0017818983725195131}, "('pos1', 'pos2')": {"df": 9, "prob": 2.321599479622722e-159, "formula": "count ~ mut * base1 * base2 - mut : base1 : base2", "stats": "{\"mut\":{\"0\":\"M\",\"1\":\"M\",\"2\":\"M\",\"3\":\"M\",\"4\":\"M\",\"5\":\"M\",\"6\":\"M\",\"7\":\"M\",\"8\":\"M\",\"9\":\"M\",\"10\":\"M\",\"11\":\"M\",\"12\":\"M\",\"13\":\"M\",\"14\":\"M\",\"15\":\"M\",\"16\":\"R\",\"17\":\"R\",\"18\":\"R\",\"19\":\"R\",\"20\":\"R\",\"21\":\"R\",\"22\":\"R\",\"23\":\"R\",\"24\":\"R\",\"25\":\"R\",\"26\":\"R\",\"27\":\"R\",\"28\":\"R\",\"29\":\"R\",\"30\":\"R\",\"31\":\"R\"},\"base1\":{\"0\":\"A\",\"1\":\"A\",\"2\":\"A\",\"3\":\"A\",\"4\":\"C\",\"5\":\"C\",\"6\":\"C\",\"7\":\"C\",\"8\":\"G\",\"9\":\"G\",\"10\":\"G\",\"11\":\"G\",\"12\":\"T\",\"13\":\"T\",\"14\":\"T\",\"15\":\"T\",\"16\":\"A\",\"17\":\"A\",\"18\":\"A\",\"19\":\"A\",\"20\":\"C\",\"21\":\"C\",\"22\":\"C\",\"23\":\"C\",\"24\":\"G\",\"25\":\"G\",\"26\":\"G\",\"27\":\"G\",\"28\":\"T\",\"29\":\"T\",\"30\":\"T\",\"31\":\"T\"},\"base2\":{\"0\":\"A\",\"1\":\"C\",\"2\":\"G\",\"3\":\"T\",\"4\":\"A\",\"5\":\"C\",\"6\":\"G\",\"7\":\"T\",\"8\":\"A\",\"9\":\"C\",\"10\":\"G\",\"11\":\"T\",\"12\":\"A\",\"13\":\"C\",\"14\":\"G\",\"15\":\"T\",\"16\":\"A\",\"17\":\"C\",\"18\":\"G\",\"19\":\"T\",\"20\":\"A\",\"21\":\"C\",\"22\":\"G\",\"23\":\"T\",\"24\":\"A\",\"25\":\"C\",\"26\":\"G\",\"27\":\"T\",\"28\":\"A\",\"29\":\"C\",\"30\":\"G\",\"31\":\"T\"},\"count\":{\"0\":16449,\"1\":9476,\"2\":23026,\"3\":20096,\"4\":8872,\"5\":12626,\"6\":19377,\"7\":18423,\"8\":8244,\"9\":6017,\"10\":18086,\"11\":14166,\"12\":19508,\"13\":16013,\"14\":23537,\"15\":43115,\"16\":18682,\"17\":12317,\"18\":17129,\"19\":22938,\"20\":12147,\"21\":15946,\"22\":19400,\"23\":18825,\"24\":10833,\"25\":9075,\"26\":14464,\"27\":13943,\"28\":19205,\"29\":18424,\"30\":17777,\"31\":35926},\"fitted\":{\"0\":16083.1301795947,\"1\":9492.8229048592,\"2\":21944.383302764,\"3\":21526.6636128501,\"4\":9189.5945349747,\"5\":11863.7861327618,\"6\":20387.8104123021,\"7\":17856.8089199816,\"8\":8604.2126051237,\"9\":6472.6592771382,\"10\":17567.4578148007,\"11\":13868.6703029553,\"12\":19196.0626803083,\"13\":16302.7316852702,\"14\":24126.3484701487,\"15\":42547.8571642734,\"16\":19047.8698204054,\"17\":12300.177095141,\"18\":18210.6166972631,\"19\":21507.3363872786,\"20\":11829.4054650256,\"21\":16708.2138672563,\"22\":18389.1895877146,\"23\":19391.1910800188,\"24\":10472.7873948774,\"25\":8619.3407228885,\"26\":14982.5421851996,\"27\":14240.3296970451,\"28\":19516.9373196918,\"29\":18134.2683147304,\"30\":17187.6515298525,\"31\":36493.1428357268},\"ret\":{\"0\":0.0006677956,\"1\":-0.0000303359,\"2\":0.0019994967,\"3\":-0.0024943652,\"4\":-0.0005631899,\"5\":0.0014189581,\"6\":-0.0017783717,\"7\":0.0010379233,\"8\":-0.0006363278,\"9\":-0.000792746,\"10\":0.0009495705,\"11\":0.0005423479,\"12\":0.0005675506,\"13\":-0.0005182484,\"14\":-0.0010505881,\"15\":0.001030401,\"16\":-0.0006539581,\"17\":0.0000303836,\"18\":-0.001893001,\"19\":0.0026661745,\"20\":0.000580838,\"21\":-0.0013438163,\"22\":0.0018736096,\"23\":-0.0010068251,\"24\":0.0006611851,\"25\":0.0008437623,\"26\":-0.0009195063,\"27\":-0.0005309944,\"28\":-0.0005584774,\"29\":0.0005270782,\"30\":0.0010817183,\"31\":-0.0010156135}}", "deviance": 767.2964373575472, "rel_entropy": 0.0006924283179116662}, "('pos1', 'pos3')": {"df": 9, "prob": 5.182773232443521e-107, "formula": "count ~ mut * base1 * base2 - mut : base1 : base2",