{"pos2": {"stats": "{\"group\":{\"0\":\"1\",\"1\":\"1\",\"2\":\"1\",\"3\":\"1\",\"4\":\"1\",\"5\":\"1\",\"6\":\"1\",\"7\":\"1\",\"8\":\"2\",\"9\":\"2\",\"10\":\"2\",\"11\":\"2\",\"12\":\"2\",\"13\":\"2\",\"14\":\"2\",\"15\":\"2\"},\"mut\":{\"0\":\"M\",\"1\":\"M\",\"2\":\"M\",\"3\":\"M\",\"4\":\"R\",\"5\":\"R\",\"6\":\"R\",\"7\":\"R\",\"8\":\"M\",\"9\":\"M\",\"10\":\"M\",\"11\":\"M\",\"12\":\"R\",\"13\":\"R\",\"14\":\"R\",\"15\":\"R\"},\"base\":{\"0\":\"A\",\"1\":\"C\",\"2\":\"G\",\"3\":\"T\",\"4\":\"A\",\"5\":\"C\",\"6\":\"G\",\"7\":\"T\",\"8\":\"A\",\"9\":\"C\",\"10\":\"G\",\"11\":\"T\",\"12\":\"A\",\"13\":\"C\",\"14\":\"G\",\"15\":\"T\"},\"count\":{\"0\":215072,\"1\":101914,\"2\":226875,\"3\":219625,\"4\":177268,\"5\":149221,\"6\":183784,\"7\":253213,\"8\":307058,\"9\":143102,\"10\":333827,\"11\":316687,\"12\":247679,\"13\":223398,\"14\":274289,\"15\":355308},\"fitted\":{\"0\":216309.916008646,\"1\":99631.7346876772,\"2\":226024.797715882,\"3\":221519.5515878001,\"4\":176030.0839913588,\"5\":151503.2653123229,\"6\":184634.2022841187,\"7\":251318.4484122012,\"8\":305820.0839913589,\"9\":145384.265312323,\"10\":334677.2022841194,\"11\":314792.4484122013,\"12\":248916.916008643,\"13\":221115.7346876774,\"14\":273438.7977158821,\"15\":357202.5515878},\"ret\":{\"0\":-0.0003310786,\"1\":0.0006191013,\"2\":0.0002284673,\"3\":-0.0005059723,\"4\":0.0003331953,\"5\":-0.0006075091,\"6\":-0.0002275131,\"7\":0.0005100621,\"8\":0.0003327016,\"9\":-0.000607313,\"10\":-0.0002277491,\"11\":0.0005096776,\"12\":-0.0003312035,\"13\":0.0006152914,\"14\":0.0002283931,\"15\":-0.0005068016}}", "deviance": 236.74480024460513, "df": 3, "rel_entropy": 3.174952797031976e-05, "formula": "count ~ group * mut * base - group : mut : base", "prob": 4.8130797864452448e-51}, "pos3": {"stats": "{\"group\":{\"0\":\"1\",\"1\":\"1\",\"2\":\"1\",\"3\":\"1\",\"4\":\"1\",\"5\":\"1\",\"6\":\"1\",\"7\":\"1\",\"8\":\"2\",\"9\":\"2\",\"10\":\"2\",\"11\":\"2\",\"12\":\"2\",\"13\":\"2\",\"14\":\"2\",\"15\":\"2\"},\"mut\":{\"0\":\"M\",\"1\":\"M\",\"2\":\"M\",\"3\":\"M\",\"4\":\"R\",\"5\":\"R\",\"6\":\"R\",\"7\":\"R\",\"8\":\"M\",\"9\":\"M\",\"10\":\"M\",\"11\":\"M\",\"12\":\"R\",\"13\":\"R\",\"14\":\"R\",\"15\":\"R\"},\"base\":{\"0\":\"A\",\"1\":\"C\",\"2\":\"G\",\"3\":\"T\",\"4\":\"A\",\"5\":\"C\",\"6\":\"G\",\"7\":\"T\",\"8\":\"A\",\"9\":\"C\",\"10\":\"G\",\"11\":\"T\",\"12\":\"A\",\"13\":\"C\",\"14\":\"G\",\"15\":\"T\"},\"count\":{\"0\":165771,\"1\":139827,\"2\":210991,\"3\":246897,\"4\":215216,\"5\":153568,\"6\":131884,\"7\":262818,\"8\":228359,\"9\":204585,\"10\":324408,\"11\":343322,\"12\":306637,\"13\":229986,\"14\":195597,\"15\":368454},\"fitted\":{\"0\":164352.5053478972,\"1\":139146.7254259528,\"2\":213122.2635644636,\"3\":246864.5056616855,\"4\":216634.4946521012,\"5\":154248.2745740477,\"6\":129752.7364355372,\"7\":262850.4943383152,\"8\":229777.4946521009,\"9\":205265.2745740472,\"10\":322276.736435537,\"11\":343354.4943383147,\"12\":305218.5053479,\"13\":229305.7254259525,\"14\":197728.2635644632,\"15\":368421.5056616855},\"ret\":{\"0\":0.000382102,\"1\":0.0001829067,\"2\":-0.000568774,\"3\":0.0000087161,\"4\":-0.0003792165,\"5\":-0.0001820585,\"6\":0.0005763111,\"7\":-0.000008715,\"8\":-0.000379288,\"9\":-0.0001821587,\"10\":0.0005735278,\"11\":-0.0000087151,\"12\":0.0003813476,\"13\":0.0001827318,\"14\":-0.0005685499,\"15\":0.0000087159}}", "deviance": 140.8059940939173, "df": 3, "rel_entropy": 1.8883303216182796e-05, "formula": "count ~ group * mut * base - group : mut : base", "prob": 2.5332009864328074e-30}, "pos0": {"stats": "{\"group\":{\"0\":\"1\",\"1\":\"1\",\"2\":\"1\",\"3\":\"1\",\"4\":\"1\",\"5\":\"1\",\"6\":\"1\",\"7\":\"1\",\"8\":\"2\",\"9\":\"2\",\"10\":\"2\",\"11\":\"2\",\"12\":\"2\",\"13\":\"2\",\"14\":\"2\",\"15\":\"2\"},\"mut\":{\"0\":\"M\",\"1\":\"M\",\"2\":\"M\",\"3\":\"M\",\"4\":\"R\",\"5\":\"R\",\"6\":\"R\",\"7\":\"R\",\"8\":\"M\",\"9\":\"M\",\"10\":\"M\",\"11\":\"M\",\"12\":\"R\",\"13\":\"R\",\"14\":\"R\",\"15\":\"R\"},\"base\":{\"0\":\"A\",\"1\":\"C\",\"2\":\"G\",\"3\":\"T\",\"4\":\"A\",\"5\":\"C\",\"6\":\"G\",\"7\":\"T\",\"8\":\"A\",\"9\":\"C\",\"10\":\"G\",\"11\":\"T\",\"12\":\"A\",\"13\":\"C\",\"14\":\"G\",\"15\":\"T\"},\"count\":{\"0\":206941,\"1\":158664,\"2\":120007,\"3\":277874,\"4\":219083,\"5\":147999,\"6\":134005,\"7\":262399,\"8\":292880,\"9\":241004,\"10\":175799,\"11\":390991,\"12\":308551,\"13\":221627,\"14\":201592,\"15\":368904},\"fitted\":{\"0\":207239.7237899862,\"1\":159314.8123722752,\"2\":118998.3931613539,\"3\":277933.0706763839,\"4\":218784.2762100137,\"5\":147348.1876277249,\"6\":135013.6068386463,\"7\":262339.9293236146,\"8\":292581.2762100133,\"9\":240353.187627725,\"10\":176807.6068386457,\"11\":390931.9293236142,\"12\":308849.7237899862,\"13\":222277.8123722749,\"14\":200583.3931613545,\"15\":368963.0706763841},\"ret\":{\"0\":-0.0000800651,\"1\":-0.0001742021,\"2\":0.0002716691,\"3\":-0.0000158421,\"4\":0.0000801776,\"5\":0.0001749441,\"6\":-0.0002695128,\"7\":0.0000158456,\"8\":0.0000801638,\"9\":0.0001747953,\"10\":-0.0002697527,\"11\":0.000015845,\"12\":-0.0000800841,\"13\":-0.0001743034,\"14\":0.0002712048,\"15\":-0.0000158425}}", "deviance": 37.583236998835076, "df": 3, "rel_entropy": 5.0402375599244535e-06, "formula": "count ~ group * mut * base - group : mut : base", "prob": 3.4631159515523398e-08}, "pos1": {"stats": "{\"group\":{\"0\":\"1\",\"1\":\"1\",\"2\":\"1\",\"3\":\"1\",\"4\":\"1\",\"5\":\"1\",\"6\":\"1\",\"7\":\"1\",\"8\":\"2\",\"9\":\"2\",\"10\":\"2\",\"11\":\"2\",\"12\":\"2\",\"13\":\"2\",\"14\":\"2\",\"15\":\"2\"},\"mut\":{\"0\":\"M\",\"1\":\"M\",\"2\":\"M\",\"3\":\"M\",\"4\":\"R\",\"5\":\"R\",\"6\":\"R\",\"7\":\"R\",\"8\":\"M\",\"9\":\"M\",\"10\":\"M\",\"11\":\"M\",\"12\":\"R\",\"13\":\"R\",\"14\":\"R\",\"15\":\"R\"},\"base\":{\"0\":\"A\",\"1\":\"C\",\"2\":\"G\",\"3\":\"T\",\"4\":\"A\",\"5\":\"C\",\"6\":\"G\",\"7\":\"T\",\"8\":\"A\",\"9\":\"C\",\"10\":\"G\",\"11\":\"T\",\"12\":\"A\",\"13\":\"C\",\"14\":\"G\",\"15\":\"T\"},\"count\":{\"0\":339970,\"1\":137790,\"2\":127650,\"3\":158076,\"4\":208942,\"5\":173403,\"6\":126208,\"7\":254933,\"8\":488115,\"9\":206852,\"10\":179968,\"11\":225739,\"12\":288500,\"13\":265635,\"14\":190304,\"15\":356235},\"fitted\":{\"0\":342664.8266024132,\"1\":136699.9478956728,\"2\":124994.3214784864,\"3\":159126.9040234294,\"4\":206247.1733975887,\"5\":174493.0521043273,\"6\":128863.6785215142,\"7\":253882.0959765707,\"8\":485420.1733975899,\"9\":207942.0521043277,\"10\":182623.6785215141,\"11\":224688.0959765707,\"12\":291194.8266024121,\"13\":264544.9478956726,\"14\":187648.3214784867,\"15\":357285.9040234286},\"ret\":{\"0\":-0.0007199495,\"1\":0.0002935335,\"2\":0.0007198128,\"3\":-0.0002809378,\"4\":0.0007275008,\"5\":-0.0002914557,\"6\":-0.0007049083,\"7\":0.0002824532,\"8\":0.0007248018,\"9\":-0.0002916032,\"10\":-0.0007070946,\"11\":0.0002825288,\"12\":-0.0007194443,\"13\":0.0002929724,\"14\":0.0007173157,\"15\":-0.0002814557}}", "deviance": 328.6125544262445, "df": 3, "rel_entropy": 4.4069789399279635e-05, "formula": "count ~ group * mut * base - group : mut : base", "prob": 6.3721827341272617e-71}}