{"pos2": {"stats": "{\"strand\":{\"0\":\"+\",\"1\":\"+\",\"2\":\"+\",\"3\":\"+\",\"4\":\"+\",\"5\":\"+\",\"6\":\"+\",\"7\":\"+\",\"8\":\"-\",\"9\":\"-\",\"10\":\"-\",\"11\":\"-\",\"12\":\"-\",\"13\":\"-\",\"14\":\"-\",\"15\":\"-\"},\"mut\":{\"0\":\"M\",\"1\":\"M\",\"2\":\"M\",\"3\":\"M\",\"4\":\"R\",\"5\":\"R\",\"6\":\"R\",\"7\":\"R\",\"8\":\"M\",\"9\":\"M\",\"10\":\"M\",\"11\":\"M\",\"12\":\"R\",\"13\":\"R\",\"14\":\"R\",\"15\":\"R\"},\"base\":{\"0\":\"A\",\"1\":\"C\",\"2\":\"G\",\"3\":\"T\",\"4\":\"A\",\"5\":\"C\",\"6\":\"G\",\"7\":\"T\",\"8\":\"A\",\"9\":\"C\",\"10\":\"G\",\"11\":\"T\",\"12\":\"A\",\"13\":\"C\",\"14\":\"G\",\"15\":\"T\"},\"count\":{\"0\":102131,\"1\":46755,\"2\":58825,\"3\":68946,\"4\":91283,\"5\":48009,\"6\":66283,\"7\":71082,\"8\":102173,\"9\":46513,\"10\":59298,\"11\":69047,\"12\":91332,\"13\":48315,\"14\":66318,\"15\":71066},\"fitted\":{\"0\":102125.6604714156,\"1\":46617.1206236379,\"2\":58940.3342362903,\"3\":68973.8846686581,\"4\":91288.3395285864,\"5\":48146.8793763624,\"6\":66167.66576371,\"7\":71054.1153313421,\"8\":102178.3395285864,\"9\":46650.8793763624,\"10\":59182.66576371,\"11\":69019.1153313423,\"12\":91326.6604714143,\"13\":48177.1206236379,\"14\":66433.3342362902,\"15\":71093.8846686581},\"ret\":{\"0\":0.0000048219,\"1\":0.0001246939,\"2\":-0.000104049,\"3\":-0.0000251758,\"4\":-0.0000048216,\"5\":-0.0001243315,\"6\":0.0001042416,\"7\":0.0000251858,\"8\":-0.0000048217,\"9\":-0.0001243258,\"10\":0.0001042523,\"11\":0.0000251859,\"12\":0.0000048219,\"13\":0.000124688,\"14\":-0.0001040605,\"15\":-0.0000251759}}", "deviance": 2.5020821996851303, "df": 3, "rel_entropy": 1.1297347060461534e-06, "formula": "count ~ strand * mut * base - strand : mut : base", "prob": 0.47491490076097154}, "pos3": {"stats": "{\"strand\":{\"0\":\"+\",\"1\":\"+\",\"2\":\"+\",\"3\":\"+\",\"4\":\"+\",\"5\":\"+\",\"6\":\"+\",\"7\":\"+\",\"8\":\"-\",\"9\":\"-\",\"10\":\"-\",\"11\":\"-\",\"12\":\"-\",\"13\":\"-\",\"14\":\"-\",\"15\":\"-\"},\"mut\":{\"0\":\"M\",\"1\":\"M\",\"2\":\"M\",\"3\":\"M\",\"4\":\"R\",\"5\":\"R\",\"6\":\"R\",\"7\":\"R\",\"8\":\"M\",\"9\":\"M\",\"10\":\"M\",\"11\":\"M\",\"12\":\"R\",\"13\":\"R\",\"14\":\"R\",\"15\":\"R\"},\"base\":{\"0\":\"A\",\"1\":\"C\",\"2\":\"G\",\"3\":\"T\",\"4\":\"A\",\"5\":\"C\",\"6\":\"G\",\"7\":\"T\",\"8\":\"A\",\"9\":\"C\",\"10\":\"G\",\"11\":\"T\",\"12\":\"A\",\"13\":\"C\",\"14\":\"G\",\"15\":\"T\"},\"count\":{\"0\":92828,\"1\":46055,\"2\":51719,\"3\":86055,\"4\":94160,\"5\":50561,\"6\":55464,\"7\":76472,\"8\":92797,\"9\":46257,\"10\":52020,\"11\":85957,\"12\":94836,\"13\":50607,\"14\":55483,\"15\":76105},\"fitted\":{\"0\":92647.9792404169,\"1\":46094.4041446707,\"2\":51789.4828774273,\"3\":86125.1337374841,\"4\":94340.0207595822,\"5\":50521.5958553293,\"6\":55393.5171225726,\"7\":76401.8662625155,\"8\":92977.0207595823,\"9\":46217.5958553292,\"10\":51949.5171225725,\"11\":85886.8662625154,\"12\":94655.9792404175,\"13\":50646.4041446706,\"14\":55553.4828774274,\"15\":76175.1337374841},\"ret\":{\"0\":0.000162723,\"1\":-0.0000355681,\"2\":-0.0000636052,\"3\":-0.0000633075,\"4\":-0.00016241,\"5\":0.0000355972,\"6\":0.000063689,\"7\":0.0000633623,\"8\":-0.0001624077,\"9\":0.0000355985,\"10\":0.0000636917,\"11\":0.0000633591,\"12\":0.0001627197,\"13\":-0.0000355695,\"14\":-0.0000636082,\"15\":-0.0000633041}}", "deviance": 2.126897204485715, "df": 3, "rel_entropy": 9.603319940497695e-07, "formula": "count ~ strand * mut * base - strand : mut : base", "prob": 0.5464904705351572}, "pos0": {"stats": "{\"strand\":{\"0\":\"+\",\"1\":\"+\",\"2\":\"+\",\"3\":\"+\",\"4\":\"+\",\"5\":\"+\",\"6\":\"+\",\"7\":\"+\",\"8\":\"-\",\"9\":\"-\",\"10\":\"-\",\"11\":\"-\",\"12\":\"-\",\"13\":\"-\",\"14\":\"-\",\"15\":\"-\"},\"mut\":{\"0\":\"M\",\"1\":\"M\",\"2\":\"M\",\"3\":\"M\",\"4\":\"R\",\"5\":\"R\",\"6\":\"R\",\"7\":\"R\",\"8\":\"M\",\"9\":\"M\",\"10\":\"M\",\"11\":\"M\",\"12\":\"R\",\"13\":\"R\",\"14\":\"R\",\"15\":\"R\"},\"base\":{\"0\":\"A\",\"1\":\"C\",\"2\":\"G\",\"3\":\"T\",\"4\":\"A\",\"5\":\"C\",\"6\":\"G\",\"7\":\"T\",\"8\":\"A\",\"9\":\"C\",\"10\":\"G\",\"11\":\"T\",\"12\":\"A\",\"13\":\"C\",\"14\":\"G\",\"15\":\"T\"},\"count\":{\"0\":91601,\"1\":53425,\"2\":52775,\"3\":78856,\"4\":94644,\"5\":49376,\"6\":57421,\"7\":75216,\"8\":92077,\"9\":53416,\"10\":52667,\"11\":78871,\"12\":94805,\"13\":49477,\"14\":57442,\"15\":75307},\"fitted\":{\"0\":91682.206163312,\"1\":53396.6030156147,\"2\":52741.8158334563,\"3\":78836.3749876175,\"4\":94562.7938366884,\"5\":49404.3969843853,\"6\":57454.184166544,\"7\":75235.6250123829,\"8\":91995.7938366883,\"9\":53444.3969843853,\"10\":52700.1841665438,\"11\":78890.625012383,\"12\":94886.206163312,\"13\":49448.6030156146,\"14\":57408.8158334561,\"15\":75287.3749876172},\"ret\":{\"0\":-0.0000732996,\"1\":0.0000256503,\"2\":0.0000299759,\"3\":0.0000177243,\"4\":0.0000733635,\"5\":-0.0000256361,\"6\":-0.0000299578,\"7\":-0.0000177198,\"8\":0.0000733644,\"9\":-0.0000256367,\"10\":-0.000029957,\"11\":-0.0000177199,\"12\":-0.0000733007,\"13\":0.0000256509,\"14\":0.0000299751,\"15\":0.0000177244}}", "deviance": 0.445787936481544, "df": 3, "rel_entropy": 2.0128119829287614e-07, "formula": "count ~ strand * mut * base - strand : mut : base", "prob": 0.93062951194941979}, "pos1": {"stats": "{\"strand\":{\"0\":\"+\",\"1\":\"+\",\"2\":\"+\",\"3\":\"+\",\"4\":\"+\",\"5\":\"+\",\"6\":\"+\",\"7\":\"+\",\"8\":\"-\",\"9\":\"-\",\"10\":\"-\",\"11\":\"-\",\"12\":\"-\",\"13\":\"-\",\"14\":\"-\",\"15\":\"-\"},\"mut\":{\"0\":\"M\",\"1\":\"M\",\"2\":\"M\",\"3\":\"M\",\"4\":\"R\",\"5\":\"R\",\"6\":\"R\",\"7\":\"R\",\"8\":\"M\",\"9\":\"M\",\"10\":\"M\",\"11\":\"M\",\"12\":\"R\",\"13\":\"R\",\"14\":\"R\",\"15\":\"R\"},\"base\":{\"0\":\"A\",\"1\":\"C\",\"2\":\"G\",\"3\":\"T\",\"4\":\"A\",\"5\":\"C\",\"6\":\"G\",\"7\":\"T\",\"8\":\"A\",\"9\":\"C\",\"10\":\"G\",\"11\":\"T\",\"12\":\"A\",\"13\":\"C\",\"14\":\"G\",\"15\":\"T\"},\"count\":{\"0\":94878,\"1\":84791,\"2\":43590,\"3\":53398,\"4\":90995,\"5\":68940,\"6\":55790,\"7\":60932,\"8\":95800,\"9\":84026,\"10\":44132,\"11\":53073,\"12\":91632,\"13\":68770,\"14\":55762,\"15\":60867},\"fitted\":{\"0\":94932.6586741588,\"1\":84659.3161273445,\"2\":43743.5574035879,\"3\":53321.4677949105,\"4\":90940.3413258424,\"5\":69071.6838726564,\"6\":55636.4425964125,\"7\":61008.5322050898,\"8\":95745.3413258424,\"9\":84157.6838726564,\"10\":43978.4425964125,\"11\":53149.53220509,\"12\":91686.6586741583,\"13\":68638.3161273443,\"14\":55915.5574035879,\"15\":60790.4677949105},\"ret\":{\"0\":-0.0000493445,\"1\":0.0001190077,\"2\":-0.0001384241,\"3\":0.0000691609,\"4\":0.0000493736,\"5\":-0.0001188018,\"6\":0.000138859,\"7\":-0.0000690679,\"8\":0.0000493728,\"9\":-0.0001188221,\"10\":0.0001389096,\"11\":-0.0000690615,\"12\":-0.000049344,\"13\":0.0001190292,\"14\":-0.0001384772,\"15\":0.0000691548}}", "deviance": 3.375832338162951, "df": 3, "rel_entropy": 1.5242484658160151e-06, "formula": "count ~ strand * mut * base - strand : mut : base", "prob": 0.33722688314281074}}