{"pos0": {"df": 3, "rel_entropy": 2.012811982868158e-07, "prob": 0.9306295119522806, "deviance": 0.44578793646812187, "formula": "count ~ strand * mut * base - strand : mut : base", "stats": "{\"strand\":{\"8\":\"+\",\"9\":\"+\",\"10\":\"+\",\"11\":\"+\",\"12\":\"+\",\"13\":\"+\",\"14\":\"+\",\"15\":\"+\",\"0\":\"-\",\"1\":\"-\",\"2\":\"-\",\"3\":\"-\",\"4\":\"-\",\"5\":\"-\",\"6\":\"-\",\"7\":\"-\"},\"mut\":{\"8\":\"M\",\"9\":\"M\",\"10\":\"M\",\"11\":\"M\",\"12\":\"R\",\"13\":\"R\",\"14\":\"R\",\"15\":\"R\",\"0\":\"M\",\"1\":\"M\",\"2\":\"M\",\"3\":\"M\",\"4\":\"R\",\"5\":\"R\",\"6\":\"R\",\"7\":\"R\"},\"base\":{\"8\":\"A\",\"9\":\"C\",\"10\":\"G\",\"11\":\"T\",\"12\":\"A\",\"13\":\"C\",\"14\":\"G\",\"15\":\"T\",\"0\":\"A\",\"1\":\"C\",\"2\":\"G\",\"3\":\"T\",\"4\":\"A\",\"5\":\"C\",\"6\":\"G\",\"7\":\"T\"},\"count\":{\"8\":91601,\"9\":53425,\"10\":52775,\"11\":78856,\"12\":94644,\"13\":49376,\"14\":57421,\"15\":75216,\"0\":92077,\"1\":53416,\"2\":52667,\"3\":78871,\"4\":94805,\"5\":49477,\"6\":57442,\"7\":75307},\"fitted\":{\"8\":91682.2061633126,\"9\":53396.603015615,\"10\":52741.8158334565,\"11\":78836.3749876178,\"12\":94562.7938366887,\"13\":49404.3969843857,\"14\":57454.1841665443,\"15\":75235.6250123836,\"0\":91995.7938366894,\"1\":53444.3969843858,\"2\":52700.1841665443,\"3\":78890.6250123833,\"4\":94886.2061633125,\"5\":49448.603015615,\"6\":57408.8158334565,\"7\":75287.3749876176},\"ret\":{\"8\":-0.0000732996,\"9\":0.0000256503,\"10\":0.0000299759,\"11\":0.0000177243,\"12\":0.0000733635,\"13\":-0.0000256361,\"14\":-0.0000299578,\"15\":-0.0000177198,\"0\":0.0000733644,\"1\":-0.0000256367,\"2\":-0.000029957,\"3\":-0.0000177199,\"4\":-0.0000733007,\"5\":0.0000256509,\"6\":0.0000299751,\"7\":0.0000177244}}"}, "pos1": {"df": 3, "rel_entropy": 1.5242484658102337e-06, "prob": 0.3372268831445478, "deviance": 3.375832338150147, "formula": "count ~ strand * mut * base - strand : mut : base", "stats": "{\"strand\":{\"8\":\"+\",\"9\":\"+\",\"10\":\"+\",\"11\":\"+\",\"12\":\"+\",\"13\":\"+\",\"14\":\"+\",\"15\":\"+\",\"0\":\"-\",\"1\":\"-\",\"2\":\"-\",\"3\":\"-\",\"4\":\"-\",\"5\":\"-\",\"6\":\"-\",\"7\":\"-\"},\"mut\":{\"8\":\"M\",\"9\":\"M\",\"10\":\"M\",\"11\":\"M\",\"12\":\"R\",\"13\":\"R\",\"14\":\"R\",\"15\":\"R\",\"0\":\"M\",\"1\":\"M\",\"2\":\"M\",\"3\":\"M\",\"4\":\"R\",\"5\":\"R\",\"6\":\"R\",\"7\":\"R\"},\"base\":{\"8\":\"A\",\"9\":\"C\",\"10\":\"G\",\"11\":\"T\",\"12\":\"A\",\"13\":\"C\",\"14\":\"G\",\"15\":\"T\",\"0\":\"A\",\"1\":\"C\",\"2\":\"G\",\"3\":\"T\",\"4\":\"A\",\"5\":\"C\",\"6\":\"G\",\"7\":\"T\"},\"count\":{\"8\":94878,\"9\":84791,\"10\":43590,\"11\":53398,\"12\":90995,\"13\":68940,\"14\":55790,\"15\":60932,\"0\":95800,\"1\":84026,\"2\":44132,\"3\":53073,\"4\":91632,\"5\":68770,\"6\":55762,\"7\":60867},\"fitted\":{\"8\":94932.6586741581,\"9\":84659.316127344,\"10\":43743.5574035877,\"11\":53321.4677949102,\"12\":90940.3413258422,\"13\":69071.6838726563,\"14\":55636.4425964124,\"15\":61008.5322050895,\"0\":95745.3413258418,\"1\":84157.683872656,\"2\":43978.4425964123,\"3\":53149.5322050898,\"4\":91686.6586741582,\"5\":68638.316127344,\"6\":55915.5574035877,\"7\":60790.4677949102},\"ret\":{\"8\":-0.0000493445,\"9\":0.0001190077,\"10\":-0.0001384241,\"11\":0.0000691609,\"12\":0.0000493736,\"13\":-0.0001188018,\"14\":0.000138859,\"15\":-0.0000690679,\"0\":0.0000493728,\"1\":-0.0001188221,\"2\":0.0001389096,\"3\":-0.0000690615,\"4\":-0.000049344,\"5\":0.0001190292,\"6\":-0.0001384772,\"7\":0.0000691548}}"}, "pos2": {"df": 3, "rel_entropy": 1.129734706041738e-06, "prob": 0.4749149007627377, "deviance": 2.5020821996753515, "formula": "count ~ strand * mut * base - strand : mut : base", "stats": "{\"strand\":{\"8\":\"+\",\"9\":\"+\",\"10\":\"+\",\"11\":\"+\",\"12\":\"+\",\"13\":\"+\",\"14\":\"+\",\"15\":\"+\",\"0\":\"-\",\"1\":\"-\",\"2\":\"-\",\"3\":\"-\",\"4\":\"-\",\"5\":\"-\",\"6\":\"-\",\"7\":\"-\"},\"mut\":{\"8\":\"M\",\"9\":\"M\",\"10\":\"M\",\"11\":\"M\",\"12\":\"R\",\"13\":\"R\",\"14\":\"R\",\"15\":\"R\",\"0\":\"M\",\"1\":\"M\",\"2\":\"M\",\"3\":\"M\",\"4\":\"R\",\"5\":\"R\",\"6\":\"R\",\"7\":\"R\"},\"base\":{\"8\":\"A\",\"9\":\"C\",\"10\":\"G\",\"11\":\"T\",\"12\":\"A\",\"13\":\"C\",\"14\":\"G\",\"15\":\"T\",\"0\":\"A\",\"1\":\"C\",\"2\":\"G\",\"3\":\"T\",\"4\":\"A\",\"5\":\"C\",\"6\":\"G\",\"7\":\"T\"},\"count\":{\"8\":102131,\"9\":46755,\"10\":58825,\"11\":68946,\"12\":91283,\"13\":48009,\"14\":66283,\"15\":71082,\"0\":102173,\"1\":46513,\"2\":59298,\"3\":69047,\"4\":91332,\"5\":48315,\"6\":66318,\"7\":71066},\"fitted\":{\"8\":102125.6604714142,\"9\":46617.1206236378,\"10\":58940.3342362902,\"11\":68973.884668658,\"12\":91288.3395285859,\"13\":48146.8793763623,\"14\":66167.66576371,\"15\":71054.1153313423,\"0\":102178.3395285854,\"1\":46650.8793763623,\"2\":59182.6657637099,\"3\":69019.115331342,\"4\":91326.6604714143,\"5\":48177.1206236378,\"6\":66433.3342362902,\"7\":71093.8846686581},\"ret\":{\"8\":0.0000048219,\"9\":0.0001246939,\"10\":-0.000104049,\"11\":-0.0000251758,\"12\":-0.0000048216,\"13\":-0.0001243315,\"14\":0.0001042416,\"15\":0.0000251858,\"0\":-0.0000048217,\"1\":-0.0001243258,\"2\":0.0001042523,\"3\":0.0000251859,\"4\":0.0000048219,\"5\":0.000124688,\"6\":-0.0001040605,\"7\":-0.0000251759}}"}, "pos3": {"df": 3, "rel_entropy": 9.603319940597664e-07, "prob": 0.5464904705307096, "deviance": 2.1268972045078556, "formula": "count ~ strand * mut * base - strand : mut : base", "stats": "{\"strand\":{\"8\":\"+\",\"9\":\"+\",\"10\":\"+\",\"11\":\"+\",\"12\":\"+\",\"13\":\"+\",\"14\":\"+\",\"15\":\"+\",\"0\":\"-\",\"1\":\"-\",\"2\":\"-\",\"3\":\"-\",\"4\":\"-\",\"5\":\"-\",\"6\":\"-\",\"7\":\"-\"},\"mut\":{\"8\":\"M\",\"9\":\"M\",\"10\":\"M\",\"11\":\"M\",\"12\":\"R\",\"13\":\"R\",\"14\":\"R\",\"15\":\"R\",\"0\":\"M\",\"1\":\"M\",\"2\":\"M\",\"3\":\"M\",\"4\":\"R\",\"5\":\"R\",\"6\":\"R\",\"7\":\"R\"},\"base\":{\"8\":\"A\",\"9\":\"C\",\"10\":\"G\",\"11\":\"T\",\"12\":\"A\",\"13\":\"C\",\"14\":\"G\",\"15\":\"T\",\"0\":\"A\",\"1\":\"C\",\"2\":\"G\",\"3\":\"T\",\"4\":\"A\",\"5\":\"C\",\"6\":\"G\",\"7\":\"T\"},\"count\":{\"8\":92828,\"9\":46055,\"10\":51719,\"11\":86055,\"12\":94160,\"13\":50561,\"14\":55464,\"15\":76472,\"0\":92797,\"1\":46257,\"2\":52020,\"3\":85957,\"4\":94836,\"5\":50607,\"6\":55483,\"7\":76105},\"fitted\":{\"8\":92647.9792404177,\"9\":46094.4041446707,\"10\":51789.4828774273,\"11\":86125.1337374844,\"12\":94340.0207595827,\"13\":50521.5958553293,\"14\":55393.5171225726,\"15\":76401.8662625159,\"0\":92977.020759583,\"1\":46217.5958553294,\"2\":51949.5171225726,\"3\":85886.8662625159,\"4\":94655.9792404179,\"5\":50646.4041446708,\"6\":55553.4828774275,\"7\":76175.1337374847},\"ret\":{\"8\":0.000162723,\"9\":-0.0000355681,\"10\":-0.0000636052,\"11\":-0.0000633075,\"12\":-0.00016241,\"13\":0.0000355972,\"14\":0.000063689,\"15\":0.0000633623,\"0\":-0.0001624077,\"1\":0.0000355985,\"2\":0.0000636917,\"3\":0.0000633591,\"4\":0.0001627197,\"5\":-0.0000355695,\"6\":-0.0000636082,\"7\":-0.0000633041}}"}}