{"pos3": {"stats": "{\"group\":{\"0\":\"1\",\"1\":\"1\",\"2\":\"1\",\"3\":\"1\",\"4\":\"1\",\"5\":\"1\",\"6\":\"1\",\"7\":\"1\",\"8\":\"2\",\"9\":\"2\",\"10\":\"2\",\"11\":\"2\",\"12\":\"2\",\"13\":\"2\",\"14\":\"2\",\"15\":\"2\"},\"mut\":{\"0\":\"M\",\"1\":\"M\",\"2\":\"M\",\"3\":\"M\",\"4\":\"R\",\"5\":\"R\",\"6\":\"R\",\"7\":\"R\",\"8\":\"M\",\"9\":\"M\",\"10\":\"M\",\"11\":\"M\",\"12\":\"R\",\"13\":\"R\",\"14\":\"R\",\"15\":\"R\"},\"base\":{\"0\":\"A\",\"1\":\"C\",\"2\":\"G\",\"3\":\"T\",\"4\":\"A\",\"5\":\"C\",\"6\":\"G\",\"7\":\"T\",\"8\":\"A\",\"9\":\"C\",\"10\":\"G\",\"11\":\"T\",\"12\":\"A\",\"13\":\"C\",\"14\":\"G\",\"15\":\"T\"},\"count\":{\"0\":7085,\"1\":9255,\"2\":15994,\"3\":10726,\"4\":10953,\"5\":10780,\"6\":8493,\"7\":12834,\"8\":182,\"9\":226,\"10\":363,\"11\":239,\"12\":276,\"13\":246,\"14\":202,\"15\":286},\"fitted\":{\"0\":7086.1712836162,\"1\":9261.8313329301,\"2\":15987.0646465965,\"3\":10724.9327368572,\"4\":10951.8287163838,\"5\":10773.1686670698,\"6\":8499.9353534035,\"7\":12835.0672631428,\"8\":180.8287163838,\"9\":219.1686670699,\"10\":369.9353534035,\"11\":240.0672631428,\"12\":277.1712836162,\"13\":252.8313329301,\"14\":195.0646465965,\"15\":284.9327368572},\"ret\":{\"0\":-0.0000132878,\"1\":-0.0000774769,\"2\":0.0000787027,\"3\":0.0000121093,\"4\":0.0000132896,\"5\":0.00007753,\"6\":-0.0000786535,\"7\":-0.0000121082,\"8\":0.0000133318,\"9\":0.000078701,\"10\":-0.0000779434,\"11\":-0.0000120818,\"12\":-0.0000132608,\"13\":-0.0000764488,\"14\":0.0000800682,\"15\":0.0000121314}}", "formula": "count ~ group * mut * base - group : mut : base", "prob": 0.8467415669473488, "deviance": 0.8113868013067296, "rel_entropy": 4.602829596702573e-06, "df": 3}, "pos2": {"stats": "{\"group\":{\"0\":\"1\",\"1\":\"1\",\"2\":\"1\",\"3\":\"1\",\"4\":\"1\",\"5\":\"1\",\"6\":\"1\",\"7\":\"1\",\"8\":\"2\",\"9\":\"2\",\"10\":\"2\",\"11\":\"2\",\"12\":\"2\",\"13\":\"2\",\"14\":\"2\",\"15\":\"2\"},\"mut\":{\"0\":\"M\",\"1\":\"M\",\"2\":\"M\",\"3\":\"M\",\"4\":\"R\",\"5\":\"R\",\"6\":\"R\",\"7\":\"R\",\"8\":\"M\",\"9\":\"M\",\"10\":\"M\",\"11\":\"M\",\"12\":\"R\",\"13\":\"R\",\"14\":\"R\",\"15\":\"R\"},\"base\":{\"0\":\"A\",\"1\":\"C\",\"2\":\"G\",\"3\":\"T\",\"4\":\"A\",\"5\":\"C\",\"6\":\"G\",\"7\":\"T\",\"8\":\"A\",\"9\":\"C\",\"10\":\"G\",\"11\":\"T\",\"12\":\"A\",\"13\":\"C\",\"14\":\"G\",\"15\":\"T\"},\"count\":{\"0\":7438,\"1\":6454,\"2\":16393,\"3\":12775,\"4\":7848,\"5\":10405,\"6\":12481,\"7\":12326,\"8\":193,\"9\":158,\"10\":372,\"11\":287,\"12\":206,\"13\":257,\"14\":269,\"15\":278},\"fitted\":{\"0\":7435.7999680114,\"1\":6452.0844280401,\"2\":16399.1920056651,\"3\":12772.9235982834,\"4\":7850.2000319886,\"5\":10406.9155719599,\"6\":12474.8079943349,\"7\":12328.0764017166,\"8\":195.2000319886,\"9\":159.9155719599,\"10\":365.8079943349,\"11\":289.0764017166,\"12\":203.7999680114,\"13\":255.0844280401,\"14\":275.1920056651,\"15\":275.9235982834},\"ret\":{\"0\":0.0000249643,\"1\":0.0000217365,\"2\":-0.0000702387,\"3\":0.0000235599,\"4\":-0.0000249572,\"5\":-0.0000217313,\"6\":0.0000702694,\"7\":-0.000023556,\"8\":-0.0000248195,\"9\":-0.0000216026,\"10\":0.0000708432,\"11\":-0.0000234732,\"12\":0.0000250949,\"13\":0.0000218147,\"14\":-0.0000694556,\"15\":0.0000236464}}", "formula": "count ~ group * mut * base - group : mut : base", "prob": 0.9464942883557639, "deviance": 0.3693718039184035, "rel_entropy": 2.0953698883503717e-06, "df": 3}, "pos1": {"stats": "{\"group\":{\"0\":\"1\",\"1\":\"1\",\"2\":\"1\",\"3\":\"1\",\"4\":\"1\",\"5\":\"1\",\"6\":\"1\",\"7\":\"1\",\"8\":\"2\",\"9\":\"2\",\"10\":\"2\",\"11\":\"2\",\"12\":\"2\",\"13\":\"2\",\"14\":\"2\",\"15\":\"2\"},\"mut\":{\"0\":\"M\",\"1\":\"M\",\"2\":\"M\",\"3\":\"M\",\"4\":\"R\",\"5\":\"R\",\"6\":\"R\",\"7\":\"R\",\"8\":\"M\",\"9\":\"M\",\"10\":\"M\",\"11\":\"M\",\"12\":\"R\",\"13\":\"R\",\"14\":\"R\",\"15\":\"R\"},\"base\":{\"0\":\"A\",\"1\":\"C\",\"2\":\"G\",\"3\":\"T\",\"4\":\"A\",\"5\":\"C\",\"6\":\"G\",\"7\":\"T\",\"8\":\"A\",\"9\":\"C\",\"10\":\"G\",\"11\":\"T\",\"12\":\"A\",\"13\":\"C\",\"14\":\"G\",\"15\":\"T\"},\"count\":{\"0\":17694,\"1\":10351,\"2\":8297,\"3\":6718,\"4\":10033,\"5\":12278,\"6\":8262,\"7\":12487,\"8\":419,\"9\":239,\"10\":175,\"11\":177,\"12\":236,\"13\":297,\"14\":215,\"15\":262},\"fitted\":{\"0\":17695.6405738718,\"1\":10345.5382271948,\"2\":8277.477962014,\"3\":6741.3432369194,\"4\":10031.3594261283,\"5\":12283.4617728052,\"6\":8281.522037986,\"7\":12463.6567630806,\"8\":417.3594261282,\"9\":244.4617728052,\"10\":194.522037986,\"11\":153.6567630806,\"12\":237.6405738718,\"13\":291.5382271948,\"14\":195.477962014,\"15\":285.3432369194},\"ret\":{\"0\":-0.0000186124,\"1\":0.0000619834,\"2\":0.00022175,\"3\":-0.0002643836,\"4\":0.0000186148,\"5\":-0.0000619532,\"6\":-0.0002212277,\"7\":0.0002650906,\"8\":0.0000186498,\"9\":-0.0000612696,\"10\":-0.0002099831,\"11\":0.0002840122,\"12\":-0.0000185489,\"13\":0.0000625439,\"14\":0.000232198,\"15\":-0.0002537015}}", "formula": "count ~ group * mut * base - group : mut : base", "prob": 0.021063604364931543, "deviance": 9.724039809425953, "rel_entropy": 5.516246771854977e-05, "df": 3}, "pos0": {"stats": "{\"group\":{\"0\":\"1\",\"1\":\"1\",\"2\":\"1\",\"3\":\"1\",\"4\":\"1\",\"5\":\"1\",\"6\":\"1\",\"7\":\"1\",\"8\":\"2\",\"9\":\"2\",\"10\":\"2\",\"11\":\"2\",\"12\":\"2\",\"13\":\"2\",\"14\":\"2\",\"15\":\"2\"},\"mut\":{\"0\":\"M\",\"1\":\"M\",\"2\":\"M\",\"3\":\"M\",\"4\":\"R\",\"5\":\"R\",\"6\":\"R\",\"7\":\"R\",\"8\":\"M\",\"9\":\"M\",\"10\":\"M\",\"11\":\"M\",\"12\":\"R\",\"13\":\"R\",\"14\":\"R\",\"15\":\"R\"},\"base\":{\"0\":\"A\",\"1\":\"C\",\"2\":\"G\",\"3\":\"T\",\"4\":\"A\",\"5\":\"C\",\"6\":\"G\",\"7\":\"T\",\"8\":\"A\",\"9\":\"C\",\"10\":\"G\",\"11\":\"T\",\"12\":\"A\",\"13\":\"C\",\"14\":\"G\",\"15\":\"T\"},\"count\":{\"0\":9953,\"1\":11808,\"2\":9445,\"3\":11854,\"4\":10554,\"5\":10300,\"6\":9336,\"7\":12870,\"8\":251,\"9\":265,\"10\":212,\"11\":282,\"12\":238,\"13\":220,\"14\":246,\"15\":306},\"fitted\":{\"0\":9966.0165673164,\"1\":11813.5037037564,\"2\":9426.7974504142,\"3\":11853.6822785131,\"4\":10540.9834326837,\"5\":10294.4962962436,\"6\":9354.2025495858,\"7\":12870.3177214869,\"8\":237.9834326838,\"9\":259.4962962436,\"10\":230.2025495888,\"11\":282.3177214869,\"12\":251.0165673164,\"13\":225.5037037564,\"14\":227.797450417,\"15\":305.6822785131},\"ret\":{\"0\":-0.0001475841,\"1\":-0.0000624282,\"2\":0.0002067179,\"3\":0.0000036048,\"4\":0.0001477717,\"5\":0.0000624594,\"6\":-0.0002063175,\"7\":-0.0000036047,\"8\":0.0001516476,\"9\":0.0000631003,\"10\":-0.0001981296,\"11\":-0.0000036027,\"12\":-0.0001437836,\"13\":-0.0000616745,\"14\":0.0002145583,\"15\":0.0000036066}}", "formula": "count ~ group * mut * base - group : mut : base", "prob": 0.19983960099085216, "deviance": 4.643528907825674, "rel_entropy": 2.6341779599646436e-05, "df": 3}}