{"A": {"stats": "{\"count\":{\"5\":7037,\"3\":9192,\"4\":42979,\"0\":190150,\"2\":190831,\"1\":760317},\"direction\":{\"5\":\"AtoT\",\"3\":\"AtoC\",\"4\":\"AtoG\",\"0\":\"AtoC\",\"2\":\"AtoT\",\"1\":\"AtoG\"},\"group\":{\"5\":\"2\",\"3\":\"2\",\"4\":\"2\",\"0\":\"1\",\"2\":\"1\",\"1\":\"1\"},\"fitted\":{\"5\":9758.692204787,\"3\":9831.3887110935,\"4\":39617.9190841195,\"0\":189510.6112889065,\"2\":188109.3077952125,\"1\":763678.0809158799},\"ret\":{\"5\":-0.0019166362,\"3\":-0.0005148923,\"4\":0.0029152578,\"0\":0.0005334968,\"2\":0.0022834435,\"1\":-0.0027935501}}", "deviance": 1217.5999233339928, "rel_entropy": 0.0005071194660143276, "df": 2, "formula": "count ~ direction + group", "prob": 3.9951773707810425e-265}, "T": {"stats": "{\"count\":{\"3\":6918,\"5\":9151,\"4\":43060,\"2\":190268,\"0\":190872,\"1\":763486},\"direction\":{\"3\":\"TtoA\",\"5\":\"TtoG\",\"4\":\"TtoC\",\"2\":\"TtoG\",\"0\":\"TtoA\",\"1\":\"TtoC\"},\"group\":{\"3\":\"2\",\"5\":\"2\",\"4\":\"2\",\"2\":\"1\",\"0\":\"1\",\"1\":\"1\"},\"fitted\":{\"3\":9715.5358939319,\"5\":9795.5531241823,\"4\":39617.9109818859,\"2\":189623.4468758178,\"0\":188074.4641060687,\"1\":766928.089018113},\"ret\":{\"3\":-0.0019516842,\"5\":-0.0005174359,\"4\":0.0029802289,\"2\":0.0005363611,\"0\":0.002341207,\"1\":-0.0028530333}}", "deviance": 1289.5673262311616, "rel_entropy": 0.0005356436011610176, "df": 2, "formula": "count ~ direction + group", "prob": 9.41917980953514e-281}, "G": {"stats": "{\"count\":{\"3\":15926,\"5\":18529,\"4\":134750,\"2\":207071,\"0\":245720,\"1\":1005611},\"direction\":{\"3\":\"GtoT\",\"5\":\"GtoC\",\"4\":\"GtoA\",\"2\":\"GtoC\",\"0\":\"GtoT\",\"1\":\"GtoA\"},\"group\":{\"3\":\"2\",\"5\":\"2\",\"4\":\"2\",\"2\":\"1\",\"0\":\"1\",\"1\":\"1\"},\"fitted\":{\"3\":27200.5535918684,\"5\":23453.2341038101,\"4\":118551.2123043218,\"2\":202146.7658961902,\"0\":234445.4464081324,\"1\":1021809.7876956783},\"ret\":{\"3\":-0.005237713,\"5\":-0.002682929,\"4\":0.010603459,\"2\":0.003061998,\"0\":0.0070910286,\"1\":-0.0098732088}}", "deviance": 9644.01034942665, "rel_entropy": 0.0029626348219891686, "df": 2, "formula": "count ~ direction + group", "prob": 0}, "C": {"stats": "{\"count\":{\"3\":15953,\"5\":18611,\"4\":133291,\"2\":205866,\"0\":245588,\"1\":1008834},\"direction\":{\"3\":\"CtoA\",\"5\":\"CtoG\",\"4\":\"CtoT\",\"2\":\"CtoG\",\"0\":\"CtoA\",\"1\":\"CtoT\"},\"group\":{\"3\":\"2\",\"5\":\"2\",\"4\":\"2\",\"2\":\"1\",\"0\":\"1\",\"1\":\"1\"},\"fitted\":{\"3\":26963.8259999273,\"5\":23142.6765554377,\"4\":117748.4974446351,\"2\":201334.3234445619,\"0\":234577.1740000703,\"1\":1024376.5025553659},\"ret\":{\"3\":-0.00514262,\"5\":-0.0024910668,\"4\":0.0101501626,\"2\":0.0028144322,\"0\":0.0069191059,\"1\":-0.009473364}}", "deviance": 9041.566278330592, "rel_entropy": 0.002776649925200241, "df": 2, "formula": "count ~ direction + group", "prob": 0}}