{"A": {"rel_entropy": 0.0005071194660143407, "stats": "{\"count\":{\"3\":7037,\"4\":9192,\"5\":42979,\"1\":190150,\"0\":190831,\"2\":760317},\"direction\":{\"3\":\"AtoT\",\"4\":\"AtoC\",\"5\":\"AtoG\",\"1\":\"AtoC\",\"0\":\"AtoT\",\"2\":\"AtoG\"},\"group\":{\"3\":\"2\",\"4\":\"2\",\"5\":\"2\",\"1\":\"1\",\"0\":\"1\",\"2\":\"1\"},\"fitted\":{\"3\":9758.692204787,\"4\":9831.3887110935,\"5\":39617.9190841194,\"1\":189510.6112889065,\"0\":188109.3077952141,\"2\":763678.0809158799},\"ret\":{\"3\":-0.0019166362,\"4\":-0.0005148923,\"5\":0.0029152578,\"1\":0.0005334968,\"0\":0.0022834435,\"2\":-0.0027935501}}", "deviance": 1217.5999233340242, "df": 2, "formula": "count ~ direction + group", "prob": 3.9951773707182617e-265}, "C": {"rel_entropy": 0.0027766499252002736, "stats": "{\"count\":{\"4\":15953,\"3\":18611,\"5\":133291,\"0\":205866,\"1\":245588,\"2\":1008834},\"direction\":{\"4\":\"CtoA\",\"3\":\"CtoG\",\"5\":\"CtoT\",\"0\":\"CtoG\",\"1\":\"CtoA\",\"2\":\"CtoT\"},\"group\":{\"4\":\"2\",\"3\":\"2\",\"5\":\"2\",\"0\":\"1\",\"1\":\"1\",\"2\":\"1\"},\"fitted\":{\"4\":26963.8259999277,\"3\":23142.676555438,\"5\":117748.4974446353,\"0\":201334.3234445648,\"1\":234577.1740000736,\"2\":1024376.5025553695},\"ret\":{\"4\":-0.00514262,\"3\":-0.0024910668,\"5\":0.0101501626,\"0\":0.0028144322,\"1\":0.0069191059,\"2\":-0.009473364}}", "deviance": 9041.566278330698, "df": 2, "formula": "count ~ direction + group", "prob": 0}, "T": {"rel_entropy": 0.000535643601161018, "stats": "{\"count\":{\"3\":6918,\"5\":9151,\"4\":43060,\"2\":190268,\"0\":190872,\"1\":763486},\"direction\":{\"3\":\"TtoA\",\"5\":\"TtoG\",\"4\":\"TtoC\",\"2\":\"TtoG\",\"0\":\"TtoA\",\"1\":\"TtoC\"},\"group\":{\"3\":\"2\",\"5\":\"2\",\"4\":\"2\",\"2\":\"1\",\"0\":\"1\",\"1\":\"1\"},\"fitted\":{\"3\":9715.5358939319,\"5\":9795.5531241823,\"4\":39617.9109818859,\"2\":189623.4468758178,\"0\":188074.4641060687,\"1\":766928.089018113},\"ret\":{\"3\":-0.0019516842,\"5\":-0.0005174359,\"4\":0.0029802289,\"2\":0.0005363611,\"0\":0.002341207,\"1\":-0.0028530333}}", "deviance": 1289.5673262311625, "df": 2, "formula": "count ~ direction + group", "prob": 9.4191798095308495e-281}, "G": {"rel_entropy": 0.00296263482198919, "stats": "{\"count\":{\"5\":15926,\"4\":18529,\"3\":134750,\"1\":207071,\"2\":245720,\"0\":1005611},\"direction\":{\"5\":\"GtoT\",\"4\":\"GtoC\",\"3\":\"GtoA\",\"1\":\"GtoC\",\"2\":\"GtoT\",\"0\":\"GtoA\"},\"group\":{\"5\":\"2\",\"4\":\"2\",\"3\":\"2\",\"1\":\"1\",\"2\":\"1\",\"0\":\"1\"},\"fitted\":{\"5\":27200.5535918683,\"4\":23453.2341038101,\"3\":118551.212304321,\"1\":202146.7658961891,\"2\":234445.4464081303,\"0\":1021809.7876956675},\"ret\":{\"5\":-0.005237713,\"4\":-0.002682929,\"3\":0.010603459,\"1\":0.003061998,\"2\":0.0070910286,\"0\":-0.0098732088}}", "deviance": 9644.010349426719, "df": 2, "formula": "count ~ direction + group", "prob": 0}}