{"pos0": {"stats": "{\"mut\":{\"0\":\"M\",\"1\":\"M\",\"2\":\"M\",\"3\":\"M\",\"4\":\"R\",\"5\":\"R\",\"6\":\"R\",\"7\":\"R\"},\"base\":{\"0\":\"A\",\"1\":\"C\",\"2\":\"G\",\"3\":\"T\",\"4\":\"A\",\"5\":\"C\",\"6\":\"G\",\"7\":\"T\"},\"count\":{\"0\":87386,\"1\":44914,\"2\":46010,\"3\":67278,\"4\":67198,\"5\":53493,\"6\":48525,\"7\":76372},\"fitted\":{\"0\":77291.9999999998,\"1\":49203.4999999999,\"2\":47267.5,\"3\":71824.9999999999,\"4\":77291.9999999998,\"5\":49203.4999999999,\"6\":47267.5,\"7\":71824.9999999999},\"ret\":{\"0\":0.0218377164,\"1\":-0.0083408796,\"2\":-0.0025258206,\"3\":-0.0089579605,\"4\":-0.0191462055,\"5\":0.0091031897,\"6\":0.0025939395,\"7\":0.0095444059}}", "formula": "count ~ mut * base - mut : base", "prob": 0, "df": 3, "deviance": 4035.880454534712, "rel_entropy": 0.004108385237200833}, "pos3": {"stats": "{\"mut\":{\"0\":\"M\",\"1\":\"M\",\"2\":\"M\",\"3\":\"M\",\"4\":\"R\",\"5\":\"R\",\"6\":\"R\",\"7\":\"R\"},\"base\":{\"0\":\"A\",\"1\":\"C\",\"2\":\"G\",\"3\":\"T\",\"4\":\"A\",\"5\":\"C\",\"6\":\"G\",\"7\":\"T\"},\"count\":{\"0\":73896,\"1\":52125,\"2\":41445,\"3\":78122,\"4\":66575,\"5\":54338,\"6\":52228,\"7\":72447},\"fitted\":{\"0\":70235.5000000002,\"1\":53231.5000000002,\"2\":46836.5000000001,\"3\":75284.5000000001,\"4\":70235.5000000002,\"5\":53231.5000000002,\"6\":46836.5000000001,\"7\":75284.5000000001},\"ret\":{\"0\":0.007643437,\"1\":-0.0022291792,\"2\":-0.0103191926,\"3\":0.0058844768,\"4\":-0.0072548541,\"5\":0.0022760096,\"6\":0.0115855633,\"7\":-0.0056666898}}", "formula": "count ~ mut * base - mut : base", "prob": 0, "df": 3, "deviance": 1885.694481370157, "rel_entropy": 0.001919571071642504}, "pos1": {"stats": "{\"mut\":{\"0\":\"M\",\"1\":\"M\",\"2\":\"M\",\"3\":\"M\",\"4\":\"R\",\"5\":\"R\",\"6\":\"R\",\"7\":\"R\"},\"base\":{\"0\":\"A\",\"1\":\"C\",\"2\":\"G\",\"3\":\"T\",\"4\":\"A\",\"5\":\"C\",\"6\":\"G\",\"7\":\"T\"},\"count\":{\"0\":75496,\"1\":48243,\"2\":57910,\"3\":63939,\"4\":63718,\"5\":59668,\"6\":48928,\"7\":73274},\"fitted\":{\"0\":69607.0000000002,\"1\":53955.5000000001,\"2\":53419.0000000002,\"3\":68606.5000000001,\"4\":69607.0000000001,\"5\":53955.5,\"6\":53419.0000000001,\"7\":68606.5},\"ret\":{\"0\":0.0124830463,\"1\":-0.0109916216,\"2\":0.0095173691,\"3\":-0.0091718649,\"4\":-0.0114674705,\"5\":0.0122252769,\"6\":-0.0087477675,\"7\":0.0098188611}}", "formula": "count ~ mut * base - mut : base", "prob": 0, "df": 3, "deviance": 3601.1343559422567, "rel_entropy": 0.0036658289044479543}, "pos2": {"stats": "{\"mut\":{\"0\":\"M\",\"1\":\"M\",\"2\":\"M\",\"3\":\"M\",\"4\":\"R\",\"5\":\"R\",\"6\":\"R\",\"7\":\"R\"},\"base\":{\"0\":\"A\",\"1\":\"C\",\"2\":\"G\",\"3\":\"T\",\"4\":\"A\",\"5\":\"C\",\"6\":\"G\",\"7\":\"T\"},\"count\":{\"0\":81416,\"1\":74835,\"2\":21009,\"3\":68328,\"4\":91860,\"5\":59000,\"6\":9377,\"7\":85351},\"fitted\":{\"0\":86637.9999999999,\"1\":66917.4999999999,\"2\":15193.0000001208,\"3\":76839.4999999999,\"4\":86638.0,\"5\":66917.5,\"6\":15193.0000001209,\"7\":76839.5},\"ret\":{\"0\":-0.0103045841,\"1\":0.0170375523,\"2\":0.013863372,\"3\":-0.0163315227,\"4\":0.0109457811,\"5\":-0.0151258639,\"6\":-0.0092127974,\"7\":0.0182549782}}", "formula": "count ~ mut * base - mut : base", "prob": 0, "df": 3, "deviance": 8965.843644407509, "rel_entropy": 0.009126915448238014}}