{"('pos1', 'pos2')": {"stats": "{\"mut\":{\"0\":\"M\",\"1\":\"M\",\"2\":\"M\",\"3\":\"M\",\"4\":\"M\",\"5\":\"M\",\"6\":\"M\",\"7\":\"M\",\"8\":\"M\",\"9\":\"M\",\"10\":\"M\",\"11\":\"M\",\"12\":\"M\",\"13\":\"M\",\"14\":\"M\",\"15\":\"M\",\"16\":\"R\",\"17\":\"R\",\"18\":\"R\",\"19\":\"R\",\"20\":\"R\",\"21\":\"R\",\"22\":\"R\",\"23\":\"R\",\"24\":\"R\",\"25\":\"R\",\"26\":\"R\",\"27\":\"R\",\"28\":\"R\",\"29\":\"R\",\"30\":\"R\",\"31\":\"R\"},\"base1\":{\"0\":\"A\",\"1\":\"A\",\"2\":\"A\",\"3\":\"A\",\"4\":\"C\",\"5\":\"C\",\"6\":\"C\",\"7\":\"C\",\"8\":\"G\",\"9\":\"G\",\"10\":\"G\",\"11\":\"G\",\"12\":\"T\",\"13\":\"T\",\"14\":\"T\",\"15\":\"T\",\"16\":\"A\",\"17\":\"A\",\"18\":\"A\",\"19\":\"A\",\"20\":\"C\",\"21\":\"C\",\"22\":\"C\",\"23\":\"C\",\"24\":\"G\",\"25\":\"G\",\"26\":\"G\",\"27\":\"G\",\"28\":\"T\",\"29\":\"T\",\"30\":\"T\",\"31\":\"T\"},\"base2\":{\"0\":\"A\",\"1\":\"C\",\"2\":\"G\",\"3\":\"T\",\"4\":\"A\",\"5\":\"C\",\"6\":\"G\",\"7\":\"T\",\"8\":\"A\",\"9\":\"C\",\"10\":\"G\",\"11\":\"T\",\"12\":\"A\",\"13\":\"C\",\"14\":\"G\",\"15\":\"T\",\"16\":\"A\",\"17\":\"C\",\"18\":\"G\",\"19\":\"T\",\"20\":\"A\",\"21\":\"C\",\"22\":\"G\",\"23\":\"T\",\"24\":\"A\",\"25\":\"C\",\"26\":\"G\",\"27\":\"T\",\"28\":\"A\",\"29\":\"C\",\"30\":\"G\",\"31\":\"T\"},\"count\":{\"0\":25743,\"1\":27915,\"2\":6415,\"3\":15423,\"4\":16663,\"5\":14119,\"6\":4223,\"7\":13238,\"8\":21901,\"9\":17124,\"10\":6420,\"11\":12465,\"12\":17109,\"13\":15677,\"14\":3951,\"15\":27202,\"16\":26798,\"17\":13758,\"18\":2755,\"19\":20407,\"20\":22166,\"21\":14472,\"22\":2368,\"23\":20662,\"24\":17845,\"25\":12745,\"26\":2002,\"27\":16336,\"28\":25051,\"29\":18025,\"30\":2252,\"31\":27946},\"fitted\":{\"0\":26607.3849192486,\"1\":24795.6505147524,\"2\":6605.1433724788,\"3\":17487.8211935207,\"4\":16125.4109523707,\"5\":14416.4393920369,\"6\":4222.5000995954,\"7\":13478.6495559972,\"8\":20084.5100224015,\"9\":17740.8015955252,\"10\":6058.9514908846,\"11\":14025.7368911888,\"12\":18598.6941059799,\"13\":17882.1084976856,\"14\":4122.4050370412,\"15\":23335.7923592934,\"16\":25933.6150807519,\"17\":16877.3494852477,\"18\":2564.8566275212,\"19\":18342.1788064793,\"20\":22703.5890476294,\"21\":14174.5606079631,\"22\":2368.4999004046,\"23\":20421.3504440029,\"24\":19661.4899775986,\"25\":12128.1984044748,\"26\":2363.0485091154,\"27\":14775.2631088113,\"28\":23561.3058940202,\"29\":15819.8915023144,\"30\":2080.5949629588,\"31\":31812.2076407066},\"ret\":{\"0\":-0.0017309271,\"1\":0.0067344775,\"2\":-0.0003814923,\"3\":-0.0039452657,\"4\":0.0011125384,\"5\":-0.0005992754,\"6\":0.0000010178,\"7\":-0.0004855456,\"8\":0.0038606601,\"9\":-0.0012336776,\"10\":0.0007565481,\"11\":-0.0029938087,\"12\":-0.0029080705,\"13\":-0.0042005056,\"14\":-0.0003416111,\"15\":0.008490084,\"16\":0.0017888349,\"17\":-0.0057239657,\"18\":0.000401126,\"19\":0.0044320386,\"20\":-0.0010814322,\"21\":0.0006118754,\"22\":-0.0000010177,\"23\":0.0004928212,\"24\":-0.0035218909,\"25\":0.0012871691,\"26\":-0.0006758134,\"27\":0.0033397607,\"28\":0.0031268338,\"29\":0.004788733,\"30\":0.0003629639,\"31\":-0.0073723709}}", "deviance": 4313.323057189151, "df": 9, "rel_entropy": 0.004390812109293971, "formula": "count ~ mut * base1 * base2 - mut : base1 : base2", "prob": 0}, "('pos1', 'pos3')": {"stats": "{\"mut\":{\"0\":\"M\",\"1\":\"M\",\"2\":\"M\",\"3\":\"M\",\"4\":\"M\",\"5\":\"M\",\"6\":\"M\",\"7\":\"M\",\"8\":\"M\",\"9\":\"M\",\"10\":\"M\",\"11\":\"M\",\"12\":\"M\",\"13\":\"M\",\"14\":\"M\",\"15\":\"M\",\"16\":\"R\",\"17\":\"R\",\"18\":\"R\",\"19\":\"R\",\"20\":\"R\",\"21\":\"R\",\"22\":\"R\",\"23\":\"R\",\"24\":\"R\",\"25\":\"R\",\"26\":\"R\",\"27\":\"R\",\"28\":\"R\",\"29\":\"R\",\"30\":\"R\",\"31\":\"R\"},\"base1\":{\"0\":\"A\",\"1\":\"A\",\"2\":\"A\",\"3\":\"A\",\"4\":\"C\",\"5\":\"C\",\"6\":\"C\",\"7\":\"C\",\"8\":\"G\",\"9\":\"G\",\"10\":\"G\",\"11\":\"G\",\"12\":\"T\",\"13\":\"T\",\"14\":\"T\",\"15\":\"T\",\"16\":\"A\",\"17\":\"A\",\"18\":\"A\",\"19\":\"A\",\"20\":\"C\",\"21\":\"C\",\"22\":\"C\",\"23\":\"C\",\"24\":\"G\",\"25\":\"G\",\"26\":\"G\",\"27\":\"G\",\"28\":\"T\",\"29\":\"T\",\"30\":\"T\",\"31\":\"T\"},\"base2\":{\"0\":\"A\",\"1\":\"C\",\"2\":\"G\",\"3\":\"T\",\"4\":\"A\",\"5\":\"C\",\"6\":\"G\",\"7\":\"T\",\"8\":\"A\",\"9\":\"C\",\"10\":\"G\",\"11\":\"T\",\"12\":\"A\",\"13\":\"C\",\"14\":\"G\",\"15\":\"T\",\"16\":\"A\",\"17\":\"C\",\"18\":\"G\",\"19\":\"T\",\"20\":\"A\",\"21\":\"C\",\"22\":\"G\",\"23\":\"T\",\"24\":\"A\",\"25\":\"C\",\"26\":\"G\",\"27\":\"T\",\"28\":\"A\",\"29\":\"C\",\"30\":\"G\",\"31\":\"T\"},\"count\":{\"0\":25822,\"1\":15997,\"2\":10650,\"3\":23027,\"4\":13593,\"5\":11196,\"6\":9344,\"7\":14110,\"8\":18106,\"9\":10881,\"10\":12641,\"11\":16282,\"12\":16375,\"13\":14051,\"14\":8810,\"15\":24703,\"16\":18301,\"17\":13355,\"18\":12968,\"19\":19094,\"20\":15884,\"21\":13768,\"22\":13583,\"23\":16433,\"24\":13487,\"25\":9990,\"26\":11286,\"27\":14165,\"28\":18903,\"29\":17225,\"30\":14391,\"31\":22755},\"fitted\":{\"0\":24861.9824665973,\"1\":15634.7994443908,\"2\":11387.3793411852,\"3\":23611.8387478613,\"4\":13913.8409287134,\"5\":11013.2731411236,\"6\":8988.4604500974,\"7\":14327.4254800677,\"8\":17915.3866174954,\"9\":11193.3020277811,\"10\":11623.8630157914,\"11\":17177.4483392156,\"12\":17204.789987202,\"13\":14283.6253867047,\"14\":9445.2971932462,\"15\":23005.2874329965,\"16\":19261.0175334085,\"17\":13717.2005556093,\"18\":12230.6206588617,\"19\":18509.1612521394,\"20\":15563.1590712867,\"21\":13950.7268588764,\"22\":13938.5395499047,\"23\":16215.5745199326,\"24\":13677.613382505,\"25\":9677.6979722193,\"26\":12303.1369847154,\"27\":13269.5516608215,\"28\":18073.2100128052,\"29\":16992.3746132956,\"30\":13755.702806778,\"31\":24452.7125672574},\"ret\":{\"0\":0.001991788,\"1\":0.0007458914,\"2\":-0.0014515622,\"3\":-0.0011758215,\"4\":-0.0006456199,\"5\":0.0003750884,\"6\":0.0007379846,\"7\":-0.0004392871,\"8\":0.0003901327,\"9\":-0.0006268714,\"10\":0.0021588897,\"11\":-0.0017747046,\"12\":-0.0016479833,\"13\":-0.0004697313,\"14\":-0.0012489131,\"15\":0.0035809339,\"16\":-0.0019049892,\"17\":-0.0007275925,\"18\":0.0015456248,\"19\":0.001209307,\"20\":0.000659897,\"21\":-0.000369572,\"22\":-0.0007145423,\"23\":0.0004456176,\"24\":-0.0003853587,\"25\":0.0006459756,\"26\":-0.0019827578,\"27\":0.0018832432,\"28\":0.0017275965,\"29\":0.0004768362,\"30\":0.001322839,\"31\":-0.0033335597}}", "deviance": 981.1525492188821, "df": 9, "rel_entropy": 0.0009987790010290427, "formula": "count ~ mut * base1 * base2 - mut : base1 : base2", "prob": 1.9969298526230374e-205},