{"pos2": {"stats": "{\"strand\":{\"0\":\"+\",\"1\":\"+\",\"2\":\"+\",\"3\":\"+\",\"4\":\"+\",\"5\":\"+\",\"6\":\"+\",\"7\":\"+\",\"8\":\"-\",\"9\":\"-\",\"10\":\"-\",\"11\":\"-\",\"12\":\"-\",\"13\":\"-\",\"14\":\"-\",\"15\":\"-\"},\"mut\":{\"0\":\"M\",\"1\":\"M\",\"2\":\"M\",\"3\":\"M\",\"4\":\"R\",\"5\":\"R\",\"6\":\"R\",\"7\":\"R\",\"8\":\"M\",\"9\":\"M\",\"10\":\"M\",\"11\":\"M\",\"12\":\"R\",\"13\":\"R\",\"14\":\"R\",\"15\":\"R\"},\"base\":{\"0\":\"A\",\"1\":\"C\",\"2\":\"G\",\"3\":\"T\",\"4\":\"A\",\"5\":\"C\",\"6\":\"G\",\"7\":\"T\",\"8\":\"A\",\"9\":\"C\",\"10\":\"G\",\"11\":\"T\",\"12\":\"A\",\"13\":\"C\",\"14\":\"G\",\"15\":\"T\"},\"count\":{\"0\":1279,\"1\":995,\"2\":300,\"3\":1919,\"4\":1583,\"5\":1126,\"6\":156,\"7\":1628,\"8\":1299,\"9\":1170,\"10\":335,\"11\":1852,\"12\":1685,\"13\":1129,\"14\":177,\"15\":1665},\"fitted\":{\"0\":1261.8940498084,\"1\":1038.7485267365,\"2\":299.1011201179,\"3\":1893.2563033373,\"4\":1600.1059501917,\"5\":1082.2514732636,\"6\":156.8988798821,\"7\":1653.7436966627,\"8\":1316.1059501917,\"9\":1126.2514732636,\"10\":335.8988798821,\"11\":1877.7436966627,\"12\":1667.8940498083,\"13\":1172.7485267365,\"14\":176.1011201179,\"15\":1639.2563033373},\"ret\":{\"0\":0.0009411614,\"1\":-0.002339821,\"2\":0.0000491982,\"3\":0.0014164354,\"4\":-0.0009298386,\"5\":0.0024385771,\"6\":-0.0000489835,\"7\":-0.0013959052,\"8\":-0.0009287517,\"9\":0.0024367377,\"10\":-0.0000490587,\"11\":-0.0013972244,\"12\":0.0009396312,\"13\":-0.0023457308,\"14\":0.0000492496,\"15\":0.0014179032}}", "deviance": 9.280006753916124, "df": 3, "rel_entropy": 0.0002535798107420517, "formula": "count ~ strand * mut * base - strand : mut : base", "prob": 0.025790644928061688}, "pos3": {"stats": "{\"strand\":{\"0\":\"+\",\"1\":\"+\",\"2\":\"+\",\"3\":\"+\",\"4\":\"+\",\"5\":\"+\",\"6\":\"+\",\"7\":\"+\",\"8\":\"-\",\"9\":\"-\",\"10\":\"-\",\"11\":\"-\",\"12\":\"-\",\"13\":\"-\",\"14\":\"-\",\"15\":\"-\"},\"mut\":{\"0\":\"M\",\"1\":\"M\",\"2\":\"M\",\"3\":\"M\",\"4\":\"R\",\"5\":\"R\",\"6\":\"R\",\"7\":\"R\",\"8\":\"M\",\"9\":\"M\",\"10\":\"M\",\"11\":\"M\",\"12\":\"R\",\"13\":\"R\",\"14\":\"R\",\"15\":\"R\"},\"base\":{\"0\":\"A\",\"1\":\"C\",\"2\":\"G\",\"3\":\"T\",\"4\":\"A\",\"5\":\"C\",\"6\":\"G\",\"7\":\"T\",\"8\":\"A\",\"9\":\"C\",\"10\":\"G\",\"11\":\"T\",\"12\":\"A\",\"13\":\"C\",\"14\":\"G\",\"15\":\"T\"},\"count\":{\"0\":1419,\"1\":869,\"2\":1019,\"3\":1186,\"4\":1209,\"5\":965,\"6\":963,\"7\":1356,\"8\":1470,\"9\":924,\"10\":1008,\"11\":1254,\"12\":1269,\"13\":1072,\"14\":938,\"15\":1377},\"fitted\":{\"0\":1414.0383024599,\"1\":858.1613396387,\"2\":1022.3571195406,\"3\":1198.4432383608,\"4\":1213.9616975401,\"5\":975.8386603613,\"6\":959.6428804594,\"7\":1343.5567616392,\"8\":1474.9616975401,\"9\":934.8386603613,\"10\":1004.6428804594,\"11\":1241.5567616392,\"12\":1264.0383024599,\"13\":1061.1613396387,\"14\":941.3571195406,\"15\":1389.4432383608},\"ret\":{\"0\":0.0002716358,\"1\":0.0005960663,\"2\":-0.0001831676,\"3\":-0.0006764901,\"4\":-0.0002706057,\"5\":-0.0005890394,\"6\":0.0001837897,\"7\":0.0006831721,\"8\":-0.0002707041,\"9\":-0.0005888941,\"10\":0.0001837754,\"11\":0.0006834291,\"12\":0.0002716921,\"13\":0.0005953561,\"14\":-0.0001831417,\"15\":-0.0006769785}}", "deviance": 1.094052900430098, "df": 3, "rel_entropy": 2.9895423008801456e-05, "formula": "count ~ strand * mut * base - strand : mut : base", "prob": 0.77850992773256256}, "pos0": {"stats": "{\"strand\":{\"0\":\"+\",\"1\":\"+\",\"2\":\"+\",\"3\":\"+\",\"4\":\"+\",\"5\":\"+\",\"6\":\"+\",\"7\":\"+\",\"8\":\"-\",\"9\":\"-\",\"10\":\"-\",\"11\":\"-\",\"12\":\"-\",\"13\":\"-\",\"14\":\"-\",\"15\":\"-\"},\"mut\":{\"0\":\"M\",\"1\":\"M\",\"2\":\"M\",\"3\":\"M\",\"4\":\"R\",\"5\":\"R\",\"6\":\"R\",\"7\":\"R\",\"8\":\"M\",\"9\":\"M\",\"10\":\"M\",\"11\":\"M\",\"12\":\"R\",\"13\":\"R\",\"14\":\"R\",\"15\":\"R\"},\"base\":{\"0\":\"A\",\"1\":\"C\",\"2\":\"G\",\"3\":\"T\",\"4\":\"A\",\"5\":\"C\",\"6\":\"G\",\"7\":\"T\",\"8\":\"A\",\"9\":\"C\",\"10\":\"G\",\"11\":\"T\",\"12\":\"A\",\"13\":\"C\",\"14\":\"G\",\"15\":\"T\"},\"count\":{\"0\":1432,\"1\":1265,\"2\":782,\"3\":1014,\"4\":1292,\"5\":938,\"6\":853,\"7\":1410,\"8\":1507,\"9\":1277,\"10\":785,\"11\":1087,\"12\":1301,\"13\":991,\"14\":904,\"15\":1460},\"fitted\":{\"0\":1446.5802534654,\"1\":1252.0393304204,\"2\":770.407133071,\"3\":1023.9732830431,\"4\":1277.4197465346,\"5\":950.9606695796,\"6\":864.592866929,\"7\":1400.0267169569,\"8\":1492.4197465346,\"9\":1289.9606695796,\"10\":796.592866929,\"11\":1077.0267169569,\"12\":1315.5802534654,\"13\":978.0393304204,\"14\":892.407133071,\"15\":1469.9732830431},\"ret\":{\"0\":-0.0007927931,\"1\":0.0007119642,\"2\":0.0006383023,\"3\":-0.0005423847,\"4\":0.0008013524,\"5\":-0.0007034618,\"6\":-0.0006292926,\"7\":0.0005469845,\"8\":0.0008007019,\"9\":-0.0007047404,\"10\":-0.0006289266,\"11\":0.0005475635,\"12\":-0.0007923904,\"13\":0.0007129833,\"14\":0.0006376567,\"15\":-0.0005431945}}", "deviance": 2.2076446504898435, "df": 3, "rel_entropy": 6.032475271859885e-05, "formula": "count ~ strand * mut * base - strand : mut : base", "prob": 0.53044418354900391}, "pos1": {"stats": "{\"strand\":{\"0\":\"+\",\"1\":\"+\",\"2\":\"+\",\"3\":\"+\",\"4\":\"+\",\"5\":\"+\",\"6\":\"+\",\"7\":\"+\",\"8\":\"-\",\"9\":\"-\",\"10\":\"-\",\"11\":\"-\",\"12\":\"-\",\"13\":\"-\",\"14\":\"-\",\"15\":\"-\"},\"mut\":{\"0\":\"M\",\"1\":\"M\",\"2\":\"M\",\"3\":\"M\",\"4\":\"R\",\"5\":\"R\",\"6\":\"R\",\"7\":\"R\",\"8\":\"M\",\"9\":\"M\",\"10\":\"M\",\"11\":\"M\",\"12\":\"R\",\"13\":\"R\",\"14\":\"R\",\"15\":\"R\"},\"base\":{\"0\":\"A\",\"1\":\"C\",\"2\":\"G\",\"3\":\"T\",\"4\":\"A\",\"5\":\"C\",\"6\":\"G\",\"7\":\"T\",\"8\":\"A\",\"9\":\"C\",\"10\":\"G\",\"11\":\"T\",\"12\":\"A\",\"13\":\"C\",\"14\":\"G\",\"15\":\"T\"},\"count\":{\"0\":1304,\"1\":1034,\"2\":695,\"3\":1460,\"4\":1152,\"5\":1051,\"6\":938,\"7\":1352,\"8\":1363,\"9\":1026,\"10\":714,\"11\":1553,\"12\":1209,\"13\":1114,\"14\":920,\"15\":1413},\"fitted\":{\"0\":1303.5718715579,\"1\":1017.297300022,\"2\":704.8200706561,\"3\":1467.310757764,\"4\":1152.4281284421,\"5\":1067.7026999781,\"6\":928.1799293439,\"7\":1344.689242236,\"8\":1363.4281284421,\"9\":1042.7026999781,\"10\":704.1799293439,\"11\":1545.689242236,\"12\":1208.5718715579,\"13\":1097.297300022,\"14\":929.8200706561,\"15\":1420.310757764},\"ret\":{\"0\":0.0000234014,\"1\":0.0009202686,\"2\":-0.0005329184,\"3\":-0.0003985416,\"4\":-0.0000233932,\"5\":-0.0009056382,\"6\":0.0005395036,\"7\":0.0004006228,\"8\":-0.0000233939,\"9\":-0.0009054652,\"10\":0.0005403993,\"11\":0.000400482,\"12\":0.0000234017,\"13\":0.0009197279,\"14\":-0.0005338305,\"15\":-0.0003985086}}", "deviance": 1.6877184634401798, "df": 3, "rel_entropy": 4.6117566494703786e-05, "formula": "count ~ strand * mut * base - strand : mut : base", "prob": 0.63966770562429986}}