{"pos1": {"deviance": 1.6877184634398863, "df": 3, "formula": "count ~ strand * mut * base - strand : mut : base", "stats": "{\"strand\":{\"8\":\"+\",\"9\":\"+\",\"10\":\"+\",\"11\":\"+\",\"12\":\"+\",\"13\":\"+\",\"14\":\"+\",\"15\":\"+\",\"0\":\"-\",\"1\":\"-\",\"2\":\"-\",\"3\":\"-\",\"4\":\"-\",\"5\":\"-\",\"6\":\"-\",\"7\":\"-\"},\"mut\":{\"8\":\"M\",\"9\":\"M\",\"10\":\"M\",\"11\":\"M\",\"12\":\"R\",\"13\":\"R\",\"14\":\"R\",\"15\":\"R\",\"0\":\"M\",\"1\":\"M\",\"2\":\"M\",\"3\":\"M\",\"4\":\"R\",\"5\":\"R\",\"6\":\"R\",\"7\":\"R\"},\"base\":{\"8\":\"A\",\"9\":\"C\",\"10\":\"G\",\"11\":\"T\",\"12\":\"A\",\"13\":\"C\",\"14\":\"G\",\"15\":\"T\",\"0\":\"A\",\"1\":\"C\",\"2\":\"G\",\"3\":\"T\",\"4\":\"A\",\"5\":\"C\",\"6\":\"G\",\"7\":\"T\"},\"count\":{\"8\":1304,\"9\":1034,\"10\":695,\"11\":1460,\"12\":1152,\"13\":1051,\"14\":938,\"15\":1352,\"0\":1363,\"1\":1026,\"2\":714,\"3\":1553,\"4\":1209,\"5\":1114,\"6\":920,\"7\":1413},\"fitted\":{\"8\":1303.5718715579,\"9\":1017.2973000219,\"10\":704.8200706561,\"11\":1467.310757764,\"12\":1152.4281284421,\"13\":1067.7026999781,\"14\":928.1799293439,\"15\":1344.689242236,\"0\":1363.4281284421,\"1\":1042.7026999781,\"2\":704.1799293439,\"3\":1545.689242236,\"4\":1208.5718715579,\"5\":1097.2973000219,\"6\":929.8200706561,\"7\":1420.310757764},\"ret\":{\"8\":0.0000234014,\"9\":0.0009202686,\"10\":-0.0005329184,\"11\":-0.0003985416,\"12\":-0.0000233932,\"13\":-0.0009056382,\"14\":0.0005395036,\"15\":0.0004006228,\"0\":-0.0000233939,\"1\":-0.0009054652,\"2\":0.0005403993,\"3\":0.000400482,\"4\":0.0000234017,\"5\":0.0009197279,\"6\":-0.0005338305,\"7\":-0.0003985086}}", "prob": 0.6396677056243654, "rel_entropy": 4.611756649469577e-05}, "pos0": {"deviance": 2.20764465048957, "df": 3, "formula": "count ~ strand * mut * base - strand : mut : base", "stats": "{\"strand\":{\"8\":\"+\",\"9\":\"+\",\"10\":\"+\",\"11\":\"+\",\"12\":\"+\",\"13\":\"+\",\"14\":\"+\",\"15\":\"+\",\"0\":\"-\",\"1\":\"-\",\"2\":\"-\",\"3\":\"-\",\"4\":\"-\",\"5\":\"-\",\"6\":\"-\",\"7\":\"-\"},\"mut\":{\"8\":\"M\",\"9\":\"M\",\"10\":\"M\",\"11\":\"M\",\"12\":\"R\",\"13\":\"R\",\"14\":\"R\",\"15\":\"R\",\"0\":\"M\",\"1\":\"M\",\"2\":\"M\",\"3\":\"M\",\"4\":\"R\",\"5\":\"R\",\"6\":\"R\",\"7\":\"R\"},\"base\":{\"8\":\"A\",\"9\":\"C\",\"10\":\"G\",\"11\":\"T\",\"12\":\"A\",\"13\":\"C\",\"14\":\"G\",\"15\":\"T\",\"0\":\"A\",\"1\":\"C\",\"2\":\"G\",\"3\":\"T\",\"4\":\"A\",\"5\":\"C\",\"6\":\"G\",\"7\":\"T\"},\"count\":{\"8\":1432,\"9\":1265,\"10\":782,\"11\":1014,\"12\":1292,\"13\":938,\"14\":853,\"15\":1410,\"0\":1507,\"1\":1277,\"2\":785,\"3\":1087,\"4\":1301,\"5\":991,\"6\":904,\"7\":1460},\"fitted\":{\"8\":1446.5802534654,\"9\":1252.0393304204,\"10\":770.407133071,\"11\":1023.9732830431,\"12\":1277.4197465346,\"13\":950.9606695796,\"14\":864.592866929,\"15\":1400.0267169569,\"0\":1492.4197465346,\"1\":1289.9606695796,\"2\":796.592866929,\"3\":1077.0267169569,\"4\":1315.5802534654,\"5\":978.0393304204,\"6\":892.407133071,\"7\":1469.9732830431},\"ret\":{\"8\":-0.0007927931,\"9\":0.0007119642,\"10\":0.0006383023,\"11\":-0.0005423847,\"12\":0.0008013524,\"13\":-0.0007034618,\"14\":-0.0006292926,\"15\":0.0005469845,\"0\":0.0008007019,\"1\":-0.0007047404,\"2\":-0.0006289266,\"3\":0.0005475635,\"4\":-0.0007923904,\"5\":0.0007129833,\"6\":0.0006376567,\"7\":-0.0005431945}}", "prob": 0.5304441835490576, "rel_entropy": 6.0324752718591376e-05}, "pos3": {"deviance": 1.0940529004294817, "df": 3, "formula": "count ~ strand * mut * base - strand : mut : base", "stats": "{\"strand\":{\"8\":\"+\",\"9\":\"+\",\"10\":\"+\",\"11\":\"+\",\"12\":\"+\",\"13\":\"+\",\"14\":\"+\",\"15\":\"+\",\"0\":\"-\",\"1\":\"-\",\"2\":\"-\",\"3\":\"-\",\"4\":\"-\",\"5\":\"-\",\"6\":\"-\",\"7\":\"-\"},\"mut\":{\"8\":\"M\",\"9\":\"M\",\"10\":\"M\",\"11\":\"M\",\"12\":\"R\",\"13\":\"R\",\"14\":\"R\",\"15\":\"R\",\"0\":\"M\",\"1\":\"M\",\"2\":\"M\",\"3\":\"M\",\"4\":\"R\",\"5\":\"R\",\"6\":\"R\",\"7\":\"R\"},\"base\":{\"8\":\"A\",\"9\":\"C\",\"10\":\"G\",\"11\":\"T\",\"12\":\"A\",\"13\":\"C\",\"14\":\"G\",\"15\":\"T\",\"0\":\"A\",\"1\":\"C\",\"2\":\"G\",\"3\":\"T\",\"4\":\"A\",\"5\":\"C\",\"6\":\"G\",\"7\":\"T\"},\"count\":{\"8\":1419,\"9\":869,\"10\":1019,\"11\":1186,\"12\":1209,\"13\":965,\"14\":963,\"15\":1356,\"0\":1470,\"1\":924,\"2\":1008,\"3\":1254,\"4\":1269,\"5\":1072,\"6\":938,\"7\":1377},\"fitted\":{\"8\":1414.0383024599,\"9\":858.1613396387,\"10\":1022.3571195406,\"11\":1198.4432383608,\"12\":1213.9616975401,\"13\":975.8386603613,\"14\":959.6428804594,\"15\":1343.5567616392,\"0\":1474.9616975401,\"1\":934.8386603613,\"2\":1004.6428804594,\"3\":1241.5567616392,\"4\":1264.0383024599,\"5\":1061.1613396387,\"6\":941.3571195406,\"7\":1389.4432383608},\"ret\":{\"8\":0.0002716358,\"9\":0.0005960663,\"10\":-0.0001831676,\"11\":-0.0006764901,\"12\":-0.0002706057,\"13\":-0.0005890394,\"14\":0.0001837897,\"15\":0.0006831721,\"0\":-0.0002707041,\"1\":-0.0005888941,\"2\":0.0001837754,\"3\":0.0006834291,\"4\":0.0002716921,\"5\":0.0005953561,\"6\":-0.0001831417,\"7\":-0.0006769785}}", "prob": 0.7785099277327114, "rel_entropy": 2.989542300878461e-05}, "pos2": {"deviance": 9.280006753915892, "df": 3, "formula": "count ~ strand * mut * base - strand : mut : base", "stats": "{\"strand\":{\"8\":\"+\",\"9\":\"+\",\"10\":\"+\",\"11\":\"+\",\"12\":\"+\",\"13\":\"+\",\"14\":\"+\",\"15\":\"+\",\"0\":\"-\",\"1\":\"-\",\"2\":\"-\",\"3\":\"-\",\"4\":\"-\",\"5\":\"-\",\"6\":\"-\",\"7\":\"-\"},\"mut\":{\"8\":\"M\",\"9\":\"M\",\"10\":\"M\",\"11\":\"M\",\"12\":\"R\",\"13\":\"R\",\"14\":\"R\",\"15\":\"R\",\"0\":\"M\",\"1\":\"M\",\"2\":\"M\",\"3\":\"M\",\"4\":\"R\",\"5\":\"R\",\"6\":\"R\",\"7\":\"R\"},\"base\":{\"8\":\"A\",\"9\":\"C\",\"10\":\"G\",\"11\":\"T\",\"12\":\"A\",\"13\":\"C\",\"14\":\"G\",\"15\":\"T\",\"0\":\"A\",\"1\":\"C\",\"2\":\"G\",\"3\":\"T\",\"4\":\"A\",\"5\":\"C\",\"6\":\"G\",\"7\":\"T\"},\"count\":{\"8\":1279,\"9\":995,\"10\":300,\"11\":1919,\"12\":1583,\"13\":1126,\"14\":156,\"15\":1628,\"0\":1299,\"1\":1170,\"2\":335,\"3\":1852,\"4\":1685,\"5\":1129,\"6\":177,\"7\":1665},\"fitted\":{\"8\":1261.8940498083,\"9\":1038.7485267365,\"10\":299.1011201179,\"11\":1893.2563033373,\"12\":1600.1059501916,\"13\":1082.2514732636,\"14\":156.8988798821,\"15\":1653.7436966627,\"0\":1316.1059501917,\"1\":1126.2514732636,\"2\":335.8988798821,\"3\":1877.7436966627,\"4\":1667.8940498083,\"5\":1172.7485267365,\"6\":176.1011201179,\"7\":1639.2563033373},\"ret\":{\"8\":0.0009411614,\"9\":-0.002339821,\"10\":0.0000491982,\"11\":0.0014164354,\"12\":-0.0009298386,\"13\":0.0024385771,\"14\":-0.0000489835,\"15\":-0.0013959052,\"0\":-0.0009287517,\"1\":0.0024367377,\"2\":-0.0000490587,\"3\":-0.0013972244,\"4\":0.0009396312,\"5\":-0.0023457308,\"6\":0.0000492496,\"7\":0.0014179032}}", "prob": 0.025790644928064384, "rel_entropy": 0.00025357981074204536}}