{"pos2": {"stats": "{\"mut\":{\"0\":\"M\",\"1\":\"M\",\"2\":\"M\",\"3\":\"M\",\"4\":\"R\",\"5\":\"R\",\"6\":\"R\",\"7\":\"R\"},\"base\":{\"0\":\"A\",\"1\":\"C\",\"2\":\"G\",\"3\":\"T\",\"4\":\"A\",\"5\":\"C\",\"6\":\"G\",\"7\":\"T\"},\"count\":{\"0\":1741,\"1\":871,\"2\":865,\"3\":1242,\"4\":1659,\"5\":767,\"6\":1023,\"7\":1270},\"fitted\":{\"0\":1700.0000000002,\"1\":819.0000000018,\"2\":944.0000000179,\"3\":1256.0000000001,\"4\":1699.9999999999,\"5\":819.0000000016,\"6\":944.0000000178,\"7\":1255.9999999999},\"ret\":{\"0\":0.0043961098,\"1\":0.0056809626,\"2\":-0.0080099714,\"3\":-0.0014750671,\"4\":-0.0042913292,\"5\":-0.0053309086,\"6\":0.0087112818,\"7\":0.0014916017}}", "deviance": 22.135500232950218, "df": 3, "rel_entropy": 0.0011726796054752182, "formula": "count ~ mut * base - mut : base", "prob": 6.1130465033071884e-05}, "pos3": {"stats": "{\"mut\":{\"0\":\"M\",\"1\":\"M\",\"2\":\"M\",\"3\":\"M\",\"4\":\"R\",\"5\":\"R\",\"6\":\"R\",\"7\":\"R\"},\"base\":{\"0\":\"A\",\"1\":\"C\",\"2\":\"G\",\"3\":\"T\",\"4\":\"A\",\"5\":\"C\",\"6\":\"G\",\"7\":\"T\"},\"count\":{\"0\":1743,\"1\":733,\"2\":783,\"3\":1460,\"4\":1771,\"5\":771,\"6\":875,\"7\":1302},\"fitted\":{\"0\":1757.0,\"1\":752.0,\"2\":829.0000000006,\"3\":1381.0000000012,\"4\":1757.0,\"5\":752.0,\"6\":829.0000000006,\"7\":1381.0000000013},\"ret\":{\"0\":-0.0014774395,\"1\":-0.0019874895,\"2\":-0.0047361179,\"3\":0.008605393,\"4\":0.0014892593,\"5\":0.0020383588,\"6\":0.0050067032,\"7\":-0.0081263024}}", "deviance": 15.334201096060063, "df": 3, "rel_entropy": 0.0008123649658857842, "formula": "count ~ mut * base - mut : base", "prob": 0.0015522184712474208}, "pos0": {"stats": "{\"mut\":{\"0\":\"M\",\"1\":\"M\",\"2\":\"M\",\"3\":\"M\",\"4\":\"R\",\"5\":\"R\",\"6\":\"R\",\"7\":\"R\"},\"base\":{\"0\":\"A\",\"1\":\"C\",\"2\":\"G\",\"3\":\"T\",\"4\":\"A\",\"5\":\"C\",\"6\":\"G\",\"7\":\"T\"},\"count\":{\"0\":1691,\"1\":860,\"2\":824,\"3\":1344,\"4\":1754,\"5\":823,\"6\":876,\"7\":1266},\"fitted\":{\"0\":1722.5,\"1\":841.5,\"2\":850.0,\"3\":1305.0,\"4\":1722.5,\"5\":841.5,\"6\":850.0,\"7\":1305.0},\"ret\":{\"0\":-0.0033068661,\"1\":0.0019815515,\"2\":-0.0027122521,\"3\":0.0041933713,\"4\":0.0033679049,\"5\":-0.0019384548,\"6\":0.0027965304,\"7\":-0.004069861}}", "deviance": 5.887880614907068, "df": 3, "rel_entropy": 0.00031192416904572305, "formula": "count ~ mut * base - mut : base", "prob": 0.11719433397207356}, "pos1": {"stats": "{\"mut\":{\"0\":\"M\",\"1\":\"M\",\"2\":\"M\",\"3\":\"M\",\"4\":\"R\",\"5\":\"R\",\"6\":\"R\",\"7\":\"R\"},\"base\":{\"0\":\"A\",\"1\":\"C\",\"2\":\"G\",\"3\":\"T\",\"4\":\"A\",\"5\":\"C\",\"6\":\"G\",\"7\":\"T\"},\"count\":{\"0\":1747,\"1\":1324,\"2\":680,\"3\":968,\"4\":1605,\"5\":1102,\"6\":932,\"7\":1080},\"fitted\":{\"0\":1676.0,\"1\":1213.0,\"2\":806.0,\"3\":1024.0,\"4\":1676.0,\"5\":1213.0,\"6\":806.0,\"7\":1024.0},\"ret\":{\"0\":0.0076799196,\"1\":0.0122833795,\"2\":-0.0122477052,\"3\":-0.0057681762,\"4\":-0.0073611384,\"5\":-0.0112056422,\"6\":0.0143433074,\"7\":0.0060928243}}", "deviance": 72.0453259695194, "df": 3, "rel_entropy": 0.003816768699381193, "formula": "count ~ mut * base - mut : base", "prob": 1.5567057017216292e-15}}