{"('pos1', 'pos2')": {"stats": "{\"mut\":{\"0\":\"M\",\"1\":\"M\",\"2\":\"M\",\"3\":\"M\",\"4\":\"M\",\"5\":\"M\",\"6\":\"M\",\"7\":\"M\",\"8\":\"M\",\"9\":\"M\",\"10\":\"M\",\"11\":\"M\",\"12\":\"M\",\"13\":\"M\",\"14\":\"M\",\"15\":\"M\",\"16\":\"R\",\"17\":\"R\",\"18\":\"R\",\"19\":\"R\",\"20\":\"R\",\"21\":\"R\",\"22\":\"R\",\"23\":\"R\",\"24\":\"R\",\"25\":\"R\",\"26\":\"R\",\"27\":\"R\",\"28\":\"R\",\"29\":\"R\",\"30\":\"R\",\"31\":\"R\"},\"base1\":{\"0\":\"A\",\"1\":\"A\",\"2\":\"A\",\"3\":\"A\",\"4\":\"C\",\"5\":\"C\",\"6\":\"C\",\"7\":\"C\",\"8\":\"G\",\"9\":\"G\",\"10\":\"G\",\"11\":\"G\",\"12\":\"T\",\"13\":\"T\",\"14\":\"T\",\"15\":\"T\",\"16\":\"A\",\"17\":\"A\",\"18\":\"A\",\"19\":\"A\",\"20\":\"C\",\"21\":\"C\",\"22\":\"C\",\"23\":\"C\",\"24\":\"G\",\"25\":\"G\",\"26\":\"G\",\"27\":\"G\",\"28\":\"T\",\"29\":\"T\",\"30\":\"T\",\"31\":\"T\"},\"base2\":{\"0\":\"A\",\"1\":\"C\",\"2\":\"G\",\"3\":\"T\",\"4\":\"A\",\"5\":\"C\",\"6\":\"G\",\"7\":\"T\",\"8\":\"A\",\"9\":\"C\",\"10\":\"G\",\"11\":\"T\",\"12\":\"A\",\"13\":\"C\",\"14\":\"G\",\"15\":\"T\",\"16\":\"A\",\"17\":\"C\",\"18\":\"G\",\"19\":\"T\",\"20\":\"A\",\"21\":\"C\",\"22\":\"G\",\"23\":\"T\",\"24\":\"A\",\"25\":\"C\",\"26\":\"G\",\"27\":\"T\",\"28\":\"A\",\"29\":\"C\",\"30\":\"G\",\"31\":\"T\"},\"count\":{\"0\":775,\"1\":308,\"2\":286,\"3\":378,\"4\":407,\"5\":295,\"6\":267,\"7\":355,\"8\":235,\"9\":119,\"10\":165,\"11\":161,\"12\":324,\"13\":149,\"14\":147,\"15\":348,\"16\":665,\"17\":213,\"18\":309,\"19\":418,\"20\":328,\"21\":216,\"22\":271,\"23\":287,\"24\":327,\"25\":148,\"26\":243,\"27\":214,\"28\":339,\"29\":190,\"30\":200,\"31\":351},\"fitted\":{\"0\":765.4044526018,\"1\":286.0823573096,\"2\":285.4146311102,\"3\":410.0985589784,\"4\":410.0082513296,\"5\":293.9311733859,\"6\":272.3348252141,\"7\":347.7257500704,\"8\":244.6779314509,\"9\":120.9070629161,\"10\":157.1594630141,\"11\":157.2555426189,\"12\":320.9093646176,\"13\":170.0794063884,\"14\":150.0910806616,\"15\":326.9201483324,\"16\":674.5955473982,\"17\":234.9176426904,\"18\":309.5853688898,\"19\":385.9014410216,\"20\":324.9917486704,\"21\":217.0688266141,\"22\":265.6651747859,\"23\":294.2742499296,\"24\":317.3220685491,\"25\":146.0929370839,\"26\":250.8405369859,\"27\":217.7444573811,\"28\":342.0906353824,\"29\":168.9205936116,\"30\":196.9089193384,\"31\":372.0798516676},\"ret\":{\"0\":0.0010230393,\"1\":0.002409046,\"2\":0.0000620861,\"3\":-0.003264278,\"4\":-0.0003175661,\"5\":0.0001134528,\"6\":-0.0005596766,\"7\":0.0007787467,\"8\":-0.0010048694,\"9\":-0.0002004602,\"10\":0.0008511276,\"11\":0.0004014291,\"12\":0.0003290391,\"13\":-0.0020889541,\"14\":-0.0003241185,\"15\":0.0023040171,\"16\":-0.0010094276,\"17\":-0.0022104072,\"18\":-0.0000619639,\"19\":0.0035386694,\"20\":0.0003202089,\"21\":-0.0001129679,\"22\":0.0005708873,\"23\":-0.0007611351,\"24\":0.0010409023,\"25\":0.0002033753,\"26\":-0.0008176207,\"27\":-0.0003933116,\"28\":-0.0003259835,\"29\":0.0023673567,\"30\":0.0003300717,\"31\":-0.0021690098}}", "deviance": 19.285711310466375, "df": 9, "rel_entropy": 0.001021705409539435, "formula": "count ~ mut * base1 * base2 - mut : base1 : base2", "prob": 0.022870222922617249}, "('pos1', 'pos3')": {"stats": "{\"mut\":{\"0\":\"M\",\"1\":\"M\",\"2\":\"M\",\"3\":\"M\",\"4\":\"M\",\"5\":\"M\",\"6\":\"M\",\"7\":\"M\",\"8\":\"M\",\"9\":\"M\",\"10\":\"M\",\"11\":\"M\",\"12\":\"M\",\"13\":\"M\",\"14\":\"M\",\"15\":\"M\",\"16\":\"R\",\"17\":\"R\",\"18\":\"R\",\"19\":\"R\",\"20\":\"R\",\"21\":\"R\",\"22\":\"R\",\"23\":\"R\",\"24\":\"R\",\"25\":\"R\",\"26\":\"R\",\"27\":\"R\",\"28\":\"R\",\"29\":\"R\",\"30\":\"R\",\"31\":\"R\"},\"base1\":{\"0\":\"A\",\"1\":\"A\",\"2\":\"A\",\"3\":\"A\",\"4\":\"C\",\"5\":\"C\",\"6\":\"C\",\"7\":\"C\",\"8\":\"G\",\"9\":\"G\",\"10\":\"G\",\"11\":\"G\",\"12\":\"T\",\"13\":\"T\",\"14\":\"T\",\"15\":\"T\",\"16\":\"A\",\"17\":\"A\",\"18\":\"A\",\"19\":\"A\",\"20\":\"C\",\"21\":\"C\",\"22\":\"C\",\"23\":\"C\",\"24\":\"G\",\"25\":\"G\",\"26\":\"G\",\"27\":\"G\",\"28\":\"T\",\"29\":\"T\",\"30\":\"T\",\"31\":\"T\"},\"base2\":{\"0\":\"A\",\"1\":\"C\",\"2\":\"G\",\"3\":\"T\",\"4\":\"A\",\"5\":\"C\",\"6\":\"G\",\"7\":\"T\",\"8\":\"A\",\"9\":\"C\",\"10\":\"G\",\"11\":\"T\",\"12\":\"A\",\"13\":\"C\",\"14\":\"G\",\"15\":\"T\",\"16\":\"A\",\"17\":\"C\",\"18\":\"G\",\"19\":\"T\",\"20\":\"A\",\"21\":\"C\",\"22\":\"G\",\"23\":\"T\",\"24\":\"A\",\"25\":\"C\",\"26\":\"G\",\"27\":\"T\",\"28\":\"A\",\"29\":\"C\",\"30\":\"G\",\"31\":\"T\"},\"count\":{\"0\":703,\"1\":271,\"2\":237,\"3\":536,\"4\":441,\"5\":234,\"6\":260,\"7\":389,\"8\":252,\"9\":89,\"10\":144,\"11\":195,\"12\":347,\"13\":139,\"14\":142,\"15\":340,\"16\":622,\"17\":241,\"18\":320,\"19\":422,\"20\":397,\"21\":193,\"22\":211,\"23\":301,\"24\":344,\"25\":167,\"26\":187,\"27\":234,\"28\":408,\"29\":170,\"30\":157,\"31\":345},\"fitted\":{\"0\":685.5472897173,\"1\":259.6294189473,\"2\":274.8420671246,\"3\":526.9812242108,\"4\":455.0206421789,\"5\":227.4763623165,\"6\":244.5019034856,\"7\":397.001092019,\"8\":250.0725560683,\"9\":104.8509864177,\"10\":131.2190783724,\"11\":193.8573791415,\"12\":352.3595120354,\"13\":141.0432323185,\"14\":132.4369510174,\"15\":342.1603046287,\"16\":639.4527102827,\"17\":252.3705810527,\"18\":282.1579328754,\"19\":431.0187757892,\"20\":382.9793578211,\"21\":199.5236376835,\"22\":226.4980965144,\"23\":292.998907981,\"24\":345.9274439317,\"25\":151.1490135823,\"26\":199.7809216276,\"27\":235.1426208585,\"28\":402.6404879646,\"29\":167.9567676815,\"30\":166.5630489826,\"31\":342.8396953713},\"ret\":{\"0\":0.0018725371,\"1\":0.0012307707,\"2\":-0.0037198928,\"3\":0.0009637119,\"4\":-0.0014624262,\"5\":0.0007010277,\"6\":0.0016930726,\"7\":-0.0008391522,\"8\":0.0002050067,\"9\":-0.0015456069,\"10\":0.0014181058,\"11\":0.0001214221,\"12\":-0.0005635245,\"13\":-0.0002149142,\"14\":0.001048982,\"15\":-0.0002281702,\"16\":-0.0018237278,\"17\":-0.0011772085,\"18\":0.0042671426,\"19\":-0.0009455133,\"20\":0.0015124189,\"21\":-0.0006797846,\"22\":-0.0015845883,\"23\":0.000859224,\"24\":-0.0002036516,\"25\":0.001764623,\"26\":-0.0013099264,\"27\":-0.0001207714,\"28\":0.000571628,\"29\":0.0002178015,\"30\":-0.0009835889,\"31\":0.000229614}}", "deviance": 24.060116650527913, "df": 9, "rel_entropy": 0.0012746406362856492, "formula": "count ~ mut * base1 * base2 - mut : base1 : base2", "prob": 0.0042072726280070151},