{"pos2": {"stats": "{\"mut\":{\"0\":\"M\",\"1\":\"M\",\"2\":\"M\",\"3\":\"M\",\"4\":\"R\",\"5\":\"R\",\"6\":\"R\",\"7\":\"R\"},\"base\":{\"0\":\"A\",\"1\":\"C\",\"2\":\"G\",\"3\":\"T\",\"4\":\"A\",\"5\":\"C\",\"6\":\"G\",\"7\":\"T\"},\"count\":{\"0\":1098,\"1\":694,\"2\":527,\"3\":734,\"4\":1044,\"5\":500,\"6\":724,\"7\":785},\"fitted\":{\"0\":1071.0,\"1\":597.0,\"2\":625.5,\"3\":759.5,\"4\":1071.0,\"5\":597.0,\"6\":625.5,\"7\":759.5},\"ret\":{\"0\":0.0044771555,\"1\":0.0171118677,\"2\":-0.0147890373,\"3\":-0.0041053143,\"4\":-0.0043656678,\"5\":-0.0145192446,\"6\":0.0173399616,\"7\":0.0042455561}}", "deviance": 65.88712108816243, "df": 3, "rel_entropy": 0.005395276866046711, "formula": "count ~ mut * base - mut : base", "prob": 3.2402712136289369e-14}, "pos3": {"stats": "{\"mut\":{\"0\":\"M\",\"1\":\"M\",\"2\":\"M\",\"3\":\"M\",\"4\":\"R\",\"5\":\"R\",\"6\":\"R\",\"7\":\"R\"},\"base\":{\"0\":\"A\",\"1\":\"C\",\"2\":\"G\",\"3\":\"T\",\"4\":\"A\",\"5\":\"C\",\"6\":\"G\",\"7\":\"T\"},\"count\":{\"0\":1096,\"1\":520,\"2\":509,\"3\":928,\"4\":1089,\"5\":569,\"6\":555,\"7\":840},\"fitted\":{\"0\":1092.5,\"1\":544.5000000001,\"2\":532.0,\"3\":884.0000000003,\"4\":1092.5,\"5\":544.5000000001,\"6\":532.0000000001,\"7\":884.0000000003},\"ret\":{\"0\":0.0005741239,\"1\":-0.0039207907,\"2\":-0.0036841624,\"3\":0.0073824589,\"4\":-0.0005722875,\"5\":0.0041013934,\"6\":0.003847063,\"7\":-0.0070236396}}", "deviance": 8.59918789268157, "df": 3, "rel_entropy": 0.0007041588513496209, "formula": "count ~ mut * base - mut : base", "prob": 0.035123009578015313}, "pos0": {"stats": "{\"mut\":{\"0\":\"M\",\"1\":\"M\",\"2\":\"M\",\"3\":\"M\",\"4\":\"R\",\"5\":\"R\",\"6\":\"R\",\"7\":\"R\"},\"base\":{\"0\":\"A\",\"1\":\"C\",\"2\":\"G\",\"3\":\"T\",\"4\":\"A\",\"5\":\"C\",\"6\":\"G\",\"7\":\"T\"},\"count\":{\"0\":1043,\"1\":566,\"2\":541,\"3\":903,\"4\":1092,\"5\":517,\"6\":598,\"7\":846},\"fitted\":{\"0\":1067.5,\"1\":541.5000000001,\"2\":569.5000000002,\"3\":874.5,\"4\":1067.5,\"5\":541.5000000001,\"6\":569.5000000002,\"7\":874.5},\"ret\":{\"0\":-0.003966046,\"1\":0.0041018789,\"2\":-0.0045487507,\"3\":0.0047427848,\"4\":0.004058143,\"5\":-0.003920275,\"6\":0.0047824302,\"7\":-0.0045906425}}", "deviance": 8.054091697097363, "df": 3, "rel_entropy": 0.0006595227396902525, "formula": "count ~ mut * base - mut : base", "prob": 0.04490692157957446}, "pos1": {"stats": "{\"mut\":{\"0\":\"M\",\"1\":\"M\",\"2\":\"M\",\"3\":\"M\",\"4\":\"R\",\"5\":\"R\",\"6\":\"R\",\"7\":\"R\"},\"base\":{\"0\":\"A\",\"1\":\"C\",\"2\":\"G\",\"3\":\"T\",\"4\":\"A\",\"5\":\"C\",\"6\":\"G\",\"7\":\"T\"},\"count\":{\"0\":1106,\"1\":913,\"2\":443,\"3\":591,\"4\":1003,\"5\":732,\"6\":575,\"7\":743},\"fitted\":{\"0\":1054.5,\"1\":822.5,\"2\":509.0,\"3\":667.0,\"4\":1054.5,\"5\":822.5,\"6\":509.0,\"7\":667.0},\"ret\":{\"0\":0.0086370127,\"1\":0.0156085317,\"2\":-0.0100758374,\"3\":-0.0117090814,\"4\":-0.0082249305,\"5\":-0.0139744109,\"6\":0.0114813567,\"7\":0.0131303893}}", "deviance": 59.50944428354633, "df": 3, "rel_entropy": 0.004873030157512801, "formula": "count ~ mut * base - mut : base", "prob": 7.4824468473105746e-13}}