{"('pos0', 'pos2')": {"prob": 0.21381356866596749, "df": 9, "formula": "count ~ mut * base1 * base2 - mut : base1 : base2", "deviance": 11.991063547113672, "stats": "{\"mut\":{\"0\":\"M\",\"1\":\"M\",\"2\":\"M\",\"3\":\"M\",\"4\":\"M\",\"5\":\"M\",\"6\":\"M\",\"7\":\"M\",\"8\":\"M\",\"9\":\"M\",\"10\":\"M\",\"11\":\"M\",\"12\":\"M\",\"13\":\"M\",\"14\":\"M\",\"15\":\"M\",\"16\":\"R\",\"17\":\"R\",\"18\":\"R\",\"19\":\"R\",\"20\":\"R\",\"21\":\"R\",\"22\":\"R\",\"23\":\"R\",\"24\":\"R\",\"25\":\"R\",\"26\":\"R\",\"27\":\"R\",\"28\":\"R\",\"29\":\"R\",\"30\":\"R\",\"31\":\"R\"},\"base1\":{\"0\":\"A\",\"1\":\"A\",\"2\":\"A\",\"3\":\"A\",\"4\":\"C\",\"5\":\"C\",\"6\":\"C\",\"7\":\"C\",\"8\":\"G\",\"9\":\"G\",\"10\":\"G\",\"11\":\"G\",\"12\":\"T\",\"13\":\"T\",\"14\":\"T\",\"15\":\"T\",\"16\":\"A\",\"17\":\"A\",\"18\":\"A\",\"19\":\"A\",\"20\":\"C\",\"21\":\"C\",\"22\":\"C\",\"23\":\"C\",\"24\":\"G\",\"25\":\"G\",\"26\":\"G\",\"27\":\"G\",\"28\":\"T\",\"29\":\"T\",\"30\":\"T\",\"31\":\"T\"},\"base2\":{\"0\":\"A\",\"1\":\"C\",\"2\":\"G\",\"3\":\"T\",\"4\":\"A\",\"5\":\"C\",\"6\":\"G\",\"7\":\"T\",\"8\":\"A\",\"9\":\"C\",\"10\":\"G\",\"11\":\"T\",\"12\":\"A\",\"13\":\"C\",\"14\":\"G\",\"15\":\"T\",\"16\":\"A\",\"17\":\"C\",\"18\":\"G\",\"19\":\"T\",\"20\":\"A\",\"21\":\"C\",\"22\":\"G\",\"23\":\"T\",\"24\":\"A\",\"25\":\"C\",\"26\":\"G\",\"27\":\"T\",\"28\":\"A\",\"29\":\"C\",\"30\":\"G\",\"31\":\"T\"},\"count\":{\"0\":404,\"1\":243,\"2\":175,\"3\":221,\"4\":191,\"5\":139,\"6\":86,\"7\":150,\"8\":179,\"9\":126,\"10\":115,\"11\":121,\"12\":324,\"13\":186,\"14\":151,\"15\":242,\"16\":412,\"17\":187,\"18\":238,\"19\":255,\"20\":154,\"21\":87,\"22\":139,\"23\":137,\"24\":215,\"25\":97,\"26\":138,\"27\":148,\"28\":263,\"29\":129,\"30\":209,\"31\":245},\"fitted\":{\"0\":407.7497355469,\"1\":244.2628657371,\"2\":168.3691840563,\"3\":222.6182146597,\"4\":185.0328183657,\"5\":136.425276299,\"6\":99.7969168477,\"7\":144.7449884877,\"8\":192.8483668858,\"9\":124.4304498558,\"10\":100.6507413219,\"11\":123.0704419365,\"12\":312.3690792017,\"13\":188.8814081081,\"14\":158.1831577741,\"15\":243.566354916,\"16\":408.2502644531,\"17\":185.7371342629,\"18\":244.6308159437,\"19\":253.3817853403,\"20\":159.9671816343,\"21\":89.574723701,\"22\":125.2030831523,\"23\":142.2550115123,\"24\":201.1516331143,\"25\":98.5695501442,\"26\":152.3492586781,\"27\":145.9295580635,\"28\":274.6309207983,\"29\":126.1185918919,\"30\":201.8168422259,\"31\":243.433645084},\"ret\":{\"0\":-0.0006112743,\"1\":-0.0002062882,\"2\":0.0011070593,\"3\":-0.0002640549,\"4\":0.0009928566,\"5\":0.0004256253,\"6\":-0.0020956337,\"7\":0.0008760678,\"8\":-0.0021845391,\"9\":0.0002586649,\"10\":0.002510104,\"11\":-0.0003362148,\"12\":0.0019398654,\"13\":-0.00046828,\"14\":-0.0011492854,\"15\":-0.0002557005,\"16\":0.0006169184,\"17\":0.0002075253,\"18\":-0.0010710985,\"19\":0.0002658649,\"20\":-0.0009588071,\"21\":-0.000415552,\"22\":0.0023797285,\"23\":-0.0008445352,\"24\":0.0023443314,\"25\":-0.000254993,\"26\":-0.0022357075,\"27\":0.0003414773,\"28\":-0.001863917,\"29\":0.0004772479,\"30\":0.0011971013,\"31\":0.0002573507}}", "rel_entropy": 0.000981908249845535}, "('pos1', 'pos2')": {"prob": 0.030865766632573326, "df": 9, "formula": "count ~ mut * base1 * base2 - mut : base1 : base2", "deviance": 18.39422069256597, "stats": "{\"mut\":{\"0\":\"M\",\"1\":\"M\",\"2\":\"M\",\"3\":\"M\",\"4\":\"M\",\"5\":\"M\",\"6\":\"M\",\"7\":\"M\",\"8\":\"M\",\"9\":\"M\",\"10\":\"M\",\"11\":\"M\",\"12\":\"M\",\"13\":\"M\",\"14\":\"M\",\"15\":\"M\",\"16\":\"R\",\"17\":\"R\",\"18\":\"R\",\"19\":\"R\",\"20\":\"R\",\"21\":\"R\",\"22\":\"R\",\"23\":\"R\",\"24\":\"R\",\"25\":\"R\",\"26\":\"R\",\"27\":\"R\",\"28\":\"R\",\"29\":\"R\",\"30\":\"R\",\"31\":\"R\"},\"base1\":{\"0\":\"A\",\"1\":\"A\",\"2\":\"A\",\"3\":\"A\",\"4\":\"C\",\"5\":\"C\",\"6\":\"C\",\"7\":\"C\",\"8\":\"G\",\"9\":\"G\",\"10\":\"G\",\"11\":\"G\",\"12\":\"T\",\"13\":\"T\",\"14\":\"T\",\"15\":\"T\",\"16\":\"A\",\"17\":\"A\",\"18\":\"A\",\"19\":\"A\",\"20\":\"C\",\"21\":\"C\",\"22\":\"C\",\"23\":\"C\",\"24\":\"G\",\"25\":\"G\",\"26\":\"G\",\"27\":\"G\",\"28\":\"T\",\"29\":\"T\",\"30\":\"T\",\"31\":\"T\"},\"base2\":{\"0\":\"A\",\"1\":\"C\",\"2\":\"G\",\"3\":\"T\",\"4\":\"A\",\"5\":\"C\",\"6\":\"G\",\"7\":\"T\",\"8\":\"A\",\"9\":\"C\",\"10\":\"G\",\"11\":\"T\",\"12\":\"A\",\"13\":\"C\",\"14\":\"G\",\"15\":\"T\",\"16\":\"A\",\"17\":\"C\",\"18\":\"G\",\"19\":\"T\",\"20\":\"A\",\"21\":\"C\",\"22\":\"G\",\"23\":\"T\",\"24\":\"A\",\"25\":\"C\",\"26\":\"G\",\"27\":\"T\",\"28\":\"A\",\"29\":\"C\",\"30\":\"G\",\"31\":\"T\"},\"count\":{\"0\":506,\"1\":208,\"2\":161,\"3\":231,\"4\":239,\"5\":290,\"6\":173,\"7\":211,\"8\":161,\"9\":83,\"10\":102,\"11\":97,\"12\":192,\"13\":113,\"14\":91,\"15\":195,\"16\":417,\"17\":152,\"18\":196,\"19\":238,\"20\":209,\"21\":129,\"22\":213,\"23\":181,\"24\":182,\"25\":103,\"26\":165,\"27\":125,\"28\":236,\"29\":116,\"30\":150,\"31\":241},\"fitted\":{\"0\":493.6673890216,\"1\":215.2985407124,\"2\":158.1254919124,\"3\":238.9085783536,\"4\":253.9277830802,\"5\":263.4153806262,\"6\":183.3488380093,\"7\":212.3079982842,\"8\":155.1034972148,\"9\":96.0643645698,\"10\":97.0230801577,\"11\":94.8090580577,\"12\":195.3013306834,\"13\":119.2217140916,\"14\":88.5025899205,\"15\":187.9743653045,\"16\":429.3326109784,\"17\":144.7014592876,\"18\":198.8745080876,\"19\":230.0914216464,\"20\":194.0722169198,\"21\":155.5846193738,\"22\":202.6511619907,\"23\":179.6920017158,\"24\":187.8965027852,\"25\":89.9356354302,\"26\":169.9769198423,\"27\":127.1909419423,\"28\":232.6986693166,\"29\":109.7782859084,\"30\":152.4974100795,\"31\":248.0256346955},\"ret\":{\"0\":0.0020447737,\"1\":-0.0011748133,\"2\":0.000475021,\"3\":-0.001273536,\"4\":-0.0023714607,\"5\":0.0045665141,\"6\":-0.0016461056,\"7\":-0.000213554,\"8\":0.0009838178,\"9\":-0.0019870225,\"10\":0.0008356437,\"11\":0.0003629323,\"12\":-0.0005360743,\"13\":-0.0009918884,\"14\":0.0004147265,\"15\":0.001171851,\"16\":-0.0019904623,\"17\":0.0012249568,\"18\":-0.0004673491,\"19\":0.0013172227,\"20\":0.0025364751,\"21\":-0.0039586765,\"22\":0.0017374213,\"23\":0.000214993,\"24\":-0.0009503764,\"25\":0.0022879754,\"26\":-0.0008030357,\"27\":-0.0003557095,\"28\":0.0005444872,\"29\":0.001047295,\"30\":-0.0004056416,\"31\":-0.0011341593}}", "rel_entropy": 0.001506241458611691}, "('pos1', 'pos3')": {"prob": 0.46281811878127066, "df": 9, "formula": "count ~ mut * base1 * base2 - mut : base1 : base2", "deviance": 8.727300036975365,