{"pos3": {"stats": "{\"strand\":{\"8\":\"+\",\"9\":\"+\",\"10\":\"+\",\"11\":\"+\",\"12\":\"+\",\"13\":\"+\",\"14\":\"+\",\"15\":\"+\",\"0\":\"-\",\"1\":\"-\",\"2\":\"-\",\"3\":\"-\",\"4\":\"-\",\"5\":\"-\",\"6\":\"-\",\"7\":\"-\"},\"mut\":{\"8\":\"M\",\"9\":\"M\",\"10\":\"M\",\"11\":\"M\",\"12\":\"R\",\"13\":\"R\",\"14\":\"R\",\"15\":\"R\",\"0\":\"M\",\"1\":\"M\",\"2\":\"M\",\"3\":\"M\",\"4\":\"R\",\"5\":\"R\",\"6\":\"R\",\"7\":\"R\"},\"base\":{\"8\":\"A\",\"9\":\"C\",\"10\":\"G\",\"11\":\"T\",\"12\":\"A\",\"13\":\"C\",\"14\":\"G\",\"15\":\"T\",\"0\":\"A\",\"1\":\"C\",\"2\":\"G\",\"3\":\"T\",\"4\":\"A\",\"5\":\"C\",\"6\":\"G\",\"7\":\"T\"},\"count\":{\"8\":24474,\"9\":36254,\"10\":41438,\"11\":31125,\"12\":28207,\"13\":35071,\"14\":36167,\"15\":33846,\"0\":24742,\"1\":36434,\"2\":42086,\"3\":31488,\"4\":28393,\"5\":35480,\"6\":36924,\"7\":33953},\"fitted\":{\"8\":24504.9812627697,\"9\":36198.0361625367,\"10\":41391.1432326523,\"11\":31196.8393420419,\"12\":28176.0187372304,\"13\":35126.9638374636,\"14\":36213.8567673481,\"15\":33774.1606579584,\"0\":24711.0187372306,\"1\":36489.9638374637,\"2\":42132.856767348,\"3\":31416.1606579584,\"4\":28423.9812627698,\"5\":35424.0361625365,\"6\":36877.1432326522,\"7\":34024.8393420419},\"ret\":{\"8\":-0.0000577555,\"9\":0.0001044748,\"10\":0.0000874554,\"11\":-0.0001338537,\"12\":0.0000578238,\"13\":-0.000104311,\"14\":-0.0000873494,\"15\":0.0001341505,\"0\":0.0000578282,\"1\":-0.0001043141,\"2\":-0.0000873573,\"3\":0.0001341612,\"4\":-0.0000577605,\"5\":0.0001044766,\"6\":0.0000874615,\"7\":-0.0001338666}}", "prob": 0.7160489130402004, "deviance": 1.3552845855504572, "rel_entropy": 1.2640646258878839e-06, "df": 3, "formula": "count ~ strand * mut * base - strand : mut : base"}, "pos1": {"stats": "{\"strand\":{\"8\":\"+\",\"9\":\"+\",\"10\":\"+\",\"11\":\"+\",\"12\":\"+\",\"13\":\"+\",\"14\":\"+\",\"15\":\"+\",\"0\":\"-\",\"1\":\"-\",\"2\":\"-\",\"3\":\"-\",\"4\":\"-\",\"5\":\"-\",\"6\":\"-\",\"7\":\"-\"},\"mut\":{\"8\":\"M\",\"9\":\"M\",\"10\":\"M\",\"11\":\"M\",\"12\":\"R\",\"13\":\"R\",\"14\":\"R\",\"15\":\"R\",\"0\":\"M\",\"1\":\"M\",\"2\":\"M\",\"3\":\"M\",\"4\":\"R\",\"5\":\"R\",\"6\":\"R\",\"7\":\"R\"},\"base\":{\"8\":\"A\",\"9\":\"C\",\"10\":\"G\",\"11\":\"T\",\"12\":\"A\",\"13\":\"C\",\"14\":\"G\",\"15\":\"T\",\"0\":\"A\",\"1\":\"C\",\"2\":\"G\",\"3\":\"T\",\"4\":\"A\",\"5\":\"C\",\"6\":\"G\",\"7\":\"T\"},\"count\":{\"8\":34858,\"9\":40892,\"10\":31839,\"11\":25702,\"12\":27535,\"13\":39914,\"14\":32293,\"15\":33549,\"0\":34930,\"1\":41725,\"2\":32414,\"3\":25681,\"4\":27834,\"5\":40233,\"6\":32995,\"7\":33688},\"fitted\":{\"8\":34792.55127894,\"9\":41018.7472774051,\"10\":31811.8844186082,\"11\":25667.8170250465,\"12\":27600.4487210599,\"13\":39787.2527225948,\"14\":32320.1155813916,\"15\":33583.1829749535,\"0\":34995.44872106,\"1\":41598.2527225949,\"2\":32441.1155813917,\"3\":25715.1829749534,\"4\":27768.55127894,\"5\":40359.7472774051,\"6\":32967.8844186082,\"7\":33653.8170250465},\"ret\":{\"8\":0.0001222019,\"9\":-0.000236067,\"10\":0.0000506026,\"11\":0.0000638069,\"12\":-0.0001219423,\"13\":0.0002368088,\"14\":-0.0000505598,\"15\":-0.000063732,\"0\":-0.0001219729,\"1\":0.0002367925,\"2\":-0.0000505599,\"3\":-0.0000637221,\"4\":0.0001222309,\"5\":-0.000236061,\"6\":0.0000506018,\"7\":0.0000637968}}", "prob": 0.49625877064284774, "deviance": 2.385931883678751, "rel_entropy": 2.2253422831570084e-06, "df": 3, "formula": "count ~ strand * mut * base - strand : mut : base"}, "pos0": {"stats": "{\"strand\":{\"8\":\"+\",\"9\":\"+\",\"10\":\"+\",\"11\":\"+\",\"12\":\"+\",\"13\":\"+\",\"14\":\"+\",\"15\":\"+\",\"0\":\"-\",\"1\":\"-\",\"2\":\"-\",\"3\":\"-\",\"4\":\"-\",\"5\":\"-\",\"6\":\"-\",\"7\":\"-\"},\"mut\":{\"8\":\"M\",\"9\":\"M\",\"10\":\"M\",\"11\":\"M\",\"12\":\"R\",\"13\":\"R\",\"14\":\"R\",\"15\":\"R\",\"0\":\"M\",\"1\":\"M\",\"2\":\"M\",\"3\":\"M\",\"4\":\"R\",\"5\":\"R\",\"6\":\"R\",\"7\":\"R\"},\"base\":{\"8\":\"A\",\"9\":\"C\",\"10\":\"G\",\"11\":\"T\",\"12\":\"A\",\"13\":\"C\",\"14\":\"G\",\"15\":\"T\",\"0\":\"A\",\"1\":\"C\",\"2\":\"G\",\"3\":\"T\",\"4\":\"A\",\"5\":\"C\",\"6\":\"G\",\"7\":\"T\"},\"count\":{\"8\":29647,\"9\":34842,\"10\":37109,\"11\":31693,\"12\":30002,\"13\":35097,\"14\":34531,\"15\":33661,\"0\":29748,\"1\":35312,\"2\":37454,\"3\":32236,\"4\":30440,\"5\":35134,\"6\":34829,\"7\":34347},\"fitted\":{\"8\":29562.8236213013,\"9\":34949.0264996823,\"10\":37113.6148151666,\"11\":31665.5350638499,\"12\":30086.1763786988,\"13\":34989.9735003176,\"14\":34526.3851848335,\"15\":33688.4649361502,\"0\":29832.1763786986,\"1\":35204.9735003178,\"2\":37449.3851848335,\"3\":32263.4649361502,\"4\":30355.8236213013,\"5\":35241.0264996824,\"6\":34833.6148151666,\"7\":34319.5350638499},\"ret\":{\"8\":0.0001572448,\"9\":-0.0001993398,\"10\":-0.0000086079,\"11\":0.0000512549,\"12\":-0.0001568016,\"13\":0.0001999508,\"14\":0.000008609,\"15\":-0.0000512118,\"0\":-0.0001567997,\"1\":0.0001999489,\"2\":0.0000086089,\"3\":-0.0000512109,\"4\":0.000157239,\"5\":-0.0001993423,\"6\":-0.0000086078,\"7\":0.0000512532}}", "prob": 0.5038395854671764, "deviance": 2.3456100486167486, "rel_entropy": 2.1877343844941154e-06, "df": 3, "formula": "count ~ strand * mut * base - strand : mut : base"}, "pos2": {"stats": "{\"strand\":{\"8\":\"+\",\"9\":\"+\",\"10\":\"+\",\"11\":\"+\",\"12\":\"+\",\"13\":\"+\",\"14\":\"+\",\"15\":\"+\",\"0\":\"-\",\"1\":\"-\",\"2\":\"-\",\"3\":\"-\",\"4\":\"-\",\"5\":\"-\",\"6\":\"-\",\"7\":\"-\"},\"mut\":{\"8\":\"M\",\"9\":\"M\",\"10\":\"M\",\"11\":\"M\",\"12\":\"R\",\"13\":\"R\",\"14\":\"R\",\"15\":\"R\",\"0\":\"M\",\"1\":\"M\",\"2\":\"M\",\"3\":\"M\",\"4\":\"R\",\"5\":\"R\",\"6\":\"R\",\"7\":\"R\"},\"base\":{\"8\":\"A\",\"9\":\"C\",\"10\":\"G\",\"11\":\"T\",\"12\":\"A\",\"13\":\"C\",\"14\":\"G\",\"15\":\"T\",\"0\":\"A\",\"1\":\"C\",\"2\":\"G\",\"3\":\"T\",\"4\":\"A\",\"5\":\"C\",\"6\":\"G\",\"7\":\"T\"},\"count\":{\"8\":15058,\"9\":18114,\"10\":82310,\"11\":17809,\"12\":40691,\"13\":40221,\"14\":12498,\"15\":39881,\"0\":15353,\"1\":18182,\"2\":83147,\"3\":18068,\"4\":41651,\"5\":40128,\"6\":12619,\"7\":40352},\"fitted\":{\"8\":15027.852684247,\"9\":18142.4295176455,\"10\":82304.3796770285,\"11\":17816.3381210787,\"12\":40721.1473157528,\"13\":40192.5704823543,\"14\":12503.6203229713,\"15\":39873.6618789213,\"0\":15383.1473157525,\"1\":18153.5704823545,\"2\":83152.6203229712,\"3\":18060.6618789213,\"4\":41620.8526842469,\"5\":40156.4295176454,\"6\":12613.3796770287,\"7\":40359.3381210786},\"ret\":{\"8\":0.0000562928,\"9\":-0.0000529905,\"10\":0.0000104844,\"11\":-0.0000136856,\"12\":-0.0000562156,\"13\":0.0000530508,\"14\":-0.0000104817,\"15\":0.0000136897,\"0\":-0.0000561812,\"1\":0.0000530735,\"2\":-0.0000104837,\"3\":0.0000136912,\"4\":0.0000562568,\"5\":-0.0000530133,\"6\":0.0000104864,\"7\":-0.0000136872}}", "prob": 0.9586107910929125, "deviance": 0.3075054051432513, "rel_entropy": 2.8680817966584526e-07, "df": 3, "formula": "count ~ strand * mut * base - strand : mut : base"}}