{"pos2": {"stats": "{\"strand\":{\"0\":\"+\",\"1\":\"+\",\"2\":\"+\",\"3\":\"+\",\"4\":\"+\",\"5\":\"+\",\"6\":\"+\",\"7\":\"+\",\"8\":\"-\",\"9\":\"-\",\"10\":\"-\",\"11\":\"-\",\"12\":\"-\",\"13\":\"-\",\"14\":\"-\",\"15\":\"-\"},\"mut\":{\"0\":\"M\",\"1\":\"M\",\"2\":\"M\",\"3\":\"M\",\"4\":\"R\",\"5\":\"R\",\"6\":\"R\",\"7\":\"R\",\"8\":\"M\",\"9\":\"M\",\"10\":\"M\",\"11\":\"M\",\"12\":\"R\",\"13\":\"R\",\"14\":\"R\",\"15\":\"R\"},\"base\":{\"0\":\"A\",\"1\":\"C\",\"2\":\"G\",\"3\":\"T\",\"4\":\"A\",\"5\":\"C\",\"6\":\"G\",\"7\":\"T\",\"8\":\"A\",\"9\":\"C\",\"10\":\"G\",\"11\":\"T\",\"12\":\"A\",\"13\":\"C\",\"14\":\"G\",\"15\":\"T\"},\"count\":{\"0\":15058,\"1\":18114,\"2\":82310,\"3\":17809,\"4\":40691,\"5\":40221,\"6\":12498,\"7\":39881,\"8\":15353,\"9\":18182,\"10\":83147,\"11\":18068,\"12\":41651,\"13\":40128,\"14\":12619,\"15\":40352},\"fitted\":{\"0\":15027.8526842471,\"1\":18142.4295176454,\"2\":82304.3796770282,\"3\":17816.3381210786,\"4\":40721.1473157528,\"5\":40192.5704823543,\"6\":12503.6203229713,\"7\":39873.6618789212,\"8\":15383.1473157528,\"9\":18153.5704823545,\"10\":83152.6203229711,\"11\":18060.6618789213,\"12\":41620.8526842471,\"13\":40156.4295176454,\"14\":12613.3796770286,\"15\":40359.3381210787},\"ret\":{\"0\":0.0000562928,\"1\":-0.0000529905,\"2\":0.0000104844,\"3\":-0.0000136856,\"4\":-0.0000562156,\"5\":0.0000530508,\"6\":-0.0000104817,\"7\":0.0000136897,\"8\":-0.0000561812,\"9\":0.0000530735,\"10\":-0.0000104837,\"11\":0.0000136912,\"12\":0.0000562568,\"13\":-0.0000530133,\"14\":0.0000104864,\"15\":-0.0000136872}}", "deviance": 0.3075054051336856, "df": 3, "rel_entropy": 2.868081796569234e-07, "formula": "count ~ strand * mut * base - strand : mut : base", "prob": 0.95861079109472713}, "pos3": {"stats": "{\"strand\":{\"0\":\"+\",\"1\":\"+\",\"2\":\"+\",\"3\":\"+\",\"4\":\"+\",\"5\":\"+\",\"6\":\"+\",\"7\":\"+\",\"8\":\"-\",\"9\":\"-\",\"10\":\"-\",\"11\":\"-\",\"12\":\"-\",\"13\":\"-\",\"14\":\"-\",\"15\":\"-\"},\"mut\":{\"0\":\"M\",\"1\":\"M\",\"2\":\"M\",\"3\":\"M\",\"4\":\"R\",\"5\":\"R\",\"6\":\"R\",\"7\":\"R\",\"8\":\"M\",\"9\":\"M\",\"10\":\"M\",\"11\":\"M\",\"12\":\"R\",\"13\":\"R\",\"14\":\"R\",\"15\":\"R\"},\"base\":{\"0\":\"A\",\"1\":\"C\",\"2\":\"G\",\"3\":\"T\",\"4\":\"A\",\"5\":\"C\",\"6\":\"G\",\"7\":\"T\",\"8\":\"A\",\"9\":\"C\",\"10\":\"G\",\"11\":\"T\",\"12\":\"A\",\"13\":\"C\",\"14\":\"G\",\"15\":\"T\"},\"count\":{\"0\":24474,\"1\":36254,\"2\":41438,\"3\":31125,\"4\":28207,\"5\":35071,\"6\":36167,\"7\":33846,\"8\":24742,\"9\":36434,\"10\":42086,\"11\":31488,\"12\":28393,\"13\":35480,\"14\":36924,\"15\":33953},\"fitted\":{\"0\":24504.9812627695,\"1\":36198.0361625364,\"2\":41391.1432326521,\"3\":31196.8393420418,\"4\":28176.0187372303,\"5\":35126.9638374634,\"6\":36213.8567673479,\"7\":33774.1606579582,\"8\":24711.0187372303,\"9\":36489.9638374635,\"10\":42132.8567673479,\"11\":31416.1606579583,\"12\":28423.9812627697,\"13\":35424.0361625365,\"14\":36877.143232652,\"15\":34024.8393420418},\"ret\":{\"0\":-0.0000577555,\"1\":0.0001044748,\"2\":0.0000874554,\"3\":-0.0001338537,\"4\":0.0000578238,\"5\":-0.000104311,\"6\":-0.0000873494,\"7\":0.0001341505,\"8\":0.0000578282,\"9\":-0.0001043141,\"10\":-0.0000873573,\"11\":0.0001341612,\"12\":-0.0000577605,\"13\":0.0001044766,\"14\":0.0000874615,\"15\":-0.0001338666}}", "deviance": 1.3552845855313933, "df": 3, "rel_entropy": 1.2640646258701032e-06, "formula": "count ~ strand * mut * base - strand : mut : base", "prob": 0.71604891304469653}, "pos0": {"stats": "{\"strand\":{\"0\":\"+\",\"1\":\"+\",\"2\":\"+\",\"3\":\"+\",\"4\":\"+\",\"5\":\"+\",\"6\":\"+\",\"7\":\"+\",\"8\":\"-\",\"9\":\"-\",\"10\":\"-\",\"11\":\"-\",\"12\":\"-\",\"13\":\"-\",\"14\":\"-\",\"15\":\"-\"},\"mut\":{\"0\":\"M\",\"1\":\"M\",\"2\":\"M\",\"3\":\"M\",\"4\":\"R\",\"5\":\"R\",\"6\":\"R\",\"7\":\"R\",\"8\":\"M\",\"9\":\"M\",\"10\":\"M\",\"11\":\"M\",\"12\":\"R\",\"13\":\"R\",\"14\":\"R\",\"15\":\"R\"},\"base\":{\"0\":\"A\",\"1\":\"C\",\"2\":\"G\",\"3\":\"T\",\"4\":\"A\",\"5\":\"C\",\"6\":\"G\",\"7\":\"T\",\"8\":\"A\",\"9\":\"C\",\"10\":\"G\",\"11\":\"T\",\"12\":\"A\",\"13\":\"C\",\"14\":\"G\",\"15\":\"T\"},\"count\":{\"0\":29647,\"1\":34842,\"2\":37109,\"3\":31693,\"4\":30002,\"5\":35097,\"6\":34531,\"7\":33661,\"8\":29748,\"9\":35312,\"10\":37454,\"11\":32236,\"12\":30440,\"13\":35134,\"14\":34829,\"15\":34347},\"fitted\":{\"0\":29562.8236213013,\"1\":34949.0264996823,\"2\":37113.6148151665,\"3\":31665.5350638499,\"4\":30086.1763786987,\"5\":34989.9735003177,\"6\":34526.3851848334,\"7\":33688.4649361502,\"8\":29832.1763786987,\"9\":35204.9735003177,\"10\":37449.3851848334,\"11\":32263.4649361502,\"12\":30355.8236213013,\"13\":35241.0264996823,\"14\":34833.6148151665,\"15\":34319.5350638498},\"ret\":{\"0\":0.0001572448,\"1\":-0.0001993398,\"2\":-0.0000086079,\"3\":0.0000512549,\"4\":-0.0001568016,\"5\":0.0001999508,\"6\":0.000008609,\"7\":-0.0000512118,\"8\":-0.0001567997,\"9\":0.0001999489,\"10\":0.0000086089,\"11\":-0.0000512109,\"12\":0.000157239,\"13\":-0.0001993423,\"14\":-0.0000086078,\"15\":0.0000512532}}", "deviance": 2.345610048614521, "df": 3, "rel_entropy": 2.1877343844920377e-06, "formula": "count ~ strand * mut * base - strand : mut : base", "prob": 0.50383958546759766}, "pos1": {"stats": "{\"strand\":{\"0\":\"+\",\"1\":\"+\",\"2\":\"+\",\"3\":\"+\",\"4\":\"+\",\"5\":\"+\",\"6\":\"+\",\"7\":\"+\",\"8\":\"-\",\"9\":\"-\",\"10\":\"-\",\"11\":\"-\",\"12\":\"-\",\"13\":\"-\",\"14\":\"-\",\"15\":\"-\"},\"mut\":{\"0\":\"M\",\"1\":\"M\",\"2\":\"M\",\"3\":\"M\",\"4\":\"R\",\"5\":\"R\",\"6\":\"R\",\"7\":\"R\",\"8\":\"M\",\"9\":\"M\",\"10\":\"M\",\"11\":\"M\",\"12\":\"R\",\"13\":\"R\",\"14\":\"R\",\"15\":\"R\"},\"base\":{\"0\":\"A\",\"1\":\"C\",\"2\":\"G\",\"3\":\"T\",\"4\":\"A\",\"5\":\"C\",\"6\":\"G\",\"7\":\"T\",\"8\":\"A\",\"9\":\"C\",\"10\":\"G\",\"11\":\"T\",\"12\":\"A\",\"13\":\"C\",\"14\":\"G\",\"15\":\"T\"},\"count\":{\"0\":34858,\"1\":40892,\"2\":31839,\"3\":25702,\"4\":27535,\"5\":39914,\"6\":32293,\"7\":33549,\"8\":34930,\"9\":41725,\"10\":32414,\"11\":25681,\"12\":27834,\"13\":40233,\"14\":32995,\"15\":33688},\"fitted\":{\"0\":34792.5512789401,\"1\":41018.7472774052,\"2\":31811.8844186083,\"3\":25667.8170250466,\"4\":27600.44872106,\"5\":39787.2527225949,\"6\":32320.1155813918,\"7\":33583.1829749536,\"8\":34995.44872106,\"9\":41598.2527225949,\"10\":32441.1155813918,\"11\":25715.1829749535,\"12\":27768.55127894,\"13\":40359.7472774052,\"14\":32967.8844186084,\"15\":33653.8170250466},\"ret\":{\"0\":0.0001222019,\"1\":-0.000236067,\"2\":0.0000506026,\"3\":0.0000638069,\"4\":-0.0001219423,\"5\":0.0002368088,\"6\":-0.0000505598,\"7\":-0.000063732,\"8\":-0.0001219729,\"9\":0.0002367925,\"10\":-0.0000505599,\"11\":-0.0000637221,\"12\":0.0001222309,\"13\":-0.000236061,\"14\":0.0000506018,\"15\":0.0000637968}}", "deviance": 2.3859318836806267, "df": 3, "rel_entropy": 2.225342283158758e-06, "formula": "count ~ strand * mut * base - strand : mut : base", "prob": 0.49625877064249713}}