{"pos2": {"stats": "{\"group\":{\"0\":\"1\",\"1\":\"1\",\"2\":\"1\",\"3\":\"1\",\"4\":\"1\",\"5\":\"1\",\"6\":\"1\",\"7\":\"1\",\"8\":\"2\",\"9\":\"2\",\"10\":\"2\",\"11\":\"2\",\"12\":\"2\",\"13\":\"2\",\"14\":\"2\",\"15\":\"2\"},\"mut\":{\"0\":\"M\",\"1\":\"M\",\"2\":\"M\",\"3\":\"M\",\"4\":\"R\",\"5\":\"R\",\"6\":\"R\",\"7\":\"R\",\"8\":\"M\",\"9\":\"M\",\"10\":\"M\",\"11\":\"M\",\"12\":\"R\",\"13\":\"R\",\"14\":\"R\",\"15\":\"R\"},\"base\":{\"0\":\"A\",\"1\":\"C\",\"2\":\"G\",\"3\":\"T\",\"4\":\"A\",\"5\":\"C\",\"6\":\"G\",\"7\":\"T\",\"8\":\"A\",\"9\":\"C\",\"10\":\"G\",\"11\":\"T\",\"12\":\"A\",\"13\":\"C\",\"14\":\"G\",\"15\":\"T\"},\"count\":{\"0\":89202,\"1\":82226,\"2\":25497,\"3\":129955,\"4\":114245,\"5\":84311,\"6\":16463,\"7\":111861,\"8\":4235,\"9\":5227,\"10\":3026,\"11\":6123,\"12\":5672,\"13\":5448,\"14\":1771,\"15\":5720},\"fitted\":{\"0\":89172.0483118208,\"1\":82264.6167604142,\"2\":25629.3348356087,\"3\":129814.0000921562,\"4\":114274.951688179,\"5\":84272.3832395859,\"6\":16330.6651643914,\"7\":112001.9999078435,\"8\":4264.9516881789,\"9\":5188.383239586,\"10\":2893.6651643937,\"11\":6263.9999078437,\"12\":5642.0483118211,\"13\":5486.616760414,\"14\":1903.3348356105,\"15\":5579.0000921563},\"ret\":{\"0\":0.0000433538,\"1\":-0.0000558737,\"2\":-0.0001910218,\"3\":0.0002041681,\"4\":-0.0000433409,\"5\":0.0000558996,\"6\":0.0001922909,\"7\":-0.0002039288,\"8\":-0.000043194,\"9\":0.0000560942,\"10\":0.0001958311,\"11\":-0.0002017432,\"12\":0.0000434614,\"13\":-0.0000556896,\"14\":-0.0001846993,\"15\":0.0002066144}}", "deviance": 25.182653508737133, "df": 3, "rel_entropy": 1.8222365784302003e-05, "formula": "count ~ group * mut * base - group : mut : base", "prob": 1.4140549721804222e-05}, "pos3": {"stats": "{\"group\":{\"0\":\"1\",\"1\":\"1\",\"2\":\"1\",\"3\":\"1\",\"4\":\"1\",\"5\":\"1\",\"6\":\"1\",\"7\":\"1\",\"8\":\"2\",\"9\":\"2\",\"10\":\"2\",\"11\":\"2\",\"12\":\"2\",\"13\":\"2\",\"14\":\"2\",\"15\":\"2\"},\"mut\":{\"0\":\"M\",\"1\":\"M\",\"2\":\"M\",\"3\":\"M\",\"4\":\"R\",\"5\":\"R\",\"6\":\"R\",\"7\":\"R\",\"8\":\"M\",\"9\":\"M\",\"10\":\"M\",\"11\":\"M\",\"12\":\"R\",\"13\":\"R\",\"14\":\"R\",\"15\":\"R\"},\"base\":{\"0\":\"A\",\"1\":\"C\",\"2\":\"G\",\"3\":\"T\",\"4\":\"A\",\"5\":\"C\",\"6\":\"G\",\"7\":\"T\",\"8\":\"A\",\"9\":\"C\",\"10\":\"G\",\"11\":\"T\",\"12\":\"A\",\"13\":\"C\",\"14\":\"G\",\"15\":\"T\"},\"count\":{\"0\":95373,\"1\":69697,\"2\":77033,\"3\":84777,\"4\":81468,\"5\":76644,\"6\":75056,\"7\":93712,\"8\":4444,\"9\":4417,\"10\":5630,\"11\":4120,\"12\":3849,\"13\":4995,\"14\":4973,\"15\":4794},\"fitted\":{\"0\":95335.5719918231,\"1\":69623.967081778,\"2\":77262.8690597785,\"3\":84657.5918666225,\"4\":81505.4280081782,\"5\":76717.0329182227,\"6\":74826.1309402221,\"7\":93831.4081333781,\"8\":4481.4280081781,\"9\":4490.0329182222,\"10\":5400.1309402223,\"11\":4239.4081333779,\"12\":3811.571991822,\"13\":4921.9670817778,\"14\":5202.8690597787,\"15\":4674.5918666221},\"ret\":{\"0\":0.000054177,\"1\":0.0001057498,\"2\":-0.0003321747,\"3\":0.0001729311,\"4\":-0.000054154,\"5\":-0.0001056441,\"6\":0.0003331806,\"7\":-0.0001726993,\"8\":-0.0000539396,\"9\":-0.0001048301,\"10\":0.0003396522,\"11\":-0.0001703525,\"12\":0.0000544315,\"13\":0.0001064747,\"14\":-0.0003252105,\"15\":0.0001749979}}", "deviance": 31.218598636874532, "df": 3, "rel_entropy": 2.259002306635667e-05, "formula": "count ~ group * mut * base - group : mut : base", "prob": 7.6455987048616056e-07}, "pos0": {"stats": "{\"group\":{\"0\":\"1\",\"1\":\"1\",\"2\":\"1\",\"3\":\"1\",\"4\":\"1\",\"5\":\"1\",\"6\":\"1\",\"7\":\"1\",\"8\":\"2\",\"9\":\"2\",\"10\":\"2\",\"11\":\"2\",\"12\":\"2\",\"13\":\"2\",\"14\":\"2\",\"15\":\"2\"},\"mut\":{\"0\":\"M\",\"1\":\"M\",\"2\":\"M\",\"3\":\"M\",\"4\":\"R\",\"5\":\"R\",\"6\":\"R\",\"7\":\"R\",\"8\":\"M\",\"9\":\"M\",\"10\":\"M\",\"11\":\"M\",\"12\":\"R\",\"13\":\"R\",\"14\":\"R\",\"15\":\"R\"},\"base\":{\"0\":\"A\",\"1\":\"C\",\"2\":\"G\",\"3\":\"T\",\"4\":\"A\",\"5\":\"C\",\"6\":\"G\",\"7\":\"T\",\"8\":\"A\",\"9\":\"C\",\"10\":\"G\",\"11\":\"T\",\"12\":\"A\",\"13\":\"C\",\"14\":\"G\",\"15\":\"T\"},\"count\":{\"0\":96393,\"1\":95440,\"2\":57761,\"3\":77286,\"4\":84050,\"5\":76476,\"6\":69235,\"7\":97119,\"8\":4868,\"9\":5909,\"10\":4299,\"11\":3535,\"12\":4237,\"13\":4708,\"14\":4589,\"15\":5077},\"fitted\":{\"0\":96399.4722863075,\"1\":95457.0042357884,\"2\":58003.1970811768,\"3\":77020.326396725,\"4\":84043.5277136911,\"5\":76458.9957642106,\"6\":68992.8029188223,\"7\":97384.673603274,\"8\":4861.5277136915,\"9\":5891.9957642111,\"10\":4056.8029188262,\"11\":3800.6736032831,\"12\":4243.4722863085,\"13\":4725.0042357889,\"14\":4831.1970811794,\"15\":4811.326396733},\"ret\":{\"0\":-0.0000093665,\"1\":-0.0000246066,\"2\":-0.0003497786,\"3\":0.0003851494,\"4\":0.0000093672,\"5\":0.0000246115,\"6\":0.0003511259,\"7\":-0.0003839621,\"8\":0.000009373,\"9\":0.0000246443,\"10\":0.0003607722,\"11\":-0.0003707243,\"12\":-0.0000093596,\"13\":-0.0000245645,\"14\":-0.0003415749,\"15\":0.0003949122}}", "deviance": 63.59609653503364, "df": 3, "rel_entropy": 4.601863473652978e-05, "formula": "count ~ group * mut * base - group : mut : base", "prob": 1.001412739411953e-13}, "pos1": {"stats": "{\"group\":{\"0\":\"1\",\"1\":\"1\",\"2\":\"1\",\"3\":\"1\",\"4\":\"1\",\"5\":\"1\",\"6\":\"1\",\"7\":\"1\",\"8\":\"2\",\"9\":\"2\",\"10\":\"2\",\"11\":\"2\",\"12\":\"2\",\"13\":\"2\",\"14\":\"2\",\"15\":\"2\"},\"mut\":{\"0\":\"M\",\"1\":\"M\",\"2\":\"M\",\"3\":\"M\",\"4\":\"R\",\"5\":\"R\",\"6\":\"R\",\"7\":\"R\",\"8\":\"M\",\"9\":\"M\",\"10\":\"M\",\"11\":\"M\",\"12\":\"R\",\"13\":\"R\",\"14\":\"R\",\"15\":\"R\"},\"base\":{\"0\":\"A\",\"1\":\"C\",\"2\":\"G\",\"3\":\"T\",\"4\":\"A\",\"5\":\"C\",\"6\":\"G\",\"7\":\"T\",\"8\":\"A\",\"9\":\"C\",\"10\":\"G\",\"11\":\"T\",\"12\":\"A\",\"13\":\"C\",\"14\":\"G\",\"15\":\"T\"},\"count\":{\"0\":85027,\"1\":78661,\"2\":53271,\"3\":109921,\"4\":79299,\"5\":84267,\"6\":69173,\"7\":94141,\"8\":3671,\"9\":5832,\"10\":3766,\"11\":5342,\"12\":3816,\"13\":5465,\"14\":4568,\"15\":4762},\"fitted\":{\"0\":84793.0637306911,\"1\":78955.5992099208,\"2\":53359.4761298565,\"3\":109771.8609295304,\"4\":79532.9362693079,\"5\":83972.4007900786,\"6\":69084.5238701433,\"7\":94290.1390704694,\"8\":3904.9362693149,\"9\":5537.4007900812,\"10\":3677.5238701435,\"11\":5491.1390704695,\"12\":3582.0637306987,\"13\":5759.5992099236,\"14\":4656.4761298565,\"15\":4612.8609295305},\"ret\":{\"0\":0.0003390228,\"1\":-0.0004255522,\"2\":-0.0001279378,\"3\":0.000215983,\"4\":-0.0003380578,\"5\":0.0004270956,\"6\":0.000128126,\"7\":-0.0002156656,\"8\":-0.0003282064,\"9\":0.0004374939,\"10\":0.0001295721,\"11\":-0.0002128784,\"12\":0.0003493783,\"13\":-0.0004152541,\"14\":-0.0001268198,\"15\":0.0002192885}}", "deviance": 76.82067774672419, "df": 3, "rel_entropy": 5.5588045525588355e-05, "formula": "count ~ group * mut * base - group : mut : base", "prob": 1.47512151794802e-16}}