{"pos2": {"stats": "{\"mut\":{\"0\":\"M\",\"1\":\"M\",\"2\":\"M\",\"3\":\"M\",\"4\":\"R\",\"5\":\"R\",\"6\":\"R\",\"7\":\"R\"},\"base\":{\"0\":\"A\",\"1\":\"C\",\"2\":\"G\",\"3\":\"T\",\"4\":\"A\",\"5\":\"C\",\"6\":\"G\",\"7\":\"T\"},\"count\":{\"0\":50831,\"1\":32869,\"2\":31916,\"3\":75215,\"4\":64156,\"5\":31364,\"6\":42786,\"7\":52525},\"fitted\":{\"0\":57493.5000000004,\"1\":32116.5000000002,\"2\":37351.0000000002,\"3\":63870.0000000003,\"4\":57493.5000000003,\"5\":32116.5000000001,\"6\":37351.0000000002,\"7\":63870.0000000002},\"ret\":{\"0\":-0.0164035853,\"1\":0.0019945596,\"2\":-0.0131500183,\"3\":0.0322214972,\"4\":0.0184310484,\"5\":-0.0019483592,\"6\":0.0152295279,\"7\":-0.026913385}}", "deviance": 7222.026029812736, "df": 3, "rel_entropy": 0.009461285155206355, "formula": "count ~ mut * base - mut : base", "prob": 0}, "pos3": {"stats": "{\"mut\":{\"0\":\"M\",\"1\":\"M\",\"2\":\"M\",\"3\":\"M\",\"4\":\"R\",\"5\":\"R\",\"6\":\"R\",\"7\":\"R\"},\"base\":{\"0\":\"A\",\"1\":\"C\",\"2\":\"G\",\"3\":\"T\",\"4\":\"A\",\"5\":\"C\",\"6\":\"G\",\"7\":\"T\"},\"count\":{\"0\":62700,\"1\":31326,\"2\":32712,\"3\":64093,\"4\":66087,\"5\":33163,\"6\":36454,\"7\":55127},\"fitted\":{\"0\":64393.4999999922,\"1\":32244.4999999962,\"2\":34583.0000000155,\"3\":59610.0000004737,\"4\":64393.5000000083,\"5\":32244.5000000043,\"6\":34583.0000000241,\"7\":59610.0000004886},\"ret\":{\"0\":-0.0043783067,\"1\":-0.0023719732,\"2\":-0.0047671751,\"3\":0.012177003,\"4\":0.0044950144,\"5\":0.002440535,\"6\":0.0050325244,\"7\":-0.011292805}}", "deviance": 1018.89782541618, "df": 3, "rel_entropy": 0.0013348169655561465, "formula": "count ~ mut * base - mut : base", "prob": 1.430801517795335e-220}, "pos0": {"stats": "{\"mut\":{\"0\":\"M\",\"1\":\"M\",\"2\":\"M\",\"3\":\"M\",\"4\":\"R\",\"5\":\"R\",\"6\":\"R\",\"7\":\"R\"},\"base\":{\"0\":\"A\",\"1\":\"C\",\"2\":\"G\",\"3\":\"T\",\"4\":\"A\",\"5\":\"C\",\"6\":\"G\",\"7\":\"T\"},\"count\":{\"0\":68896,\"1\":27669,\"2\":34309,\"3\":59957,\"4\":66412,\"5\":32486,\"6\":38166,\"7\":53767},\"fitted\":{\"0\":67654.0000000042,\"1\":30077.5000004018,\"2\":36237.5000000207,\"3\":56862.0000000377,\"4\":67653.9999999951,\"5\":30077.5000003977,\"6\":36237.5000000158,\"7\":56862.0000000302},\"ret\":{\"0\":0.0032838775,\"1\":-0.0060508661,\"2\":-0.004915996,\"3\":0.0083260647,\"4\":-0.0032241334,\"5\":0.0065567347,\"6\":0.0051850301,\"7\":-0.0078844588}}", "deviance": 974.1943527365711, "df": 3, "rel_entropy": 0.0012762527481601142, "formula": "count ~ mut * base - mut : base", "prob": 7.130042723215641e-211}, "pos1": {"stats": "{\"mut\":{\"0\":\"M\",\"1\":\"M\",\"2\":\"M\",\"3\":\"M\",\"4\":\"R\",\"5\":\"R\",\"6\":\"R\",\"7\":\"R\"},\"base\":{\"0\":\"A\",\"1\":\"C\",\"2\":\"G\",\"3\":\"T\",\"4\":\"A\",\"5\":\"C\",\"6\":\"G\",\"7\":\"T\"},\"count\":{\"0\":52785,\"1\":49906,\"2\":40911,\"3\":47229,\"4\":63911,\"5\":44964,\"6\":36887,\"7\":45069},\"fitted\":{\"0\":58348.0000032226,\"1\":47435.0000000692,\"2\":38899.0000000558,\"3\":46149.0000000477,\"4\":58348.0000031066,\"5\":47434.9999999749,\"6\":38898.9999999785,\"7\":46148.999999956},\"ret\":{\"0\":-0.0138576873,\"1\":0.0066400919,\"2\":0.0054057239,\"3\":0.0028625849,\"4\":0.0152494752,\"5\":-0.006302677,\"6\":-0.0051329315,\"7\":-0.0027963563}}", "deviance": 1578.7250422372854, "df": 3, "rel_entropy": 0.0020682240336178156, "formula": "count ~ mut * base - mut : base", "prob": 0}}