{"pos2": {"stats": "{\"mut\":{\"0\":\"M\",\"1\":\"M\",\"2\":\"M\",\"3\":\"M\",\"4\":\"R\",\"5\":\"R\",\"6\":\"R\",\"7\":\"R\"},\"base\":{\"0\":\"A\",\"1\":\"C\",\"2\":\"G\",\"3\":\"T\",\"4\":\"A\",\"5\":\"C\",\"6\":\"G\",\"7\":\"T\"},\"count\":{\"0\":70345,\"1\":33351,\"2\":46064,\"3\":57311,\"4\":62523,\"5\":41142,\"6\":50527,\"7\":52879},\"fitted\":{\"0\":66434.0,\"1\":37246.5,\"2\":48295.5,\"3\":55095.0,\"4\":66434.0,\"5\":37246.5,\"6\":48295.5,\"7\":55095.0},\"ret\":{\"0\":0.0097162962,\"1\":-0.0088962057,\"2\":-0.0052618033,\"3\":0.0054570162,\"4\":-0.0091600243,\"5\":0.0098817728,\"6\":0.0055108567,\"7\":-0.0052417404}}", "deviance": 1661.6769486606536, "df": 3, "rel_entropy": 0.0020061681122183375, "formula": "count ~ mut * base - mut : base", "prob": 0}, "pos3": {"stats": "{\"mut\":{\"0\":\"M\",\"1\":\"M\",\"2\":\"M\",\"3\":\"M\",\"4\":\"R\",\"5\":\"R\",\"6\":\"R\",\"7\":\"R\"},\"base\":{\"0\":\"A\",\"1\":\"C\",\"2\":\"G\",\"3\":\"T\",\"4\":\"A\",\"5\":\"C\",\"6\":\"G\",\"7\":\"T\"},\"count\":{\"0\":49060,\"1\":35215,\"2\":58180,\"3\":64616,\"4\":63850,\"5\":41347,\"6\":46234,\"7\":55640},\"fitted\":{\"0\":56455.0000000002,\"1\":38281.0000000001,\"2\":52207.0000000001,\"3\":60128.0000000003,\"4\":56455.0000000001,\"5\":38281.0,\"6\":52207.0,\"7\":60128.0000000002},\"ret\":{\"0\":-0.0166320133,\"1\":-0.0070985391,\"2\":0.0152178539,\"3\":0.0112315956,\"4\":0.0189777185,\"5\":0.007692116,\"6\":-0.0135641474,\"7\":-0.0104219711}}", "deviance": 4474.897959128467, "df": 3, "rel_entropy": 0.005402613064031741, "formula": "count ~ mut * base - mut : base", "prob": 0}, "pos0": {"stats": "{\"mut\":{\"0\":\"M\",\"1\":\"M\",\"2\":\"M\",\"3\":\"M\",\"4\":\"R\",\"5\":\"R\",\"6\":\"R\",\"7\":\"R\"},\"base\":{\"0\":\"A\",\"1\":\"C\",\"2\":\"G\",\"3\":\"T\",\"4\":\"A\",\"5\":\"C\",\"6\":\"G\",\"7\":\"T\"},\"count\":{\"0\":55876,\"1\":45885,\"2\":41941,\"3\":63369,\"4\":61624,\"5\":44687,\"6\":46375,\"7\":54385},\"fitted\":{\"0\":58750.0000000094,\"1\":45285.9999999956,\"2\":44158.0000000096,\"3\":58877.000000526,\"4\":58750.0000000214,\"5\":45286.0000000048,\"6\":44158.0000000186,\"7\":58877.000000538},\"ret\":{\"0\":-0.0067670703,\"1\":0.0014558875,\"2\":-0.0052165467,\"3\":0.0112501482,\"4\":0.0071066875,\"5\":-0.0014367558,\"6\":0.0054854247,\"7\":-0.010421812}}", "deviance": 1205.9509965257332, "df": 3, "rel_entropy": 0.0014559631678575625, "formula": "count ~ mut * base - mut : base", "prob": 3.7500145492470167e-261}, "pos1": {"stats": "{\"mut\":{\"0\":\"M\",\"1\":\"M\",\"2\":\"M\",\"3\":\"M\",\"4\":\"R\",\"5\":\"R\",\"6\":\"R\",\"7\":\"R\"},\"base\":{\"0\":\"A\",\"1\":\"C\",\"2\":\"G\",\"3\":\"T\",\"4\":\"A\",\"5\":\"C\",\"6\":\"G\",\"7\":\"T\"},\"count\":{\"0\":83116,\"1\":14169,\"2\":50977,\"3\":58809,\"4\":72379,\"5\":8196,\"6\":50826,\"7\":75670},\"fitted\":{\"0\":77747.5000000005,\"1\":11182.5000000003,\"2\":50901.5000000002,\"3\":67239.5000000002,\"4\":77747.5000000002,\"5\":11182.5000000002,\"6\":50901.5,\"7\":67239.4999999999},\"ret\":{\"0\":0.0134005341,\"1\":0.0080984139,\"2\":0.0001824398,\"3\":-0.0190234379,\"4\":-0.0125047242,\"5\":-0.0061489261,\"6\":-0.0001821694,\"7\":0.0215824744}}", "deviance": 4476.547487723588, "df": 3, "rel_entropy": 0.005404604565250069, "formula": "count ~ mut * base - mut : base", "prob": 0}}