{"('pos1', 'pos2')": {"stats": "{\"mut\":{\"0\":\"M\",\"1\":\"M\",\"2\":\"M\",\"3\":\"M\",\"4\":\"M\",\"5\":\"M\",\"6\":\"M\",\"7\":\"M\",\"8\":\"M\",\"9\":\"M\",\"10\":\"M\",\"11\":\"M\",\"12\":\"M\",\"13\":\"M\",\"14\":\"M\",\"15\":\"M\",\"16\":\"R\",\"17\":\"R\",\"18\":\"R\",\"19\":\"R\",\"20\":\"R\",\"21\":\"R\",\"22\":\"R\",\"23\":\"R\",\"24\":\"R\",\"25\":\"R\",\"26\":\"R\",\"27\":\"R\",\"28\":\"R\",\"29\":\"R\",\"30\":\"R\",\"31\":\"R\"},\"base1\":{\"0\":\"A\",\"1\":\"A\",\"2\":\"A\",\"3\":\"A\",\"4\":\"C\",\"5\":\"C\",\"6\":\"C\",\"7\":\"C\",\"8\":\"G\",\"9\":\"G\",\"10\":\"G\",\"11\":\"G\",\"12\":\"T\",\"13\":\"T\",\"14\":\"T\",\"15\":\"T\",\"16\":\"A\",\"17\":\"A\",\"18\":\"A\",\"19\":\"A\",\"20\":\"C\",\"21\":\"C\",\"22\":\"C\",\"23\":\"C\",\"24\":\"G\",\"25\":\"G\",\"26\":\"G\",\"27\":\"G\",\"28\":\"T\",\"29\":\"T\",\"30\":\"T\",\"31\":\"T\"},\"base2\":{\"0\":\"A\",\"1\":\"C\",\"2\":\"G\",\"3\":\"T\",\"4\":\"A\",\"5\":\"C\",\"6\":\"G\",\"7\":\"T\",\"8\":\"A\",\"9\":\"C\",\"10\":\"G\",\"11\":\"T\",\"12\":\"A\",\"13\":\"C\",\"14\":\"G\",\"15\":\"T\",\"16\":\"A\",\"17\":\"C\",\"18\":\"G\",\"19\":\"T\",\"20\":\"A\",\"21\":\"C\",\"22\":\"G\",\"23\":\"T\",\"24\":\"A\",\"25\":\"C\",\"26\":\"G\",\"27\":\"T\",\"28\":\"A\",\"29\":\"C\",\"30\":\"G\",\"31\":\"T\"},\"count\":{\"0\":33617,\"1\":11550,\"2\":17064,\"3\":20885,\"4\":3872,\"5\":2605,\"6\":3756,\"7\":3936,\"8\":15438,\"9\":10149,\"10\":13578,\"11\":11812,\"12\":17418,\"13\":9047,\"14\":11666,\"15\":20678,\"16\":23721,\"17\":13887,\"18\":17570,\"19\":17201,\"20\":1987,\"21\":1758,\"22\":2089,\"23\":2362,\"24\":15736,\"25\":10765,\"26\":12618,\"27\":11707,\"28\":21079,\"29\":14732,\"30\":18250,\"31\":21609},\"fitted\":{\"0\":32086.8561189668,\"1\":12203.798189382,\"2\":17595.451090865,\"3\":21229.8946008025,\"4\":3874.2665864568,\"5\":2557.6295005917,\"6\":3585.0902893611,\"7\":4152.0136236095,\"8\":16553.5529721325,\"9\":9433.5297097189,\"10\":12553.2199511453,\"11\":12436.6973672746,\"12\":17830.3243225315,\"13\":9156.0426003567,\"14\":12330.2386687829,\"15\":19492.3944083539,\"16\":25251.1438810735,\"17\":13233.2018106281,\"18\":17038.5489091353,\"19\":16856.105399198,\"20\":1984.7334135479,\"21\":1805.3704994098,\"22\":2259.9097106518,\"23\":2145.9863764312,\"24\":14620.4470280352,\"25\":11480.4702903611,\"26\":13642.7800491404,\"27\":11082.3026327371,\"28\":20666.6756774688,\"29\":14622.9573996448,\"30\":17585.7613312231,\"31\":22794.6055916792},\"ret\":{\"0\":0.0037814609,\"1\":-0.0015356175,\"2\":-0.0012636803,\"3\":-0.0008259915,\"4\":-0.0000054714,\"5\":0.000115435,\"6\":0.000422368,\"7\":-0.0005077833,\"8\":-0.0026007748,\"9\":0.0017915137,\"10\":0.0025728252,\"11\":-0.0014698788,\"12\":-0.0009840095,\"13\":-0.0002617235,\"14\":-0.0015598924,\"15\":0.0029481498,\"16\":-0.0035804553,\"17\":0.0016170524,\"18\":0.0013030664,\"19\":0.0008412555,\"20\":0.0000054761,\"21\":-0.0001128683,\"22\":-0.0003966699,\"23\":0.0005470057,\"24\":0.0027938941,\"25\":-0.0016726096,\"26\":-0.0023791119,\"27\":0.0015501502,\"28\":0.0010054774,\"29\":0.0002642769,\"30\":0.0016338074,\"31\":-0.0027870235}}", "deviance": 1035.067819162069, "df": 9, "rel_entropy": 0.0012496532821617574, "formula": "count ~ mut * base1 * base2 - mut : base1 : base2", "prob": 4.7202148502058079e-217}, "('pos1', 'pos3')": {"stats": "{\"mut\":{\"0\":\"M\",\"1\":\"M\",\"2\":\"M\",\"3\":\"M\",\"4\":\"M\",\"5\":\"M\",\"6\":\"M\",\"7\":\"M\",\"8\":\"M\",\"9\":\"M\",\"10\":\"M\",\"11\":\"M\",\"12\":\"M\",\"13\":\"M\",\"14\":\"M\",\"15\":\"M\",\"16\":\"R\",\"17\":\"R\",\"18\":\"R\",\"19\":\"R\",\"20\":\"R\",\"21\":\"R\",\"22\":\"R\",\"23\":\"R\",\"24\":\"R\",\"25\":\"R\",\"26\":\"R\",\"27\":\"R\",\"28\":\"R\",\"29\":\"R\",\"30\":\"R\",\"31\":\"R\"},\"base1\":{\"0\":\"A\",\"1\":\"A\",\"2\":\"A\",\"3\":\"A\",\"4\":\"C\",\"5\":\"C\",\"6\":\"C\",\"7\":\"C\",\"8\":\"G\",\"9\":\"G\",\"10\":\"G\",\"11\":\"G\",\"12\":\"T\",\"13\":\"T\",\"14\":\"T\",\"15\":\"T\",\"16\":\"A\",\"17\":\"A\",\"18\":\"A\",\"19\":\"A\",\"20\":\"C\",\"21\":\"C\",\"22\":\"C\",\"23\":\"C\",\"24\":\"G\",\"25\":\"G\",\"26\":\"G\",\"27\":\"G\",\"28\":\"T\",\"29\":\"T\",\"30\":\"T\",\"31\":\"T\"},\"base2\":{\"0\":\"A\",\"1\":\"C\",\"2\":\"G\",\"3\":\"T\",\"4\":\"A\",\"5\":\"C\",\"6\":\"G\",\"7\":\"T\",\"8\":\"A\",\"9\":\"C\",\"10\":\"G\",\"11\":\"T\",\"12\":\"A\",\"13\":\"C\",\"14\":\"G\",\"15\":\"T\",\"16\":\"A\",\"17\":\"C\",\"18\":\"G\",\"19\":\"T\",\"20\":\"A\",\"21\":\"C\",\"22\":\"G\",\"23\":\"T\",\"24\":\"A\",\"25\":\"C\",\"26\":\"G\",\"27\":\"T\",\"28\":\"A\",\"29\":\"C\",\"30\":\"G\",\"31\":\"T\"},\"count\":{\"0\":21024,\"1\":14161,\"2\":24271,\"3\":23660,\"4\":2884,\"5\":2817,\"6\":4649,\"7\":3819,\"8\":12222,\"9\":7795,\"10\":14526,\"11\":16434,\"12\":12930,\"13\":10442,\"14\":14734,\"15\":20703,\"16\":23339,\"17\":14970,\"18\":15130,\"19\":18940,\"20\":1943,\"21\":1835,\"22\":2294,\"23\":2124,\"24\":16227,\"25\":9352,\"26\":11895,\"27\":13352,\"28\":22341,\"29\":15190,\"30\":16915,\"31\":21224},\"fitted\":{\"0\":20852.2676915652,\"1\":14433.6003028198,\"2\":23266.1967506356,\"3\":24563.9352549862,\"4\":2733.6294812219,\"5\":2750.047634276,\"6\":4719.880285765,\"7\":3965.442598742,\"8\":12343.8407269519,\"9\":7871.6191226474,\"10\":14658.0488732416,\"11\":16103.4912771591,\"12\":13130.2621002647,\"13\":10159.7329402569,\"14\":15535.8740903683,\"15\":19983.1308691144,\"16\":23510.7323084347,\"17\":14697.3996971801,\"18\":16134.8032493852,\"19\":18036.064745019,\"20\":2093.3705187893,\"21\":1901.9523657244,\"22\":2223.1197142362,\"23\":1977.5574012618,\"24\":16105.159273048,\"25\":9275.3808773526,\"26\":11762.9511267585,\"27\":13682.5087228409,\"28\":22140.7378997353,\"29\":15472.2670597432,\"30\":16113.1259096425,\"31\":21943.8691308861},\"ret\":{\"0\":0.000416373,\"1\":-0.0006519737,\"2\":0.0024778816,\"3\":-0.0021420076,\"4\":0.0003728974,\"5\":0.0001636174,\"6\":-0.0001698581,\"7\":-0.0003469936,\"8\":-0.0002927436,\"9\":-0.0001841036,\"10\":-0.0003174087,\"11\":0.0008061907,\"12\":-0.0004798525,\"13\":0.0006909522,\"14\":-0.0018853786,\"15\":0.0017691574,\"16\":-0.0004131519,\"17\":0.0006642959,\"18\":-0.0023490625,\"19\":0.0022364741,\"20\":-0.0003497246,\"21\":-0.0001587858,\"22\":0.0001738496,\"23\":0.0003663857,\"24\":0.0002953104,\"25\":0.0001857689,\"26\":0.0003206323,\"27\":-0.0007883392,\"28\":0.0004857393,\"29\":-0.0006753155,\"30\":0.0019836284,\"31\":-0.00170939}}", "deviance": 410.05422681705545, "df": 9, "rel_entropy": 0.0004950647686265284, "formula": "count ~ mut * base1 * base2 - mut : base1 : base2", "prob": 9.794720635514401e-83},