{"pos2": {"stats": "{\"strand\":{\"0\":\"+\",\"1\":\"+\",\"2\":\"+\",\"3\":\"+\",\"4\":\"+\",\"5\":\"+\",\"6\":\"+\",\"7\":\"+\",\"8\":\"-\",\"9\":\"-\",\"10\":\"-\",\"11\":\"-\",\"12\":\"-\",\"13\":\"-\",\"14\":\"-\",\"15\":\"-\"},\"mut\":{\"0\":\"M\",\"1\":\"M\",\"2\":\"M\",\"3\":\"M\",\"4\":\"R\",\"5\":\"R\",\"6\":\"R\",\"7\":\"R\",\"8\":\"M\",\"9\":\"M\",\"10\":\"M\",\"11\":\"M\",\"12\":\"R\",\"13\":\"R\",\"14\":\"R\",\"15\":\"R\"},\"base\":{\"0\":\"A\",\"1\":\"C\",\"2\":\"G\",\"3\":\"T\",\"4\":\"A\",\"5\":\"C\",\"6\":\"G\",\"7\":\"T\",\"8\":\"A\",\"9\":\"C\",\"10\":\"G\",\"11\":\"T\",\"12\":\"A\",\"13\":\"C\",\"14\":\"G\",\"15\":\"T\"},\"count\":{\"0\":792,\"1\":694,\"2\":266,\"3\":1198,\"4\":1047,\"5\":727,\"6\":163,\"7\":1013,\"8\":861,\"9\":776,\"10\":275,\"11\":1299,\"12\":1137,\"13\":809,\"14\":143,\"15\":1122},\"fitted\":{\"0\":791.3027272755,\"1\":694.144125218,\"2\":273.8156995672,\"3\":1190.7374479393,\"4\":1047.6972727245,\"5\":726.855874782,\"6\":155.1843004328,\"7\":1020.2625520607,\"8\":861.6972727245,\"9\":775.855874782,\"10\":267.1843004328,\"11\":1306.2625520607,\"12\":1136.3027272755,\"13\":809.144125218,\"14\":150.8156995673,\"15\":1114.7374479393},\"ret\":{\"0\":0.0000566126,\"1\":-0.0000116954,\"2\":-0.0006251484,\"3\":0.000591191,\"4\":-0.0000565688,\"5\":0.0000116977,\"6\":0.0006499993,\"7\":-0.0005872944,\"8\":-0.0000565647,\"9\":0.0000116977,\"10\":0.0006434762,\"11\":-0.0005877557,\"12\":0.000056605,\"13\":-0.0000116955,\"14\":-0.0006175614,\"15\":0.000591313}}", "deviance": 1.4369434585133893, "df": 3, "rel_entropy": 5.83080448999103e-05, "formula": "count ~ strand * mut * base - strand : mut : base", "prob": 0.69689828374020224}, "pos3": {"stats": "{\"strand\":{\"0\":\"+\",\"1\":\"+\",\"2\":\"+\",\"3\":\"+\",\"4\":\"+\",\"5\":\"+\",\"6\":\"+\",\"7\":\"+\",\"8\":\"-\",\"9\":\"-\",\"10\":\"-\",\"11\":\"-\",\"12\":\"-\",\"13\":\"-\",\"14\":\"-\",\"15\":\"-\"},\"mut\":{\"0\":\"M\",\"1\":\"M\",\"2\":\"M\",\"3\":\"M\",\"4\":\"R\",\"5\":\"R\",\"6\":\"R\",\"7\":\"R\",\"8\":\"M\",\"9\":\"M\",\"10\":\"M\",\"11\":\"M\",\"12\":\"R\",\"13\":\"R\",\"14\":\"R\",\"15\":\"R\"},\"base\":{\"0\":\"A\",\"1\":\"C\",\"2\":\"G\",\"3\":\"T\",\"4\":\"A\",\"5\":\"C\",\"6\":\"G\",\"7\":\"T\",\"8\":\"A\",\"9\":\"C\",\"10\":\"G\",\"11\":\"T\",\"12\":\"A\",\"13\":\"C\",\"14\":\"G\",\"15\":\"T\"},\"count\":{\"0\":916,\"1\":634,\"2\":665,\"3\":735,\"4\":769,\"5\":682,\"6\":655,\"7\":844,\"8\":958,\"9\":703,\"10\":771,\"11\":779,\"12\":814,\"13\":731,\"14\":723,\"15\":943},\"fitted\":{\"0\":913.1266183597,\"1\":639.5813697528,\"2\":673.3644588633,\"3\":723.9275530243,\"4\":771.8733816403,\"5\":676.4186302472,\"6\":646.6355411367,\"7\":855.0724469757,\"8\":960.8733816403,\"9\":697.4186302472,\"10\":762.6355411367,\"11\":790.0724469757,\"12\":811.1266183597,\"13\":736.5813697528,\"14\":731.3644588633,\"15\":931.9275530243},\"ret\":{\"0\":0.0002335577,\"1\":-0.0004509776,\"2\":-0.0006745895,\"3\":0.0009054289,\"4\":-0.0002327566,\"5\":0.0004548234,\"6\":0.0006831948,\"7\":-0.0008927484,\"8\":-0.0002328422,\"9\":0.0004547674,\"10\":0.0006825322,\"11\":-0.0008922654,\"12\":0.0002336037,\"13\":-0.0004512392,\"14\":-0.0006749265,\"15\":0.0009039089}}", "deviance": 1.2191772876793863, "df": 3, "rel_entropy": 4.947156661578422e-05, "formula": "count ~ strand * mut * base - strand : mut : base", "prob": 0.74840857602192501}, "pos0": {"stats": "{\"strand\":{\"0\":\"+\",\"1\":\"+\",\"2\":\"+\",\"3\":\"+\",\"4\":\"+\",\"5\":\"+\",\"6\":\"+\",\"7\":\"+\",\"8\":\"-\",\"9\":\"-\",\"10\":\"-\",\"11\":\"-\",\"12\":\"-\",\"13\":\"-\",\"14\":\"-\",\"15\":\"-\"},\"mut\":{\"0\":\"M\",\"1\":\"M\",\"2\":\"M\",\"3\":\"M\",\"4\":\"R\",\"5\":\"R\",\"6\":\"R\",\"7\":\"R\",\"8\":\"M\",\"9\":\"M\",\"10\":\"M\",\"11\":\"M\",\"12\":\"R\",\"13\":\"R\",\"14\":\"R\",\"15\":\"R\"},\"base\":{\"0\":\"A\",\"1\":\"C\",\"2\":\"G\",\"3\":\"T\",\"4\":\"A\",\"5\":\"C\",\"6\":\"G\",\"7\":\"T\",\"8\":\"A\",\"9\":\"C\",\"10\":\"G\",\"11\":\"T\",\"12\":\"A\",\"13\":\"C\",\"14\":\"G\",\"15\":\"T\"},\"count\":{\"0\":880,\"1\":864,\"2\":501,\"3\":705,\"4\":795,\"5\":695,\"6\":590,\"7\":870,\"8\":897,\"9\":982,\"10\":571,\"11\":761,\"12\":826,\"13\":736,\"14\":648,\"15\":1001},\"fitted\":{\"0\":875.2840070832,\"1\":877.5849647447,\"2\":505.850119908,\"3\":691.2809082642,\"4\":799.7159929168,\"5\":681.4150352553,\"6\":585.149880092,\"7\":883.7190917358,\"8\":901.7159929168,\"9\":968.4150352553,\"10\":566.149880092,\"11\":774.7190917358,\"12\":821.2840070832,\"13\":749.5849647447,\"14\":652.850119908,\"15\":987.2809082642},\"ret\":{\"0\":0.0003837587,\"1\":-0.0010939191,\"2\":-0.0003917216,\"3\":0.0011243576,\"4\":-0.0003815988,\"5\":0.0011134143,\"6\":0.0003952414,\"7\":-0.0011046946,\"8\":-0.0003817269,\"9\":0.0011101938,\"10\":0.0003952959,\"11\":-0.001103465,\"12\":0.0003838263,\"13\":-0.0010924454,\"14\":-0.0003921489,\"15\":0.001121082}}", "deviance": 2.1058214583706434, "df": 3, "rel_entropy": 8.544966151479643e-05, "formula": "count ~ strand * mut * base - strand : mut : base", "prob": 0.55073594076597154}, "pos1": {"stats": "{\"strand\":{\"0\":\"+\",\"1\":\"+\",\"2\":\"+\",\"3\":\"+\",\"4\":\"+\",\"5\":\"+\",\"6\":\"+\",\"7\":\"+\",\"8\":\"-\",\"9\":\"-\",\"10\":\"-\",\"11\":\"-\",\"12\":\"-\",\"13\":\"-\",\"14\":\"-\",\"15\":\"-\"},\"mut\":{\"0\":\"M\",\"1\":\"M\",\"2\":\"M\",\"3\":\"M\",\"4\":\"R\",\"5\":\"R\",\"6\":\"R\",\"7\":\"R\",\"8\":\"M\",\"9\":\"M\",\"10\":\"M\",\"11\":\"M\",\"12\":\"R\",\"13\":\"R\",\"14\":\"R\",\"15\":\"R\"},\"base\":{\"0\":\"A\",\"1\":\"C\",\"2\":\"G\",\"3\":\"T\",\"4\":\"A\",\"5\":\"C\",\"6\":\"G\",\"7\":\"T\",\"8\":\"A\",\"9\":\"C\",\"10\":\"G\",\"11\":\"T\",\"12\":\"A\",\"13\":\"C\",\"14\":\"G\",\"15\":\"T\"},\"count\":{\"0\":787,\"1\":732,\"2\":478,\"3\":953,\"4\":729,\"5\":760,\"6\":648,\"7\":813,\"8\":839,\"9\":778,\"10\":505,\"11\":1089,\"12\":818,\"13\":841,\"14\":636,\"15\":916},\"fitted\":{\"0\":778.0141208132,\"1\":725.2982600631,\"2\":489.0513255165,\"3\":957.6362936072,\"4\":737.9858791868,\"5\":766.7017399369,\"6\":636.9486744835,\"7\":808.3637063928,\"8\":847.9858791868,\"9\":784.7017399369,\"10\":493.9486744835,\"11\":1084.3637063928,\"12\":809.0141208132,\"13\":834.2982600631,\"14\":647.0513255165,\"15\":920.6362936072},\"ret\":{\"0\":0.0007334502,\"1\":0.0005463891,\"2\":-0.0008866668,\"3\":-0.0003753492,\"4\":-0.000724797,\"5\":-0.0005415001,\"6\":0.0009046136,\"7\":0.0003773384,\"8\":-0.0007253773,\"9\":-0.0005415549,\"10\":0.0009068367,\"11\":0.0003770647,\"12\":0.00073329,\"13\":0.0005460627,\"14\":-0.0008891745,\"15\":-0.0003753124}}", "deviance": 1.6095761729726394, "df": 3, "rel_entropy": 6.531310554182111e-05, "formula": "count ~ strand * mut * base - strand : mut : base", "prob": 0.65722044124478773}}