{"pos2": {"prob": 0.45519896131326365, "formula": "count ~ strand * mut * base - strand : mut : base", "deviance": 2.6130920593919287, "stats": "{\"strand\":{\"0\":\"+\",\"1\":\"+\",\"2\":\"+\",\"3\":\"+\",\"4\":\"+\",\"5\":\"+\",\"6\":\"+\",\"7\":\"+\",\"8\":\"-\",\"9\":\"-\",\"10\":\"-\",\"11\":\"-\",\"12\":\"-\",\"13\":\"-\",\"14\":\"-\",\"15\":\"-\"},\"mut\":{\"0\":\"M\",\"1\":\"M\",\"2\":\"M\",\"3\":\"M\",\"4\":\"R\",\"5\":\"R\",\"6\":\"R\",\"7\":\"R\",\"8\":\"M\",\"9\":\"M\",\"10\":\"M\",\"11\":\"M\",\"12\":\"R\",\"13\":\"R\",\"14\":\"R\",\"15\":\"R\"},\"base\":{\"0\":\"A\",\"1\":\"C\",\"2\":\"G\",\"3\":\"T\",\"4\":\"A\",\"5\":\"C\",\"6\":\"G\",\"7\":\"T\",\"8\":\"A\",\"9\":\"C\",\"10\":\"G\",\"11\":\"T\",\"12\":\"A\",\"13\":\"C\",\"14\":\"G\",\"15\":\"T\"},\"count\":{\"0\":2541,\"1\":2075,\"2\":2824,\"3\":1752,\"4\":2643,\"5\":1755,\"6\":2717,\"7\":2077,\"8\":2449,\"9\":2068,\"10\":2873,\"11\":1761,\"12\":2680,\"13\":1749,\"14\":2672,\"15\":2050},\"fitted\":{\"0\":2508.464320585,\"1\":2075.1382594997,\"2\":2847.6424323452,\"3\":1760.7549875701,\"4\":2675.535679415,\"5\":1754.8617405003,\"6\":2693.3575676548,\"7\":2068.2450124299,\"8\":2481.535679415,\"9\":2067.8617405003,\"10\":2849.3575676548,\"11\":1752.2450124299,\"12\":2647.464320585,\"13\":1749.1382594997,\"14\":2695.6424323452,\"15\":2058.7549875701},\"ret\":{\"0\":0.0008925959,\"1\":-0.0000037686,\"2\":-0.0006417711,\"3\":-0.0002380523,\"4\":-0.0008814547,\"5\":0.0000037689,\"6\":0.0006472741,\"7\":0.0002391509,\"8\":-0.0008810296,\"9\":0.0000037689,\"10\":0.0006471201,\"11\":0.0002392418,\"12\":0.0008922964,\"13\":-0.0000037686,\"14\":-0.0006416194,\"15\":-0.0002381384}}", "df": 3, "rel_entropy": 3.561429509066032e-05}, "pos1": {"prob": 0.1653195350567088, "formula": "count ~ strand * mut * base - strand : mut : base", "deviance": 5.09006728573673, "stats": "{\"strand\":{\"0\":\"+\",\"1\":\"+\",\"2\":\"+\",\"3\":\"+\",\"4\":\"+\",\"5\":\"+\",\"6\":\"+\",\"7\":\"+\",\"8\":\"-\",\"9\":\"-\",\"10\":\"-\",\"11\":\"-\",\"12\":\"-\",\"13\":\"-\",\"14\":\"-\",\"15\":\"-\"},\"mut\":{\"0\":\"M\",\"1\":\"M\",\"2\":\"M\",\"3\":\"M\",\"4\":\"R\",\"5\":\"R\",\"6\":\"R\",\"7\":\"R\",\"8\":\"M\",\"9\":\"M\",\"10\":\"M\",\"11\":\"M\",\"12\":\"R\",\"13\":\"R\",\"14\":\"R\",\"15\":\"R\"},\"base\":{\"0\":\"A\",\"1\":\"C\",\"2\":\"G\",\"3\":\"T\",\"4\":\"A\",\"5\":\"C\",\"6\":\"G\",\"7\":\"T\",\"8\":\"A\",\"9\":\"C\",\"10\":\"G\",\"11\":\"T\",\"12\":\"A\",\"13\":\"C\",\"14\":\"G\",\"15\":\"T\"},\"count\":{\"0\":2269,\"1\":3572,\"2\":2393,\"3\":958,\"4\":2641,\"5\":2652,\"6\":2260,\"7\":1639,\"8\":2207,\"9\":3721,\"10\":2230,\"11\":993,\"12\":2594,\"13\":2704,\"14\":2270,\"15\":1583},\"fitted\":{\"0\":2265.9947211401,\"1\":3592.2334000979,\"2\":2352.863977785,\"3\":980.907900977,\"4\":2644.0052788599,\"5\":2631.7665999021,\"6\":2300.136022215,\"7\":1616.092099023,\"8\":2210.0052788599,\"9\":3700.7665999021,\"10\":2270.136022215,\"11\":970.092099023,\"12\":2590.9947211401,\"13\":2724.2334000979,\"14\":2229.863977785,\"15\":1605.907900977},\"ret\":{\"0\":0.0000819733,\"1\":-0.000549973,\"2\":0.0011033206,\"3\":-0.0006170828,\"4\":-0.0000818724,\"5\":0.0005536439,\"6\":-0.0010844407,\"7\":0.0006288365,\"8\":-0.0000818632,\"9\":0.0005530342,\"10\":-0.0010843131,\"11\":0.000631747,\"12\":0.0000819664,\"13\":-0.000549476,\"14\":0.0011038294,\"15\":-0.0006199567}}", "df": 3, "rel_entropy": 6.937342972437346e-05}, "pos3": {"prob": 0.31273160470904243, "formula": "count ~ strand * mut * base - strand : mut : base", "deviance": 3.5626142198903015, "stats": "{\"strand\":{\"0\":\"+\",\"1\":\"+\",\"2\":\"+\",\"3\":\"+\",\"4\":\"+\",\"5\":\"+\",\"6\":\"+\",\"7\":\"+\",\"8\":\"-\",\"9\":\"-\",\"10\":\"-\",\"11\":\"-\",\"12\":\"-\",\"13\":\"-\",\"14\":\"-\",\"15\":\"-\"},\"mut\":{\"0\":\"M\",\"1\":\"M\",\"2\":\"M\",\"3\":\"M\",\"4\":\"R\",\"5\":\"R\",\"6\":\"R\",\"7\":\"R\",\"8\":\"M\",\"9\":\"M\",\"10\":\"M\",\"11\":\"M\",\"12\":\"R\",\"13\":\"R\",\"14\":\"R\",\"15\":\"R\"},\"base\":{\"0\":\"A\",\"1\":\"C\",\"2\":\"G\",\"3\":\"T\",\"4\":\"A\",\"5\":\"C\",\"6\":\"G\",\"7\":\"T\",\"8\":\"A\",\"9\":\"C\",\"10\":\"G\",\"11\":\"T\",\"12\":\"A\",\"13\":\"C\",\"14\":\"G\",\"15\":\"T\"},\"count\":{\"0\":2255,\"1\":2451,\"2\":2279,\"3\":2207,\"4\":2721,\"5\":2000,\"6\":2235,\"7\":2236,\"8\":2228,\"9\":2288,\"10\":2309,\"11\":2326,\"12\":2666,\"13\":1993,\"14\":2239,\"15\":2253},\"fitted\":{\"0\":2259.7257663696,\"1\":2415.2797269653,\"2\":2285.0258719641,\"3\":2231.968634701,\"4\":2716.2742336304,\"5\":2035.7202730347,\"6\":2228.9741280359,\"7\":2211.031365299,\"8\":2223.2742336304,\"9\":2323.7202730347,\"10\":2302.9741280359,\"11\":2301.031365299,\"12\":2670.7257663696,\"13\":1957.2797269653,\"14\":2245.0258719641,\"15\":2277.968634701},\"ret\":{\"0\":-0.0001286818,\"1\":0.0009808406,\"2\":-0.0001640386,\"3\":-0.0006767827,\"4\":0.0001289286,\"5\":-0.000965083,\"6\":0.0001644772,\"7\":0.0006844325,\"8\":0.0001289534,\"9\":-0.0009661535,\"10\":0.0001644701,\"11\":0.0006842833,\"12\":-0.0001287026,\"13\":0.0009825071,\"14\":-0.0001640347,\"15\":-0.0006768602}}", "df": 3, "rel_entropy": 4.855550100706402e-05}, "pos0": {"prob": 0.33518153597467376, "formula": "count ~ strand * mut * base - strand : mut : base", "deviance": 3.3909636167798123, "stats": "{\"strand\":{\"0\":\"+\",\"1\":\"+\",\"2\":\"+\",\"3\":\"+\",\"4\":\"+\",\"5\":\"+\",\"6\":\"+\",\"7\":\"+\",\"8\":\"-\",\"9\":\"-\",\"10\":\"-\",\"11\":\"-\",\"12\":\"-\",\"13\":\"-\",\"14\":\"-\",\"15\":\"-\"},\"mut\":{\"0\":\"M\",\"1\":\"M\",\"2\":\"M\",\"3\":\"M\",\"4\":\"R\",\"5\":\"R\",\"6\":\"R\",\"7\":\"R\",\"8\":\"M\",\"9\":\"M\",\"10\":\"M\",\"11\":\"M\",\"12\":\"R\",\"13\":\"R\",\"14\":\"R\",\"15\":\"R\"},\"base\":{\"0\":\"A\",\"1\":\"C\",\"2\":\"G\",\"3\":\"T\",\"4\":\"A\",\"5\":\"C\",\"6\":\"G\",\"7\":\"T\",\"8\":\"A\",\"9\":\"C\",\"10\":\"G\",\"11\":\"T\",\"12\":\"A\",\"13\":\"C\",\"14\":\"G\",\"15\":\"T\"},\"count\":{\"0\":2426,\"1\":2113,\"2\":2569,\"3\":2084,\"4\":2781,\"5\":1781,\"6\":2346,\"7\":2284,\"8\":2401,\"9\":2195,\"10\":2548,\"11\":2007,\"12\":2752,\"13\":1749,\"14\":2318,\"15\":2332},\"fitted\":{\"0\":2426.6535522751,\"1\":2140.6908875268,\"2\":2571.8601900221,\"3\":2052.795370176,\"4\":2780.3464477249,\"5\":1753.3091124732,\"6\":2343.1398099779,\"7\":2315.204629824,\"8\":2400.3464477249,\"9\":2167.3091124732,\"10\":2545.1398099779,\"11\":2038.204629824,\"12\":2752.6535522751,\"13\":1776.6908875268,\"14\":2320.8601900221,\"15\":2300.795370176},\"ret\":{\"0\":-0.0000178124,\"1\":-0.0007499049,\"2\":-0.0000779207,\"3\":0.0008570193,\"4\":0.0000178169,\"5\":0.0007607374,\"6\":0.0000780116,\"7\":-0.0008448288,\"8\":0.0000178172,\"9\":0.0007596096,\"10\":0.0000780079,\"11\":-0.0008440422,\"12\":-0.0000178126,\"13\":-0.0007488951,\"14\":-0.000077916,\"15\":0.000856329}}", "df": 3, "rel_entropy": 4.6216044496263044e-05}}