{"pos2": {"stats": "{\"mut\":{\"0\":\"M\",\"1\":\"M\",\"2\":\"M\",\"3\":\"M\",\"4\":\"R\",\"5\":\"R\",\"6\":\"R\",\"7\":\"R\"},\"base\":{\"0\":\"A\",\"1\":\"C\",\"2\":\"G\",\"3\":\"T\",\"4\":\"A\",\"5\":\"C\",\"6\":\"G\",\"7\":\"T\"},\"count\":{\"0\":5133,\"1\":3925,\"2\":5731,\"3\":3740,\"4\":4850,\"5\":4488,\"6\":5357,\"7\":3834},\"fitted\":{\"0\":4991.5000000001,\"1\":4206.5000000134,\"2\":5544.0000000002,\"3\":3787.0000000001,\"4\":4991.4999999999,\"5\":4206.5000000132,\"6\":5544.0,\"7\":3786.9999999999},\"ret\":{\"0\":0.003871956,\"1\":-0.0073361634,\"2\":0.0051303065,\"3\":-0.0012603791,\"4\":-0.0037636985,\"5\":0.0078448831,\"6\":-0.0049600669,\"7\":0.00127612}}", "rel_entropy": 0.0008029576104296447, "deviance": 59.51200625460355, "formula": "count ~ mut * base - mut : base", "df": 3, "prob": 7.473023783413574e-13}, "pos1": {"stats": "{\"mut\":{\"0\":\"M\",\"1\":\"M\",\"2\":\"M\",\"3\":\"M\",\"4\":\"R\",\"5\":\"R\",\"6\":\"R\",\"7\":\"R\"},\"base\":{\"0\":\"A\",\"1\":\"C\",\"2\":\"G\",\"3\":\"T\",\"4\":\"A\",\"5\":\"C\",\"6\":\"G\",\"7\":\"T\"},\"count\":{\"0\":6124,\"1\":2954,\"2\":5096,\"3\":4355,\"4\":5668,\"5\":1750,\"6\":5442,\"7\":5669},\"fitted\":{\"0\":5896.0,\"1\":2352.0,\"2\":5269.0,\"3\":5012.0,\"4\":5896.0,\"5\":2352.0,\"6\":5269.0,\"7\":5012.0},\"ret\":{\"0\":0.0062699731,\"1\":0.0181660999,\"2\":-0.0045908655,\"3\":-0.0165125724,\"4\":-0.0060319941,\"5\":-0.0139615717,\"6\":0.0047441718,\"7\":0.0188432827}}", "rel_entropy": 0.006926523840178743, "deviance": 513.3662409386877, "formula": "count ~ mut * base - mut : base", "df": 3, "prob": 6.0524946309390744e-111}, "pos3": {"stats": "{\"mut\":{\"0\":\"M\",\"1\":\"M\",\"2\":\"M\",\"3\":\"M\",\"4\":\"R\",\"5\":\"R\",\"6\":\"R\",\"7\":\"R\"},\"base\":{\"0\":\"A\",\"1\":\"C\",\"2\":\"G\",\"3\":\"T\",\"4\":\"A\",\"5\":\"C\",\"6\":\"G\",\"7\":\"T\"},\"count\":{\"0\":3561,\"1\":4232,\"2\":5752,\"3\":4984,\"4\":4929,\"5\":4571,\"6\":4793,\"7\":4236},\"fitted\":{\"0\":4245.0,\"1\":4401.5,\"2\":5272.5,\"3\":4610.0,\"4\":4245.0,\"5\":4401.5,\"6\":5272.5,\"7\":4610.0},\"ret\":{\"0\":-0.0168835118,\"1\":-0.0044846886,\"2\":0.0135104771,\"3\":0.0104910288,\"4\":0.0198705959,\"5\":0.0046608717,\"6\":-0.0123321147,\"7\":-0.0096713613}}", "rel_entropy": 0.005161297100525835, "deviance": 382.53469590257276, "formula": "count ~ mut * base - mut : base", "df": 3, "prob": 1.3429275479043472e-82}, "pos0": {"stats": "{\"mut\":{\"0\":\"M\",\"1\":\"M\",\"2\":\"M\",\"3\":\"M\",\"4\":\"R\",\"5\":\"R\",\"6\":\"R\",\"7\":\"R\"},\"base\":{\"0\":\"A\",\"1\":\"C\",\"2\":\"G\",\"3\":\"T\",\"4\":\"A\",\"5\":\"C\",\"6\":\"G\",\"7\":\"T\"},\"count\":{\"0\":4105,\"1\":5609,\"2\":4370,\"3\":4445,\"4\":4733,\"5\":5042,\"6\":4812,\"7\":3942},\"fitted\":{\"0\":4419.0000000227,\"1\":5325.5000000029,\"2\":4591.0000000012,\"3\":4193.5000000056,\"4\":4419.0000000223,\"5\":5325.5000000025,\"6\":4591.0000000009,\"7\":4193.5000000053},\"ret\":{\"0\":-0.0081647698,\"1\":0.0078502762,\"2\":-0.0058177268,\"3\":0.0069862188,\"4\":0.0087673563,\"5\":-0.0074428311,\"6\":0.0061049128,\"7\":-0.006578953}}", "rel_entropy": 0.0017044832942263689, "deviance": 126.32948383488156, "formula": "count ~ mut * base - mut : base", "df": 3, "prob": 3.341884459256837e-27}}