{"('pos1', 'pos2')": {"stats": "{\"mut\":{\"0\":\"M\",\"1\":\"M\",\"2\":\"M\",\"3\":\"M\",\"4\":\"M\",\"5\":\"M\",\"6\":\"M\",\"7\":\"M\",\"8\":\"M\",\"9\":\"M\",\"10\":\"M\",\"11\":\"M\",\"12\":\"M\",\"13\":\"M\",\"14\":\"M\",\"15\":\"M\",\"16\":\"R\",\"17\":\"R\",\"18\":\"R\",\"19\":\"R\",\"20\":\"R\",\"21\":\"R\",\"22\":\"R\",\"23\":\"R\",\"24\":\"R\",\"25\":\"R\",\"26\":\"R\",\"27\":\"R\",\"28\":\"R\",\"29\":\"R\",\"30\":\"R\",\"31\":\"R\"},\"base1\":{\"0\":\"A\",\"1\":\"A\",\"2\":\"A\",\"3\":\"A\",\"4\":\"C\",\"5\":\"C\",\"6\":\"C\",\"7\":\"C\",\"8\":\"G\",\"9\":\"G\",\"10\":\"G\",\"11\":\"G\",\"12\":\"T\",\"13\":\"T\",\"14\":\"T\",\"15\":\"T\",\"16\":\"A\",\"17\":\"A\",\"18\":\"A\",\"19\":\"A\",\"20\":\"C\",\"21\":\"C\",\"22\":\"C\",\"23\":\"C\",\"24\":\"G\",\"25\":\"G\",\"26\":\"G\",\"27\":\"G\",\"28\":\"T\",\"29\":\"T\",\"30\":\"T\",\"31\":\"T\"},\"base2\":{\"0\":\"A\",\"1\":\"C\",\"2\":\"G\",\"3\":\"T\",\"4\":\"A\",\"5\":\"C\",\"6\":\"G\",\"7\":\"T\",\"8\":\"A\",\"9\":\"C\",\"10\":\"G\",\"11\":\"T\",\"12\":\"A\",\"13\":\"C\",\"14\":\"G\",\"15\":\"T\",\"16\":\"A\",\"17\":\"C\",\"18\":\"G\",\"19\":\"T\",\"20\":\"A\",\"21\":\"C\",\"22\":\"G\",\"23\":\"T\",\"24\":\"A\",\"25\":\"C\",\"26\":\"G\",\"27\":\"T\",\"28\":\"A\",\"29\":\"C\",\"30\":\"G\",\"31\":\"T\"},\"count\":{\"0\":2036,\"1\":1291,\"2\":1637,\"3\":1160,\"4\":677,\"5\":588,\"6\":1181,\"7\":508,\"8\":1401,\"9\":1115,\"10\":1640,\"11\":940,\"12\":1019,\"13\":931,\"14\":1273,\"15\":1132,\"16\":1641,\"17\":1304,\"18\":1619,\"19\":1104,\"20\":345,\"21\":505,\"22\":550,\"23\":350,\"24\":1436,\"25\":1354,\"26\":1571,\"27\":1081,\"28\":1428,\"29\":1325,\"30\":1617,\"31\":1299},\"fitted\":{\"0\":1962.2264906529,\"1\":1257.5701370017,\"2\":1732.1650224094,\"3\":1172.038349936,\"4\":656.1236784429,\"5\":651.1282114656,\"6\":1108.650548174,\"7\":538.0975619175,\"8\":1414.5874493206,\"9\":1110.3088511449,\"10\":1595.7279666811,\"11\":975.3757328534,\"12\":1100.0623815837,\"13\":905.9928003877,\"14\":1294.4564627355,\"15\":1054.488355293,\"16\":1714.7735093471,\"17\":1337.4298629983,\"18\":1523.8349775906,\"19\":1091.961650064,\"20\":365.8763215571,\"21\":441.8717885344,\"22\":622.349451826,\"23\":319.9024380825,\"24\":1422.4125506794,\"25\":1358.6911488551,\"26\":1615.2720333189,\"27\":1045.6242671466,\"28\":1346.9376184163,\"29\":1350.0071996123,\"30\":1595.5435372645,\"31\":1376.511644707},\"ret\":{\"0\":0.0020277207,\"1\":0.000913981,\"2\":-0.0024961306,\"3\":-0.0003231775,\"4\":0.0005722104,\"5\":-0.0016181126,\"6\":0.0020146915,\"7\":-0.0007890249,\"8\":-0.000364887,\"9\":0.0001268564,\"10\":0.00121109,\"11\":-0.0009370801,\"12\":-0.002104795,\"13\":0.000684041,\"14\":-0.0005741714,\"15\":0.0021666874,\"16\":-0.0019473068,\"17\":-0.0008907264,\"18\":0.0026465703,\"19\":0.0003266357,\"20\":-0.0005469554,\"21\":0.0018197696,\"22\":-0.0018341765,\"23\":0.0008492358,\"24\":0.0003683993,\"25\":-0.0001263706,\"26\":-0.0011781451,\"27\":0.0009705736,\"28\":0.0022519873,\"29\":-0.0006685235,\"30\":0.0005828725,\"31\":-0.0020316029}}", "deviance": 81.68593312197073, "df": 9, "rel_entropy": 0.0011021362880075927, "formula": "count ~ mut * base1 * base2 - mut : base1 : base2", "prob": 7.469120402747723e-14}, "('pos1', 'pos3')": {"stats": "{\"mut\":{\"0\":\"M\",\"1\":\"M\",\"2\":\"M\",\"3\":\"M\",\"4\":\"M\",\"5\":\"M\",\"6\":\"M\",\"7\":\"M\",\"8\":\"M\",\"9\":\"M\",\"10\":\"M\",\"11\":\"M\",\"12\":\"M\",\"13\":\"M\",\"14\":\"M\",\"15\":\"M\",\"16\":\"R\",\"17\":\"R\",\"18\":\"R\",\"19\":\"R\",\"20\":\"R\",\"21\":\"R\",\"22\":\"R\",\"23\":\"R\",\"24\":\"R\",\"25\":\"R\",\"26\":\"R\",\"27\":\"R\",\"28\":\"R\",\"29\":\"R\",\"30\":\"R\",\"31\":\"R\"},\"base1\":{\"0\":\"A\",\"1\":\"A\",\"2\":\"A\",\"3\":\"A\",\"4\":\"C\",\"5\":\"C\",\"6\":\"C\",\"7\":\"C\",\"8\":\"G\",\"9\":\"G\",\"10\":\"G\",\"11\":\"G\",\"12\":\"T\",\"13\":\"T\",\"14\":\"T\",\"15\":\"T\",\"16\":\"A\",\"17\":\"A\",\"18\":\"A\",\"19\":\"A\",\"20\":\"C\",\"21\":\"C\",\"22\":\"C\",\"23\":\"C\",\"24\":\"G\",\"25\":\"G\",\"26\":\"G\",\"27\":\"G\",\"28\":\"T\",\"29\":\"T\",\"30\":\"T\",\"31\":\"T\"},\"base2\":{\"0\":\"A\",\"1\":\"C\",\"2\":\"G\",\"3\":\"T\",\"4\":\"A\",\"5\":\"C\",\"6\":\"G\",\"7\":\"T\",\"8\":\"A\",\"9\":\"C\",\"10\":\"G\",\"11\":\"T\",\"12\":\"A\",\"13\":\"C\",\"14\":\"G\",\"15\":\"T\",\"16\":\"A\",\"17\":\"C\",\"18\":\"G\",\"19\":\"T\",\"20\":\"A\",\"21\":\"C\",\"22\":\"G\",\"23\":\"T\",\"24\":\"A\",\"25\":\"C\",\"26\":\"G\",\"27\":\"T\",\"28\":\"A\",\"29\":\"C\",\"30\":\"G\",\"31\":\"T\"},\"count\":{\"0\":1380,\"1\":1253,\"2\":1870,\"3\":1621,\"4\":467,\"5\":811,\"6\":1019,\"7\":657,\"8\":895,\"9\":1116,\"10\":1791,\"11\":1294,\"12\":819,\"13\":1052,\"14\":1072,\"15\":1412,\"16\":1670,\"17\":1268,\"18\":1400,\"19\":1330,\"20\":356,\"21\":525,\"22\":532,\"23\":337,\"24\":1388,\"25\":1401,\"26\":1497,\"27\":1156,\"28\":1515,\"29\":1377,\"30\":1364,\"31\":1413},\"fitted\":{\"0\":1349.7881171369,\"1\":1260.4267718154,\"2\":1841.0364768527,\"3\":1672.748634195,\"4\":451.911635383,\"5\":808.7246207893,\"6\":1029.8847805565,\"7\":663.4789632713,\"8\":922.1744264129,\"9\":1159.0200604637,\"10\":1722.0904946797,\"11\":1292.7150184439,\"12\":837.1258210672,\"13\":1003.8285469319,\"14\":1158.9882479193,\"15\":1355.05738409,\"16\":1700.2118828631,\"17\":1260.5732281846,\"18\":1428.9635231473,\"19\":1278.2513658051,\"20\":371.088364617,\"21\":527.2753792107,\"22\":521.1152194435,\"23\":330.5210367287,\"24\":1360.8255735871,\"25\":1357.9799395363,\"26\":1565.9095053206,\"27\":1157.2849815561,\"28\":1496.8741789329,\"29\":1425.1714530684,\"30\":1277.0117520945,\"31\":1469.9426159102},\"ret\":{\"0\":0.0008243159,\"1\":-0.0001998178,\"2\":0.0007876887,\"3\":-0.0013745964,\"4\":0.000413878,\"5\":0.0000614868,\"6\":-0.0002921652,\"7\":-0.0001739766,\"8\":-0.0007223825,\"9\":-0.0011390683,\"10\":0.0018962217,\"11\":0.0000346921,\"12\":-0.0004837864,\"13\":0.0013305957,\"14\":-0.0022569728,\"15\":0.0015684233,\"16\":-0.0008079727,\"17\":0.0002009986,\"18\":-0.0007735979,\"19\":0.0014243152,\"20\":-0.0003987635,\"21\":-0.0000612678,\"22\":0.0002967693,\"23\":0.0001765355,\"24\":0.0007405678,\"25\":0.0011790815,\"26\":-0.0018179757,\"27\":-0.0000346556,\"28\":0.0004920699,\"29\":-0.0012776732,\"30\":0.0024255474,\"31\":-0.001506427}}", "deviance": 39.436226814048105, "df": 9, "rel_entropy": 0.0005320879002381146, "formula": "count ~ mut * base1 * base2 - mut : base1 : base2", "prob": 9.6102523291445372e-06},