{"pos2": {"stats": "{\"group\":{\"0\":\"1\",\"1\":\"1\",\"2\":\"1\",\"3\":\"1\",\"4\":\"1\",\"5\":\"1\",\"6\":\"1\",\"7\":\"1\",\"8\":\"2\",\"9\":\"2\",\"10\":\"2\",\"11\":\"2\",\"12\":\"2\",\"13\":\"2\",\"14\":\"2\",\"15\":\"2\"},\"mut\":{\"0\":\"M\",\"1\":\"M\",\"2\":\"M\",\"3\":\"M\",\"4\":\"R\",\"5\":\"R\",\"6\":\"R\",\"7\":\"R\",\"8\":\"M\",\"9\":\"M\",\"10\":\"M\",\"11\":\"M\",\"12\":\"R\",\"13\":\"R\",\"14\":\"R\",\"15\":\"R\"},\"base\":{\"0\":\"A\",\"1\":\"C\",\"2\":\"G\",\"3\":\"T\",\"4\":\"A\",\"5\":\"C\",\"6\":\"G\",\"7\":\"T\",\"8\":\"A\",\"9\":\"C\",\"10\":\"G\",\"11\":\"T\",\"12\":\"A\",\"13\":\"C\",\"14\":\"G\",\"15\":\"T\"},\"count\":{\"0\":15058,\"1\":18114,\"2\":82310,\"3\":17809,\"4\":40691,\"5\":40221,\"6\":12498,\"7\":39881,\"8\":381,\"9\":455,\"10\":1761,\"11\":493,\"12\":994,\"13\":943,\"14\":267,\"15\":886},\"fitted\":{\"0\":15043.4280326477,\"1\":18108.0336497389,\"2\":82290.7820168676,\"3\":17848.7563007454,\"4\":40705.5719673521,\"5\":40226.9663502608,\"6\":12517.2179831322,\"7\":39841.2436992545,\"8\":395.5719673522,\"9\":460.966350261,\"10\":1780.2179831322,\"11\":453.2436992554,\"12\":979.4280326478,\"13\":937.033649739,\"14\":247.7820168678,\"15\":925.7563007467},\"ret\":{\"0\":0.0000534496,\"1\":0.0000218774,\"2\":0.0000704652,\"3\":-0.0001455921,\"4\":-0.0000534142,\"5\":-0.0000218722,\"6\":-0.0000704029,\"7\":0.0001458272,\"8\":-0.0000524274,\"9\":-0.0000217317,\"10\":-0.0000700753,\"11\":0.0001519679,\"12\":0.0000538192,\"13\":0.0000219433,\"14\":0.0000731213,\"15\":-0.0001425791}}", "deviance": 7.842650603974546, "df": 3, "rel_entropy": 1.4376362183835258e-05, "formula": "count ~ group * mut * base - group : mut : base", "prob": 0.049378077439021562}, "pos3": {"stats": "{\"group\":{\"0\":\"1\",\"1\":\"1\",\"2\":\"1\",\"3\":\"1\",\"4\":\"1\",\"5\":\"1\",\"6\":\"1\",\"7\":\"1\",\"8\":\"2\",\"9\":\"2\",\"10\":\"2\",\"11\":\"2\",\"12\":\"2\",\"13\":\"2\",\"14\":\"2\",\"15\":\"2\"},\"mut\":{\"0\":\"M\",\"1\":\"M\",\"2\":\"M\",\"3\":\"M\",\"4\":\"R\",\"5\":\"R\",\"6\":\"R\",\"7\":\"R\",\"8\":\"M\",\"9\":\"M\",\"10\":\"M\",\"11\":\"M\",\"12\":\"R\",\"13\":\"R\",\"14\":\"R\",\"15\":\"R\"},\"base\":{\"0\":\"A\",\"1\":\"C\",\"2\":\"G\",\"3\":\"T\",\"4\":\"A\",\"5\":\"C\",\"6\":\"G\",\"7\":\"T\",\"8\":\"A\",\"9\":\"C\",\"10\":\"G\",\"11\":\"T\",\"12\":\"A\",\"13\":\"C\",\"14\":\"G\",\"15\":\"T\"},\"count\":{\"0\":24474,\"1\":36254,\"2\":41438,\"3\":31125,\"4\":28207,\"5\":35071,\"6\":36167,\"7\":33846,\"8\":616,\"9\":878,\"10\":858,\"11\":738,\"12\":722,\"13\":734,\"14\":809,\"15\":825},\"fitted\":{\"0\":24466.4040074763,\"1\":36308.738732173,\"2\":41403.8862287291,\"3\":31111.9710316217,\"4\":28214.5959925237,\"5\":35016.2612678271,\"6\":36201.113771271,\"7\":33859.0289683784,\"8\":623.5959925237,\"9\":823.2612678298,\"10\":892.113771271,\"11\":751.0289683783,\"12\":714.4040074763,\"13\":788.738732176,\"14\":774.8862287291,\"15\":811.9710316217},\"ret\":{\"0\":0.0000278527,\"1\":-0.0002005318,\"2\":0.0001251194,\"3\":0.0000477768,\"4\":-0.0000278447,\"5\":0.0002008399,\"6\":-0.000125009,\"7\":-0.0000477576,\"8\":-0.0000276781,\"9\":0.0002072117,\"10\":-0.0001226456,\"11\":-0.0000473501,\"12\":0.000027996,\"13\":-0.0001935525,\"14\":0.0001277814,\"15\":0.000048148}}", "deviance": 11.105059521561142, "df": 3, "rel_entropy": 2.0356683705136973e-05, "formula": "count ~ group * mut * base - group : mut : base", "prob": 0.01117113430980117}, "pos0": {"stats": "{\"group\":{\"0\":\"1\",\"1\":\"1\",\"2\":\"1\",\"3\":\"1\",\"4\":\"1\",\"5\":\"1\",\"6\":\"1\",\"7\":\"1\",\"8\":\"2\",\"9\":\"2\",\"10\":\"2\",\"11\":\"2\",\"12\":\"2\",\"13\":\"2\",\"14\":\"2\",\"15\":\"2\"},\"mut\":{\"0\":\"M\",\"1\":\"M\",\"2\":\"M\",\"3\":\"M\",\"4\":\"R\",\"5\":\"R\",\"6\":\"R\",\"7\":\"R\",\"8\":\"M\",\"9\":\"M\",\"10\":\"M\",\"11\":\"M\",\"12\":\"R\",\"13\":\"R\",\"14\":\"R\",\"15\":\"R\"},\"base\":{\"0\":\"A\",\"1\":\"C\",\"2\":\"G\",\"3\":\"T\",\"4\":\"A\",\"5\":\"C\",\"6\":\"G\",\"7\":\"T\",\"8\":\"A\",\"9\":\"C\",\"10\":\"G\",\"11\":\"T\",\"12\":\"A\",\"13\":\"C\",\"14\":\"G\",\"15\":\"T\"},\"count\":{\"0\":29647,\"1\":34842,\"2\":37109,\"3\":31693,\"4\":30002,\"5\":35097,\"6\":34531,\"7\":33661,\"8\":731,\"9\":786,\"10\":782,\"11\":791,\"12\":699,\"13\":754,\"14\":794,\"15\":843},\"fitted\":{\"0\":29666.0401401644,\"1\":34859.6027627729,\"2\":37074.5658184171,\"3\":31690.7912786461,\"4\":29982.9598598358,\"5\":35079.3972372273,\"6\":34565.4341815832,\"7\":33663.2087213541,\"8\":711.9598598357,\"9\":768.3972372272,\"10\":816.4341815831,\"11\":793.208721354,\"12\":718.0401401643,\"13\":771.6027627728,\"14\":759.5658184171,\"15\":840.791278646},\"ret\":{\"0\":-0.0000697826,\"1\":-0.0000645189,\"2\":0.0001263012,\"3\":0.0000080979,\"4\":0.0000698271,\"5\":0.0000645514,\"6\":-0.0001261797,\"7\":-0.0000080973,\"8\":0.0000707302,\"9\":0.0000652689,\"10\":-0.0001235421,\"11\":-0.0000080863,\"12\":-0.0000688712,\"13\":-0.0000637935,\"14\":0.0001290618,\"15\":0.0000081082}}", "deviance": 4.950704708982777, "df": 3, "rel_entropy": 9.075136399100274e-06, "formula": "count ~ group * mut * base - group : mut : base", "prob": 0.17544258061129706}, "pos1": {"stats": "{\"group\":{\"0\":\"1\",\"1\":\"1\",\"2\":\"1\",\"3\":\"1\",\"4\":\"1\",\"5\":\"1\",\"6\":\"1\",\"7\":\"1\",\"8\":\"2\",\"9\":\"2\",\"10\":\"2\",\"11\":\"2\",\"12\":\"2\",\"13\":\"2\",\"14\":\"2\",\"15\":\"2\"},\"mut\":{\"0\":\"M\",\"1\":\"M\",\"2\":\"M\",\"3\":\"M\",\"4\":\"R\",\"5\":\"R\",\"6\":\"R\",\"7\":\"R\",\"8\":\"M\",\"9\":\"M\",\"10\":\"M\",\"11\":\"M\",\"12\":\"R\",\"13\":\"R\",\"14\":\"R\",\"15\":\"R\"},\"base\":{\"0\":\"A\",\"1\":\"C\",\"2\":\"G\",\"3\":\"T\",\"4\":\"A\",\"5\":\"C\",\"6\":\"G\",\"7\":\"T\",\"8\":\"A\",\"9\":\"C\",\"10\":\"G\",\"11\":\"T\",\"12\":\"A\",\"13\":\"C\",\"14\":\"G\",\"15\":\"T\"},\"count\":{\"0\":34858,\"1\":40892,\"2\":31839,\"3\":25702,\"4\":27535,\"5\":39914,\"6\":32293,\"7\":33549,\"8\":835,\"9\":931,\"10\":702,\"11\":622,\"12\":668,\"13\":858,\"14\":751,\"15\":813},\"fitted\":{\"0\":34853.1345546376,\"1\":40916.7872798037,\"2\":31819.8035737832,\"3\":25701.2745917744,\"4\":27539.8654453618,\"5\":39889.2127201958,\"6\":32312.1964262163,\"7\":33549.7254082252,\"8\":839.865445362,\"9\":906.212720196,\"10\":721.1964262165,\"11\":622.7254082255,\"12\":663.134554638,\"13\":882.787279804,\"14\":731.8035737835,\"15\":812.2745917745},\"ret\":{\"0\":0.0000178389,\"1\":-0.0000908476,\"2\":0.0000703992,\"3\":0.0000026595,\"4\":-0.0000178361,\"5\":0.0000909034,\"6\":-0.000070357,\"7\":-0.0000026595,\"8\":-0.0000177859,\"9\":0.0000921068,\"10\":-0.0000694329,\"11\":-0.0000026579,\"12\":0.000017903,\"13\":-0.0000895872,\"14\":0.000071293,\"15\":0.0000026607}}", "deviance": 2.509580182178631, "df": 3, "rel_entropy": 4.60031122769783e-06, "formula": "count ~ group * mut * base - group : mut : base", "prob": 0.47356221762798245}}