{"pos2": {"stats": "{\"mut\":{\"0\":\"M\",\"1\":\"M\",\"2\":\"M\",\"3\":\"M\",\"4\":\"R\",\"5\":\"R\",\"6\":\"R\",\"7\":\"R\"},\"base\":{\"0\":\"A\",\"1\":\"C\",\"2\":\"G\",\"3\":\"T\",\"4\":\"A\",\"5\":\"C\",\"6\":\"G\",\"7\":\"T\"},\"count\":{\"0\":28491,\"1\":63885,\"2\":26602,\"3\":30202,\"4\":47926,\"5\":42372,\"6\":12057,\"7\":46825},\"fitted\":{\"0\":38208.4999999995,\"1\":53128.499999999,\"2\":19329.5000001155,\"3\":38513.4999999992,\"4\":38208.5000000012,\"5\":53128.5000000013,\"6\":19329.5000001164,\"7\":38513.500000001},\"ret\":{\"0\":-0.0280240207,\"1\":0.0394776335,\"2\":0.0284738384,\"3\":-0.0246082812,\"4\":0.0363991112,\"5\":-0.0321277553,\"6\":-0.0190734265,\"7\":0.0306676472}}", "deviance": 18608.561997101955, "df": 3, "rel_entropy": 0.0311847466099711, "formula": "count ~ mut * base - mut : base", "prob": 0}, "pos3": {"stats": "{\"mut\":{\"0\":\"M\",\"1\":\"M\",\"2\":\"M\",\"3\":\"M\",\"4\":\"R\",\"5\":\"R\",\"6\":\"R\",\"7\":\"R\"},\"base\":{\"0\":\"A\",\"1\":\"C\",\"2\":\"G\",\"3\":\"T\",\"4\":\"A\",\"5\":\"C\",\"6\":\"G\",\"7\":\"T\"},\"count\":{\"0\":28029,\"1\":36825,\"2\":29791,\"3\":54535,\"4\":33292,\"5\":36520,\"6\":38243,\"7\":41125},\"fitted\":{\"0\":30660.4999999999,\"1\":36672.5,\"2\":34016.9999999999,\"3\":47830.0,\"4\":30660.5,\"5\":36672.5,\"6\":34017.0,\"7\":47830.0000000001},\"ret\":{\"0\":-0.0084300715,\"1\":0.0005121888,\"2\":-0.013245399,\"3\":0.0239791762,\"4\":0.009187988,\"5\":-0.0005100633,\"6\":0.0150095876,\"7\":-0.0208184421}}", "deviance": 3392.332046193197, "df": 3, "rel_entropy": 0.005684964549861236, "formula": "count ~ mut * base - mut : base", "prob": 0}, "pos0": {"stats": "{\"mut\":{\"0\":\"M\",\"1\":\"M\",\"2\":\"M\",\"3\":\"M\",\"4\":\"R\",\"5\":\"R\",\"6\":\"R\",\"7\":\"R\"},\"base\":{\"0\":\"A\",\"1\":\"C\",\"2\":\"G\",\"3\":\"T\",\"4\":\"A\",\"5\":\"C\",\"6\":\"G\",\"7\":\"T\"},\"count\":{\"0\":30865,\"1\":33480,\"2\":21037,\"3\":63798,\"4\":36084,\"5\":37137,\"6\":35032,\"7\":40927},\"fitted\":{\"0\":33474.4999999999,\"1\":35308.5,\"2\":28034.5000000002,\"3\":52362.5000000001,\"4\":33474.4999999999,\"5\":35308.5,\"6\":28034.5000000002,\"7\":52362.5000000001},\"ret\":{\"0\":-0.0083960227,\"1\":-0.0059670035,\"2\":-0.0202468153,\"3\":0.0422378759,\"4\":0.0090785195,\"5\":0.0062845185,\"6\":0.0261631641,\"7\":-0.0337995751}}", "deviance": 9162.43366402224, "df": 3, "rel_entropy": 0.015354661590062742, "formula": "count ~ mut * base - mut : base", "prob": 0}, "pos1": {"stats": "{\"mut\":{\"0\":\"M\",\"1\":\"M\",\"2\":\"M\",\"3\":\"M\",\"4\":\"R\",\"5\":\"R\",\"6\":\"R\",\"7\":\"R\"},\"base\":{\"0\":\"A\",\"1\":\"C\",\"2\":\"G\",\"3\":\"T\",\"4\":\"A\",\"5\":\"C\",\"6\":\"G\",\"7\":\"T\"},\"count\":{\"0\":6947,\"1\":47408,\"2\":8568,\"3\":86257,\"4\":32501,\"5\":41554,\"6\":33540,\"7\":41585},\"fitted\":{\"0\":19724.0000000002,\"1\":44481.0000000001,\"2\":21054.0,\"3\":63921.0000000001,\"4\":19724.0000000002,\"5\":44481.0000000001,\"6\":21054.0,\"7\":63921.0000000001},\"ret\":{\"0\":-0.0242974156,\"1\":0.0101262158,\"2\":-0.0258181854,\"3\":0.0866395612,\"4\":0.0544045008,\"5\":-0.0094801985,\"6\":0.0523456238,\"7\":-0.0599200351}}", "deviance": 50124.5199998789, "df": 3, "rel_entropy": 0.08400006703291142, "formula": "count ~ mut * base - mut : base", "prob": 0}}