{"('pos0', 'pos1')": {"deviance": 3177.081580829248, "rel_entropy": 0.005324241823349726, "prob": 0, "formula": "count ~ mut * base1 * base2 - mut : base1 : base2", "df": 9, "stats": "{\"mut\":{\"0\":\"M\",\"1\":\"M\",\"2\":\"M\",\"3\":\"M\",\"4\":\"M\",\"5\":\"M\",\"6\":\"M\",\"7\":\"M\",\"8\":\"M\",\"9\":\"M\",\"10\":\"M\",\"11\":\"M\",\"12\":\"M\",\"13\":\"M\",\"14\":\"M\",\"15\":\"M\",\"16\":\"R\",\"17\":\"R\",\"18\":\"R\",\"19\":\"R\",\"20\":\"R\",\"21\":\"R\",\"22\":\"R\",\"23\":\"R\",\"24\":\"R\",\"25\":\"R\",\"26\":\"R\",\"27\":\"R\",\"28\":\"R\",\"29\":\"R\",\"30\":\"R\",\"31\":\"R\"},\"base1\":{\"0\":\"A\",\"1\":\"A\",\"2\":\"A\",\"3\":\"A\",\"4\":\"C\",\"5\":\"C\",\"6\":\"C\",\"7\":\"C\",\"8\":\"G\",\"9\":\"G\",\"10\":\"G\",\"11\":\"G\",\"12\":\"T\",\"13\":\"T\",\"14\":\"T\",\"15\":\"T\",\"16\":\"A\",\"17\":\"A\",\"18\":\"A\",\"19\":\"A\",\"20\":\"C\",\"21\":\"C\",\"22\":\"C\",\"23\":\"C\",\"24\":\"G\",\"25\":\"G\",\"26\":\"G\",\"27\":\"G\",\"28\":\"T\",\"29\":\"T\",\"30\":\"T\",\"31\":\"T\"},\"base2\":{\"0\":\"A\",\"1\":\"C\",\"2\":\"G\",\"3\":\"T\",\"4\":\"A\",\"5\":\"C\",\"6\":\"G\",\"7\":\"T\",\"8\":\"A\",\"9\":\"C\",\"10\":\"G\",\"11\":\"T\",\"12\":\"A\",\"13\":\"C\",\"14\":\"G\",\"15\":\"T\",\"16\":\"A\",\"17\":\"C\",\"18\":\"G\",\"19\":\"T\",\"20\":\"A\",\"21\":\"C\",\"22\":\"G\",\"23\":\"T\",\"24\":\"A\",\"25\":\"C\",\"26\":\"G\",\"27\":\"T\",\"28\":\"A\",\"29\":\"C\",\"30\":\"G\",\"31\":\"T\"},\"count\":{\"0\":1620,\"1\":6839,\"2\":2256,\"3\":20150,\"4\":2560,\"5\":10786,\"6\":865,\"7\":19269,\"8\":1677,\"9\":7195,\"10\":3206,\"11\":8959,\"12\":1090,\"13\":22588,\"14\":2241,\"15\":37879,\"16\":8466,\"17\":8565,\"18\":10368,\"19\":8685,\"20\":10482,\"21\":11407,\"22\":2865,\"23\":12383,\"24\":7206,\"25\":10116,\"26\":10109,\"27\":7601,\"28\":6347,\"29\":11466,\"30\":10198,\"31\":12916},\"fitted\":{\"0\":1760.5701295271,\"1\":7864.5041583659,\"2\":2442.8313541275,\"3\":18797.0943579818,\"4\":2099.2502952839,\"5\":10790.2274189434,\"6\":666.7580277036,\"7\":19923.7642580703,\"8\":1265.9345272951,\"9\":7798.3966676144,\"10\":2112.4630996927,\"11\":9860.2057054009,\"12\":1821.2450478959,\"13\":20954.8717550767,\"14\":3345.9475184869,\"15\":37675.9356785473,\"16\":8325.4298704732,\"17\":7539.4958416343,\"18\":10181.1686458745,\"19\":10037.9056420184,\"20\":10942.7497047165,\"21\":11402.7725810567,\"22\":3063.2419722971,\"23\":11728.2357419298,\"24\":7617.0654727053,\"25\":9512.6033323857,\"26\":11202.53690031,\"27\":6699.7942945991,\"28\":5615.7549521053,\"29\":13099.1282449235,\"30\":9093.0524815187,\"31\":13119.064321453},\"ret\":{\"0\":-0.0004518122,\"1\":-0.0032026116,\"2\":-0.0006016133,\"3\":0.0046938766,\"4\":0.0017025508,\"5\":-0.0000141661,\"6\":0.0007546638,\"7\":-0.0021580825,\"8\":0.0015805252,\"9\":-0.0019420379,\"10\":0.004482656,\"11\":-0.0028780868,\"12\":-0.0018753972,\"13\":0.0056816459,\"14\":-0.0030106413,\"15\":0.0006824325,\"16\":0.000475098,\"17\":0.003660961,\"18\":0.0006319051,\"19\":-0.0042141605,\"20\":-0.001511297,\"21\":0.0000141715,\"22\":-0.0006424594,\"23\":0.0022546937,\"24\":-0.0013398864,\"25\":0.0020852042,\"26\":-0.0034801491,\"27\":0.0032151393,\"28\":0.0026039427,\"29\":-0.0051173327,\"30\":0.0039198166,\"31\":-0.0006753069}}"}, "('pos1', 'pos2')": {"deviance": 6548.8428990301045, "rel_entropy": 0.01097473337416226, "prob": 0, "formula": "count ~ mut * base1 * base2 - mut : base1 : base2", "df": 9, "stats": "{\"mut\":{\"0\":\"M\",\"1\":\"M\",\"2\":\"M\",\"3\":\"M\",\"4\":\"M\",\"5\":\"M\",\"6\":\"M\",\"7\":\"M\",\"8\":\"M\",\"9\":\"M\",\"10\":\"M\",\"11\":\"M\",\"12\":\"M\",\"13\":\"M\",\"14\":\"M\",\"15\":\"M\",\"16\":\"R\",\"17\":\"R\",\"18\":\"R\",\"19\":\"R\",\"20\":\"R\",\"21\":\"R\",\"22\":\"R\",\"23\":\"R\",\"24\":\"R\",\"25\":\"R\",\"26\":\"R\",\"27\":\"R\",\"28\":\"R\",\"29\":\"R\",\"30\":\"R\",\"31\":\"R\"},\"base1\":{\"0\":\"A\",\"1\":\"A\",\"2\":\"A\",\"3\":\"A\",\"4\":\"C\",\"5\":\"C\",\"6\":\"C\",\"7\":\"C\",\"8\":\"G\",\"9\":\"G\",\"10\":\"G\",\"11\":\"G\",\"12\":\"T\",\"13\":\"T\",\"14\":\"T\",\"15\":\"T\",\"16\":\"A\",\"17\":\"A\",\"18\":\"A\",\"19\":\"A\",\"20\":\"C\",\"21\":\"C\",\"22\":\"C\",\"23\":\"C\",\"24\":\"G\",\"25\":\"G\",\"26\":\"G\",\"27\":\"G\",\"28\":\"T\",\"29\":\"T\",\"30\":\"T\",\"31\":\"T\"},\"base2\":{\"0\":\"A\",\"1\":\"C\",\"2\":\"G\",\"3\":\"T\",\"4\":\"A\",\"5\":\"C\",\"6\":\"G\",\"7\":\"T\",\"8\":\"A\",\"9\":\"C\",\"10\":\"G\",\"11\":\"T\",\"12\":\"A\",\"13\":\"C\",\"14\":\"G\",\"15\":\"T\",\"16\":\"A\",\"17\":\"C\",\"18\":\"G\",\"19\":\"T\",\"20\":\"A\",\"21\":\"C\",\"22\":\"G\",\"23\":\"T\",\"24\":\"A\",\"25\":\"C\",\"26\":\"G\",\"27\":\"T\",\"28\":\"A\",\"29\":\"C\",\"30\":\"G\",\"31\":\"T\"},\"count\":{\"0\":345,\"1\":4312,\"2\":810,\"3\":1480,\"4\":11734,\"5\":17027,\"6\":5972,\"7\":12675,\"8\":415,\"9\":4325,\"10\":863,\"11\":2965,\"12\":15997,\"13\":38221,\"14\":18957,\"15\":13082,\"16\":11615,\"17\":8731,\"18\":2719,\"19\":9436,\"20\":13386,\"21\":11441,\"22\":3694,\"23\":13033,\"24\":10182,\"25\":10130,\"26\":2967,\"27\":10261,\"28\":12743,\"29\":12070,\"30\":2677,\"31\":14095},\"fitted\":{\"0\":1311.0997888089,\"1\":3226.3425831349,\"2\":1063.575943837,\"3\":1345.981693043,\"4\":10410.9564133069,\"5\":18615.4078218862,\"6\":6888.4156121433,\"7\":11493.2201530517,\"8\":1346.0174267293,\"9\":4043.7315702566,\"10\":1293.2576689237,\"11\":1884.993338506,\"12\":15422.9263774904,\"13\":37999.5180289173,\"14\":17356.7507758346,\"15\":15477.804818094,\"16\":10648.9002153951,\"17\":9816.6574198583,\"18\":2465.424056775,\"19\":9570.018308684,\"20\":14709.0435871267,\"21\":9852.5921782347,\"22\":2777.5843880456,\"23\":14214.7798469526,\"24\":9250.9825757555,\"25\":10411.2684310239,\"26\":2536.7423312716,\"27\":11341.0066624632,\"28\":13317.0736229683,\"29\":12291.4819712877,\"30\":4277.2492245235,\"31\":11699.1951819154},\"ret\":{\"0\":-0.0015437781,\"1\":0.0041919396,\"2\":-0.0007394081,\"3\":0.0004708383,\"4\":0.004704921,\"5\":-0.005089912,\"6\":-0.0028574812,\"7\":0.0041579166,\"8\":-0.0016366141,\"9\":0.0009747662,\"10\":-0.001170022,\"11\":0.00450129,\"12\":0.0019594704,\"13\":0.0007444905,\"14\":0.0056034678,\"15\":-0.0073736341,\"16\":0.0033806652,\"17\":-0.003429682,\"18\":0.0008921807,\"19\":-0.0004460233,\"20\":-0.0042286915,\"21\":0.0057315747,\"22\":0.0035301776,\"23\":-0.0037915064,\"24\":0.0032724532,\"25\":-0.0009298646,\"26\":0.0015579895,\"27\":-0.0034417052,\"28\":-0.0018820159,\"29\":-0.0007356027,\"30\":-0.004204578,\"31\":0.0088011112}}"}, "('pos0', 'pos2')": {"deviance": 1601.3261443545548, "rel_entropy": 0.002683546963994092, "prob": 0, "formula": "count ~ mut * base1 * base2 - mut : base1 : base2", "df": 9,