{"pos0": {"deviance": 1.9385249936423667, "stats": "{\"group\":{\"8\":\"1\",\"9\":\"1\",\"10\":\"1\",\"11\":\"1\",\"12\":\"1\",\"13\":\"1\",\"14\":\"1\",\"15\":\"1\",\"0\":\"2\",\"1\":\"2\",\"2\":\"2\",\"3\":\"2\",\"4\":\"2\",\"5\":\"2\",\"6\":\"2\",\"7\":\"2\"},\"mut\":{\"8\":\"M\",\"9\":\"M\",\"10\":\"M\",\"11\":\"M\",\"12\":\"R\",\"13\":\"R\",\"14\":\"R\",\"15\":\"R\",\"0\":\"M\",\"1\":\"M\",\"2\":\"M\",\"3\":\"M\",\"4\":\"R\",\"5\":\"R\",\"6\":\"R\",\"7\":\"R\"},\"base\":{\"8\":\"A\",\"9\":\"C\",\"10\":\"G\",\"11\":\"T\",\"12\":\"A\",\"13\":\"C\",\"14\":\"G\",\"15\":\"T\",\"0\":\"A\",\"1\":\"C\",\"2\":\"G\",\"3\":\"T\",\"4\":\"A\",\"5\":\"C\",\"6\":\"G\",\"7\":\"T\"},\"count\":{\"8\":2426,\"9\":2113,\"10\":2569,\"11\":2084,\"12\":2781,\"13\":1781,\"14\":2346,\"15\":2284,\"0\":46,\"1\":52,\"2\":55,\"3\":58,\"4\":63,\"5\":48,\"6\":43,\"7\":57},\"fitted\":{\"8\":2421.3492417943,\"9\":2110.8260152721,\"10\":2572.7349846526,\"11\":2087.0897582811,\"12\":2785.6507582057,\"13\":1783.1739847279,\"14\":2342.2650153474,\"15\":2280.910241719,\"0\":50.6507582069,\"1\":54.1739847279,\"2\":51.2650153479,\"3\":54.910241719,\"4\":58.3492417955,\"5\":45.8260152721,\"6\":46.7349846529,\"7\":60.0897582811},\"ret\":{\"8\":0.0002475392,\"9\":0.0001156601,\"10\":-0.0001984618,\"11\":-0.0001641747,\"12\":-0.0002470953,\"13\":-0.0001155301,\"14\":0.0001987643,\"15\":0.0001644076,\"0\":-0.0002355838,\"1\":-0.0001132494,\"2\":0.0002056713,\"3\":0.0001688345,\"4\":0.0002569056,\"5\":0.0001183003,\"6\":-0.0001904496,\"7\":-0.0001599981}}", "prob": 0.5852635924154819, "rel_entropy": 5.154006683086161e-05, "formula": "count ~ group * mut * base - group : mut : base", "df": 3}, "pos1": {"deviance": 0.6925467990882856, "stats": "{\"group\":{\"8\":\"1\",\"9\":\"1\",\"10\":\"1\",\"11\":\"1\",\"12\":\"1\",\"13\":\"1\",\"14\":\"1\",\"15\":\"1\",\"0\":\"2\",\"1\":\"2\",\"2\":\"2\",\"3\":\"2\",\"4\":\"2\",\"5\":\"2\",\"6\":\"2\",\"7\":\"2\"},\"mut\":{\"8\":\"M\",\"9\":\"M\",\"10\":\"M\",\"11\":\"M\",\"12\":\"R\",\"13\":\"R\",\"14\":\"R\",\"15\":\"R\",\"0\":\"M\",\"1\":\"M\",\"2\":\"M\",\"3\":\"M\",\"4\":\"R\",\"5\":\"R\",\"6\":\"R\",\"7\":\"R\"},\"base\":{\"8\":\"A\",\"9\":\"C\",\"10\":\"G\",\"11\":\"T\",\"12\":\"A\",\"13\":\"C\",\"14\":\"G\",\"15\":\"T\",\"0\":\"A\",\"1\":\"C\",\"2\":\"G\",\"3\":\"T\",\"4\":\"A\",\"5\":\"C\",\"6\":\"G\",\"7\":\"T\"},\"count\":{\"8\":2269,\"9\":3572,\"10\":2393,\"11\":958,\"12\":2641,\"13\":2652,\"14\":2260,\"15\":1639,\"0\":48,\"1\":87,\"2\":52,\"3\":24,\"4\":61,\"5\":58,\"6\":52,\"7\":40},\"fitted\":{\"8\":2266.600428073,\"9\":3575.5925123808,\"10\":2391.4692655257,\"11\":958.3377940205,\"12\":2643.399571927,\"13\":2648.4074876192,\"14\":2261.5307344744,\"15\":1638.6622059795,\"0\":50.399571927,\"1\":83.4074876192,\"2\":53.5307344744,\"3\":23.6622059795,\"4\":58.600428073,\"5\":61.5925123809,\"6\":50.4692655256,\"7\":40.3377940205},\"ret\":{\"8\":0.0001276636,\"9\":-0.0001909341,\"10\":0.0000814221,\"11\":-0.0000179589,\"12\":-0.0001275382,\"13\":0.0001911596,\"14\":-0.0000813685,\"15\":0.0000179639,\"0\":-0.0001245092,\"1\":0.0001950863,\"2\":-0.000080221,\"3\":0.0000180896,\"4\":0.0001301735,\"5\":-0.0001853474,\"6\":0.0000826181,\"7\":-0.0000178866}}", "prob": 0.8749556015891288, "rel_entropy": 1.8412921383821273e-05, "formula": "count ~ group * mut * base - group : mut : base", "df": 3}, "pos3": {"deviance": 2.5684124049549424, "stats": "{\"group\":{\"8\":\"1\",\"9\":\"1\",\"10\":\"1\",\"11\":\"1\",\"12\":\"1\",\"13\":\"1\",\"14\":\"1\",\"15\":\"1\",\"0\":\"2\",\"1\":\"2\",\"2\":\"2\",\"3\":\"2\",\"4\":\"2\",\"5\":\"2\",\"6\":\"2\",\"7\":\"2\"},\"mut\":{\"8\":\"M\",\"9\":\"M\",\"10\":\"M\",\"11\":\"M\",\"12\":\"R\",\"13\":\"R\",\"14\":\"R\",\"15\":\"R\",\"0\":\"M\",\"1\":\"M\",\"2\":\"M\",\"3\":\"M\",\"4\":\"R\",\"5\":\"R\",\"6\":\"R\",\"7\":\"R\"},\"base\":{\"8\":\"A\",\"9\":\"C\",\"10\":\"G\",\"11\":\"T\",\"12\":\"A\",\"13\":\"C\",\"14\":\"G\",\"15\":\"T\",\"0\":\"A\",\"1\":\"C\",\"2\":\"G\",\"3\":\"T\",\"4\":\"A\",\"5\":\"C\",\"6\":\"G\",\"7\":\"T\"},\"count\":{\"8\":2255,\"9\":2451,\"10\":2279,\"11\":2207,\"12\":2721,\"13\":2000,\"14\":2235,\"15\":2236,\"0\":51,\"1\":44,\"2\":56,\"3\":60,\"4\":59,\"5\":38,\"6\":66,\"7\":48},\"fitted\":{\"8\":2255.9317574388,\"9\":2449.7216493408,\"10\":2273.3366227844,\"11\":2213.0099704361,\"12\":2720.0682425613,\"13\":2001.2783506592,\"14\":2240.6633772156,\"15\":2229.9900295639,\"0\":50.0682425612,\"1\":45.2783506592,\"2\":61.6633772156,\"3\":53.9900295639,\"4\":59.9317574388,\"5\":36.7216493408,\"6\":60.3366227844,\"7\":54.0099704361},\"ret\":{\"8\":-0.0000495355,\"9\":0.0000679934,\"10\":0.0003015222,\"11\":-0.0003191429,\"12\":0.0000495542,\"13\":-0.000067954,\"14\":-0.0003007665,\"15\":0.0003200075,\"0\":0.0000500039,\"1\":-0.0000670069,\"2\":-0.0002868742,\"3\":0.0003367388,\"4\":-0.0000491586,\"5\":0.0000691454,\"6\":0.0003148581,\"7\":-0.0003010979}}", "prob": 0.4630541898777366, "rel_entropy": 6.828704681896582e-05, "formula": "count ~ group * mut * base - group : mut : base", "df": 3}, "pos2": {"deviance": 2.2592562273166115, "stats": "{\"group\":{\"8\":\"1\",\"9\":\"1\",\"10\":\"1\",\"11\":\"1\",\"12\":\"1\",\"13\":\"1\",\"14\":\"1\",\"15\":\"1\",\"0\":\"2\",\"1\":\"2\",\"2\":\"2\",\"3\":\"2\",\"4\":\"2\",\"5\":\"2\",\"6\":\"2\",\"7\":\"2\"},\"mut\":{\"8\":\"M\",\"9\":\"M\",\"10\":\"M\",\"11\":\"M\",\"12\":\"R\",\"13\":\"R\",\"14\":\"R\",\"15\":\"R\",\"0\":\"M\",\"1\":\"M\",\"2\":\"M\",\"3\":\"M\",\"4\":\"R\",\"5\":\"R\",\"6\":\"R\",\"7\":\"R\"},\"base\":{\"8\":\"A\",\"9\":\"C\",\"10\":\"G\",\"11\":\"T\",\"12\":\"A\",\"13\":\"C\",\"14\":\"G\",\"15\":\"T\",\"0\":\"A\",\"1\":\"C\",\"2\":\"G\",\"3\":\"T\",\"4\":\"A\",\"5\":\"C\",\"6\":\"G\",\"7\":\"T\"},\"count\":{\"8\":2541,\"9\":2075,\"10\":2824,\"11\":1752,\"12\":2643,\"13\":1755,\"14\":2717,\"15\":2077,\"0\":56,\"1\":38,\"2\":62,\"3\":55,\"4\":63,\"5\":39,\"6\":57,\"7\":52},\"fitted\":{\"8\":2538.3612156897,\"9\":2071.1234066625,\"10\":2824.9603955238,\"11\":1757.5549821241,\"12\":2645.6387843103,\"13\":1758.8765933375,\"14\":2716.0396044762,\"15\":2071.4450178759,\"0\":58.6387843103,\"1\":41.8765933375,\"2\":61.0396044762,\"3\":49.4450178759,\"4\":60.3612156897,\"5\":35.1234066625,\"6\":57.9603955238,\"7\":57.5549821241},\"ret\":{\"8\":0.000140389,\"9\":0.0002063288,\"10\":-0.0000510599,\"11\":-0.0002949162,\"12\":-0.0001402461,\"13\":-0.0002059087,\"14\":0.0000510776,\"15\":0.0002957792,\"0\":-0.0001371105,\"1\":-0.0001962859,\"2\":0.0000514682,\"3\":0.0003113875,\"4\":0.0001433394,\"5\":0.0002171148,\"6\":-0.0000506431,\"7\":-0.0002806468}}", "prob": 0.5203712354491024, "rel_entropy": 6.006743133352684e-05, "formula": "count ~ group * mut * base - group : mut : base", "df": 3}}