{"pos2": {"stats": "{\"mut\":{\"0\":\"M\",\"1\":\"M\",\"2\":\"M\",\"3\":\"M\",\"4\":\"R\",\"5\":\"R\",\"6\":\"R\",\"7\":\"R\"},\"base\":{\"0\":\"A\",\"1\":\"C\",\"2\":\"G\",\"3\":\"T\",\"4\":\"A\",\"5\":\"C\",\"6\":\"G\",\"7\":\"T\"},\"count\":{\"0\":1158,\"1\":1696,\"2\":2025,\"3\":2158,\"4\":1968,\"5\":1427,\"6\":2089,\"7\":1553},\"fitted\":{\"0\":1563.0,\"1\":1561.5,\"2\":2057.0,\"3\":1855.5,\"4\":1563.0,\"5\":1561.5,\"6\":2057.0,\"7\":1855.5},\"ret\":{\"0\":-0.0246766289,\"1\":0.0099568769,\"2\":-0.0022559182,\"3\":0.0231574323,\"4\":0.0322188682,\"5\":-0.0091326945,\"6\":0.0022912907,\"7\":-0.019637677}}", "deviance": 335.5677740873069, "df": 3, "rel_entropy": 0.011921549455993566, "formula": "count ~ mut * base - mut : base", "prob": 1.988393623045268e-72}, "pos3": {"stats": "{\"mut\":{\"0\":\"M\",\"1\":\"M\",\"2\":\"M\",\"3\":\"M\",\"4\":\"R\",\"5\":\"R\",\"6\":\"R\",\"7\":\"R\"},\"base\":{\"0\":\"A\",\"1\":\"C\",\"2\":\"G\",\"3\":\"T\",\"4\":\"A\",\"5\":\"C\",\"6\":\"G\",\"7\":\"T\"},\"count\":{\"0\":1491,\"1\":1865,\"2\":1762,\"3\":1919,\"4\":2089,\"5\":1541,\"6\":1695,\"7\":1712},\"fitted\":{\"0\":1790.0,\"1\":1703.0,\"2\":1728.5,\"3\":1815.5,\"4\":1790.0,\"5\":1703.0,\"6\":1728.5,\"7\":1815.5},\"ret\":{\"0\":-0.0193625095,\"1\":0.0120414878,\"2\":0.0024031941,\"3\":0.0075597344,\"4\":0.0229279198,\"5\":-0.0109448715,\"6\":-0.0023570592,\"7\":-0.007140263}}", "deviance": 144.33261306416657, "df": 3, "rel_entropy": 0.005127632977979486, "formula": "count ~ mut * base - mut : base", "prob": 4.3971563870447725e-31}, "pos0": {"stats": "{\"mut\":{\"0\":\"M\",\"1\":\"M\",\"2\":\"M\",\"3\":\"M\",\"4\":\"R\",\"5\":\"R\",\"6\":\"R\",\"7\":\"R\"},\"base\":{\"0\":\"A\",\"1\":\"C\",\"2\":\"G\",\"3\":\"T\",\"4\":\"A\",\"5\":\"C\",\"6\":\"G\",\"7\":\"T\"},\"count\":{\"0\":2005,\"1\":1435,\"2\":1964,\"3\":1633,\"4\":1980,\"5\":1396,\"6\":1842,\"7\":1819},\"fitted\":{\"0\":1992.5,\"1\":1415.5,\"2\":1903.0,\"3\":1726.000000001,\"4\":1992.5,\"5\":1415.5,\"6\":1903.0,\"7\":1726.000000001},\"ret\":{\"0\":0.0008909427,\"1\":0.0013950337,\"2\":0.0044029689,\"3\":-0.0064266195,\"4\":-0.0008853708,\"5\":-0.0013759459,\"6\":-0.0042640128,\"7\":0.0067828392}}", "deviance": 14.632330760087967, "df": 3, "rel_entropy": 0.0005198355392954373, "formula": "count ~ mut * base - mut : base", "prob": 0.0021593945812415187}, "pos1": {"stats": "{\"mut\":{\"0\":\"M\",\"1\":\"M\",\"2\":\"M\",\"3\":\"M\",\"4\":\"R\",\"5\":\"R\",\"6\":\"R\",\"7\":\"R\"},\"base\":{\"0\":\"A\",\"1\":\"C\",\"2\":\"G\",\"3\":\"T\",\"4\":\"A\",\"5\":\"C\",\"6\":\"G\",\"7\":\"T\"},\"count\":{\"0\":1441,\"1\":2457,\"2\":2192,\"3\":947,\"4\":1983,\"5\":2093,\"6\":1754,\"7\":1207},\"fitted\":{\"0\":1712.0,\"1\":2275.0,\"2\":1973.0,\"3\":1077.0,\"4\":1712.0,\"5\":2275.0,\"6\":1973.0,\"7\":1077.0},\"ret\":{\"0\":-0.0176439014,\"1\":0.0134356457,\"2\":0.0163939207,\"3\":-0.0086555278,\"4\":0.020704776,\"5\":-0.0124000076,\"6\":-0.0146631525,\"7\":0.0097731961}}", "deviance": 195.48643149032262, "df": 3, "rel_entropy": 0.006944949250046988, "formula": "count ~ mut * base - mut : base", "prob": 3.9844092356348718e-42}}