{"pos0": {"df": 3, "prob": 0, "rel_entropy": 0.005376340484330001, "formula": "count ~ mut * base - mut : base", "stats": "{\"mut\":{\"0\":\"M\",\"1\":\"M\",\"2\":\"M\",\"3\":\"M\",\"4\":\"R\",\"5\":\"R\",\"6\":\"R\",\"7\":\"R\"},\"base\":{\"0\":\"A\",\"1\":\"C\",\"2\":\"G\",\"3\":\"T\",\"4\":\"A\",\"5\":\"C\",\"6\":\"G\",\"7\":\"T\"},\"count\":{\"0\":64301,\"1\":57973,\"2\":34765,\"3\":48827,\"4\":55551,\"5\":45956,\"6\":41073,\"7\":63286},\"fitted\":{\"0\":59925.9999999996,\"1\":51964.4999999999,\"2\":37918.9999999999,\"3\":56056.4999999998,\"4\":59925.9999999997,\"5\":51964.5,\"6\":37918.9999999999,\"7\":56056.4999999999},\"ret\":{\"0\":0.0110046139,\"1\":0.0154061576,\"2\":-0.0073325205,\"3\":-0.0163744127,\"4\":-0.0102281654,\"5\":-0.0137150057,\"6\":0.0079704222,\"7\":0.0186452511}}", "deviance": 4427.22284058832}, "pos1": {"df": 3, "prob": 0, "rel_entropy": 0.0019559546301199386, "formula": "count ~ mut * base - mut : base", "stats": "{\"mut\":{\"0\":\"M\",\"1\":\"M\",\"2\":\"M\",\"3\":\"M\",\"4\":\"R\",\"5\":\"R\",\"6\":\"R\",\"7\":\"R\"},\"base\":{\"0\":\"A\",\"1\":\"C\",\"2\":\"G\",\"3\":\"T\",\"4\":\"A\",\"5\":\"C\",\"6\":\"G\",\"7\":\"T\"},\"count\":{\"0\":57020,\"1\":46011,\"2\":33125,\"3\":69710,\"4\":52219,\"5\":50277,\"6\":40886,\"7\":62484},\"fitted\":{\"0\":54619.4999999999,\"1\":48143.9999999999,\"2\":37005.5,\"3\":66097.0000000001,\"4\":54619.4999999999,\"5\":48143.9999999999,\"6\":37005.5,\"7\":66097.0000000001},\"ret\":{\"0\":0.0059565304,\"1\":-0.0050640598,\"2\":-0.0089124238,\"3\":0.0090107046,\"4\":-0.0057002113,\"5\":0.0052936573,\"6\":0.009902556,\"7\":-0.0085307988}}", "deviance": 1610.6582235370852}, "pos2": {"df": 3, "prob": 0, "rel_entropy": 0.005124557822724249, "formula": "count ~ mut * base - mut : base", "stats": "{\"mut\":{\"0\":\"M\",\"1\":\"M\",\"2\":\"M\",\"3\":\"M\",\"4\":\"R\",\"5\":\"R\",\"6\":\"R\",\"7\":\"R\"},\"base\":{\"0\":\"A\",\"1\":\"C\",\"2\":\"G\",\"3\":\"T\",\"4\":\"A\",\"5\":\"C\",\"6\":\"G\",\"7\":\"T\"},\"count\":{\"0\":58582,\"1\":50520,\"2\":13984,\"3\":82780,\"4\":75080,\"5\":50208,\"6\":8301,\"7\":72277},\"fitted\":{\"0\":66830.9999999995,\"1\":50363.9999999998,\"2\":11142.5,\"3\":77528.4999999997,\"4\":66830.9999999997,\"5\":50364.0,\"6\":11142.5000000001,\"7\":77528.4999999999},\"ret\":{\"0\":-0.0187441517,\"1\":0.0003794734,\"2\":0.007714791,\"3\":0.013177197,\"4\":0.0212233892,\"5\":-0.0003782998,\"6\":-0.0059352605,\"7\":-0.0123125809}}", "deviance": 4219.888882931801}, "pos3": {"df": 3, "prob": 1.0975666163339767e-227, "rel_entropy": 0.0012771607704449043, "formula": "count ~ mut * base - mut : base", "stats": "{\"mut\":{\"0\":\"M\",\"1\":\"M\",\"2\":\"M\",\"3\":\"M\",\"4\":\"R\",\"5\":\"R\",\"6\":\"R\",\"7\":\"R\"},\"base\":{\"0\":\"A\",\"1\":\"C\",\"2\":\"G\",\"3\":\"T\",\"4\":\"A\",\"5\":\"C\",\"6\":\"G\",\"7\":\"T\"},\"count\":{\"0\":62724,\"1\":41845,\"2\":45726,\"3\":55571,\"4\":54461,\"5\":46195,\"6\":44416,\"7\":60794},\"fitted\":{\"0\":58592.5000002787,\"1\":44020.0000000101,\"2\":45070.9999999979,\"3\":58182.5000000046,\"4\":58592.5000002845,\"5\":44020.0000000144,\"6\":45071.0000000023,\"7\":58182.5000000103},\"ret\":{\"0\":0.0103801824,\"1\":-0.0051498543,\"2\":0.0016023446,\"3\":-0.006198194,\"4\":-0.0096720421,\"5\":0.0054109687,\"6\":-0.0015792247,\"7\":0.0064829802}}", "deviance": 1051.6959166736426}}