{"('pos1', 'pos2')": {"stats": "{\"mut\":{\"0\":\"M\",\"1\":\"M\",\"2\":\"M\",\"3\":\"M\",\"4\":\"M\",\"5\":\"M\",\"6\":\"M\",\"7\":\"M\",\"8\":\"M\",\"9\":\"M\",\"10\":\"M\",\"11\":\"M\",\"12\":\"M\",\"13\":\"M\",\"14\":\"M\",\"15\":\"M\",\"16\":\"R\",\"17\":\"R\",\"18\":\"R\",\"19\":\"R\",\"20\":\"R\",\"21\":\"R\",\"22\":\"R\",\"23\":\"R\",\"24\":\"R\",\"25\":\"R\",\"26\":\"R\",\"27\":\"R\",\"28\":\"R\",\"29\":\"R\",\"30\":\"R\",\"31\":\"R\"},\"base1\":{\"0\":\"A\",\"1\":\"A\",\"2\":\"A\",\"3\":\"A\",\"4\":\"C\",\"5\":\"C\",\"6\":\"C\",\"7\":\"C\",\"8\":\"G\",\"9\":\"G\",\"10\":\"G\",\"11\":\"G\",\"12\":\"T\",\"13\":\"T\",\"14\":\"T\",\"15\":\"T\",\"16\":\"A\",\"17\":\"A\",\"18\":\"A\",\"19\":\"A\",\"20\":\"C\",\"21\":\"C\",\"22\":\"C\",\"23\":\"C\",\"24\":\"G\",\"25\":\"G\",\"26\":\"G\",\"27\":\"G\",\"28\":\"T\",\"29\":\"T\",\"30\":\"T\",\"31\":\"T\"},\"base2\":{\"0\":\"A\",\"1\":\"C\",\"2\":\"G\",\"3\":\"T\",\"4\":\"A\",\"5\":\"C\",\"6\":\"G\",\"7\":\"T\",\"8\":\"A\",\"9\":\"C\",\"10\":\"G\",\"11\":\"T\",\"12\":\"A\",\"13\":\"C\",\"14\":\"G\",\"15\":\"T\",\"16\":\"A\",\"17\":\"C\",\"18\":\"G\",\"19\":\"T\",\"20\":\"A\",\"21\":\"C\",\"22\":\"G\",\"23\":\"T\",\"24\":\"A\",\"25\":\"C\",\"26\":\"G\",\"27\":\"T\",\"28\":\"A\",\"29\":\"C\",\"30\":\"G\",\"31\":\"T\"},\"count\":{\"0\":20537,\"1\":11783,\"2\":3936,\"3\":20764,\"4\":11743,\"5\":13561,\"6\":3657,\"7\":17050,\"8\":9119,\"9\":10011,\"10\":2603,\"11\":11392,\"12\":17183,\"13\":15165,\"14\":3788,\"15\":33574,\"16\":21460,\"17\":11474,\"18\":2362,\"19\":16923,\"20\":18247,\"21\":12279,\"22\":2232,\"23\":17519,\"24\":14466,\"25\":10776,\"26\":1790,\"27\":13854,\"28\":20907,\"29\":15679,\"30\":1917,\"31\":23981},\"fitted\":{\"0\":19475.1387269971,\"1\":12361.706795485,\"2\":4126.4785946445,\"3\":21056.6758828909,\"4\":12417.5746636835,\"5\":12431.8709017673,\"6\":3582.2141757703,\"7\":17579.3402591265,\"8\":9096.4691295276,\"9\":9389.2495140283,\"10\":2546.9764703136,\"11\":12092.3048861536,\"12\":17592.8174798066,\"13\":16337.1727891969,\"14\":3728.330759278,\"15\":32051.6789718467,\"16\":22521.8612730167,\"17\":10895.2932045217,\"18\":2171.5214053692,\"19\":16630.3241171091,\"20\":17572.4253363232,\"21\":13408.129098915,\"22\":2306.7858242299,\"23\":16989.6597408737,\"24\":14488.530870473,\"25\":11397.7504859987,\"26\":1846.0235296865,\"27\":13153.6951138643,\"28\":20497.1825201937,\"29\":14506.8272110711,\"30\":1976.6692407234,\"31\":25503.3210281902},\"ret\":{\"0\":0.0026480756,\"1\":-0.0013721168,\"2\":-0.000451782,\"3\":-0.0007058776,\"4\":-0.0015930525,\"5\":0.0028633197,\"6\":0.0001835201,\"7\":-0.0012660892,\"8\":0.0000547899,\"9\":0.0015590154,\"10\":0.0001375536,\"11\":-0.0016506446,\"12\":-0.0009836659,\"13\":-0.0027422653,\"14\":0.0001460761,\"15\":0.0037838056,\"16\":-0.0025172345,\"17\":0.0014422265,\"18\":0.0004823492,\"19\":0.0007170594,\"20\":0.0016694354,\"21\":-0.0026235319,\"22\":-0.0001786605,\"23\":0.0013054661,\"24\":-0.0000546796,\"25\":-0.0014681276,\"26\":-0.000133982,\"27\":0.0017453702,\"28\":0.0010052349,\"29\":0.0029589711,\"30\":-0.0001427128,\"31\":-0.0035847457}}", "deviance": 1015.4135566924281, "df": 9, "rel_entropy": 0.0012331001193645723, "formula": "count ~ mut * base1 * base2 - mut : base1 : base2", "prob": 8.1798846407377748e-213}, "('pos1', 'pos3')": {"stats": "{\"mut\":{\"0\":\"M\",\"1\":\"M\",\"2\":\"M\",\"3\":\"M\",\"4\":\"M\",\"5\":\"M\",\"6\":\"M\",\"7\":\"M\",\"8\":\"M\",\"9\":\"M\",\"10\":\"M\",\"11\":\"M\",\"12\":\"M\",\"13\":\"M\",\"14\":\"M\",\"15\":\"M\",\"16\":\"R\",\"17\":\"R\",\"18\":\"R\",\"19\":\"R\",\"20\":\"R\",\"21\":\"R\",\"22\":\"R\",\"23\":\"R\",\"24\":\"R\",\"25\":\"R\",\"26\":\"R\",\"27\":\"R\",\"28\":\"R\",\"29\":\"R\",\"30\":\"R\",\"31\":\"R\"},\"base1\":{\"0\":\"A\",\"1\":\"A\",\"2\":\"A\",\"3\":\"A\",\"4\":\"C\",\"5\":\"C\",\"6\":\"C\",\"7\":\"C\",\"8\":\"G\",\"9\":\"G\",\"10\":\"G\",\"11\":\"G\",\"12\":\"T\",\"13\":\"T\",\"14\":\"T\",\"15\":\"T\",\"16\":\"A\",\"17\":\"A\",\"18\":\"A\",\"19\":\"A\",\"20\":\"C\",\"21\":\"C\",\"22\":\"C\",\"23\":\"C\",\"24\":\"G\",\"25\":\"G\",\"26\":\"G\",\"27\":\"G\",\"28\":\"T\",\"29\":\"T\",\"30\":\"T\",\"31\":\"T\"},\"base2\":{\"0\":\"A\",\"1\":\"C\",\"2\":\"G\",\"3\":\"T\",\"4\":\"A\",\"5\":\"C\",\"6\":\"G\",\"7\":\"T\",\"8\":\"A\",\"9\":\"C\",\"10\":\"G\",\"11\":\"T\",\"12\":\"A\",\"13\":\"C\",\"14\":\"G\",\"15\":\"T\",\"16\":\"A\",\"17\":\"C\",\"18\":\"G\",\"19\":\"T\",\"20\":\"A\",\"21\":\"C\",\"22\":\"G\",\"23\":\"T\",\"24\":\"A\",\"25\":\"C\",\"26\":\"G\",\"27\":\"T\",\"28\":\"A\",\"29\":\"C\",\"30\":\"G\",\"31\":\"T\"},\"count\":{\"0\":18102,\"1\":9560,\"2\":15143,\"3\":14215,\"4\":13738,\"5\":10265,\"6\":9447,\"7\":12561,\"8\":9522,\"9\":5827,\"10\":7532,\"11\":10244,\"12\":21362,\"13\":16193,\"14\":13604,\"15\":18551,\"16\":14498,\"17\":11163,\"18\":10817,\"19\":15741,\"20\":12932,\"21\":11870,\"22\":11701,\"23\":13774,\"24\":11014,\"25\":8269,\"26\":9746,\"27\":11857,\"28\":16017,\"29\":14893,\"30\":12152,\"31\":19422},\"fitted\":{\"0\":18100.7466599181,\"1\":10254.3195999038,\"2\":13733.8803092311,\"3\":14931.0534309469,\"4\":13684.7796164819,\"5\":10018.8412337758,\"6\":10293.3661876529,\"7\":12014.0129620894,\"8\":9898.3167034169,\"9\":5948.4623791706,\"10\":7873.8545663122,\"11\":9404.3663511003,\"12\":21040.1570201831,\"13\":15623.3767871497,\"14\":13824.8989368037,\"15\":19221.5672558633,\"16\":14499.2533400819,\"17\":10468.6804000961,\"18\":12226.1196907688,\"19\":15024.946569053,\"20\":12985.2203835181,\"21\":12116.1587662242,\"22\":10854.633812347,\"23\":14320.9870379106,\"24\":10637.6832965831,\"25\":8147.5376208293,\"26\":9404.1454336878,\"27\":12696.6336488997,\"28\":16338.8429798168,\"29\":15462.6232128503,\"30\":11931.1010631962,\"31\":18751.4327441365},\"ret\":{\"0\":0.0000030442,\"1\":-0.0016279137,\"2\":0.0035922783,\"3\":-0.00169674,\"4\":0.0001295108,\"5\":0.0006051468,\"6\":-0.0019686963,\"7\":0.0013582966,\"8\":-0.0008963861,\"9\":-0.0002919709,\"10\":-0.0008119935,\"11\":0.0021277123,\"12\":0.000787629,\"13\":0.0014084001,\"14\":-0.0005322022,\"15\":-0.0015999049,\"16\":-0.0000030439,\"17\":0.0017410638,\"18\":-0.003217148,\"19\":0.0017799233,\"20\":-0.0001289945,\"21\":-0.0005917468,\"22\":0.00213376,\"23\":-0.0013028024,\"24\":0.0009299637,\"25\":0.0002971916,\"26\":0.0008451956,\"27\":-0.0019703058,\"28\":-0.0007739309,\"29\":-0.0013576789,\"30\":0.0005414477,\"31\":0.0016574297}}", "deviance": 960.5993307874568, "df": 9, "rel_entropy": 0.0011665347007124255, "formula": "count ~ mut * base1 * base2 - mut : base1 : base2", "prob": 5.3867160736707987e-201},