{"pos2": {"stats": "{\"group\":{\"0\":\"1\",\"1\":\"1\",\"2\":\"1\",\"3\":\"1\",\"4\":\"1\",\"5\":\"1\",\"6\":\"1\",\"7\":\"1\",\"8\":\"2\",\"9\":\"2\",\"10\":\"2\",\"11\":\"2\",\"12\":\"2\",\"13\":\"2\",\"14\":\"2\",\"15\":\"2\"},\"mut\":{\"0\":\"M\",\"1\":\"M\",\"2\":\"M\",\"3\":\"M\",\"4\":\"R\",\"5\":\"R\",\"6\":\"R\",\"7\":\"R\",\"8\":\"M\",\"9\":\"M\",\"10\":\"M\",\"11\":\"M\",\"12\":\"R\",\"13\":\"R\",\"14\":\"R\",\"15\":\"R\"},\"base\":{\"0\":\"A\",\"1\":\"C\",\"2\":\"G\",\"3\":\"T\",\"4\":\"A\",\"5\":\"C\",\"6\":\"G\",\"7\":\"T\",\"8\":\"A\",\"9\":\"C\",\"10\":\"G\",\"11\":\"T\",\"12\":\"A\",\"13\":\"C\",\"14\":\"G\",\"15\":\"T\"},\"count\":{\"0\":328893,\"1\":283900,\"2\":602142,\"3\":326922,\"4\":536783,\"5\":402094,\"6\":79680,\"7\":523299,\"8\":15058,\"9\":18114,\"10\":82310,\"11\":17809,\"12\":40691,\"13\":40221,\"14\":12498,\"15\":39881},\"fitted\":{\"0\":327371.4140253354,\"1\":282872.31365383,\"2\":604383.7266556235,\"3\":327229.5456652194,\"4\":538304.5859746637,\"5\":403121.6863461721,\"6\":77438.2733446728,\"7\":522991.4543347828,\"8\":16579.5859746665,\"9\":19141.6863461951,\"10\":80068.2733446483,\"11\":17501.4543348127,\"12\":39169.4140254779,\"13\":39193.3136538699,\"14\":14739.7266561733,\"15\":40188.5456652444},\"ret\":{\"0\":0.0004552186,\"1\":0.0003073016,\"2\":-0.0006678708,\"3\":-0.0000917534,\"4\":-0.0004535223,\"5\":-0.0003063537,\"6\":0.000678706,\"7\":0.0000918236,\"8\":-0.0004326559,\"9\":-0.0002983593,\"10\":0.0006783938,\"11\":0.0000925985,\"12\":0.000462874,\"13\":0.0003107319,\"14\":-0.0006154358,\"15\":-0.0000914445}}", "deviance": 805.7621494440197, "df": 3, "rel_entropy": 0.00012025241798767267, "formula": "count ~ group * mut * base - group : mut : base", "prob": 2.4353078234085515e-174}, "pos3": {"stats": "{\"group\":{\"0\":\"1\",\"1\":\"1\",\"2\":\"1\",\"3\":\"1\",\"4\":\"1\",\"5\":\"1\",\"6\":\"1\",\"7\":\"1\",\"8\":\"2\",\"9\":\"2\",\"10\":\"2\",\"11\":\"2\",\"12\":\"2\",\"13\":\"2\",\"14\":\"2\",\"15\":\"2\"},\"mut\":{\"0\":\"M\",\"1\":\"M\",\"2\":\"M\",\"3\":\"M\",\"4\":\"R\",\"5\":\"R\",\"6\":\"R\",\"7\":\"R\",\"8\":\"M\",\"9\":\"M\",\"10\":\"M\",\"11\":\"M\",\"12\":\"R\",\"13\":\"R\",\"14\":\"R\",\"15\":\"R\"},\"base\":{\"0\":\"A\",\"1\":\"C\",\"2\":\"G\",\"3\":\"T\",\"4\":\"A\",\"5\":\"C\",\"6\":\"G\",\"7\":\"T\",\"8\":\"A\",\"9\":\"C\",\"10\":\"G\",\"11\":\"T\",\"12\":\"A\",\"13\":\"C\",\"14\":\"G\",\"15\":\"T\"},\"count\":{\"0\":342344,\"1\":396772,\"2\":360567,\"3\":442174,\"4\":381312,\"5\":364533,\"6\":360899,\"7\":435112,\"8\":24474,\"9\":36254,\"10\":41438,\"11\":31125,\"12\":28207,\"13\":35071,\"14\":36167,\"15\":33846},\"fitted\":{\"0\":342000.7878816761,\"1\":396031.0703907443,\"2\":363069.2686293636,\"3\":440755.8730982206,\"4\":381655.212118327,\"5\":365273.9296092564,\"6\":358396.7313706386,\"7\":436530.1269017814,\"8\":24817.2121183265,\"9\":36994.9296092559,\"10\":38935.7313707249,\"11\":32543.126901783,\"12\":27863.7878816736,\"13\":34330.0703907443,\"14\":38669.2686294584,\"15\":32427.873098224},\"ret\":{\"0\":0.0001024937,\"1\":0.0002213603,\"2\":-0.0007443004,\"3\":0.0004239644,\"4\":-0.0001023963,\"5\":-0.0002209291,\"6\":0.0007494813,\"7\":-0.0004225959,\"8\":-0.0001017307,\"9\":-0.000218924,\"10\":0.0007703816,\"11\":-0.0004139245,\"12\":0.0001030707,\"13\":0.0002235231,\"14\":-0.0007221762,\"15\":0.0004324076}}", "deviance": 534.0752483855423, "df": 3, "rel_entropy": 7.970570477906308e-05, "formula": "count ~ group * mut * base - group : mut : base", "prob": 1.9660091688912452e-115}, "pos0": {"stats": "{\"group\":{\"0\":\"1\",\"1\":\"1\",\"2\":\"1\",\"3\":\"1\",\"4\":\"1\",\"5\":\"1\",\"6\":\"1\",\"7\":\"1\",\"8\":\"2\",\"9\":\"2\",\"10\":\"2\",\"11\":\"2\",\"12\":\"2\",\"13\":\"2\",\"14\":\"2\",\"15\":\"2\"},\"mut\":{\"0\":\"M\",\"1\":\"M\",\"2\":\"M\",\"3\":\"M\",\"4\":\"R\",\"5\":\"R\",\"6\":\"R\",\"7\":\"R\",\"8\":\"M\",\"9\":\"M\",\"10\":\"M\",\"11\":\"M\",\"12\":\"R\",\"13\":\"R\",\"14\":\"R\",\"15\":\"R\"},\"base\":{\"0\":\"A\",\"1\":\"C\",\"2\":\"G\",\"3\":\"T\",\"4\":\"A\",\"5\":\"C\",\"6\":\"G\",\"7\":\"T\",\"8\":\"A\",\"9\":\"C\",\"10\":\"G\",\"11\":\"T\",\"12\":\"A\",\"13\":\"C\",\"14\":\"G\",\"15\":\"T\"},\"count\":{\"0\":367676,\"1\":403298,\"2\":324593,\"3\":446290,\"4\":394204,\"5\":365518,\"6\":333606,\"7\":448528,\"8\":29647,\"9\":34842,\"10\":37109,\"11\":31693,\"12\":30002,\"13\":35097,\"14\":34531,\"15\":33661},\"fitted\":{\"0\":368503.7070590096,\"1\":401639.8771814759,\"2\":326232.0293480935,\"3\":445481.3864114224,\"4\":393376.2929409919,\"5\":367176.122818525,\"6\":331966.970651907,\"7\":449336.6135885786,\"8\":28819.2929409913,\"9\":36500.1228185315,\"10\":35469.9706519117,\"11\":32501.6135885779,\"12\":30829.707059009,\"13\":33438.8771814826,\"14\":36170.0293480991,\"15\":32852.3864114222},\"ret\":{\"0\":-0.0002467773,\"1\":0.0004959387,\"2\":-0.0004879884,\"3\":0.0002415749,\"4\":0.0002473147,\"5\":-0.0004937993,\"6\":0.0004904251,\"7\":-0.0002411386,\"8\":0.0002505693,\"9\":-0.0004835027,\"10\":0.0005003524,\"11\":-0.0002383284,\"12\":-0.0002437085,\"13\":0.0005069912,\"14\":-0.0004779637,\"15\":0.0002443022}}", "deviance": 430.5902764602779, "df": 3, "rel_entropy": 6.426154658922242e-05, "formula": "count ~ group * mut * base - group : mut : base", "prob": 5.2298203319018089e-93}, "pos1": {"stats": "{\"group\":{\"0\":\"1\",\"1\":\"1\",\"2\":\"1\",\"3\":\"1\",\"4\":\"1\",\"5\":\"1\",\"6\":\"1\",\"7\":\"1\",\"8\":\"2\",\"9\":\"2\",\"10\":\"2\",\"11\":\"2\",\"12\":\"2\",\"13\":\"2\",\"14\":\"2\",\"15\":\"2\"},\"mut\":{\"0\":\"M\",\"1\":\"M\",\"2\":\"M\",\"3\":\"M\",\"4\":\"R\",\"5\":\"R\",\"6\":\"R\",\"7\":\"R\",\"8\":\"M\",\"9\":\"M\",\"10\":\"M\",\"11\":\"M\",\"12\":\"R\",\"13\":\"R\",\"14\":\"R\",\"15\":\"R\"},\"base\":{\"0\":\"A\",\"1\":\"C\",\"2\":\"G\",\"3\":\"T\",\"4\":\"A\",\"5\":\"C\",\"6\":\"G\",\"7\":\"T\",\"8\":\"A\",\"9\":\"C\",\"10\":\"G\",\"11\":\"T\",\"12\":\"A\",\"13\":\"C\",\"14\":\"G\",\"15\":\"T\"},\"count\":{\"0\":467177,\"1\":415874,\"2\":324808,\"3\":333998,\"4\":371712,\"5\":400781,\"6\":332255,\"7\":437108,\"8\":34858,\"9\":40892,\"10\":31839,\"11\":25702,\"12\":27535,\"13\":39914,\"14\":32293,\"15\":33549},\"fitted\":{\"0\":467273.8958789997,\"1\":415630.8337003262,\"2\":324925.4120464204,\"3\":334026.8583742551,\"4\":371615.1041209999,\"5\":401024.1662996753,\"6\":332137.5879535806,\"7\":437079.1416257458,\"8\":34761.1041209993,\"9\":41135.1662996747,\"10\":31721.5879535802,\"11\":25673.1416257457,\"12\":27631.8958790007,\"13\":39670.8337003252,\"14\":32410.4120464198,\"15\":33577.8583742544},\"ret\":{\"0\":-0.0000289186,\"1\":0.0000726018,\"2\":-0.000035039,\"3\":-0.0000086133,\"4\":0.0000289254,\"5\":-0.0000725586,\"6\":0.0000350515,\"7\":0.000008614,\"8\":0.0000289619,\"9\":-0.0000723656,\"10\":0.0000351101,\"11\":0.0000086185,\"12\":-0.0000288708,\"13\":0.0000728026,\"14\":-0.0000349817,\"15\":-0.00000861}}", "deviance": 4.878336607667322, "df": 3, "rel_entropy": 7.28045829944426e-07, "formula": "count ~ group * mut * base - group : mut : base", "prob": 0.18092580848122977}}