{"pos0": {"prob": 0.27054862811742825, "stats": "{\"group\":{\"0\":\"1\",\"1\":\"1\",\"2\":\"1\",\"3\":\"1\",\"4\":\"1\",\"5\":\"1\",\"6\":\"1\",\"7\":\"1\",\"8\":\"2\",\"9\":\"2\",\"10\":\"2\",\"11\":\"2\",\"12\":\"2\",\"13\":\"2\",\"14\":\"2\",\"15\":\"2\"},\"mut\":{\"0\":\"M\",\"1\":\"M\",\"2\":\"M\",\"3\":\"M\",\"4\":\"R\",\"5\":\"R\",\"6\":\"R\",\"7\":\"R\",\"8\":\"M\",\"9\":\"M\",\"10\":\"M\",\"11\":\"M\",\"12\":\"R\",\"13\":\"R\",\"14\":\"R\",\"15\":\"R\"},\"base\":{\"0\":\"A\",\"1\":\"C\",\"2\":\"G\",\"3\":\"T\",\"4\":\"A\",\"5\":\"C\",\"6\":\"G\",\"7\":\"T\",\"8\":\"A\",\"9\":\"C\",\"10\":\"G\",\"11\":\"T\",\"12\":\"A\",\"13\":\"C\",\"14\":\"G\",\"15\":\"T\"},\"count\":{\"0\":3891,\"1\":4354,\"2\":4214,\"3\":3467,\"4\":3970,\"5\":4387,\"6\":4194,\"7\":3375,\"8\":100,\"9\":98,\"10\":98,\"11\":101,\"12\":115,\"13\":114,\"14\":83,\"15\":85},\"fitted\":{\"0\":3884.7421995388,\"1\":4346.5712002735,\"2\":4221.1235607455,\"3\":3473.5630394421,\"4\":3976.2578004611,\"5\":4394.4287997265,\"6\":4186.8764392544,\"7\":3368.4369605579,\"8\":106.2578004612,\"9\":105.428799727,\"10\":90.8764392555,\"11\":94.4369605584,\"12\":108.742199539,\"13\":106.571200274,\"14\":90.1235607466,\"15\":91.5630394425},\"ret\":{\"0\":0.0001918409,\"1\":0.0002277506,\"2\":-0.000218022,\"3\":-0.0002008465,\"4\":-0.0001915357,\"5\":-0.0002273637,\"6\":0.0002183918,\"7\":0.0002012323,\"8\":-0.0001859279,\"9\":-0.0002193439,\"10\":0.0002265434,\"11\":0.0002078658,\"12\":0.0001970992,\"13\":0.0002353093,\"14\":-0.0002093458,\"15\":-0.000193653}}", "rel_entropy": 5.999459441263686e-05, "formula": "count ~ group * mut * base - group : mut : base", "df": 3, "deviance": 3.917167058389886}, "pos1": {"prob": 0.741518316109927, "stats": "{\"group\":{\"0\":\"1\",\"1\":\"1\",\"2\":\"1\",\"3\":\"1\",\"4\":\"1\",\"5\":\"1\",\"6\":\"1\",\"7\":\"1\",\"8\":\"2\",\"9\":\"2\",\"10\":\"2\",\"11\":\"2\",\"12\":\"2\",\"13\":\"2\",\"14\":\"2\",\"15\":\"2\"},\"mut\":{\"0\":\"M\",\"1\":\"M\",\"2\":\"M\",\"3\":\"M\",\"4\":\"R\",\"5\":\"R\",\"6\":\"R\",\"7\":\"R\",\"8\":\"M\",\"9\":\"M\",\"10\":\"M\",\"11\":\"M\",\"12\":\"R\",\"13\":\"R\",\"14\":\"R\",\"15\":\"R\"},\"base\":{\"0\":\"A\",\"1\":\"C\",\"2\":\"G\",\"3\":\"T\",\"4\":\"A\",\"5\":\"C\",\"6\":\"G\",\"7\":\"T\",\"8\":\"A\",\"9\":\"C\",\"10\":\"G\",\"11\":\"T\",\"12\":\"A\",\"13\":\"C\",\"14\":\"G\",\"15\":\"T\"},\"count\":{\"0\":3550,\"1\":3352,\"2\":5230,\"3\":3794,\"4\":4860,\"5\":1467,\"6\":4711,\"7\":4888,\"8\":86,\"9\":77,\"10\":132,\"11\":102,\"12\":128,\"13\":28,\"14\":111,\"15\":130},\"fitted\":{\"0\":3544.6013496042,\"1\":3355.3816828236,\"2\":5232.6973872938,\"3\":3793.3195802784,\"4\":4865.3986503958,\"5\":1463.6183171764,\"6\":4708.3026127061,\"7\":4888.6804197216,\"8\":91.3986503958,\"9\":73.6183171767,\"10\":129.3026127062,\"11\":102.6804197216,\"12\":122.6013496042,\"13\":31.3816828238,\"14\":113.6973872939,\"15\":129.3195802784},\"ret\":{\"0\":0.0001654953,\"1\":-0.0001035342,\"2\":-0.0000826041,\"3\":0.0000208442,\"4\":-0.0001652776,\"5\":0.000103706,\"6\":0.000082649,\"7\":-0.0000208409,\"8\":-0.0001603864,\"9\":0.00010593,\"10\":0.0000834812,\"11\":-0.0000207732,\"12\":0.0001689581,\"13\":-0.0000977932,\"14\":-0.0000816374,\"15\":0.0000208971}}", "rel_entropy": 1.9114012001327507e-05, "formula": "count ~ group * mut * base - group : mut : base", "df": 3, "deviance": 1.2479920715906756}, "pos2": {"prob": 0.5604020219326908, "stats": "{\"group\":{\"0\":\"1\",\"1\":\"1\",\"2\":\"1\",\"3\":\"1\",\"4\":\"1\",\"5\":\"1\",\"6\":\"1\",\"7\":\"1\",\"8\":\"2\",\"9\":\"2\",\"10\":\"2\",\"11\":\"2\",\"12\":\"2\",\"13\":\"2\",\"14\":\"2\",\"15\":\"2\"},\"mut\":{\"0\":\"M\",\"1\":\"M\",\"2\":\"M\",\"3\":\"M\",\"4\":\"R\",\"5\":\"R\",\"6\":\"R\",\"7\":\"R\",\"8\":\"M\",\"9\":\"M\",\"10\":\"M\",\"11\":\"M\",\"12\":\"R\",\"13\":\"R\",\"14\":\"R\",\"15\":\"R\"},\"base\":{\"0\":\"A\",\"1\":\"C\",\"2\":\"G\",\"3\":\"T\",\"4\":\"A\",\"5\":\"C\",\"6\":\"G\",\"7\":\"T\",\"8\":\"A\",\"9\":\"C\",\"10\":\"G\",\"11\":\"T\",\"12\":\"A\",\"13\":\"C\",\"14\":\"G\",\"15\":\"T\"},\"count\":{\"0\":3163,\"1\":5073,\"2\":4089,\"3\":3601,\"4\":4056,\"5\":3928,\"6\":4762,\"7\":3180,\"8\":80,\"9\":124,\"10\":106,\"11\":87,\"12\":114,\"13\":104,\"14\":112,\"15\":67},\"fitted\":{\"0\":3157.8862342801,\"1\":5068.3229483286,\"2\":4093.8836980583,\"3\":3605.907119333,\"4\":4061.1137657199,\"5\":3932.6770516714,\"6\":4757.1163019417,\"7\":3175.092880667,\"8\":85.1137657199,\"9\":128.6770516714,\"10\":101.1163019417,\"11\":82.0928806672,\"12\":108.8862342802,\"13\":99.3229483286,\"14\":116.8836980583,\"15\":71.9071193331},\"ret\":{\"0\":0.0001567697,\"1\":0.0001433318,\"2\":-0.0001495063,\"3\":-0.0001502107,\"4\":-0.0001565443,\"5\":-0.0001431805,\"6\":0.0001496724,\"7\":0.0001504291,\"8\":-0.0001518401,\"9\":-0.0001406299,\"10\":0.0001531514,\"11\":0.0001547186,\"12\":0.000160265,\"13\":0.0001465871,\"14\":-0.0001464259,\"15\":-0.0001450633}}", "rel_entropy": 3.152400338387646e-05, "formula": "count ~ group * mut * base - group : mut : base", "df": 3, "deviance": 2.058265228940062}, "pos3": {"prob": 0.08010566416639936, "stats": "{\"group\":{\"0\":\"1\",\"1\":\"1\",\"2\":\"1\",\"3\":\"1\",\"4\":\"1\",\"5\":\"1\",\"6\":\"1\",\"7\":\"1\",\"8\":\"2\",\"9\":\"2\",\"10\":\"2\",\"11\":\"2\",\"12\":\"2\",\"13\":\"2\",\"14\":\"2\",\"15\":\"2\"},\"mut\":{\"0\":\"M\",\"1\":\"M\",\"2\":\"M\",\"3\":\"M\",\"4\":\"R\",\"5\":\"R\",\"6\":\"R\",\"7\":\"R\",\"8\":\"M\",\"9\":\"M\",\"10\":\"M\",\"11\":\"M\",\"12\":\"R\",\"13\":\"R\",\"14\":\"R\",\"15\":\"R\"},\"base\":{\"0\":\"A\",\"1\":\"C\",\"2\":\"G\",\"3\":\"T\",\"4\":\"A\",\"5\":\"C\",\"6\":\"G\",\"7\":\"T\",\"8\":\"A\",\"9\":\"C\",\"10\":\"G\",\"11\":\"T\",\"12\":\"A\",\"13\":\"C\",\"14\":\"G\",\"15\":\"T\"},\"count\":{\"0\":3156,\"1\":4403,\"2\":3612,\"3\":4755,\"4\":4261,\"5\":3899,\"6\":4115,\"7\":3651,\"8\":71,\"9\":94,\"10\":104,\"11\":128,\"12\":113,\"13\":102,\"14\":91,\"15\":91},\"fitted\":{\"0\":3148.9498548138,\"1\":4393.3528858622,\"2\":3624.6029707668,\"3\":4759.0942885572,\"4\":4268.0501451862,\"5\":3908.6471141378,\"6\":4102.3970292332,\"7\":3646.9057114428,\"8\":78.0501451862,\"9\":103.6471141378,\"10\":91.3970292332,\"11\":123.9057114428,\"12\":105.9498548138,\"13\":92.3528858622,\"14\":103.6029707668,\"15\":95.0942885572},\"ret\":{\"0\":0.000216199,\"1\":0.000295831,\"2\":-0.0003853775,\"3\":-0.0001253607,\"4\":-0.0002157789,\"5\":-0.0002951418,\"6\":0.0003866418,\"7\":0.0001254851,\"8\":-0.0002058962,\"9\":-0.0002813067,\"10\":0.0004115207,\"11\":0.0001274643,\"12\":0.0002229883,\"13\":0.00031043,\"14\":-0.000361554,\"15\":-0.0001226752}}", "rel_entropy": 0.00010346909578571085, "formula": "count ~ group * mut * base - group : mut : base", "df": 3, "deviance": 6.755704202040633}}