{"pos2": {"stats": "{\"group\":{\"0\":\"1\",\"1\":\"1\",\"2\":\"1\",\"3\":\"1\",\"4\":\"1\",\"5\":\"1\",\"6\":\"1\",\"7\":\"1\",\"8\":\"2\",\"9\":\"2\",\"10\":\"2\",\"11\":\"2\",\"12\":\"2\",\"13\":\"2\",\"14\":\"2\",\"15\":\"2\"},\"mut\":{\"0\":\"M\",\"1\":\"M\",\"2\":\"M\",\"3\":\"M\",\"4\":\"R\",\"5\":\"R\",\"6\":\"R\",\"7\":\"R\",\"8\":\"M\",\"9\":\"M\",\"10\":\"M\",\"11\":\"M\",\"12\":\"R\",\"13\":\"R\",\"14\":\"R\",\"15\":\"R\"},\"base\":{\"0\":\"A\",\"1\":\"C\",\"2\":\"G\",\"3\":\"T\",\"4\":\"A\",\"5\":\"C\",\"6\":\"G\",\"7\":\"T\",\"8\":\"A\",\"9\":\"C\",\"10\":\"G\",\"11\":\"T\",\"12\":\"A\",\"13\":\"C\",\"14\":\"G\",\"15\":\"T\"},\"count\":{\"0\":229565,\"1\":190716,\"2\":353047,\"3\":235506,\"4\":368060,\"5\":249390,\"6\":40768,\"7\":350616,\"8\":15058,\"9\":18114,\"10\":82310,\"11\":17809,\"12\":40691,\"13\":40221,\"14\":12498,\"15\":39881},\"fitted\":{\"0\":228732.9378132194,\"1\":189720.6393974887,\"2\":354497.6186119054,\"3\":235882.8041773867,\"4\":368892.0621867802,\"5\":250385.3606025119,\"6\":39317.381388162,\"7\":350239.1958226142,\"8\":15890.0621867808,\"9\":19109.3606025117,\"10\":80859.3813881026,\"11\":17432.1958226146,\"12\":39858.9378132219,\"13\":39225.639397492,\"14\":13948.618611966,\"15\":40257.8041773875},\"ret\":{\"0\":0.0003649223,\"1\":0.0004368905,\"2\":-0.0006337514,\"3\":-0.0001648257,\"4\":-0.0003638494,\"5\":-0.0004348821,\"6\":0.0006466262,\"7\":0.0001650462,\"8\":-0.0003545526,\"9\":-0.0004241985,\"10\":0.0006407151,\"11\":0.0001667276,\"12\":0.0003680364,\"13\":0.0004412319,\"14\":-0.0006008224,\"15\":-0.0001641831}}", "deviance": 407.19473859265565, "df": 3, "rel_entropy": 8.913094858107818e-05, "formula": "count ~ group * mut * base - group : mut : base", "prob": 6.1191313541949305e-88}, "pos3": {"stats": "{\"group\":{\"0\":\"1\",\"1\":\"1\",\"2\":\"1\",\"3\":\"1\",\"4\":\"1\",\"5\":\"1\",\"6\":\"1\",\"7\":\"1\",\"8\":\"2\",\"9\":\"2\",\"10\":\"2\",\"11\":\"2\",\"12\":\"2\",\"13\":\"2\",\"14\":\"2\",\"15\":\"2\"},\"mut\":{\"0\":\"M\",\"1\":\"M\",\"2\":\"M\",\"3\":\"M\",\"4\":\"R\",\"5\":\"R\",\"6\":\"R\",\"7\":\"R\",\"8\":\"M\",\"9\":\"M\",\"10\":\"M\",\"11\":\"M\",\"12\":\"R\",\"13\":\"R\",\"14\":\"R\",\"15\":\"R\"},\"base\":{\"0\":\"A\",\"1\":\"C\",\"2\":\"G\",\"3\":\"T\",\"4\":\"A\",\"5\":\"C\",\"6\":\"G\",\"7\":\"T\",\"8\":\"A\",\"9\":\"C\",\"10\":\"G\",\"11\":\"T\",\"12\":\"A\",\"13\":\"C\",\"14\":\"G\",\"15\":\"T\"},\"count\":{\"0\":240223,\"1\":247396,\"2\":215706,\"3\":305509,\"4\":264321,\"5\":227660,\"6\":220705,\"7\":296148,\"8\":24474,\"9\":36254,\"10\":41438,\"11\":31125,\"12\":28207,\"13\":35071,\"14\":36167,\"15\":33846},\"fitted\":{\"0\":239752.1710042299,\"1\":246726.3450475386,\"2\":218431.8673783919,\"3\":303923.616569845,\"4\":264791.828995773,\"5\":228329.6549524632,\"6\":217979.1326216094,\"7\":297733.3834301592,\"8\":24944.8289957718,\"9\":36923.6549524628,\"10\":38712.1326217808,\"11\":32710.383430164,\"12\":27736.1710042286,\"13\":34401.3450475376,\"14\":38892.8673785833,\"15\":32260.6165698526},\"ret\":{\"0\":0.000206322,\"1\":0.0002935593,\"2\":-0.0011858543,\"3\":0.000695857,\"4\":-0.0002059364,\"5\":-0.0002927315,\"6\":0.001200762,\"7\":-0.0006921987,\"8\":-0.0002041621,\"9\":-0.0002904872,\"10\":0.0012343921,\"11\":-0.000676952,\"12\":0.0002078594,\"13\":0.0002959968,\"14\":-0.0011505005,\"15\":0.000710831}}", "deviance": 670.458534687693, "df": 3, "rel_entropy": 0.0001467568205510984, "formula": "count ~ group * mut * base - group : mut : base", "prob": 5.3401241980361925e-145}, "pos0": {"stats": "{\"group\":{\"0\":\"1\",\"1\":\"1\",\"2\":\"1\",\"3\":\"1\",\"4\":\"1\",\"5\":\"1\",\"6\":\"1\",\"7\":\"1\",\"8\":\"2\",\"9\":\"2\",\"10\":\"2\",\"11\":\"2\",\"12\":\"2\",\"13\":\"2\",\"14\":\"2\",\"15\":\"2\"},\"mut\":{\"0\":\"M\",\"1\":\"M\",\"2\":\"M\",\"3\":\"M\",\"4\":\"R\",\"5\":\"R\",\"6\":\"R\",\"7\":\"R\",\"8\":\"M\",\"9\":\"M\",\"10\":\"M\",\"11\":\"M\",\"12\":\"R\",\"13\":\"R\",\"14\":\"R\",\"15\":\"R\"},\"base\":{\"0\":\"A\",\"1\":\"C\",\"2\":\"G\",\"3\":\"T\",\"4\":\"A\",\"5\":\"C\",\"6\":\"G\",\"7\":\"T\",\"8\":\"A\",\"9\":\"C\",\"10\":\"G\",\"11\":\"T\",\"12\":\"A\",\"13\":\"C\",\"14\":\"G\",\"15\":\"T\"},\"count\":{\"0\":250151,\"1\":247582,\"2\":200752,\"3\":310349,\"4\":268522,\"5\":227089,\"6\":204475,\"7\":308748,\"8\":29647,\"9\":34842,\"10\":37109,\"11\":31693,\"12\":30002,\"13\":35097,\"14\":34531,\"15\":33661},\"fitted\":{\"0\":250991.7254241423,\"1\":246214.8358049419,\"2\":202186.8285892702,\"3\":309440.6101816447,\"4\":267681.274575856,\"5\":228456.1641950591,\"6\":203040.1714107311,\"7\":309656.3898183557,\"8\":28806.2745758554,\"9\":36209.1641950603,\"10\":35674.1714107323,\"11\":32601.3898183555,\"12\":30842.7254241447,\"13\":33729.8358049428,\"14\":35965.8285892715,\"15\":32752.6101816447},\"ret\":{\"0\":-0.000367436,\"1\":0.0006001764,\"2\":-0.0006259058,\"3\":0.0003982584,\"4\":0.0003686305,\"5\":-0.0005967233,\"6\":0.0006303541,\"7\":-0.0003970914,\"8\":0.0003733726,\"9\":-0.0005870736,\"10\":0.0006406059,\"11\":-0.0003920828,\"12\":-0.0003629907,\"13\":0.0006104869,\"14\":-0.0006154403,\"15\":0.0004031398}}", "deviance": 366.7624373238523, "df": 3, "rel_entropy": 8.028071299635598e-05, "formula": "count ~ group * mut * base - group : mut : base", "prob": 3.4983274835819295e-79}, "pos1": {"stats": "{\"group\":{\"0\":\"1\",\"1\":\"1\",\"2\":\"1\",\"3\":\"1\",\"4\":\"1\",\"5\":\"1\",\"6\":\"1\",\"7\":\"1\",\"8\":\"2\",\"9\":\"2\",\"10\":\"2\",\"11\":\"2\",\"12\":\"2\",\"13\":\"2\",\"14\":\"2\",\"15\":\"2\"},\"mut\":{\"0\":\"M\",\"1\":\"M\",\"2\":\"M\",\"3\":\"M\",\"4\":\"R\",\"5\":\"R\",\"6\":\"R\",\"7\":\"R\",\"8\":\"M\",\"9\":\"M\",\"10\":\"M\",\"11\":\"M\",\"12\":\"R\",\"13\":\"R\",\"14\":\"R\",\"15\":\"R\"},\"base\":{\"0\":\"A\",\"1\":\"C\",\"2\":\"G\",\"3\":\"T\",\"4\":\"A\",\"5\":\"C\",\"6\":\"G\",\"7\":\"T\",\"8\":\"A\",\"9\":\"C\",\"10\":\"G\",\"11\":\"T\",\"12\":\"A\",\"13\":\"C\",\"14\":\"G\",\"15\":\"T\"},\"count\":{\"0\":316107,\"1\":260684,\"2\":209587,\"3\":222456,\"4\":254201,\"5\":249163,\"6\":205172,\"7\":300298,\"8\":34858,\"9\":40892,\"10\":31839,\"11\":25702,\"12\":27535,\"13\":39914,\"14\":32293,\"15\":33549},\"fitted\":{\"0\":316396.0519786836,\"1\":260369.4771433296,\"2\":209135.7676125045,\"3\":222932.7032654865,\"4\":253911.9480213197,\"5\":249477.522856672,\"6\":205623.2323874969,\"7\":299821.2967345151,\"8\":34568.9480213186,\"9\":41206.5228566711,\"10\":32290.2323874963,\"11\":25225.2967345146,\"12\":27824.0519786817,\"13\":39599.4771433291,\"14\":31841.767612504,\"15\":34025.7032654856},\"ret\":{\"0\":-0.0001264835,\"1\":0.0001377751,\"2\":0.0001977537,\"3\":-0.0002084681,\"4\":0.0001266133,\"5\":-0.0001376051,\"6\":-0.0001973238,\"7\":0.0002088572,\"8\":0.0001270689,\"9\":-0.0001371651,\"10\":-0.000196154,\"11\":0.000210651,\"12\":-0.0001258817,\"13\":0.0001382373,\"14\":0.0001989338,\"15\":-0.0002072226}}", "deviance": 43.79507467253495, "df": 3, "rel_entropy": 9.586313816905976e-06, "formula": "count ~ group * mut * base - group : mut : base", "prob": 1.6682852023604229e-09}}