{"pos2": {"stats": "{\"mut\":{\"0\":\"M\",\"1\":\"M\",\"2\":\"M\",\"3\":\"M\",\"4\":\"R\",\"5\":\"R\",\"6\":\"R\",\"7\":\"R\"},\"base\":{\"0\":\"A\",\"1\":\"C\",\"2\":\"G\",\"3\":\"T\",\"4\":\"A\",\"5\":\"C\",\"6\":\"G\",\"7\":\"T\"},\"count\":{\"0\":1279,\"1\":995,\"2\":300,\"3\":1919,\"4\":1583,\"5\":1126,\"6\":156,\"7\":1628},\"fitted\":{\"0\":1431.0,\"1\":1060.5,\"2\":228.0000000001,\"3\":1773.5,\"4\":1431.0,\"5\":1060.5,\"6\":228.0000000001,\"7\":1773.5},\"ret\":{\"0\":-0.0159832269,\"1\":-0.0070592334,\"2\":0.0091621471,\"3\":0.0168385997,\"4\":0.0177833438,\"5\":0.0075097201,\"6\":-0.0065880682,\"7\":-0.0155087069}}", "deviance": 110.6100261122342, "df": 3, "rel_entropy": 0.006154575234377598, "formula": "count ~ mut * base - mut : base", "prob": 8.1105398947268189e-24}, "pos3": {"stats": "{\"mut\":{\"0\":\"M\",\"1\":\"M\",\"2\":\"M\",\"3\":\"M\",\"4\":\"R\",\"5\":\"R\",\"6\":\"R\",\"7\":\"R\"},\"base\":{\"0\":\"A\",\"1\":\"C\",\"2\":\"G\",\"3\":\"T\",\"4\":\"A\",\"5\":\"C\",\"6\":\"G\",\"7\":\"T\"},\"count\":{\"0\":1419,\"1\":869,\"2\":1019,\"3\":1186,\"4\":1209,\"5\":965,\"6\":963,\"7\":1356},\"fitted\":{\"0\":1314.000000017,\"1\":917.0000000003,\"2\":990.9999999999,\"3\":1271.0000000038,\"4\":1314.0000000173,\"5\":917.0000000005,\"6\":991.0000000001,\"7\":1271.0000000041},\"ret\":{\"0\":0.0121397421,\"1\":-0.0051993342,\"2\":0.0031595689,\"3\":-0.0091355645,\"4\":-0.0112050255,\"5\":0.0054790682,\"6\":-0.003071518,\"7\":0.009768632}}", "deviance": 34.78604675093091, "df": 3, "rel_entropy": 0.0019355690379997167, "formula": "count ~ mut * base - mut : base", "prob": 1.3518691004716898e-07}, "pos0": {"stats": "{\"mut\":{\"0\":\"M\",\"1\":\"M\",\"2\":\"M\",\"3\":\"M\",\"4\":\"R\",\"5\":\"R\",\"6\":\"R\",\"7\":\"R\"},\"base\":{\"0\":\"A\",\"1\":\"C\",\"2\":\"G\",\"3\":\"T\",\"4\":\"A\",\"5\":\"C\",\"6\":\"G\",\"7\":\"T\"},\"count\":{\"0\":1432,\"1\":1265,\"2\":782,\"3\":1014,\"4\":1292,\"5\":938,\"6\":853,\"7\":1410},\"fitted\":{\"0\":1362.0,\"1\":1101.5,\"2\":817.5,\"3\":1212.0,\"4\":1362.0,\"5\":1101.5,\"6\":817.5,\"7\":1212.0},\"ret\":{\"0\":0.0079867323,\"1\":0.0194830884,\"2\":-0.0038635432,\"3\":-0.0201275482,\"4\":-0.0075861942,\"5\":-0.0167723312,\"6\":0.0040351518,\"7\":0.0237433921}}", "deviance": 123.98429777820763, "df": 3, "rel_entropy": 0.006898747928900936, "formula": "count ~ mut * base - mut : base", "prob": 1.069637484752511e-26}, "pos1": {"stats": "{\"mut\":{\"0\":\"M\",\"1\":\"M\",\"2\":\"M\",\"3\":\"M\",\"4\":\"R\",\"5\":\"R\",\"6\":\"R\",\"7\":\"R\"},\"base\":{\"0\":\"A\",\"1\":\"C\",\"2\":\"G\",\"3\":\"T\",\"4\":\"A\",\"5\":\"C\",\"6\":\"G\",\"7\":\"T\"},\"count\":{\"0\":1304,\"1\":1034,\"2\":695,\"3\":1460,\"4\":1152,\"5\":1051,\"6\":938,\"7\":1352},\"fitted\":{\"0\":1228.0,\"1\":1042.5,\"2\":816.5,\"3\":1406.0,\"4\":1228.0,\"5\":1042.5,\"6\":816.5,\"7\":1406.0},\"ret\":{\"0\":0.00871408,\"1\":-0.0009420491,\"2\":-0.0124610473,\"3\":0.0061232982,\"4\":-0.0081903107,\"5\":0.0009497617,\"6\":0.0144805484,\"7\":-0.0058924415}}", "deviance": 49.99522284869424, "df": 3, "rel_entropy": 0.0027818396866622656, "formula": "count ~ mut * base - mut : base", "prob": 8.0079166918558641e-11}}