{"('pos1', 'pos2')": {"stats": "{\"mut\":{\"0\":\"M\",\"1\":\"M\",\"2\":\"M\",\"3\":\"M\",\"4\":\"M\",\"5\":\"M\",\"6\":\"M\",\"7\":\"M\",\"8\":\"M\",\"9\":\"M\",\"10\":\"M\",\"11\":\"M\",\"12\":\"M\",\"13\":\"M\",\"14\":\"M\",\"15\":\"M\",\"16\":\"R\",\"17\":\"R\",\"18\":\"R\",\"19\":\"R\",\"20\":\"R\",\"21\":\"R\",\"22\":\"R\",\"23\":\"R\",\"24\":\"R\",\"25\":\"R\",\"26\":\"R\",\"27\":\"R\",\"28\":\"R\",\"29\":\"R\",\"30\":\"R\",\"31\":\"R\"},\"base1\":{\"0\":\"A\",\"1\":\"A\",\"2\":\"A\",\"3\":\"A\",\"4\":\"C\",\"5\":\"C\",\"6\":\"C\",\"7\":\"C\",\"8\":\"G\",\"9\":\"G\",\"10\":\"G\",\"11\":\"G\",\"12\":\"T\",\"13\":\"T\",\"14\":\"T\",\"15\":\"T\",\"16\":\"A\",\"17\":\"A\",\"18\":\"A\",\"19\":\"A\",\"20\":\"C\",\"21\":\"C\",\"22\":\"C\",\"23\":\"C\",\"24\":\"G\",\"25\":\"G\",\"26\":\"G\",\"27\":\"G\",\"28\":\"T\",\"29\":\"T\",\"30\":\"T\",\"31\":\"T\"},\"base2\":{\"0\":\"A\",\"1\":\"C\",\"2\":\"G\",\"3\":\"T\",\"4\":\"A\",\"5\":\"C\",\"6\":\"G\",\"7\":\"T\",\"8\":\"A\",\"9\":\"C\",\"10\":\"G\",\"11\":\"T\",\"12\":\"A\",\"13\":\"C\",\"14\":\"G\",\"15\":\"T\",\"16\":\"A\",\"17\":\"C\",\"18\":\"G\",\"19\":\"T\",\"20\":\"A\",\"21\":\"C\",\"22\":\"G\",\"23\":\"T\",\"24\":\"A\",\"25\":\"C\",\"26\":\"G\",\"27\":\"T\",\"28\":\"A\",\"29\":\"C\",\"30\":\"G\",\"31\":\"T\"},\"count\":{\"0\":475,\"1\":252,\"2\":84,\"3\":493,\"4\":279,\"5\":298,\"6\":66,\"7\":391,\"8\":179,\"9\":181,\"10\":56,\"11\":279,\"12\":346,\"13\":264,\"14\":94,\"15\":756,\"16\":451,\"17\":255,\"18\":44,\"19\":402,\"20\":371,\"21\":279,\"22\":37,\"23\":364,\"24\":333,\"25\":248,\"26\":37,\"27\":320,\"28\":428,\"29\":344,\"30\":38,\"31\":542},\"fitted\":{\"0\":444.338964278,\"1\":257.0027093736,\"2\":88.4309472287,\"3\":514.2273791209,\"4\":288.2539875149,\"5\":271.3816618605,\"6\":67.8512149611,\"7\":406.5131356784,\"8\":190.7537341287,\"9\":170.8314464842,\"10\":54.8618434766,\"11\":278.5529759115,\"12\":355.6533140797,\"13\":295.7841823366,\"14\":88.8559943351,\"15\":719.7065092895,\"16\":481.6610357247,\"17\":249.9972906265,\"18\":39.5690527741,\"19\":380.7726208796,\"20\":361.7460124852,\"21\":305.6183381633,\"22\":35.1487850398,\"23\":348.4868643217,\"24\":321.2462658716,\"25\":258.1685535164,\"26\":38.1381565241,\"27\":320.4470240885,\"28\":418.3466859203,\"29\":312.2158177346,\"30\":43.1440056699,\"31\":578.2934907117},\"ret\":{\"0\":0.0035271948,\"1\":-0.0005512686,\"2\":-0.0004805293,\"3\":-0.0023128298,\"4\":-0.0010131125,\"5\":0.0031029444,\"6\":-0.0002031748,\"7\":-0.0016929997,\"8\":-0.0012668531,\"9\":0.0011646291,\"10\":0.0001279637,\"11\":0.0000497866,\"12\":-0.0010595487,\"13\":-0.0033398371,\"14\":0.0005887057,\"15\":0.0041390599,\"16\":-0.0033011073,\"17\":0.0005622561,\"18\":0.0005197265,\"19\":0.0024269279,\"20\":0.0010428841,\"21\":-0.0028292848,\"22\":0.0002113433,\"23\":0.0017642346,\"24\":0.0013316471,\"25\":-0.0011090158,\"26\":-0.0001247498,\"27\":-0.000049712,\"28\":0.0010865615,\"29\":0.0037113023,\"30\":-0.0005368772,\"31\":-0.0039094152}}", "deviance": 28.339185943098734, "df": 9, "rel_entropy": 0.0015768521001056496, "formula": "count ~ mut * base1 * base2 - mut : base1 : base2", "prob": 0.00083699105818608088}, "('pos1', 'pos3')": {"stats": "{\"mut\":{\"0\":\"M\",\"1\":\"M\",\"2\":\"M\",\"3\":\"M\",\"4\":\"M\",\"5\":\"M\",\"6\":\"M\",\"7\":\"M\",\"8\":\"M\",\"9\":\"M\",\"10\":\"M\",\"11\":\"M\",\"12\":\"M\",\"13\":\"M\",\"14\":\"M\",\"15\":\"M\",\"16\":\"R\",\"17\":\"R\",\"18\":\"R\",\"19\":\"R\",\"20\":\"R\",\"21\":\"R\",\"22\":\"R\",\"23\":\"R\",\"24\":\"R\",\"25\":\"R\",\"26\":\"R\",\"27\":\"R\",\"28\":\"R\",\"29\":\"R\",\"30\":\"R\",\"31\":\"R\"},\"base1\":{\"0\":\"A\",\"1\":\"A\",\"2\":\"A\",\"3\":\"A\",\"4\":\"C\",\"5\":\"C\",\"6\":\"C\",\"7\":\"C\",\"8\":\"G\",\"9\":\"G\",\"10\":\"G\",\"11\":\"G\",\"12\":\"T\",\"13\":\"T\",\"14\":\"T\",\"15\":\"T\",\"16\":\"A\",\"17\":\"A\",\"18\":\"A\",\"19\":\"A\",\"20\":\"C\",\"21\":\"C\",\"22\":\"C\",\"23\":\"C\",\"24\":\"G\",\"25\":\"G\",\"26\":\"G\",\"27\":\"G\",\"28\":\"T\",\"29\":\"T\",\"30\":\"T\",\"31\":\"T\"},\"base2\":{\"0\":\"A\",\"1\":\"C\",\"2\":\"G\",\"3\":\"T\",\"4\":\"A\",\"5\":\"C\",\"6\":\"G\",\"7\":\"T\",\"8\":\"A\",\"9\":\"C\",\"10\":\"G\",\"11\":\"T\",\"12\":\"A\",\"13\":\"C\",\"14\":\"G\",\"15\":\"T\",\"16\":\"A\",\"17\":\"C\",\"18\":\"G\",\"19\":\"T\",\"20\":\"A\",\"21\":\"C\",\"22\":\"G\",\"23\":\"T\",\"24\":\"A\",\"25\":\"C\",\"26\":\"G\",\"27\":\"T\",\"28\":\"A\",\"29\":\"C\",\"30\":\"G\",\"31\":\"T\"},\"count\":{\"0\":421,\"1\":211,\"2\":352,\"3\":320,\"4\":322,\"5\":239,\"6\":204,\"7\":269,\"8\":200,\"9\":126,\"10\":154,\"11\":215,\"12\":476,\"13\":293,\"14\":309,\"15\":382,\"16\":321,\"17\":231,\"18\":266,\"19\":334,\"20\":282,\"21\":251,\"22\":226,\"23\":292,\"24\":257,\"25\":186,\"26\":220,\"27\":275,\"28\":349,\"29\":297,\"30\":251,\"31\":455},\"fitted\":{\"0\":421.4918886667,\"1\":222.2318881627,\"2\":335.6713426567,\"3\":324.604880514,\"4\":323.68325939,\"5\":230.4519752719,\"6\":219.6231852209,\"7\":260.2415801184,\"8\":212.4116838663,\"9\":124.9251023394,\"10\":164.4936191249,\"11\":193.1695946822,\"12\":461.4131680776,\"13\":291.3910342261,\"14\":299.2118529993,\"15\":407.9839446983,\"16\":320.5081113333,\"17\":219.7681118375,\"18\":282.3286573437,\"19\":329.395119486,\"20\":280.31674061,\"21\":259.5480247281,\"22\":210.3768147817,\"23\":300.7584198817,\"24\":244.5883161344,\"25\":187.0748976608,\"26\":209.5063808757,\"27\":296.8304053363,\"28\":363.5868319224,\"29\":298.6089657739,\"30\":260.7881470007,\"31\":429.0160553035},\"ret\":{\"0\":-0.0000547075,\"1\":-0.0012177993,\"2\":0.0018606189,\"3\":-0.0005087984,\"4\":-0.0001868323,\"5\":0.0009686884,\"6\":-0.0016752538,\"7\":0.0009908943,\"8\":-0.0013400608,\"9\":0.0001201323,\"10\":-0.0011297077,\"11\":0.0025617563,\"12\":0.0016486768,\"13\":0.0001795459,\"14\":0.0011068918,\"15\":-0.0027975023,\"16\":0.0000547814,\"17\":0.001281342,\"18\":-0.0017635313,\"19\":0.0005160159,\"20\":0.0001878815,\"21\":-0.0009354209,\"22\":0.00180163,\"23\":-0.0009603423,\"24\":0.0014156916,\"25\":-0.0001192748,\"26\":0.0011965432,\"27\":-0.0023377709,\"28\":-0.0015902773,\"29\":-0.0001785692,\"30\":-0.001068564,\"31\":0.0029774538}}", "deviance": 18.04624368665798, "df": 9, "rel_entropy": 0.0010041310753760282, "formula": "count ~ mut * base1 * base2 - mut : base1 : base2", "prob": 0.034640805605357414},