{"pos1": {"rel_entropy": 0.00742526377731093, "formula": "count ~ mut * base - mut : base", "prob": 0, "stats": "{\"mut\":{\"0\":\"M\",\"1\":\"M\",\"2\":\"M\",\"3\":\"M\",\"4\":\"R\",\"5\":\"R\",\"6\":\"R\",\"7\":\"R\"},\"base\":{\"0\":\"A\",\"1\":\"C\",\"2\":\"G\",\"3\":\"T\",\"4\":\"A\",\"5\":\"C\",\"6\":\"G\",\"7\":\"T\"},\"count\":{\"0\":318688,\"1\":335235,\"2\":143675,\"3\":310174,\"4\":356895,\"5\":275720,\"6\":225645,\"7\":249512},\"fitted\":{\"0\":337791.5000000009,\"1\":305477.5000000003,\"2\":184660.0000000004,\"3\":279843.0,\"4\":337791.5000000003,\"5\":305477.4999999998,\"6\":184660.0000000001,\"7\":279842.9999999995},\"ret\":{\"0\":-0.0083739379,\"1\":0.0140651633,\"2\":-0.0162745746,\"3\":0.0144065575,\"4\":0.0088618353,\"5\":-0.012754708,\"6\":0.0204147556,\"7\":-0.0129198274}}", "df": 3, "deviance": 32901.99722047713}, "pos0": {"rel_entropy": 0.010807631336032741, "formula": "count ~ mut * base - mut : base", "prob": 0, "stats": "{\"mut\":{\"0\":\"M\",\"1\":\"M\",\"2\":\"M\",\"3\":\"M\",\"4\":\"R\",\"5\":\"R\",\"6\":\"R\",\"7\":\"R\"},\"base\":{\"0\":\"A\",\"1\":\"C\",\"2\":\"G\",\"3\":\"T\",\"4\":\"A\",\"5\":\"C\",\"6\":\"G\",\"7\":\"T\"},\"count\":{\"0\":343957,\"1\":328115,\"2\":205705,\"3\":229995,\"4\":370266,\"5\":195997,\"6\":232566,\"7\":308943},\"fitted\":{\"0\":357111.5000000001,\"1\":262056.0000000029,\"2\":219135.4999999999,\"3\":269469.0000000002,\"4\":357111.5000000001,\"5\":262056.0000000029,\"6\":219135.4999999999,\"7\":269469.0000000002},\"ret\":{\"0\":-0.005826646,\"1\":0.033293042,\"2\":-0.0058722627,\"3\":-0.0164430221,\"4\":0.0060454034,\"5\":-0.0256952996,\"6\":0.0062440233,\"7\":0.0190623929}}", "df": 3, "deviance": 47889.56552151865}, "pos2": {"rel_entropy": 0.020479522311249193, "formula": "count ~ mut * base - mut : base", "prob": 0, "stats": "{\"mut\":{\"0\":\"M\",\"1\":\"M\",\"2\":\"M\",\"3\":\"M\",\"4\":\"R\",\"5\":\"R\",\"6\":\"R\",\"7\":\"R\"},\"base\":{\"0\":\"A\",\"1\":\"C\",\"2\":\"G\",\"3\":\"T\",\"4\":\"A\",\"5\":\"C\",\"6\":\"G\",\"7\":\"T\"},\"count\":{\"0\":225958,\"1\":180819,\"2\":208048,\"3\":492947,\"4\":357989,\"5\":191761,\"6\":267455,\"7\":290567},\"fitted\":{\"0\":291973.5000000029,\"1\":186290.0000000008,\"2\":237751.5000000015,\"3\":391757.0000000072,\"4\":291973.5000000029,\"5\":186290.0000000008,\"6\":237751.5000000015,\"7\":391757.0000000072},\"ret\":{\"0\":-0.0261408381,\"1\":-0.0024327502,\"2\":-0.0125321371,\"3\":0.051120384,\"4\":0.0329364692,\"5\":0.0025052816,\"6\":0.0142115096,\"7\":-0.0391883967}}", "df": 3, "deviance": 90746.56555910857}, "pos3": {"rel_entropy": 0.0007963093637451688, "formula": "count ~ mut * base - mut : base", "prob": 0, "stats": "{\"mut\":{\"0\":\"M\",\"1\":\"M\",\"2\":\"M\",\"3\":\"M\",\"4\":\"R\",\"5\":\"R\",\"6\":\"R\",\"7\":\"R\"},\"base\":{\"0\":\"A\",\"1\":\"C\",\"2\":\"G\",\"3\":\"T\",\"4\":\"A\",\"5\":\"C\",\"6\":\"G\",\"7\":\"T\"},\"count\":{\"0\":392282,\"1\":177171,\"2\":241838,\"3\":296481,\"4\":369736,\"5\":203046,\"6\":223456,\"7\":311534},\"fitted\":{\"0\":381009.0000000092,\"1\":190108.5000006894,\"2\":232647.000000014,\"3\":304007.5000000055,\"4\":381008.9999999997,\"5\":190108.5000006846,\"6\":232647.0000000082,\"7\":304007.4999999979},\"ret\":{\"0\":0.0051626813,\"1\":-0.0056360605,\"2\":0.0042293026,\"3\":-0.0033547302,\"4\":-0.0050121153,\"5\":0.0060337596,\"6\":-0.0040653718,\"7\":0.0034388437}}", "df": 3, "deviance": 3528.5168659788524}}