{"pos1": {"stats": "{\"mut\":{\"0\":\"M\",\"1\":\"M\",\"2\":\"M\",\"3\":\"M\",\"4\":\"R\",\"5\":\"R\",\"6\":\"R\",\"7\":\"R\"},\"base\":{\"0\":\"A\",\"1\":\"C\",\"2\":\"G\",\"3\":\"T\",\"4\":\"A\",\"5\":\"C\",\"6\":\"G\",\"7\":\"T\"},\"count\":{\"0\":3671,\"1\":5832,\"2\":3766,\"3\":5342,\"4\":4593,\"5\":4718,\"6\":3887,\"7\":5413},\"fitted\":{\"0\":4132.0,\"1\":5275.0,\"2\":3826.5,\"3\":5377.5,\"4\":4132.0,\"5\":5275.0,\"6\":3826.5,\"7\":5377.5},\"ret\":{\"0\":-0.0116670229,\"1\":0.0157278983,\"2\":-0.0016124653,\"3\":-0.000950582,\"4\":0.0130516932,\"5\":-0.0141448356,\"6\":0.0016381649,\"7\":0.0009568782}}", "prob": 3.861726556709964e-48, "deviance": 223.3118232622249, "df": 3, "rel_entropy": 0.0029997289675759617, "formula": "count ~ mut * base - mut : base"}, "pos3": {"stats": "{\"mut\":{\"0\":\"M\",\"1\":\"M\",\"2\":\"M\",\"3\":\"M\",\"4\":\"R\",\"5\":\"R\",\"6\":\"R\",\"7\":\"R\"},\"base\":{\"0\":\"A\",\"1\":\"C\",\"2\":\"G\",\"3\":\"T\",\"4\":\"A\",\"5\":\"C\",\"6\":\"G\",\"7\":\"T\"},\"count\":{\"0\":4444,\"1\":4417,\"2\":5630,\"3\":4120,\"4\":4786,\"5\":4247,\"6\":4193,\"7\":5385},\"fitted\":{\"0\":4615.0,\"1\":4332.0,\"2\":4911.5,\"3\":4752.5,\"4\":4615.0,\"5\":4332.0,\"6\":4911.5,\"7\":4752.5},\"ret\":{\"0\":-0.0045078741,\"1\":0.0023058543,\"2\":0.0206508025,\"3\":-0.0158080878,\"4\":0.0046781371,\"5\":-0.002261044,\"6\":-0.0178168059,\"7\":0.0180763254}}", "prob": 1.7614660384155417e-85, "deviance": 395.84163797118777, "df": 3, "rel_entropy": 0.005317307479060607, "formula": "count ~ mut * base - mut : base"}, "pos0": {"stats": "{\"mut\":{\"0\":\"M\",\"1\":\"M\",\"2\":\"M\",\"3\":\"M\",\"4\":\"R\",\"5\":\"R\",\"6\":\"R\",\"7\":\"R\"},\"base\":{\"0\":\"A\",\"1\":\"C\",\"2\":\"G\",\"3\":\"T\",\"4\":\"A\",\"5\":\"C\",\"6\":\"G\",\"7\":\"T\"},\"count\":{\"0\":4868,\"1\":5909,\"2\":4299,\"3\":3535,\"4\":4808,\"5\":4321,\"6\":3920,\"7\":5562},\"fitted\":{\"0\":4838.0,\"1\":5115.0,\"2\":4109.5,\"3\":4548.5,\"4\":4838.0,\"5\":5115.0,\"6\":4109.5,\"7\":4548.5},\"ret\":{\"0\":0.0008084687,\"1\":0.0229075291,\"2\":0.0052066929,\"3\":-0.0239406179,\"4\":-0.0008034709,\"5\":-0.0195828229,\"6\":-0.0049718466,\"7\":0.0300589247}}", "prob": 6.383764112231791e-156, "deviance": 720.8306235066246, "df": 3, "rel_entropy": 0.009682857228341097, "formula": "count ~ mut * base - mut : base"}, "pos2": {"stats": "{\"mut\":{\"0\":\"M\",\"1\":\"M\",\"2\":\"M\",\"3\":\"M\",\"4\":\"R\",\"5\":\"R\",\"6\":\"R\",\"7\":\"R\"},\"base\":{\"0\":\"A\",\"1\":\"C\",\"2\":\"G\",\"3\":\"T\",\"4\":\"A\",\"5\":\"C\",\"6\":\"G\",\"7\":\"T\"},\"count\":{\"0\":4235,\"1\":5227,\"2\":3026,\"3\":6123,\"4\":6569,\"5\":4667,\"6\":916,\"7\":6459},\"fitted\":{\"0\":5402.0,\"1\":4947.0,\"2\":1971.0,\"3\":6291.0,\"4\":5402.0,\"5\":4947.0,\"6\":1971.0,\"7\":6291.0},\"ret\":{\"0\":-0.0276916716,\"1\":0.0077314112,\"2\":0.0348516463,\"3\":-0.0044526505,\"4\":0.0345184623,\"5\":-0.0073054142,\"6\":-0.0188574614,\"7\":0.0045731959}}", "prob": 0, "deviance": 1739.571509130636, "df": 3, "rel_entropy": 0.02336751798842937, "formula": "count ~ mut * base - mut : base"}}