{"('pos2', 'pos3')": {"stats": "{\"mut\":{\"0\":\"M\",\"1\":\"M\",\"2\":\"M\",\"3\":\"M\",\"4\":\"M\",\"5\":\"M\",\"6\":\"M\",\"7\":\"M\",\"8\":\"M\",\"9\":\"M\",\"10\":\"M\",\"11\":\"M\",\"12\":\"M\",\"13\":\"M\",\"14\":\"M\",\"15\":\"M\",\"16\":\"R\",\"17\":\"R\",\"18\":\"R\",\"19\":\"R\",\"20\":\"R\",\"21\":\"R\",\"22\":\"R\",\"23\":\"R\",\"24\":\"R\",\"25\":\"R\",\"26\":\"R\",\"27\":\"R\",\"28\":\"R\",\"29\":\"R\",\"30\":\"R\",\"31\":\"R\"},\"base1\":{\"0\":\"A\",\"1\":\"A\",\"2\":\"A\",\"3\":\"A\",\"4\":\"C\",\"5\":\"C\",\"6\":\"C\",\"7\":\"C\",\"8\":\"G\",\"9\":\"G\",\"10\":\"G\",\"11\":\"G\",\"12\":\"T\",\"13\":\"T\",\"14\":\"T\",\"15\":\"T\",\"16\":\"A\",\"17\":\"A\",\"18\":\"A\",\"19\":\"A\",\"20\":\"C\",\"21\":\"C\",\"22\":\"C\",\"23\":\"C\",\"24\":\"G\",\"25\":\"G\",\"26\":\"G\",\"27\":\"G\",\"28\":\"T\",\"29\":\"T\",\"30\":\"T\",\"31\":\"T\"},\"base2\":{\"0\":\"A\",\"1\":\"C\",\"2\":\"G\",\"3\":\"T\",\"4\":\"A\",\"5\":\"C\",\"6\":\"G\",\"7\":\"T\",\"8\":\"A\",\"9\":\"C\",\"10\":\"G\",\"11\":\"T\",\"12\":\"A\",\"13\":\"C\",\"14\":\"G\",\"15\":\"T\",\"16\":\"A\",\"17\":\"C\",\"18\":\"G\",\"19\":\"T\",\"20\":\"A\",\"21\":\"C\",\"22\":\"G\",\"23\":\"T\",\"24\":\"A\",\"25\":\"C\",\"26\":\"G\",\"27\":\"T\",\"28\":\"A\",\"29\":\"C\",\"30\":\"G\",\"31\":\"T\"},\"count\":{\"0\":1108,\"1\":695,\"2\":1880,\"3\":552,\"4\":1628,\"5\":1389,\"6\":595,\"7\":1615,\"8\":927,\"9\":641,\"10\":779,\"11\":679,\"12\":781,\"13\":1692,\"14\":2376,\"15\":1274,\"16\":1754,\"17\":1309,\"18\":1866,\"19\":1640,\"20\":1628,\"21\":1174,\"22\":269,\"23\":1596,\"24\":214,\"25\":217,\"26\":253,\"27\":232,\"28\":1190,\"29\":1547,\"30\":1805,\"31\":1917},\"fitted\":{\"0\":1003.4862984707,\"1\":766.4779650337,\"2\":1790.832066704,\"3\":674.2036697916,\"4\":1706.7583187508,\"5\":1430.7972758377,\"6\":562.835620952,\"7\":1526.6087844595,\"8\":854.0818894986,\"9\":663.6458638352,\"10\":861.4133860407,\"11\":646.8588606255,\"12\":879.6734932799,\"13\":1556.0788952933,\"14\":2414.9189263034,\"15\":1272.3286851234,\"16\":1858.5137015293,\"17\":1237.5220349663,\"18\":1955.167933296,\"19\":1517.7963302084,\"20\":1549.2416812492,\"21\":1132.2027241623,\"22\":301.164379048,\"23\":1684.3912155404,\"24\":286.9181105014,\"25\":194.3541361648,\"26\":170.5866139594,\"27\":264.1411393745,\"28\":1091.3265067201,\"29\":1682.9211047066,\"30\":1766.0810736966,\"31\":1918.6713148766},\"ret\":{\"0\":0.0029492397,\"1\":-0.0018278546,\"2\":0.0024542441,\"3\":-0.0029657535,\"4\":-0.0020663198,\"5\":-0.0011063548,\"6\":0.0008883565,\"7\":0.0024421619,\"8\":0.0020403485,\"9\":-0.0005978995,\"10\":-0.0021046408,\"11\":0.0008846045,\"12\":-0.0024963728,\"13\":0.0038066651,\"14\":-0.0010371183,\"15\":0.0000449307,\"16\":-0.0027273748,\"17\":0.0019747348,\"18\":-0.0023400943,\"19\":0.0034118601,\"20\":0.0021688017,\"21\":0.0011433954,\"22\":-0.0008162421,\"23\":-0.0023112759,\"24\":-0.001685811,\"25\":0.0006425433,\"26\":0.0026790344,\"27\":-0.0008086916,\"28\":0.0027673326,\"29\":-0.003500033,\"30\":0.0010570264,\"31\":-0.0000448817}}", "prob": 7.85036042819366e-42, "deviance": 217.26936673595932, "df": 9, "rel_entropy": 0.002918561156519791, "formula": "count ~ mut * base1 * base2 - mut : base1 : base2"}, "('pos1', 'pos2')": {"stats": "{\"mut\":{\"0\":\"M\",\"1\":\"M\",\"2\":\"M\",\"3\":\"M\",\"4\":\"M\",\"5\":\"M\",\"6\":\"M\",\"7\":\"M\",\"8\":\"M\",\"9\":\"M\",\"10\":\"M\",\"11\":\"M\",\"12\":\"M\",\"13\":\"M\",\"14\":\"M\",\"15\":\"M\",\"16\":\"R\",\"17\":\"R\",\"18\":\"R\",\"19\":\"R\",\"20\":\"R\",\"21\":\"R\",\"22\":\"R\",\"23\":\"R\",\"24\":\"R\",\"25\":\"R\",\"26\":\"R\",\"27\":\"R\",\"28\":\"R\",\"29\":\"R\",\"30\":\"R\",\"31\":\"R\"},\"base1\":{\"0\":\"A\",\"1\":\"A\",\"2\":\"A\",\"3\":\"A\",\"4\":\"C\",\"5\":\"C\",\"6\":\"C\",\"7\":\"C\",\"8\":\"G\",\"9\":\"G\",\"10\":\"G\",\"11\":\"G\",\"12\":\"T\",\"13\":\"T\",\"14\":\"T\",\"15\":\"T\",\"16\":\"A\",\"17\":\"A\",\"18\":\"A\",\"19\":\"A\",\"20\":\"C\",\"21\":\"C\",\"22\":\"C\",\"23\":\"C\",\"24\":\"G\",\"25\":\"G\",\"26\":\"G\",\"27\":\"G\",\"28\":\"T\",\"29\":\"T\",\"30\":\"T\",\"31\":\"T\"},\"base2\":{\"0\":\"A\",\"1\":\"C\",\"2\":\"G\",\"3\":\"T\",\"4\":\"A\",\"5\":\"C\",\"6\":\"G\",\"7\":\"T\",\"8\":\"A\",\"9\":\"C\",\"10\":\"G\",\"11\":\"T\",\"12\":\"A\",\"13\":\"C\",\"14\":\"G\",\"15\":\"T\",\"16\":\"A\",\"17\":\"C\",\"18\":\"G\",\"19\":\"T\",\"20\":\"A\",\"21\":\"C\",\"22\":\"G\",\"23\":\"T\",\"24\":\"A\",\"25\":\"C\",\"26\":\"G\",\"27\":\"T\",\"28\":\"A\",\"29\":\"C\",\"30\":\"G\",\"31\":\"T\"},\"count\":{\"0\":1037,\"1\":919,\"2\":550,\"3\":1165,\"4\":1284,\"5\":1698,\"6\":1187,\"7\":1663,\"8\":874,\"9\":1092,\"10\":558,\"11\":1242,\"12\":1040,\"13\":1518,\"14\":731,\"15\":2053,\"16\":1842,\"17\":1058,\"18\":250,\"19\":1443,\"20\":1686,\"21\":1201,\"22\":236,\"23\":1595,\"24\":1307,\"25\":1037,\"26\":218,\"27\":1325,\"28\":1734,\"29\":1371,\"30\":212,\"31\":2096},\"fitted\":{\"0\":1001.6402502069,\"1\":944.4700900516,\"2\":582.4088781885,\"3\":1142.4807815531,\"4\":1302.3929518743,\"5\":1659.5635403674,\"6\":1133.658152411,\"7\":1736.3853553473,\"8\":842.3074373407,\"9\":1104.8149219359,\"10\":589.3065982535,\"11\":1229.5710424699,\"12\":1088.6593605781,\"13\":1518.1514476451,\"14\":720.626371147,\"15\":2014.5628206297,\"16\":1877.3597497931,\"17\":1032.5299099484,\"18\":217.5911218115,\"19\":1465.5192184469,\"20\":1667.6070481257,\"21\":1239.4364596326,\"22\":289.341847589,\"23\":1521.6146446527,\"24\":1338.6925626593,\"25\":1024.1850780641,\"26\":186.6934017465,\"27\":1337.4289575301,\"28\":1685.3406394219,\"29\":1370.8485523549,\"30\":222.373628853,\"31\":2134.4371793703},\"ret\":{\"0\":0.000966543,\"1\":-0.0006749645,\"2\":-0.0008460038,\"3\":0.0006109212,\"4\":-0.0004906362,\"5\":0.0010444943,\"6\":0.0014662715,\"7\":-0.0019292967,\"8\":0.0008672681,\"9\":-0.0003422791,\"10\":-0.0008183304,\"11\":0.0003355963,\"12\":-0.0012776136,\"13\":-0.0000040686,\"14\":0.0002806926,\"15\":0.001042436,\"16\":-0.0009409661,\"17\":0.0006926463,\"18\":0.0009325346,\"19\":-0.0006003253,\"20\":0.0004968571,\"21\":-0.0010164478,\"22\":-0.001292015,\"23\":0.002018355,\"24\":-0.0008412879,\"25\":0.0003464285,\"26\":0.0009079567,\"27\":-0.0003323579,\"28\":0.0013259671,\"29\":0.000004069,\"30\":-0.0002720921,\"31\":-0.0010232925}}", "prob": 3.269887812454901e-07, "deviance": 47.42527487415534, "df": 9, "rel_entropy": 0.0006370597344870686, "formula": "count ~ mut * base1 * base2 - mut : base1 : base2"},