{"pos2": {"stats": "{\"mut\":{\"0\":\"M\",\"1\":\"M\",\"2\":\"M\",\"3\":\"M\",\"4\":\"R\",\"5\":\"R\",\"6\":\"R\",\"7\":\"R\"},\"base\":{\"0\":\"A\",\"1\":\"C\",\"2\":\"G\",\"3\":\"T\",\"4\":\"A\",\"5\":\"C\",\"6\":\"G\",\"7\":\"T\"},\"count\":{\"0\":1553,\"1\":714,\"2\":1026,\"3\":1363,\"4\":1413,\"5\":920,\"6\":1114,\"7\":1209},\"fitted\":{\"0\":1483.0,\"1\":817.0,\"2\":1070.0,\"3\":1286.0,\"4\":1483.0,\"5\":817.0,\"6\":1070.0,\"7\":1286.0},\"ret\":{\"0\":0.0076918664,\"1\":-0.0103324612,\"2\":-0.0046265749,\"3\":0.008511655,\"4\":-0.0073369114,\"5\":0.0117306496,\"6\":0.0048209323,\"7\":-0.0080162535}}", "deviance": 45.49661314794284, "df": 3, "rel_entropy": 0.0024429023382701266, "formula": "count ~ mut * base - mut : base", "prob": 7.2562916588402871e-10}, "pos3": {"stats": "{\"mut\":{\"0\":\"M\",\"1\":\"M\",\"2\":\"M\",\"3\":\"M\",\"4\":\"R\",\"5\":\"R\",\"6\":\"R\",\"7\":\"R\"},\"base\":{\"0\":\"A\",\"1\":\"C\",\"2\":\"G\",\"3\":\"T\",\"4\":\"A\",\"5\":\"C\",\"6\":\"G\",\"7\":\"T\"},\"count\":{\"0\":1087,\"1\":785,\"2\":1277,\"3\":1507,\"4\":1460,\"5\":904,\"6\":991,\"7\":1301},\"fitted\":{\"0\":1273.5,\"1\":844.5,\"2\":1134.0,\"3\":1404.0,\"4\":1273.5,\"5\":844.5,\"6\":1134.0,\"7\":1404.0},\"ret\":{\"0\":-0.018484067,\"1\":-0.0061590313,\"2\":0.0162864636,\"3\":0.011457151,\"4\":0.0214276668,\"5\":0.0066095898,\"6\":-0.0143448048,\"7\":-0.0106449667}}", "deviance": 114.50037855798944, "df": 3, "rel_entropy": 0.006148001426008883, "formula": "count ~ mut * base - mut : base", "prob": 1.1793608329203891e-24}, "pos0": {"stats": "{\"mut\":{\"0\":\"M\",\"1\":\"M\",\"2\":\"M\",\"3\":\"M\",\"4\":\"R\",\"5\":\"R\",\"6\":\"R\",\"7\":\"R\"},\"base\":{\"0\":\"A\",\"1\":\"C\",\"2\":\"G\",\"3\":\"T\",\"4\":\"A\",\"5\":\"C\",\"6\":\"G\",\"7\":\"T\"},\"count\":{\"0\":1254,\"1\":1008,\"2\":924,\"3\":1470,\"4\":1377,\"5\":938,\"6\":1072,\"7\":1269},\"fitted\":{\"0\":1315.5000000002,\"1\":973.0,\"2\":998.0000000071,\"3\":1369.500000009,\"4\":1315.5000000003,\"5\":973.0,\"6\":998.0000000072,\"7\":1369.5000000091},\"ret\":{\"0\":-0.0064475395,\"1\":0.0038253953,\"2\":-0.0076445525,\"3\":0.0111791813,\"4\":0.0067564088,\"5\":-0.003690165,\"6\":0.0082343305,\"7\":-0.0103864653}}", "deviance": 34.0184777214339, "df": 3, "rel_entropy": 0.0018265935202659953, "formula": "count ~ mut * base - mut : base", "prob": 1.9634724664554818e-07}, "pos1": {"stats": "{\"mut\":{\"0\":\"M\",\"1\":\"M\",\"2\":\"M\",\"3\":\"M\",\"4\":\"R\",\"5\":\"R\",\"6\":\"R\",\"7\":\"R\"},\"base\":{\"0\":\"A\",\"1\":\"C\",\"2\":\"G\",\"3\":\"T\",\"4\":\"A\",\"5\":\"C\",\"6\":\"G\",\"7\":\"T\"},\"count\":{\"0\":1852,\"1\":335,\"2\":1170,\"3\":1299,\"4\":1665,\"5\":177,\"6\":1129,\"7\":1685},\"fitted\":{\"0\":1758.5,\"1\":256.0000000001,\"2\":1149.5,\"3\":1492.0,\"4\":1758.5,\"5\":256.0000000001,\"6\":1149.5,\"7\":1492.0},\"ret\":{\"0\":0.0103031349,\"1\":0.0096756104,\"2\":0.0022209751,\"3\":-0.0193235686,\"4\":-0.0097690101,\"5\":-0.0070143798,\"6\":-0.0021817125,\"7\":0.0220121332}}", "deviance": 110.31335184650862, "df": 3, "rel_entropy": 0.005923182551895867, "formula": "count ~ mut * base - mut : base", "prob": 9.3950444552921549e-24}}