{"('pos1', 'pos2')": {"rel_entropy": 0.0018485939909353279, "prob": 7.512785166145414e-05, "stats": "{\"mut\":{\"0\":\"M\",\"1\":\"M\",\"2\":\"M\",\"3\":\"M\",\"4\":\"M\",\"5\":\"M\",\"6\":\"M\",\"7\":\"M\",\"8\":\"M\",\"9\":\"M\",\"10\":\"M\",\"11\":\"M\",\"12\":\"M\",\"13\":\"M\",\"14\":\"M\",\"15\":\"M\",\"16\":\"R\",\"17\":\"R\",\"18\":\"R\",\"19\":\"R\",\"20\":\"R\",\"21\":\"R\",\"22\":\"R\",\"23\":\"R\",\"24\":\"R\",\"25\":\"R\",\"26\":\"R\",\"27\":\"R\",\"28\":\"R\",\"29\":\"R\",\"30\":\"R\",\"31\":\"R\"},\"base1\":{\"0\":\"A\",\"1\":\"A\",\"2\":\"A\",\"3\":\"A\",\"4\":\"C\",\"5\":\"C\",\"6\":\"C\",\"7\":\"C\",\"8\":\"G\",\"9\":\"G\",\"10\":\"G\",\"11\":\"G\",\"12\":\"T\",\"13\":\"T\",\"14\":\"T\",\"15\":\"T\",\"16\":\"A\",\"17\":\"A\",\"18\":\"A\",\"19\":\"A\",\"20\":\"C\",\"21\":\"C\",\"22\":\"C\",\"23\":\"C\",\"24\":\"G\",\"25\":\"G\",\"26\":\"G\",\"27\":\"G\",\"28\":\"T\",\"29\":\"T\",\"30\":\"T\",\"31\":\"T\"},\"base2\":{\"0\":\"A\",\"1\":\"C\",\"2\":\"G\",\"3\":\"T\",\"4\":\"A\",\"5\":\"C\",\"6\":\"G\",\"7\":\"T\",\"8\":\"A\",\"9\":\"C\",\"10\":\"G\",\"11\":\"T\",\"12\":\"A\",\"13\":\"C\",\"14\":\"G\",\"15\":\"T\",\"16\":\"A\",\"17\":\"C\",\"18\":\"G\",\"19\":\"T\",\"20\":\"A\",\"21\":\"C\",\"22\":\"G\",\"23\":\"T\",\"24\":\"A\",\"25\":\"C\",\"26\":\"G\",\"27\":\"T\",\"28\":\"A\",\"29\":\"C\",\"30\":\"G\",\"31\":\"T\"},\"count\":{\"0\":758,\"1\":247,\"2\":349,\"3\":498,\"4\":85,\"5\":70,\"6\":82,\"7\":98,\"8\":337,\"9\":214,\"10\":331,\"11\":288,\"12\":373,\"13\":183,\"14\":264,\"15\":479,\"16\":580,\"17\":316,\"18\":375,\"19\":394,\"20\":33,\"21\":41,\"22\":46,\"23\":57,\"24\":366,\"25\":212,\"26\":285,\"27\":266,\"28\":434,\"29\":351,\"30\":408,\"31\":492},\"fitted\":{\"0\":730.4721618047,\"1\":258.7184102717,\"2\":364.2773509854,\"3\":498.5320769381,\"4\":79.9816762427,\"5\":66.3802473402,\"6\":81.8212839911,\"7\":106.8167924259,\"8\":374.8928981665,\"9\":190.3791714104,\"10\":302.0854927811,\"11\":302.6424376419,\"12\":367.653263786,\"13\":198.5221709776,\"14\":277.8158722423,\"15\":455.0086929941,\"16\":607.5278381953,\"17\":304.2815897283,\"18\":359.7226490146,\"19\":393.4679230619,\"20\":38.0183237573,\"21\":44.6197526598,\"22\":46.1787160089,\"23\":48.1832075741,\"24\":328.1071018335,\"25\":235.6208285896,\"26\":313.9145072189,\"27\":251.3575623581,\"28\":439.346736214,\"29\":335.4778290224,\"30\":394.1841277577,\"31\":515.9913070059},\"ret\":{\"0\":0.003011183,\"1\":-0.0012294806,\"2\":-0.0016057151,\"3\":-0.0000571083,\"4\":0.0005554729,\"5\":0.0003991301,\"6\":0.000019213,\"7\":-0.0009066228,\"8\":-0.0038562995,\"9\":0.0026878302,\"10\":0.003249157,\"11\":-0.0015337594,\"12\":0.000578332,\"13\":-0.0015999654,\"14\":-0.0014461445,\"15\":0.0026431455,\"16\":-0.0028881593,\"17\":0.0012823471,\"18\":0.0016749642,\"19\":0.0000571775,\"20\":-0.0005016648,\"21\":-0.0003725073,\"22\":-0.0000191548,\"23\":0.0010285996,\"24\":0.0042956754,\"25\":-0.0024049793,\"26\":-0.0029574718,\"27\":0.001617362,\"28\":-0.0005706689,\"29\":0.0017048812,\"30\":0.0015093654,\"31\":-0.0025155403}}", "deviance": 34.428214487179545, "df": 9, "formula": "count ~ mut * base1 * base2 - mut : base1 : base2"}, "('pos1', 'pos3')": {"rel_entropy": 0.0005956061489118945, "prob": 0.2694171602075771, "stats": "{\"mut\":{\"0\":\"M\",\"1\":\"M\",\"2\":\"M\",\"3\":\"M\",\"4\":\"M\",\"5\":\"M\",\"6\":\"M\",\"7\":\"M\",\"8\":\"M\",\"9\":\"M\",\"10\":\"M\",\"11\":\"M\",\"12\":\"M\",\"13\":\"M\",\"14\":\"M\",\"15\":\"M\",\"16\":\"R\",\"17\":\"R\",\"18\":\"R\",\"19\":\"R\",\"20\":\"R\",\"21\":\"R\",\"22\":\"R\",\"23\":\"R\",\"24\":\"R\",\"25\":\"R\",\"26\":\"R\",\"27\":\"R\",\"28\":\"R\",\"29\":\"R\",\"30\":\"R\",\"31\":\"R\"},\"base1\":{\"0\":\"A\",\"1\":\"A\",\"2\":\"A\",\"3\":\"A\",\"4\":\"C\",\"5\":\"C\",\"6\":\"C\",\"7\":\"C\",\"8\":\"G\",\"9\":\"G\",\"10\":\"G\",\"11\":\"G\",\"12\":\"T\",\"13\":\"T\",\"14\":\"T\",\"15\":\"T\",\"16\":\"A\",\"17\":\"A\",\"18\":\"A\",\"19\":\"A\",\"20\":\"C\",\"21\":\"C\",\"22\":\"C\",\"23\":\"C\",\"24\":\"G\",\"25\":\"G\",\"26\":\"G\",\"27\":\"G\",\"28\":\"T\",\"29\":\"T\",\"30\":\"T\",\"31\":\"T\"},\"base2\":{\"0\":\"A\",\"1\":\"C\",\"2\":\"G\",\"3\":\"T\",\"4\":\"A\",\"5\":\"C\",\"6\":\"G\",\"7\":\"T\",\"8\":\"A\",\"9\":\"C\",\"10\":\"G\",\"11\":\"T\",\"12\":\"A\",\"13\":\"C\",\"14\":\"G\",\"15\":\"T\",\"16\":\"A\",\"17\":\"C\",\"18\":\"G\",\"19\":\"T\",\"20\":\"A\",\"21\":\"C\",\"22\":\"G\",\"23\":\"T\",\"24\":\"A\",\"25\":\"C\",\"26\":\"G\",\"27\":\"T\",\"28\":\"A\",\"29\":\"C\",\"30\":\"G\",\"31\":\"T\"},\"count\":{\"0\":459,\"1\":323,\"2\":541,\"3\":529,\"4\":71,\"5\":70,\"6\":93,\"7\":101,\"8\":287,\"9\":156,\"10\":331,\"11\":396,\"12\":270,\"13\":236,\"14\":312,\"15\":481,\"16\":566,\"17\":319,\"18\":348,\"19\":432,\"20\":46,\"21\":42,\"22\":49,\"23\":40,\"24\":351,\"25\":205,\"26\":250,\"27\":323,\"28\":497,\"29\":338,\"30\":344,\"31\":506},\"fitted\":{\"0\":465.2098984296,\"1\":316.435984214,\"2\":523.0966042986,\"3\":547.257513058,\"4\":68.1394695514,\"5\":69.4313848939,\"6\":100.2231460918,\"7\":97.2059994752,\"8\":276.0004617667,\"9\":170.1681729689,\"10\":329.6563476713,\"11\":394.1750175964,\"12\":277.6501702527,\"13\":228.9644579267,\"14\":324.0239019502,\"15\":468.3614698706,\"16\":559.7901015705,\"17\":325.5640157861,\"18\":365.9033957018,\"19\":413.7424869421,\"20\":48.8605304507,\"21\":42.5686151076,\"22\":41.7768539368,\"23\":43.7940005276,\"24\":361.9995382334,\"25\":190.8318270358,\"26\":251.3436523288,\"27\":324.8249824037,\"28\":489.3498297473,\"29\":345.0355420734,\"30\":331.97609805,\"31\":518.6385301294},\"ret\":{\"0\":-0.0006623997,\"1\":0.0007121596,\"2\":0.001955148,\"3\":-0.0019275684,\"4\":0.0003135471,\"5\":0.000061312,\"6\":-0.0007470328,\"7\":0.000415281,\"8\":0.0012044531,\"9\":-0.0014563215,\"10\":0.0001445862,\"11\":0.0001964348,\"12\":-0.0008101155,\"13\":0.0007670258,\"14\":-0.0012669672,\"15\":0.0013753801,\"16\":0.0006705558,\"17\":-0.0006977443,\"18\":-0.0018747929,\"19\":0.0020032803,\"20\":-0.0002980146,\"21\":-0.000060653,\"22\":0.0008391768,\"23\":-0.0003892499,\"24\":-0.0011630913,\"25\":0.0015766293,\"26\":-0.0001439062,\"27\":-0.0001954302,\"28\":0.0008279274,\"29\":-0.0007477791,\"30\":0.0013143329,\"31\":-0.0013405575}}", "deviance": 11.092568917335122, "df": 9, "formula": "count ~ mut * base1 * base2 - mut : base1 : base2"}, "('pos0', 'pos1')": {"rel_entropy": 0.0025338761947288958, "prob": 3.6160215255434826e-07,