{"A": {"rel_entropy": 1.033353561574473e-06, "stats": "{\"count\":{\"1\":245935,\"0\":247269,\"2\":276657,\"3\":277031,\"5\":1100674,\"4\":1107772},\"direction\":{\"1\":\"AtoT\",\"0\":\"AtoT\",\"2\":\"AtoC\",\"3\":\"AtoC\",\"5\":\"AtoG\",\"4\":\"AtoG\"},\"strand\":{\"1\":\"-\",\"0\":\"+\",\"2\":\"+\",\"3\":\"-\",\"5\":\"-\",\"4\":\"+\"},\"fitted\":{\"1\":245991.5813841734,\"0\":247212.4186158215,\"2\":277529.277212995,\"3\":276158.7227870033,\"5\":1101489.6958288171,\"4\":1106956.3041711757},\"ret\":{\"1\":-0.0000173791,\"0\":0.0000173831,\"2\":-0.0002675314,\"3\":0.0002683756,\"5\":-0.000250479,\"4\":0.0002506641}}", "deviance": 6.727830232857443, "df": 2, "formula": "count ~ direction + strand", "prob": 0.034599532228106931}, "C": {"rel_entropy": 1.0295186099024275e-06, "stats": "{\"count\":{\"2\":322438,\"3\":325078,\"0\":326880,\"1\":327012,\"4\":1541857,\"5\":1541864},\"direction\":{\"2\":\"CtoA\",\"3\":\"CtoA\",\"0\":\"CtoG\",\"1\":\"CtoG\",\"4\":\"CtoT\",\"5\":\"CtoT\"},\"strand\":{\"2\":\"+\",\"3\":\"-\",\"0\":\"+\",\"1\":\"-\",\"4\":\"+\",\"5\":\"-\"},\"fitted\":{\"2\":323552.823942009,\"3\":323963.1760579908,\"0\":326738.8036018991,\"1\":327153.196398098,\"4\":1540883.3724560863,\"5\":1542837.6275439102},\"ret\":{\"2\":-0.0002537898,\"3\":0.0002546652,\"0\":0.0000322059,\"1\":-0.000032192,\"4\":0.0002220995,\"5\":-0.0002219593}}", "deviance": 9.029143824645644, "df": 2, "formula": "count ~ direction + strand", "prob": 0.010948290952230787}}