{"C": {"formula": "count ~ direction + strand", "rel_entropy": 1.0295186099757384e-06, "deviance": 9.0291438252886, "stats": "{\"count\":{\"3\":322438,\"2\":325078,\"5\":326880,\"4\":327012,\"1\":1541857,\"0\":1541864},\"direction\":{\"3\":\"CtoA\",\"2\":\"CtoA\",\"5\":\"CtoG\",\"4\":\"CtoG\",\"1\":\"CtoT\",\"0\":\"CtoT\"},\"strand\":{\"3\":\"+\",\"2\":\"-\",\"5\":\"+\",\"4\":\"-\",\"1\":\"+\",\"0\":\"-\"},\"fitted\":{\"3\":323552.8239420095,\"2\":323963.1760579908,\"5\":326738.8036019013,\"4\":327153.1963980997,\"1\":1540883.3724560917,\"0\":1542837.627543913},\"ret\":{\"3\":-0.0002537898,\"2\":0.0002546652,\"5\":0.0000322059,\"4\":-0.000032192,\"1\":0.0002220995,\"0\":-0.0002219593}}", "df": 2, "prob": 0.010948290948711149}, "A": {"formula": "count ~ direction + strand", "rel_entropy": 1.0333535615819224e-06, "deviance": 6.727830232905944, "stats": "{\"count\":{\"0\":245935,\"1\":247269,\"3\":276657,\"2\":277031,\"4\":1100674,\"5\":1107772},\"direction\":{\"0\":\"AtoT\",\"1\":\"AtoT\",\"3\":\"AtoC\",\"2\":\"AtoC\",\"4\":\"AtoG\",\"5\":\"AtoG\"},\"strand\":{\"0\":\"-\",\"1\":\"+\",\"3\":\"+\",\"2\":\"-\",\"4\":\"-\",\"5\":\"+\"},\"fitted\":{\"0\":245991.5813841764,\"1\":247212.4186158251,\"3\":277529.2772129965,\"2\":276158.7227870043,\"4\":1101489.6958288192,\"5\":1106956.3041711794},\"ret\":{\"0\":-0.0000173791,\"1\":0.0000173831,\"3\":-0.0002675314,\"2\":0.0002683756,\"4\":-0.000250479,\"5\":0.0002506641}}", "df": 2, "prob": 0.03459953222726786}}