{"pos14": {"stats": "{\"mut\":{\"0\":\"M\",\"1\":\"M\",\"2\":\"M\",\"3\":\"M\",\"4\":\"R\",\"5\":\"R\",\"6\":\"R\",\"7\":\"R\"},\"base\":{\"0\":\"A\",\"1\":\"C\",\"2\":\"G\",\"3\":\"T\",\"4\":\"A\",\"5\":\"C\",\"6\":\"G\",\"7\":\"T\"},\"count\":{\"0\":236020,\"1\":147277,\"2\":140325,\"3\":236695,\"4\":242756,\"5\":143853,\"6\":146871,\"7\":226837},\"fitted\":{\"0\":239388.0000000014,\"1\":145565.0000000006,\"2\":143598.0000000006,\"3\":231766.0000000004,\"4\":239388.000000001,\"5\":145565.0000000003,\"6\":143598.0000000003,\"7\":231766.0},\"ret\":{\"0\":-0.0021992113,\"1\":0.001132441,\"2\":-0.0021276737,\"3\":0.0032756371,\"4\":0.0022303738,\"5\":-0.0011191995,\"6\":0.0021767369,\"7\":-0.0032066964}}", "deviance": 493.9259943854122, "df": 3, "rel_entropy": 0.0001624079148517698, "formula": "count ~ mut * base - mut : base", "prob": 9.8850917219769581e-107}, "pos15": {"stats": "{\"mut\":{\"0\":\"M\",\"1\":\"M\",\"2\":\"M\",\"3\":\"M\",\"4\":\"R\",\"5\":\"R\",\"6\":\"R\",\"7\":\"R\"},\"base\":{\"0\":\"A\",\"1\":\"C\",\"2\":\"G\",\"3\":\"T\",\"4\":\"A\",\"5\":\"C\",\"6\":\"G\",\"7\":\"T\"},\"count\":{\"0\":240553,\"1\":146370,\"2\":142222,\"3\":231172,\"4\":248837,\"5\":137828,\"6\":147815,\"7\":225837},\"fitted\":{\"0\":244694.9999999996,\"1\":142099.0000000008,\"2\":145018.5000000002,\"3\":228504.5000000002,\"4\":244694.9999999992,\"5\":142099.0000000003,\"6\":145018.4999999999,\"7\":228504.4999999998},\"ret\":{\"0\":-0.002700679,\"1\":0.0028504901,\"2\":-0.0018211887,\"3\":0.001764402,\"4\":0.0027467886,\"5\":-0.0027660577,\"6\":0.0018566544,\"7\":-0.0017439234}}", "deviance": 567.1544073325913, "df": 3, "rel_entropy": 0.0001864861654193551, "formula": "count ~ mut * base - mut : base", "prob": 1.3290450408206736e-122}, "pos16": {"stats": "{\"mut\":{\"0\":\"M\",\"1\":\"M\",\"2\":\"M\",\"3\":\"M\",\"4\":\"R\",\"5\":\"R\",\"6\":\"R\",\"7\":\"R\"},\"base\":{\"0\":\"A\",\"1\":\"C\",\"2\":\"G\",\"3\":\"T\",\"4\":\"A\",\"5\":\"C\",\"6\":\"G\",\"7\":\"T\"},\"count\":{\"0\":244261,\"1\":145515,\"2\":131426,\"3\":239115,\"4\":241394,\"5\":143380,\"6\":146119,\"7\":229424},\"fitted\":{\"0\":242827.5,\"1\":144447.5000000002,\"2\":138772.5000000674,\"3\":234269.5000000006,\"4\":242827.4999999995,\"5\":144447.4999999999,\"6\":138772.5000000671,\"7\":234269.5000000002},\"ret\":{\"0\":0.000945476,\"1\":0.0007045975,\"2\":-0.0047010102,\"3\":0.0032192289,\"4\":-0.0009399109,\"5\":-0.0006994094,\"6\":0.0049568899,\"7\":-0.0031533164}}", "deviance": 1011.3597318942052, "df": 3, "rel_entropy": 0.0003325454158904132, "formula": "count ~ mut * base - mut : base", "prob": 6.1779769178406549e-219}, "pos17": {"stats": "{\"mut\":{\"0\":\"M\",\"1\":\"M\",\"2\":\"M\",\"3\":\"M\",\"4\":\"R\",\"5\":\"R\",\"6\":\"R\",\"7\":\"R\"},\"base\":{\"0\":\"A\",\"1\":\"C\",\"2\":\"G\",\"3\":\"T\",\"4\":\"A\",\"5\":\"C\",\"6\":\"G\",\"7\":\"T\"},\"count\":{\"0\":247898,\"1\":140619,\"2\":142491,\"3\":229309,\"4\":247516,\"5\":140659,\"6\":148291,\"7\":223851},\"fitted\":{\"0\":247706.9999999987,\"1\":140638.9999999998,\"2\":145391.0,\"3\":226579.9999999996,\"4\":247706.9999999992,\"5\":140639.0000000001,\"6\":145391.0000000003,\"7\":226580.0},\"ret\":{\"0\":0.0001256539,\"1\":-0.0000131515,\"2\":-0.0018879518,\"3\":0.0018054107,\"4\":-0.0001255571,\"5\":0.0000131533,\"6\":0.0019259938,\"7\":-0.0017837949}}", "deviance": 181.73539074395939, "df": 3, "rel_entropy": 5.975645380280836e-05, "formula": "count ~ mut * base - mut : base", "prob": 3.7212720616357109e-39}, "pos10": {"stats": "{\"mut\":{\"0\":\"M\",\"1\":\"M\",\"2\":\"M\",\"3\":\"M\",\"4\":\"R\",\"5\":\"R\",\"6\":\"R\",\"7\":\"R\"},\"base\":{\"0\":\"A\",\"1\":\"C\",\"2\":\"G\",\"3\":\"T\",\"4\":\"A\",\"5\":\"C\",\"6\":\"G\",\"7\":\"T\"},\"count\":{\"0\":158330,\"1\":126662,\"2\":137275,\"3\":338050,\"4\":252336,\"5\":126727,\"6\":172614,\"7\":208640},\"fitted\":{\"0\":205332.9999999996,\"1\":126694.4999999997,\"2\":154944.4999999997,\"3\":273345.0000000003,\"4\":205332.9999999999,\"5\":126694.4999999999,\"6\":154944.5,\"7\":273345.0000000003},\"ret\":{\"0\":-0.0270664309,\"1\":-0.0000213699,\"2\":-0.0109305483,\"3\":0.0472314784,\"4\":0.0342052305,\"5\":0.0000213754,\"6\":0.0122585324,\"7\":-0.0370626767}}", "deviance": 56675.82625216533, "df": 3, "rel_entropy": 0.018635590895693943, "formula": "count ~ mut * base - mut : base", "prob": 0}, "pos11": {"stats": "{\"mut\":{\"0\":\"M\",\"1\":\"M\",\"2\":\"M\",\"3\":\"M\",\"4\":\"R\",\"5\":\"R\",\"6\":\"R\",\"7\":\"R\"},\"base\":{\"0\":\"A\",\"1\":\"C\",\"2\":\"G\",\"3\":\"T\",\"4\":\"A\",\"5\":\"C\",\"6\":\"G\",\"7\":\"T\"},\"count\":{\"0\":275461,\"1\":119421,\"2\":159027,\"3\":206408,\"4\":261564,\"5\":133777,\"6\":147477,\"7\":217499},\"fitted\":{\"0\":268512.4999999974,\"1\":126599.0000001053,\"2\":153252.0000000045,\"3\":211953.4999999992,\"4\":268512.4999999974,\"5\":126599.0000001053,\"6\":153252.0000000045,\"7\":211953.4999999992},\"ret\":{\"0\":0.004628096,\"1\":-0.0045839759,\"2\":0.0038684313,\"3\":-0.0035987051,\"4\":-0.004509835,\"5\":0.00485176,\"6\":-0.0037252864,\"7\":0.0036941309}}", "deviance": 1899.6240692045267, "df": 3, "rel_entropy": 0.0006246158080131468, "formula": "count ~ mut * base - mut : base", "prob": 0}, "pos12": {"stats": "{\"mut\":{\"0\":\"M\",\"1\":\"M\",\"2\":\"M\",\"3\":\"M\",\"4\":\"R\",\"5\":\"R\",\"6\":\"R\",\"7\":\"R\"},\"base\":{\"0\":\"A\",\"1\":\"C\",\"2\":\"G\",\"3\":\"T\",\"4\":\"A\",\"5\":\"C\",\"6\":\"G\",\"7\":\"T\"},\"count\":{\"0\":257885,\"1\":118414,\"2\":158212,\"3\":225806,\"4\":242729,\"5\":142521,\"6\":143154,\"7\":231913},\"fitted\":{\"0\":250307.0000000419,\"1\":130467.5000054798,\"2\":150683.0000000687,\"3\":228859.5000000349,\"4\":250306.9999999708,\"5\":130467.5000054428,\"6\":150683.0000000259,\"7\":228859.4999999698},\"ret\":{\"0\":0.0050581342,\"1\":-0.0075486416,\"2\":0.0050729101,\"3\":-0.0019945881,\"4\":-0.0049072382,\"5\":0.0082820042,\"6\":-0.004825415,\"7\":0.0020213807}}", "deviance": 3523.449972102091, "df": 3, "rel_entropy": 0.00115854636030172, "formula": "count ~ mut * base - mut : base", "prob": 0}, "pos13": {"stats": "{\"mut\":{\"0\":\"M\",\"1\":\"M\",\"2\":\"M\",\"3\":\"M\",\"4\":\"R\",\"5\":\"R\",\"6\":\"R\",\"7\":\"R\"},\"base\":{\"0\":\"A\",\"1\":\"C\",\"2\":\"G\",\"3\":\"T\",\"4\":\"A\",\"5\":\"C\",\"6\":\"G\",\"7\":\"T\"},\"count\":{\"0\":239632,\"1\":139038,\"2\":147813,\"3\":233834,\"4\":249996,\"5\":143675,\"6\":141274,\"7\":225372},\"fitted\":{\"0\":244814.0000000027,\"1\":141356.5000000008,\"2\":144543.5000000006,\"3\":229603.000000001,\"4\":244814.0000000019,\"5\":141356.5000000003,\"6\":144543.5000000001,\"7\":229603.0000000001},\"ret\":{\"0\":-0.0033714654,\"1\":-0.0015121202,\"2\":0.0021742257,\"3\":0.0028078723,\"4\":0.0034436038,\"5\":0.001537129,\"6\":-0.0021255876,\"7\":-0.0027565969}}", "deviance": 599.3140676046778, "df": 3, "rel_entropy": 0.00019706059038686422, "formula": "count ~ mut * base - mut : base", "prob": 1.4193643769350359e-129}, "pos18": {"stats": "{\"mut\":{\"0\":\"M\",\"1\":\"M\",\"2\":\"M\",\"3\":\"M\",\"4\":\"R\",\"5\":\"R\",\"6\":\"R\",\"7\":\"R\"},\"base\":{\"0\":\"A\",\"1\":\"C\",\"2\":\"G\",\"3\":\"T\",\"4\":\"A\",\"5\":\"C\",\"6\":\"G\",\"7\":\"T\"},\"count\":{\"0\":246038,\"1\":142459,\"2\":143345,\"3\":228475,\"4\":243815,\"5\":142679,\"6\":144930,\"7\":228893},\"fitted\":{\"0\":244926.499999999,\"1\":142568.9999999997,\"2\":144137.4999999997,\"3\":228683.9999999991,\"4\":244926.4999999994,\"5\":142568.9999999997,\"6\":144137.4999999999,\"7\":228683.9999999995},\"ret\":{\"0\":0.0007326012,\"1\":-0.0000723103,\"2\":-0.0005197288,\"3\":-0.0001373798,\"4\":-0.0007292841,\"5\":0.0000723661,\"6\":0.0005225943,\"7\":0.0001375055}}", "deviance": 19.354711422660586, "df": 3, "rel_entropy": 6.3640269199099144e-06, "formula": "count ~ mut * base - mut : base", "prob": 0.00023089996834377367},