{"pos0": {"formula": "count ~ mut * base - mut : base", "stats": "{\"mut\":{\"0\":\"M\",\"1\":\"M\",\"2\":\"M\",\"3\":\"M\",\"4\":\"R\",\"5\":\"R\",\"6\":\"R\",\"7\":\"R\"},\"base\":{\"0\":\"A\",\"1\":\"C\",\"2\":\"G\",\"3\":\"T\",\"4\":\"A\",\"5\":\"C\",\"6\":\"G\",\"7\":\"T\"},\"count\":{\"0\":917,\"1\":372,\"2\":430,\"3\":911,\"4\":893,\"5\":490,\"6\":559,\"7\":688},\"fitted\":{\"0\":905.0,\"1\":431.0,\"2\":494.5,\"3\":799.5,\"4\":905.0,\"5\":431.0,\"6\":494.5,\"7\":799.5},\"ret\":{\"0\":0.0022964275,\"1\":-0.010411349,\"2\":-0.0114254059,\"3\":0.0226115682,\"4\":-0.0022661764,\"5\":0.0119516497,\"6\":0.0130294103,\"7\":-0.01964563}}", "rel_entropy": 0.006140494310002444, "df": 3, "deviance": 64.59800014122571, "prob": 6.114283189489899e-14}, "pos1": {"formula": "count ~ mut * base - mut : base", "stats": "{\"mut\":{\"0\":\"M\",\"1\":\"M\",\"2\":\"M\",\"3\":\"M\",\"4\":\"R\",\"5\":\"R\",\"6\":\"R\",\"7\":\"R\"},\"base\":{\"0\":\"A\",\"1\":\"C\",\"2\":\"G\",\"3\":\"T\",\"4\":\"A\",\"5\":\"C\",\"6\":\"G\",\"7\":\"T\"},\"count\":{\"0\":755,\"1\":579,\"2\":536,\"3\":760,\"4\":886,\"5\":636,\"6\":522,\"7\":586},\"fitted\":{\"0\":820.5,\"1\":607.5,\"2\":529.0,\"3\":673.0,\"4\":820.5,\"5\":607.5,\"6\":529.0,\"7\":673.0},\"ret\":{\"0\":-0.0119416543,\"1\":-0.0052891207,\"2\":0.0013395648,\"3\":0.0175656956,\"4\":0.0129367858,\"5\":0.0055434036,\"6\":-0.0013219545,\"7\":-0.0154215526}}", "rel_entropy": 0.003411167725928231, "df": 3, "deviance": 35.88548447676499, "prob": 7.917684670094511e-08}, "pos2": {"formula": "count ~ mut * base - mut : base", "stats": "{\"mut\":{\"0\":\"M\",\"1\":\"M\",\"2\":\"M\",\"3\":\"M\",\"4\":\"R\",\"5\":\"R\",\"6\":\"R\",\"7\":\"R\"},\"base\":{\"0\":\"A\",\"1\":\"C\",\"2\":\"G\",\"3\":\"T\",\"4\":\"A\",\"5\":\"C\",\"6\":\"G\",\"7\":\"T\"},\"count\":{\"0\":762,\"1\":480,\"2\":408,\"3\":980,\"4\":872,\"5\":458,\"6\":594,\"7\":706},\"fitted\":{\"0\":817.0,\"1\":469.0,\"2\":501.0,\"3\":843.0,\"4\":817.0,\"5\":469.0,\"6\":501.0,\"7\":843.0},\"ret\":{\"0\":-0.0100961435,\"1\":0.0021155895,\"2\":-0.0159274301,\"3\":0.0280558748,\"4\":0.0108005869,\"5\":-0.0020665364,\"6\":0.0192285726,\"7\":-0.0238042423}}", "rel_entropy": 0.008306271436678057, "df": 3, "deviance": 87.38197551385316, "prob": 7.994356951365382e-19}, "pos3": {"formula": "count ~ mut * base - mut : base", "stats": "{\"mut\":{\"0\":\"M\",\"1\":\"M\",\"2\":\"M\",\"3\":\"M\",\"4\":\"R\",\"5\":\"R\",\"6\":\"R\",\"7\":\"R\"},\"base\":{\"0\":\"A\",\"1\":\"C\",\"2\":\"G\",\"3\":\"T\",\"4\":\"A\",\"5\":\"C\",\"6\":\"G\",\"7\":\"T\"},\"count\":{\"0\":919,\"1\":444,\"2\":398,\"3\":869,\"4\":965,\"5\":452,\"6\":503,\"7\":710},\"fitted\":{\"0\":942.0,\"1\":448.0,\"2\":450.5,\"3\":789.5,\"4\":942.0,\"5\":448.0,\"6\":450.5,\"7\":789.5},\"ret\":{\"0\":-0.0043188025,\"1\":-0.0007570512,\"2\":-0.0093754024,\"3\":0.0158507073,\"4\":0.0044255756,\"5\":0.0007638411,\"6\":0.0105412059,\"7\":-0.0143261888}}", "rel_entropy": 0.0028038850025436115, "df": 3, "deviance": 29.496870226758794, "prob": 1.76077020055938e-06}}