{"('pos1', 'pos2')": {"stats": "{\"mut\":{\"0\":\"M\",\"1\":\"M\",\"2\":\"M\",\"3\":\"M\",\"4\":\"M\",\"5\":\"M\",\"6\":\"M\",\"7\":\"M\",\"8\":\"M\",\"9\":\"M\",\"10\":\"M\",\"11\":\"M\",\"12\":\"M\",\"13\":\"M\",\"14\":\"M\",\"15\":\"M\",\"16\":\"R\",\"17\":\"R\",\"18\":\"R\",\"19\":\"R\",\"20\":\"R\",\"21\":\"R\",\"22\":\"R\",\"23\":\"R\",\"24\":\"R\",\"25\":\"R\",\"26\":\"R\",\"27\":\"R\",\"28\":\"R\",\"29\":\"R\",\"30\":\"R\",\"31\":\"R\"},\"base1\":{\"0\":\"A\",\"1\":\"A\",\"2\":\"A\",\"3\":\"A\",\"4\":\"C\",\"5\":\"C\",\"6\":\"C\",\"7\":\"C\",\"8\":\"G\",\"9\":\"G\",\"10\":\"G\",\"11\":\"G\",\"12\":\"T\",\"13\":\"T\",\"14\":\"T\",\"15\":\"T\",\"16\":\"A\",\"17\":\"A\",\"18\":\"A\",\"19\":\"A\",\"20\":\"C\",\"21\":\"C\",\"22\":\"C\",\"23\":\"C\",\"24\":\"G\",\"25\":\"G\",\"26\":\"G\",\"27\":\"G\",\"28\":\"T\",\"29\":\"T\",\"30\":\"T\",\"31\":\"T\"},\"base2\":{\"0\":\"A\",\"1\":\"C\",\"2\":\"G\",\"3\":\"T\",\"4\":\"A\",\"5\":\"C\",\"6\":\"G\",\"7\":\"T\",\"8\":\"A\",\"9\":\"C\",\"10\":\"G\",\"11\":\"T\",\"12\":\"A\",\"13\":\"C\",\"14\":\"G\",\"15\":\"T\",\"16\":\"A\",\"17\":\"C\",\"18\":\"G\",\"19\":\"T\",\"20\":\"A\",\"21\":\"C\",\"22\":\"G\",\"23\":\"T\",\"24\":\"A\",\"25\":\"C\",\"26\":\"G\",\"27\":\"T\",\"28\":\"A\",\"29\":\"C\",\"30\":\"G\",\"31\":\"T\"},\"count\":{\"0\":252,\"1\":156,\"2\":102,\"3\":245,\"4\":105,\"5\":116,\"6\":135,\"7\":223,\"8\":94,\"9\":125,\"10\":101,\"11\":216,\"12\":311,\"13\":83,\"14\":70,\"15\":296,\"16\":354,\"17\":129,\"18\":176,\"19\":227,\"20\":149,\"21\":148,\"22\":166,\"23\":173,\"24\":175,\"25\":72,\"26\":156,\"27\":119,\"28\":194,\"29\":109,\"30\":96,\"31\":187},\"fitted\":{\"0\":258.5028354457,\"1\":136.2453545797,\"2\":104.5006261178,\"3\":255.7511838568,\"4\":111.8568449634,\"5\":129.914184698,\"6\":117.1442153902,\"7\":220.0847549485,\"8\":127.2938003746,\"9\":103.4577844965,\"10\":108.214570408,\"11\":197.0338447208,\"12\":264.3465192163,\"13\":110.3826762258,\"14\":78.140588084,\"15\":307.1302164739,\"16\":347.4971645543,\"17\":148.7546454203,\"18\":173.4993738822,\"19\":216.2488161432,\"20\":142.1431550366,\"21\":134.085815302,\"22\":183.8557846098,\"23\":175.9152450515,\"24\":141.7061996254,\"25\":93.5422155035,\"26\":148.785429592,\"27\":137.9661552792,\"28\":240.6534807837,\"29\":81.6173237742,\"30\":87.859411916,\"31\":175.8697835261},\"ret\":{\"0\":-0.0012205987,\"1\":0.0040156259,\"2\":-0.0004696702,\"3\":-0.0020003748,\"4\":-0.0012627854,\"5\":-0.0024982766,\"6\":0.0036411243,\"7\":0.0005578837,\"8\":-0.005418457,\"9\":0.0044950116,\"10\":-0.0013248186,\"11\":0.0037739591,\"12\":0.0096097875,\"13\":-0.004498925,\"14\":-0.0014640696,\"15\":-0.0020771975,\"16\":0.0012477765,\"17\":-0.0034944253,\"18\":0.0004788138,\"19\":0.0020939389,\"20\":0.0013345307,\"21\":0.0027780181,\"22\":-0.0032241834,\"23\":-0.0005496112,\"24\":0.0070209626,\"25\":-0.0035828448,\"26\":0.0014043206,\"27\":-0.0033456852,\"28\":-0.0079480952,\"29\":0.0059951314,\"30\":0.0016172212,\"31\":0.002181599}}", "deviance": 82.74702033942825, "df": 9, "rel_entropy": 0.007865686344052115, "formula": "count ~ mut * base1 * base2 - mut : base1 : base2", "prob": 4.5917823687804967e-14}, "('pos1', 'pos3')": {"stats": "{\"mut\":{\"0\":\"M\",\"1\":\"M\",\"2\":\"M\",\"3\":\"M\",\"4\":\"M\",\"5\":\"M\",\"6\":\"M\",\"7\":\"M\",\"8\":\"M\",\"9\":\"M\",\"10\":\"M\",\"11\":\"M\",\"12\":\"M\",\"13\":\"M\",\"14\":\"M\",\"15\":\"M\",\"16\":\"R\",\"17\":\"R\",\"18\":\"R\",\"19\":\"R\",\"20\":\"R\",\"21\":\"R\",\"22\":\"R\",\"23\":\"R\",\"24\":\"R\",\"25\":\"R\",\"26\":\"R\",\"27\":\"R\",\"28\":\"R\",\"29\":\"R\",\"30\":\"R\",\"31\":\"R\"},\"base1\":{\"0\":\"A\",\"1\":\"A\",\"2\":\"A\",\"3\":\"A\",\"4\":\"C\",\"5\":\"C\",\"6\":\"C\",\"7\":\"C\",\"8\":\"G\",\"9\":\"G\",\"10\":\"G\",\"11\":\"G\",\"12\":\"T\",\"13\":\"T\",\"14\":\"T\",\"15\":\"T\",\"16\":\"A\",\"17\":\"A\",\"18\":\"A\",\"19\":\"A\",\"20\":\"C\",\"21\":\"C\",\"22\":\"C\",\"23\":\"C\",\"24\":\"G\",\"25\":\"G\",\"26\":\"G\",\"27\":\"G\",\"28\":\"T\",\"29\":\"T\",\"30\":\"T\",\"31\":\"T\"},\"base2\":{\"0\":\"A\",\"1\":\"C\",\"2\":\"G\",\"3\":\"T\",\"4\":\"A\",\"5\":\"C\",\"6\":\"G\",\"7\":\"T\",\"8\":\"A\",\"9\":\"C\",\"10\":\"G\",\"11\":\"T\",\"12\":\"A\",\"13\":\"C\",\"14\":\"G\",\"15\":\"T\",\"16\":\"A\",\"17\":\"C\",\"18\":\"G\",\"19\":\"T\",\"20\":\"A\",\"21\":\"C\",\"22\":\"G\",\"23\":\"T\",\"24\":\"A\",\"25\":\"C\",\"26\":\"G\",\"27\":\"T\",\"28\":\"A\",\"29\":\"C\",\"30\":\"G\",\"31\":\"T\"},\"count\":{\"0\":242,\"1\":115,\"2\":103,\"3\":295,\"4\":156,\"5\":123,\"6\":111,\"7\":189,\"8\":155,\"9\":113,\"10\":95,\"11\":173,\"12\":366,\"13\":93,\"14\":89,\"15\":212,\"16\":345,\"17\":142,\"18\":165,\"19\":234,\"20\":215,\"21\":121,\"22\":140,\"23\":160,\"24\":196,\"25\":84,\"26\":107,\"27\":135,\"28\":209,\"29\":105,\"30\":91,\"31\":181},\"fitted\":{\"0\":259.5956356217,\"1\":117.1200502211,\"2\":108.3601108574,\"3\":269.9242032997,\"4\":171.459840008,\"5\":116.0766382473,\"6\":106.3821974582,\"7\":185.0813242865,\"8\":172.5792423113,\"9\":99.543946991,\"10\":91.4999381475,\"11\":172.3768725503,\"12\":315.365282059,\"13\":111.2593645406,\"14\":91.7577535369,\"15\":241.6175998635,\"16\":327.4043643783,\"17\":139.8799497789,\"18\":159.6398891426,\"19\":259.0757967003,\"20\":199.540159992,\"21\":127.9233617527,\"22\":144.6178025418,\"23\":163.9186757135,\"24\":178.4207576887,\"25\":97.456053009,\"26\":110.5000618525,\"27\":135.6231274497,\"28\":259.634717941,\"29\":86.7406354594,\"30\":88.2422464631,\"31\":151.3824001365},\"ret\":{\"0\":-0.0032291563,\"1\":-0.0003993812,\"2\":-0.0009934027,\"3\":0.0049821443,\"4\":-0.0028024559,\"5\":0.0013547236,\"6\":0.0008966934,\"7\":0.0007528271,\"8\":-0.0031657539,\"9\":0.0027237854,\"10\":0.0006779784,\"11\":0.0001186792,\"12\":0.0103608436,\"13\":-0.0031695072,\"14\":-0.0005163289,\"15\":-0.0052705794,\"16\":0.0034334991,\"17\":0.0004060904,\"18\":0.0010359518,\"19\":-0.0045287254,\"20\":0.0030501596,\"21\":-0.00127995,\"22\":-0.0008637413,\"23\":-0.0007360185,\"24\":0.0035015471,\"25\":-0.0023728361,\"26\":-0.0006547596,\"27\":-0.0001181927,\"28\":-0.0086199173,\"29\":0.0038134939,\"30\":0.0005323962,\"31\":0.0061487677}}", "deviance": 53.324555645998856, "df": 9, "rel_entropy": 0.005068874110836393, "formula": "count ~ mut * base1 * base2 - mut : base1 : base2", "prob": 2.5365907932836224e-08},