{"pos0": {"rel_entropy": 1.0711235974313138e-05, "df": 3, "prob": 0.02912092824825211, "stats": "{\"group\":{\"0\":\"1\",\"1\":\"1\",\"2\":\"1\",\"3\":\"1\",\"4\":\"1\",\"5\":\"1\",\"6\":\"1\",\"7\":\"1\",\"8\":\"2\",\"9\":\"2\",\"10\":\"2\",\"11\":\"2\",\"12\":\"2\",\"13\":\"2\",\"14\":\"2\",\"15\":\"2\"},\"mut\":{\"0\":\"M\",\"1\":\"M\",\"2\":\"M\",\"3\":\"M\",\"4\":\"R\",\"5\":\"R\",\"6\":\"R\",\"7\":\"R\",\"8\":\"M\",\"9\":\"M\",\"10\":\"M\",\"11\":\"M\",\"12\":\"R\",\"13\":\"R\",\"14\":\"R\",\"15\":\"R\"},\"base\":{\"0\":\"A\",\"1\":\"C\",\"2\":\"G\",\"3\":\"T\",\"4\":\"A\",\"5\":\"C\",\"6\":\"G\",\"7\":\"T\",\"8\":\"A\",\"9\":\"C\",\"10\":\"G\",\"11\":\"T\",\"12\":\"A\",\"13\":\"C\",\"14\":\"G\",\"15\":\"T\"},\"count\":{\"0\":64301,\"1\":57973,\"2\":34765,\"3\":48827,\"4\":55551,\"5\":45956,\"6\":41073,\"7\":63286,\"8\":1432,\"9\":1265,\"10\":782,\"11\":1014,\"12\":1292,\"13\":938,\"14\":853,\"15\":1410},\"fitted\":{\"0\":64272.947169887,\"1\":58008.9716383866,\"2\":34797.2484709412,\"3\":48786.8327207853,\"4\":55579.052830113,\"5\":45920.0283616133,\"6\":41040.7515290588,\"7\":63326.1672792146,\"8\":1460.0528301131,\"9\":1229.0283616135,\"10\":749.7515290588,\"11\":1054.1672792147,\"12\":1263.9471698869,\"13\":973.9716383865,\"14\":885.2484709413,\"15\":1369.8327207853},\"ret\":{\"0\":0.000066693,\"1\":-0.0000854741,\"2\":-0.0000766155,\"3\":0.0000955125,\"4\":-0.0000666616,\"5\":0.0000855341,\"6\":0.0000766811,\"7\":-0.0000954429,\"8\":-0.0000660338,\"9\":0.0000867398,\"10\":0.0000782764,\"11\":-0.0000936307,\"12\":0.000067413,\"13\":-0.0000839019,\"14\":-0.0000752376,\"15\":0.0000968594}}", "deviance": 9.01281955328215, "formula": "count ~ group * mut * base - group : mut : base"}, "pos1": {"rel_entropy": 8.681005487913476e-06, "df": 3, "prob": 0.06279999500532422, "stats": "{\"group\":{\"0\":\"1\",\"1\":\"1\",\"2\":\"1\",\"3\":\"1\",\"4\":\"1\",\"5\":\"1\",\"6\":\"1\",\"7\":\"1\",\"8\":\"2\",\"9\":\"2\",\"10\":\"2\",\"11\":\"2\",\"12\":\"2\",\"13\":\"2\",\"14\":\"2\",\"15\":\"2\"},\"mut\":{\"0\":\"M\",\"1\":\"M\",\"2\":\"M\",\"3\":\"M\",\"4\":\"R\",\"5\":\"R\",\"6\":\"R\",\"7\":\"R\",\"8\":\"M\",\"9\":\"M\",\"10\":\"M\",\"11\":\"M\",\"12\":\"R\",\"13\":\"R\",\"14\":\"R\",\"15\":\"R\"},\"base\":{\"0\":\"A\",\"1\":\"C\",\"2\":\"G\",\"3\":\"T\",\"4\":\"A\",\"5\":\"C\",\"6\":\"G\",\"7\":\"T\",\"8\":\"A\",\"9\":\"C\",\"10\":\"G\",\"11\":\"T\",\"12\":\"A\",\"13\":\"C\",\"14\":\"G\",\"15\":\"T\"},\"count\":{\"0\":57020,\"1\":46011,\"2\":33125,\"3\":69710,\"4\":52219,\"5\":50277,\"6\":40886,\"7\":62484,\"8\":1304,\"9\":1034,\"10\":695,\"11\":1460,\"12\":1152,\"13\":1051,\"14\":938,\"15\":1352},\"fitted\":{\"0\":57041.2854626493,\"1\":46047.6677081055,\"2\":33089.7235915372,\"3\":69687.3232377096,\"4\":52197.7145373519,\"5\":50240.3322918948,\"6\":40921.2764084632,\"7\":62506.6767622909,\"8\":1282.7145373517,\"9\":997.3322918947,\"10\":730.276408463,\"11\":1482.6767622906,\"12\":1173.2854626483,\"13\":1087.6677081053,\"14\":902.7235915371,\"15\":1329.3232377094},\"ret\":{\"0\":-0.0000505837,\"1\":-0.0000871204,\"2\":0.0000838928,\"3\":0.0000539089,\"4\":0.0000506035,\"5\":0.0000871869,\"6\":-0.000083812,\"7\":-0.0000538904,\"8\":0.0000510107,\"9\":0.000088738,\"10\":-0.0000817895,\"11\":-0.0000534858,\"12\":-0.0000501315,\"13\":-0.0000856692,\"14\":0.0000854655,\"15\":0.0000543573}}", "deviance": 7.304510533727964, "formula": "count ~ group * mut * base - group : mut : base"}, "pos3": {"rel_entropy": 2.1460556725419463e-06, "df": 3, "prob": 0.6136804505651661, "stats": "{\"group\":{\"0\":\"1\",\"1\":\"1\",\"2\":\"1\",\"3\":\"1\",\"4\":\"1\",\"5\":\"1\",\"6\":\"1\",\"7\":\"1\",\"8\":\"2\",\"9\":\"2\",\"10\":\"2\",\"11\":\"2\",\"12\":\"2\",\"13\":\"2\",\"14\":\"2\",\"15\":\"2\"},\"mut\":{\"0\":\"M\",\"1\":\"M\",\"2\":\"M\",\"3\":\"M\",\"4\":\"R\",\"5\":\"R\",\"6\":\"R\",\"7\":\"R\",\"8\":\"M\",\"9\":\"M\",\"10\":\"M\",\"11\":\"M\",\"12\":\"R\",\"13\":\"R\",\"14\":\"R\",\"15\":\"R\"},\"base\":{\"0\":\"A\",\"1\":\"C\",\"2\":\"G\",\"3\":\"T\",\"4\":\"A\",\"5\":\"C\",\"6\":\"G\",\"7\":\"T\",\"8\":\"A\",\"9\":\"C\",\"10\":\"G\",\"11\":\"T\",\"12\":\"A\",\"13\":\"C\",\"14\":\"G\",\"15\":\"T\"},\"count\":{\"0\":62724,\"1\":41845,\"2\":45726,\"3\":55571,\"4\":54461,\"5\":46195,\"6\":44416,\"7\":60794,\"8\":1419,\"9\":869,\"10\":1019,\"11\":1186,\"12\":1209,\"13\":965,\"14\":963,\"15\":1356},\"fitted\":{\"0\":62737.4199286684,\"1\":41843.3050670493,\"2\":45740.3245507887,\"3\":55544.9504534919,\"4\":54447.5800713304,\"5\":46196.6949329502,\"6\":44401.6754492109,\"7\":60820.0495465075,\"8\":1405.5800713307,\"9\":870.6949329504,\"10\":1004.675449211,\"11\":1212.0495465078,\"12\":1222.4199286693,\"13\":963.3050670495,\"14\":977.324550789,\"15\":1329.9504534922},\"ret\":{\"0\":-0.0000318943,\"1\":0.0000040287,\"2\":-0.0000340425,\"3\":0.0000619314,\"4\":0.0000319016,\"5\":-0.0000040286,\"6\":0.0000340534,\"7\":-0.0000619036,\"8\":0.0000320495,\"9\":-0.0000040247,\"10\":0.0000342894,\"11\":-0.0000612467,\"12\":-0.0000317219,\"13\":0.0000040322,\"14\":-0.0000337971,\"15\":0.0000625193}}", "deviance": 1.8057685008810052, "formula": "count ~ group * mut * base - group : mut : base"}, "pos2": {"rel_entropy": 1.4350375126319805e-05, "df": 3, "prob": 0.007130865981357685, "stats": "{\"group\":{\"0\":\"1\",\"1\":\"1\",\"2\":\"1\",\"3\":\"1\",\"4\":\"1\",\"5\":\"1\",\"6\":\"1\",\"7\":\"1\",\"8\":\"2\",\"9\":\"2\",\"10\":\"2\",\"11\":\"2\",\"12\":\"2\",\"13\":\"2\",\"14\":\"2\",\"15\":\"2\"},\"mut\":{\"0\":\"M\",\"1\":\"M\",\"2\":\"M\",\"3\":\"M\",\"4\":\"R\",\"5\":\"R\",\"6\":\"R\",\"7\":\"R\",\"8\":\"M\",\"9\":\"M\",\"10\":\"M\",\"11\":\"M\",\"12\":\"R\",\"13\":\"R\",\"14\":\"R\",\"15\":\"R\"},\"base\":{\"0\":\"A\",\"1\":\"C\",\"2\":\"G\",\"3\":\"T\",\"4\":\"A\",\"5\":\"C\",\"6\":\"G\",\"7\":\"T\",\"8\":\"A\",\"9\":\"C\",\"10\":\"G\",\"11\":\"T\",\"12\":\"A\",\"13\":\"C\",\"14\":\"G\",\"15\":\"T\"},\"count\":{\"0\":58582,\"1\":50520,\"2\":13984,\"3\":82780,\"4\":75080,\"5\":50208,\"6\":8301,\"7\":72277,\"8\":1279,\"9\":995,\"10\":300,\"11\":1919,\"12\":1583,\"13\":1126,\"14\":156,\"15\":1628},\"fitted\":{\"0\":58607.6572573671,\"1\":50453.7961982826,\"2\":13997.8125494404,\"3\":82806.733994911,\"4\":75054.3427426337,\"5\":50274.2038017177,\"6\":8287.1874505597,\"7\":72250.2660050894,\"8\":1253.3427426336,\"9\":1061.2038017195,\"10\":286.1874505602,\"11\":1892.2660050892,\"12\":1608.6572573665,\"13\":1059.7961982844,\"14\":169.8125494406,\"15\":1654.7339949108},\"ret\":{\"0\":-0.0000609711,\"1\":0.0001574623,\"2\":-0.0000328147,\"3\":-0.0000635335,\"4\":0.0000609949,\"5\":-0.0001572554,\"6\":0.0000328582,\"7\":0.0000635555,\"8\":0.0000616044,\"9\":-0.0001523452,\"10\":0.0000336107,\"11\":0.0000639905,\"12\":-0.0000604955,\"13\":0.0001621748,\"14\":-0.0000314579,\"15\":-0.0000630276}}", "deviance": 12.07492224479003, "formula": "count ~ group * mut * base - group : mut : base"}}