{"pos17": {"formula": "count ~ mut * base - mut : base", "rel_entropy": 4.1103435485052746e-05, "stats": "{\"mut\":{\"0\":\"M\",\"1\":\"M\",\"2\":\"M\",\"3\":\"M\",\"4\":\"R\",\"5\":\"R\",\"6\":\"R\",\"7\":\"R\"},\"base\":{\"0\":\"A\",\"1\":\"C\",\"2\":\"G\",\"3\":\"T\",\"4\":\"A\",\"5\":\"C\",\"6\":\"G\",\"7\":\"T\"},\"count\":{\"0\":274057,\"1\":232223,\"2\":197620,\"3\":304934,\"4\":281694,\"5\":230616,\"6\":197363,\"7\":299161},\"fitted\":{\"0\":277875.5000000016,\"1\":231419.5000000008,\"2\":197491.5000000004,\"3\":302047.5000000009,\"4\":277875.5000000006,\"5\":231419.5,\"6\":197491.4999999997,\"7\":302047.4999999999},\"ret\":{\"0\":-0.001879468,\"1\":0.0003989226,\"2\":0.0000637081,\"3\":0.0014374261,\"4\":0.0019054756,\"5\":-0.0003975399,\"6\":-0.0000636667,\"7\":-0.0014237543}}", "deviance": 165.8661729365108, "prob": 9.931897265397877e-36, "df": 3}, "pos13": {"formula": "count ~ mut * base - mut : base", "rel_entropy": 8.637350535763212e-05, "stats": "{\"mut\":{\"0\":\"M\",\"1\":\"M\",\"2\":\"M\",\"3\":\"M\",\"4\":\"R\",\"5\":\"R\",\"6\":\"R\",\"7\":\"R\"},\"base\":{\"0\":\"A\",\"1\":\"C\",\"2\":\"G\",\"3\":\"T\",\"4\":\"A\",\"5\":\"C\",\"6\":\"G\",\"7\":\"T\"},\"count\":{\"0\":277712,\"1\":222288,\"2\":212541,\"3\":296293,\"4\":280018,\"5\":223739,\"6\":219852,\"7\":285225},\"fitted\":{\"0\":278864.9999999996,\"1\":223013.5,\"2\":216196.4999999999,\"3\":290759.0000000002,\"4\":278865.0000000001,\"5\":223013.5000000004,\"6\":216196.5000000006,\"7\":290759.0000000008},\"ret\":{\"0\":-0.0005702688,\"1\":-0.000358988,\"2\":-0.0017963413,\"3\":0.0027687078,\"4\":0.0005726315,\"5\":0.0003601578,\"6\":0.0018269761,\"7\":-0.0027165017}}", "deviance": 348.5461156158458, "prob": 3.0795235771701207e-75, "df": 3}, "pos4": {"formula": "count ~ mut * base - mut : base", "rel_entropy": 4.38377879985301e-05, "stats": "{\"mut\":{\"0\":\"M\",\"1\":\"M\",\"2\":\"M\",\"3\":\"M\",\"4\":\"R\",\"5\":\"R\",\"6\":\"R\",\"7\":\"R\"},\"base\":{\"0\":\"A\",\"1\":\"C\",\"2\":\"G\",\"3\":\"T\",\"4\":\"A\",\"5\":\"C\",\"6\":\"G\",\"7\":\"T\"},\"count\":{\"0\":279510,\"1\":226692,\"2\":204727,\"3\":297905,\"4\":276180,\"5\":233793,\"6\":200370,\"7\":298491},\"fitted\":{\"0\":277844.9999999992,\"1\":230242.4999999997,\"2\":202548.4999999992,\"3\":298197.9999999991,\"4\":277844.9999999992,\"5\":230242.4999999997,\"6\":202548.4999999992,\"7\":298197.9999999991},\"ret\":{\"0\":0.0008276777,\"1\":-0.0017460665,\"2\":0.0010854975,\"3\":-0.0001451458,\"4\":-0.0008227326,\"5\":0.0017732035,\"6\":-0.0010738845,\"7\":0.0001452885}}", "deviance": 176.90020407083648, "prob": 4.119528677427446e-38, "df": 3}, "pos15": {"formula": "count ~ mut * base - mut : base", "rel_entropy": 4.724911792230471e-05, "stats": "{\"mut\":{\"0\":\"M\",\"1\":\"M\",\"2\":\"M\",\"3\":\"M\",\"4\":\"R\",\"5\":\"R\",\"6\":\"R\",\"7\":\"R\"},\"base\":{\"0\":\"A\",\"1\":\"C\",\"2\":\"G\",\"3\":\"T\",\"4\":\"A\",\"5\":\"C\",\"6\":\"G\",\"7\":\"T\"},\"count\":{\"0\":270519,\"1\":236908,\"2\":199186,\"3\":302221,\"4\":279017,\"5\":232400,\"6\":197562,\"7\":299855},\"fitted\":{\"0\":274768.0000000002,\"1\":234654.0000000004,\"2\":198374.0000000006,\"3\":301038.0000000005,\"4\":274768.0000000007,\"5\":234654.0000000008,\"6\":198374.0000000009,\"7\":301038.000000001},\"ret\":{\"0\":-0.0020895292,\"1\":0.0011224795,\"2\":0.0004032673,\"3\":0.000587471,\"4\":0.002122096,\"5\":-0.0011117486,\"6\":-0.00040162,\"7\":-0.0005851669}}", "deviance": 190.66606652012138, "prob": 4.3825471594825003e-41, "df": 3}, "pos0": {"formula": "count ~ mut * base - mut : base", "rel_entropy": 4.416575368294637e-05, "stats": "{\"mut\":{\"0\":\"M\",\"1\":\"M\",\"2\":\"M\",\"3\":\"M\",\"4\":\"R\",\"5\":\"R\",\"6\":\"R\",\"7\":\"R\"},\"base\":{\"0\":\"A\",\"1\":\"C\",\"2\":\"G\",\"3\":\"T\",\"4\":\"A\",\"5\":\"C\",\"6\":\"G\",\"7\":\"T\"},\"count\":{\"0\":284920,\"1\":220886,\"2\":206136,\"3\":296892,\"4\":285236,\"5\":224544,\"6\":210158,\"7\":288896},\"fitted\":{\"0\":285078.0000000028,\"1\":222715.0000000007,\"2\":208147.0000000008,\"3\":292894.000000001,\"4\":285078.0000000018,\"5\":222714.9999999999,\"6\":208147.0000000001,\"7\":292894.0},\"ret\":{\"0\":-0.0000782865,\"1\":-0.0009027596,\"2\":-0.0009918649,\"3\":0.001994958,\"4\":0.0000783299,\"5\":0.0009102041,\"6\":0.0010014945,\"7\":-0.0019679098}}", "deviance": 178.22365580392608, "prob": 2.133360331132675e-38, "df": 3}, "pos6": {"formula": "count ~ mut * base - mut : base", "rel_entropy": 3.7609368964341424e-06, "stats": "{\"mut\":{\"0\":\"M\",\"1\":\"M\",\"2\":\"M\",\"3\":\"M\",\"4\":\"R\",\"5\":\"R\",\"6\":\"R\",\"7\":\"R\"},\"base\":{\"0\":\"A\",\"1\":\"C\",\"2\":\"G\",\"3\":\"T\",\"4\":\"A\",\"5\":\"C\",\"6\":\"G\",\"7\":\"T\"},\"count\":{\"0\":289112,\"1\":225094,\"2\":205963,\"3\":288665,\"4\":287737,\"5\":223746,\"6\":206795,\"7\":290556},\"fitted\":{\"0\":288424.5000000009,\"1\":224420.0000000002,\"2\":206379.0000000001,\"3\":289610.4999999997,\"4\":288424.5000000009,\"5\":224420.0000000002,\"6\":206379.0000000001,\"7\":289610.4999999997},\"ret\":{\"0\":0.0003411457,\"1\":0.0003345501,\"2\":-0.0002059707,\"3\":-0.0004678445,\"4\":-0.0003403335,\"5\":-0.0003335469,\"6\":0.0002063863,\"7\":0.0004693744}}", "deviance": 15.176644051908966, "prob": 0.0016717504701465491, "df": 3}, "pos14": {"formula": "count ~ mut * base - mut : base", "rel_entropy": 3.824348811292388e-05, "stats": "{\"mut\":{\"0\":\"M\",\"1\":\"M\",\"2\":\"M\",\"3\":\"M\",\"4\":\"R\",\"5\":\"R\",\"6\":\"R\",\"7\":\"R\"},\"base\":{\"0\":\"A\",\"1\":\"C\",\"2\":\"G\",\"3\":\"T\",\"4\":\"A\",\"5\":\"C\",\"6\":\"G\",\"7\":\"T\"},\"count\":{\"0\":276429,\"1\":222685,\"2\":208631,\"3\":301089,\"4\":284330,\"5\":220197,\"6\":206241,\"7\":298066},\"fitted\":{\"0\":280379.5000000013,\"1\":221441.0000000008,\"2\":207436.0000000006,\"3\":299577.5000000009,\"4\":280379.5000000008,\"5\":221441.0000000004,\"6\":207436.0000000002,\"7\":299577.5000000003},\"ret\":{\"0\":-0.0019440946,\"1\":0.000618282,\"2\":0.0005939706,\"3\":0.0007510188,\"4\":0.0019716827,\"5\":-0.0006148183,\"6\":-0.0005905586,\"7\":-0.0007472391}}", "deviance": 154.3253243476538, "prob": 3.0734599875036617e-33, "df": 3}, "pos11": {"formula": "count ~ mut * base - mut : base", "rel_entropy": 0.0005695497783632678, "stats": "{\"mut\":{\"0\":\"M\",\"1\":\"M\",\"2\":\"M\",\"3\":\"M\",\"4\":\"R\",\"5\":\"R\",\"6\":\"R\",\"7\":\"R\"},\"base\":{\"0\":\"A\",\"1\":\"C\",\"2\":\"G\",\"3\":\"T\",\"4\":\"A\",\"5\":\"C\",\"6\":\"G\",\"7\":\"T\"},\"count\":{\"0\":240223,\"1\":247396,\"2\":215706,\"3\":305509,\"4\":264851,\"5\":226870,\"6\":220953,\"7\":296160},\"fitted\":{\"0\":252537.000000063,\"1\":237133.0000000225,\"2\":218329.4999999993,\"3\":300834.4999999994,\"4\":252537.0000000625,\"5\":237133.000000022,\"6\":218329.499999999,\"7\":300834.4999999988},\"ret\":{\"0\":-0.0059518093,\"1\":0.0051950828,\"2\":-0.0012924199,\"3\":0.0023346906,\"4\":0.0062495209,\"5\":-0.00497487,\"6\":0.0013080445,\"7\":-0.00229869}}", "deviance": 2298.3247244213153, "prob": 0, "df": 3}, "pos18": {"formula": "count ~ mut * base - mut : base", "rel_entropy": 2.3245891834107952e-05, "stats": "{\"mut\":{\"0\":\"M\",\"1\":\"M\",\"2\":\"M\",\"3\":\"M\",\"4\":\"R\",\"5\":\"R\",\"6\":\"R\",\"7\":\"R\"},\"base\":{\"0\":\"A\",\"1\":\"C\",\"2\":\"G\",\"3\":\"T\",\"4\":\"A\",\"5\":\"C\",\"6\":\"G\",\"7\":\"T\"},\"count\":{\"0\":284501,\"1\":223179,\"2\":206010,\"3\":295144,\"4\":288340,\"5\":226214,\"6\":203022,\"7\":291258},\"fitted\":{\"0\":286420.4999999995,\"1\":224696.5000000005,\"2\":204516.0,\"3\":293201.0000000002,\"4\":286420.4999999995,\"5\":224696.5000000005,\"6\":204516.0,\"7\":293201.0000000002},\"ret\":{\"0\":-0.0009481509,\"1\":-0.0007495605,\"2\":0.0007431568,\"3\":0.0009661767,\"4\":0.0009545265,\"5\":0.0007546399,\"6\":-0.0007377476,\"7\":-0.000959795}}", "deviance": 93.80498417028184, "prob": 3.335165742794866e-20, "df": 3}, "pos1": {"formula": "count ~ mut * base - mut : base", "rel_entropy": 8.354030150121821e-05,