{"pos2": {"deviance": 5.767660472698494, "prob": 0.12347774179858352, "df": 3, "formula": "count ~ strand * mut * base - strand : mut : base", "stats": "{\"strand\":{\"0\":\"+\",\"1\":\"+\",\"2\":\"+\",\"3\":\"+\",\"4\":\"+\",\"5\":\"+\",\"6\":\"+\",\"7\":\"+\",\"8\":\"-\",\"9\":\"-\",\"10\":\"-\",\"11\":\"-\",\"12\":\"-\",\"13\":\"-\",\"14\":\"-\",\"15\":\"-\"},\"mut\":{\"0\":\"M\",\"1\":\"M\",\"2\":\"M\",\"3\":\"M\",\"4\":\"R\",\"5\":\"R\",\"6\":\"R\",\"7\":\"R\",\"8\":\"M\",\"9\":\"M\",\"10\":\"M\",\"11\":\"M\",\"12\":\"R\",\"13\":\"R\",\"14\":\"R\",\"15\":\"R\"},\"base\":{\"0\":\"A\",\"1\":\"C\",\"2\":\"G\",\"3\":\"T\",\"4\":\"A\",\"5\":\"C\",\"6\":\"G\",\"7\":\"T\",\"8\":\"A\",\"9\":\"C\",\"10\":\"G\",\"11\":\"T\",\"12\":\"A\",\"13\":\"C\",\"14\":\"G\",\"15\":\"T\"},\"count\":{\"0\":1317,\"1\":822,\"2\":744,\"3\":1908,\"4\":1584,\"5\":734,\"6\":1012,\"7\":1461,\"8\":1317,\"9\":878,\"10\":792,\"11\":1915,\"12\":1651,\"13\":845,\"14\":1080,\"15\":1326},\"fitted\":{\"0\":1299.0296452786,\"1\":805.0581844119,\"2\":741.6551101697,\"3\":1945.2570601398,\"4\":1601.9703547214,\"5\":750.9418155881,\"6\":1014.3448898303,\"7\":1423.7429398602,\"8\":1334.9703547214,\"9\":894.9418155881,\"10\":794.3448898303,\"11\":1877.7429398602,\"12\":1633.0296452786,\"13\":828.0581844119,\"14\":1077.6551101697,\"15\":1363.2570601398},\"ret\":{\"0\":0.0009333583,\"1\":0.0008830518,\"2\":0.0001211489,\"3\":-0.0019033309,\"4\":-0.0009217571,\"5\":-0.000863987,\"6\":-0.000120818,\"7\":0.0019467833,\"8\":-0.0009207086,\"9\":-0.0008655955,\"10\":-0.0001207792,\"11\":0.0019407952,\"12\":0.0009320577,\"13\":0.0008827998,\"14\":0.0001210894,\"15\":-0.0018953498}}", "rel_entropy": 0.00014875839452951857}, "pos3": {"deviance": 3.8698073874983496, "prob": 0.27587010739813744, "df": 3, "formula": "count ~ strand * mut * base - strand : mut : base", "stats": "{\"strand\":{\"0\":\"+\",\"1\":\"+\",\"2\":\"+\",\"3\":\"+\",\"4\":\"+\",\"5\":\"+\",\"6\":\"+\",\"7\":\"+\",\"8\":\"-\",\"9\":\"-\",\"10\":\"-\",\"11\":\"-\",\"12\":\"-\",\"13\":\"-\",\"14\":\"-\",\"15\":\"-\"},\"mut\":{\"0\":\"M\",\"1\":\"M\",\"2\":\"M\",\"3\":\"M\",\"4\":\"R\",\"5\":\"R\",\"6\":\"R\",\"7\":\"R\",\"8\":\"M\",\"9\":\"M\",\"10\":\"M\",\"11\":\"M\",\"12\":\"R\",\"13\":\"R\",\"14\":\"R\",\"15\":\"R\"},\"base\":{\"0\":\"A\",\"1\":\"C\",\"2\":\"G\",\"3\":\"T\",\"4\":\"A\",\"5\":\"C\",\"6\":\"G\",\"7\":\"T\",\"8\":\"A\",\"9\":\"C\",\"10\":\"G\",\"11\":\"T\",\"12\":\"A\",\"13\":\"C\",\"14\":\"G\",\"15\":\"T\"},\"count\":{\"0\":1665,\"1\":777,\"2\":733,\"3\":1616,\"4\":1678,\"5\":825,\"6\":870,\"7\":1418,\"8\":1611,\"9\":802,\"10\":818,\"11\":1671,\"12\":1750,\"13\":830,\"14\":913,\"15\":1409},\"fitted\":{\"0\":1633.0334461387,\"1\":781.9020010714,\"2\":745.4456279549,\"3\":1630.618924835,\"4\":1709.9665538613,\"5\":820.0979989286,\"6\":857.5543720451,\"7\":1403.381075165,\"8\":1642.9665538613,\"9\":797.0979989286,\"10\":805.5543720451,\"11\":1656.381075165,\"12\":1718.0334461387,\"13\":834.9020010714,\"14\":925.4456279549,\"15\":1423.618924835},\"ret\":{\"0\":0.0016649852,\"1\":-0.0002520686,\"2\":-0.0006366012,\"3\":-0.0007507065,\"4\":-0.0016334406,\"5\":0.0002536172,\"6\":0.0006466267,\"7\":0.0007580111,\"8\":-0.0016328039,\"9\":0.0002536389,\"10\":0.0006469245,\"11\":0.000757415,\"12\":0.0016641968,\"13\":-0.0002521192,\"14\":-0.0006376542,\"15\":-0.0007502118}}", "rel_entropy": 9.980933115388295e-05}, "pos0": {"deviance": 0.27648012576741027, "prob": 0.9643894864762171, "df": 3, "formula": "count ~ strand * mut * base - strand : mut : base", "stats": "{\"strand\":{\"0\":\"+\",\"1\":\"+\",\"2\":\"+\",\"3\":\"+\",\"4\":\"+\",\"5\":\"+\",\"6\":\"+\",\"7\":\"+\",\"8\":\"-\",\"9\":\"-\",\"10\":\"-\",\"11\":\"-\",\"12\":\"-\",\"13\":\"-\",\"14\":\"-\",\"15\":\"-\"},\"mut\":{\"0\":\"M\",\"1\":\"M\",\"2\":\"M\",\"3\":\"M\",\"4\":\"R\",\"5\":\"R\",\"6\":\"R\",\"7\":\"R\",\"8\":\"M\",\"9\":\"M\",\"10\":\"M\",\"11\":\"M\",\"12\":\"R\",\"13\":\"R\",\"14\":\"R\",\"15\":\"R\"},\"base\":{\"0\":\"A\",\"1\":\"C\",\"2\":\"G\",\"3\":\"T\",\"4\":\"A\",\"5\":\"C\",\"6\":\"G\",\"7\":\"T\",\"8\":\"A\",\"9\":\"C\",\"10\":\"G\",\"11\":\"T\",\"12\":\"A\",\"13\":\"C\",\"14\":\"G\",\"15\":\"T\"},\"count\":{\"0\":1749,\"1\":644,\"2\":832,\"3\":1566,\"4\":1647,\"5\":851,\"6\":959,\"7\":1334,\"8\":1822,\"9\":640,\"10\":819,\"11\":1621,\"12\":1728,\"13\":870,\"14\":947,\"15\":1357},\"fitted\":{\"0\":1746.8629224245,\"1\":639.1978549289,\"2\":831.7861727214,\"3\":1573.1530499252,\"4\":1649.1370775755,\"5\":855.8021450711,\"6\":959.2138272786,\"7\":1326.8469500748,\"8\":1824.1370775755,\"9\":644.8021450711,\"10\":819.2138272786,\"11\":1613.8469500748,\"12\":1725.8629224245,\"13\":865.1978549289,\"14\":946.7861727214,\"15\":1364.1530499252},\"ret\":{\"0\":0.0001103056,\"1\":0.0002486402,\"2\":0.0000110314,\"3\":-0.00036814,\"4\":-0.0001101667,\"5\":-0.0002470157,\"6\":-0.0000110288,\"7\":0.000369973,\"8\":-0.0001101736,\"9\":-0.0002467873,\"10\":-0.0000110285,\"11\":0.0003697967,\"12\":0.0001103064,\"13\":0.0002483982,\"14\":0.0000110312,\"15\":-0.0003680111}}", "rel_entropy": 7.130922463824674e-06}, "pos1": {"deviance": 6.335223375237257, "prob": 0.09639238332397745, "df": 3, "formula": "count ~ strand * mut * base - strand : mut : base", "stats": "{\"strand\":{\"0\":\"+\",\"1\":\"+\",\"2\":\"+\",\"3\":\"+\",\"4\":\"+\",\"5\":\"+\",\"6\":\"+\",\"7\":\"+\",\"8\":\"-\",\"9\":\"-\",\"10\":\"-\",\"11\":\"-\",\"12\":\"-\",\"13\":\"-\",\"14\":\"-\",\"15\":\"-\"},\"mut\":{\"0\":\"M\",\"1\":\"M\",\"2\":\"M\",\"3\":\"M\",\"4\":\"R\",\"5\":\"R\",\"6\":\"R\",\"7\":\"R\",\"8\":\"M\",\"9\":\"M\",\"10\":\"M\",\"11\":\"M\",\"12\":\"R\",\"13\":\"R\",\"14\":\"R\",\"15\":\"R\"},\"base\":{\"0\":\"A\",\"1\":\"C\",\"2\":\"G\",\"3\":\"T\",\"4\":\"A\",\"5\":\"C\",\"6\":\"G\",\"7\":\"T\",\"8\":\"A\",\"9\":\"C\",\"10\":\"G\",\"11\":\"T\",\"12\":\"A\",\"13\":\"C\",\"14\":\"G\",\"15\":\"T\"},\"count\":{\"0\":1365,\"1\":1128,\"2\":1029,\"3\":1269,\"4\":1586,\"5\":1104,\"6\":897,\"7\":1204,\"8\":1417,\"9\":1208,\"10\":984,\"11\":1293,\"12\":1649,\"13\":1146,\"14\":976,\"15\":1131},\"fitted\":{\"0\":1363.8407721344,\"1\":1136.4885793302,\"2\":997.3215064418,\"3\":1293.3491420936,\"4\":1587.1592278656,\"5\":1095.5114206698,\"6\":928.6784935582,\"7\":1179.6508579064,\"8\":1418.1592278656,\"9\":1199.5114206698,\"10\":1015.6784935582,\"11\":1268.6508579064,\"12\":1647.8407721344,\"13\":1154.4885793302,\"14\":944.3215064419,\"15\":1155.3491420936},\"ret\":{\"0\":0.0000598226,\"1\":-0.0004362323,\"2\":0.0016597731,\"3\":-0.0012441188,\"4\":-0.0000597753,\"5\":0.0004395637,\"6\":-0.0016058983,\"7\":0.0012688912,\"8\":-0.0000597727,\"9\":0.0004394173,\"10\":-0.0016083389,\"11\":0.0012679938,\"12\":0.0000598182,\"13\":-0.0004362579,\"14\":0.0016611987,\"15\":-0.0012426875}}", "rel_entropy": 0.00016339686823576955}}