{"pos2": {"stats": "{\"group\":{\"0\":\"1\",\"1\":\"1\",\"2\":\"1\",\"3\":\"1\",\"4\":\"1\",\"5\":\"1\",\"6\":\"1\",\"7\":\"1\",\"8\":\"2\",\"9\":\"2\",\"10\":\"2\",\"11\":\"2\",\"12\":\"2\",\"13\":\"2\",\"14\":\"2\",\"15\":\"2\"},\"mut\":{\"0\":\"M\",\"1\":\"M\",\"2\":\"M\",\"3\":\"M\",\"4\":\"R\",\"5\":\"R\",\"6\":\"R\",\"7\":\"R\",\"8\":\"M\",\"9\":\"M\",\"10\":\"M\",\"11\":\"M\",\"12\":\"R\",\"13\":\"R\",\"14\":\"R\",\"15\":\"R\"},\"base\":{\"0\":\"A\",\"1\":\"C\",\"2\":\"G\",\"3\":\"T\",\"4\":\"A\",\"5\":\"C\",\"6\":\"G\",\"7\":\"T\",\"8\":\"A\",\"9\":\"C\",\"10\":\"G\",\"11\":\"T\",\"12\":\"A\",\"13\":\"C\",\"14\":\"G\",\"15\":\"T\"},\"count\":{\"0\":50831,\"1\":32869,\"2\":31916,\"3\":75215,\"4\":64156,\"5\":31364,\"6\":42786,\"7\":52525,\"8\":1317,\"9\":822,\"10\":744,\"11\":1908,\"12\":1584,\"13\":734,\"14\":1012,\"15\":1461},\"fitted\":{\"0\":50871.1168972717,\"1\":32897.6334036796,\"2\":31913.7393395181,\"3\":75148.5103595326,\"4\":64115.88310273,\"5\":31335.3665963208,\"6\":42788.2606604824,\"7\":52591.4896404681,\"8\":1276.8831027296,\"9\":793.3665963206,\"10\":746.2606604821,\"11\":1974.4896404678,\"12\":1624.1168972705,\"13\":762.6334036794,\"14\":1009.7393395179,\"15\":1394.5103595324},\"ret\":{\"0\":-0.0001024963,\"1\":-0.0000731537,\"2\":0.0000057783,\"3\":0.0001700193,\"4\":0.0001025688,\"5\":0.000073219,\"6\":-0.000005778,\"7\":-0.0001698367,\"8\":0.0001041309,\"9\":0.0000744906,\"10\":-0.0000057694,\"11\":-0.0001670501,\"12\":-0.0001012598,\"13\":-0.0000717941,\"14\":0.0000057846,\"15\":0.0001739327}}", "deviance": 10.004994929210806, "df": 3, "rel_entropy": 1.2786132093029932e-05, "formula": "count ~ group * mut * base - group : mut : base", "prob": 0.018523724416375249}, "pos3": {"stats": "{\"group\":{\"0\":\"1\",\"1\":\"1\",\"2\":\"1\",\"3\":\"1\",\"4\":\"1\",\"5\":\"1\",\"6\":\"1\",\"7\":\"1\",\"8\":\"2\",\"9\":\"2\",\"10\":\"2\",\"11\":\"2\",\"12\":\"2\",\"13\":\"2\",\"14\":\"2\",\"15\":\"2\"},\"mut\":{\"0\":\"M\",\"1\":\"M\",\"2\":\"M\",\"3\":\"M\",\"4\":\"R\",\"5\":\"R\",\"6\":\"R\",\"7\":\"R\",\"8\":\"M\",\"9\":\"M\",\"10\":\"M\",\"11\":\"M\",\"12\":\"R\",\"13\":\"R\",\"14\":\"R\",\"15\":\"R\"},\"base\":{\"0\":\"A\",\"1\":\"C\",\"2\":\"G\",\"3\":\"T\",\"4\":\"A\",\"5\":\"C\",\"6\":\"G\",\"7\":\"T\",\"8\":\"A\",\"9\":\"C\",\"10\":\"G\",\"11\":\"T\",\"12\":\"A\",\"13\":\"C\",\"14\":\"G\",\"15\":\"T\"},\"count\":{\"0\":62700,\"1\":31326,\"2\":32712,\"3\":64093,\"4\":66087,\"5\":33163,\"6\":36454,\"7\":55127,\"8\":1665,\"9\":777,\"10\":733,\"11\":1616,\"12\":1678,\"13\":825,\"14\":870,\"15\":1418},\"fitted\":{\"0\":62737.8818593255,\"1\":31325.5028852045,\"2\":32688.0892876689,\"3\":64079.5259677989,\"4\":66049.1181406728,\"5\":33163.497114795,\"6\":36477.9107123305,\"7\":55140.4740322003,\"8\":1627.1181406733,\"9\":777.4971147952,\"10\":756.9107123308,\"11\":1629.4740322007,\"12\":1715.8818593267,\"13\":824.5028852048,\"14\":846.0892876692,\"15\":1404.5259677993},\"ret\":{\"0\":-0.0000967949,\"1\":0.0000012706,\"2\":0.0000611369,\"3\":0.0000344426,\"4\":0.0000968519,\"5\":-0.0000012706,\"6\":-0.0000610945,\"7\":-0.0000344347,\"8\":0.0000979426,\"9\":-0.0000012702,\"10\":-0.0000601389,\"11\":-0.0000342962,\"12\":-0.0000957474,\"13\":0.000001271,\"14\":0.0000619701,\"15\":0.0000346036}}", "deviance": 3.4756915160579096, "df": 3, "rel_entropy": 4.4418464130541424e-06, "formula": "count ~ group * mut * base - group : mut : base", "prob": 0.3239285618950703}, "pos0": {"stats": "{\"group\":{\"0\":\"1\",\"1\":\"1\",\"2\":\"1\",\"3\":\"1\",\"4\":\"1\",\"5\":\"1\",\"6\":\"1\",\"7\":\"1\",\"8\":\"2\",\"9\":\"2\",\"10\":\"2\",\"11\":\"2\",\"12\":\"2\",\"13\":\"2\",\"14\":\"2\",\"15\":\"2\"},\"mut\":{\"0\":\"M\",\"1\":\"M\",\"2\":\"M\",\"3\":\"M\",\"4\":\"R\",\"5\":\"R\",\"6\":\"R\",\"7\":\"R\",\"8\":\"M\",\"9\":\"M\",\"10\":\"M\",\"11\":\"M\",\"12\":\"R\",\"13\":\"R\",\"14\":\"R\",\"15\":\"R\"},\"base\":{\"0\":\"A\",\"1\":\"C\",\"2\":\"G\",\"3\":\"T\",\"4\":\"A\",\"5\":\"C\",\"6\":\"G\",\"7\":\"T\",\"8\":\"A\",\"9\":\"C\",\"10\":\"G\",\"11\":\"T\",\"12\":\"A\",\"13\":\"C\",\"14\":\"G\",\"15\":\"T\"},\"count\":{\"0\":68896,\"1\":27669,\"2\":34309,\"3\":59957,\"4\":66412,\"5\":32486,\"6\":38166,\"7\":53767,\"8\":1749,\"9\":644,\"10\":832,\"11\":1566,\"12\":1647,\"13\":851,\"14\":959,\"15\":1334},\"fitted\":{\"0\":68916.2477306153,\"1\":27626.8115795748,\"2\":34294.0154843662,\"3\":59993.9252054437,\"4\":66391.7522693848,\"5\":32528.1884204252,\"6\":38180.9845156337,\"7\":53730.074794556,\"8\":1728.7522693848,\"9\":686.1884204258,\"10\":846.9845156338,\"11\":1529.0747945562,\"12\":1667.2477306152,\"13\":808.8115795754,\"14\":944.0154843662,\"15\":1370.9252054438},\"ret\":{\"0\":-0.0000517446,\"1\":0.0001079138,\"2\":0.000038308,\"3\":-0.0000943499,\"4\":0.0000517601,\"5\":-0.0001077615,\"6\":-0.0000382922,\"7\":0.0000944114,\"8\":0.0000520541,\"9\":-0.0001044465,\"10\":-0.0000379589,\"11\":0.0000955095,\"12\":-0.0000514367,\"13\":0.0001105961,\"14\":0.000038602,\"15\":-0.0000930964}}", "deviance": 7.8784036925517285, "df": 3, "rel_entropy": 1.0068401934025478e-05, "formula": "count ~ group * mut * base - group : mut : base", "prob": 0.048592729873425375}, "pos1": {"stats": "{\"group\":{\"0\":\"1\",\"1\":\"1\",\"2\":\"1\",\"3\":\"1\",\"4\":\"1\",\"5\":\"1\",\"6\":\"1\",\"7\":\"1\",\"8\":\"2\",\"9\":\"2\",\"10\":\"2\",\"11\":\"2\",\"12\":\"2\",\"13\":\"2\",\"14\":\"2\",\"15\":\"2\"},\"mut\":{\"0\":\"M\",\"1\":\"M\",\"2\":\"M\",\"3\":\"M\",\"4\":\"R\",\"5\":\"R\",\"6\":\"R\",\"7\":\"R\",\"8\":\"M\",\"9\":\"M\",\"10\":\"M\",\"11\":\"M\",\"12\":\"R\",\"13\":\"R\",\"14\":\"R\",\"15\":\"R\"},\"base\":{\"0\":\"A\",\"1\":\"C\",\"2\":\"G\",\"3\":\"T\",\"4\":\"A\",\"5\":\"C\",\"6\":\"G\",\"7\":\"T\",\"8\":\"A\",\"9\":\"C\",\"10\":\"G\",\"11\":\"T\",\"12\":\"A\",\"13\":\"C\",\"14\":\"G\",\"15\":\"T\"},\"count\":{\"0\":52785,\"1\":49906,\"2\":40911,\"3\":47229,\"4\":63911,\"5\":44964,\"6\":36887,\"7\":45069,\"8\":1365,\"9\":1128,\"10\":1029,\"11\":1269,\"12\":1586,\"13\":1104,\"14\":897,\"15\":1204},\"fitted\":{\"0\":52813.3211095529,\"1\":49860.0780738428,\"2\":40926.0687322604,\"3\":47231.5320843459,\"4\":63882.6788904485,\"5\":45009.9219261578,\"6\":36871.9312677401,\"7\":45066.4679156546,\"8\":1336.6788904483,\"9\":1173.9219261576,\"10\":1013.9312677399,\"11\":1266.4679156543,\"12\":1614.3211095518,\"13\":1058.0780738425,\"14\":912.0687322601,\"15\":1206.5320843457},\"ret\":{\"0\":-0.0000723679,\"1\":0.0001174282,\"2\":-0.0000385078,\"3\":-0.0000064717,\"4\":0.0000724034,\"5\":-0.0001173142,\"6\":0.0000385228,\"7\":0.0000064721,\"8\":0.0000731488,\"9\":-0.0001150479,\"10\":0.0000387997,\"11\":0.0000064783,\"12\":-0.0000717486,\"13\":0.0001198852,\"14\":-0.000038195,\"15\":-0.0000064651}}", "deviance": 5.493223176737906, "df": 3, "rel_entropy": 7.0202011746351455e-06, "formula": "count ~ group * mut * base - group : mut : base", "prob": 0.13904450876798746}}