{"pos8": {"prob": 0, "stats": "{\"mut\":{\"0\":\"M\",\"1\":\"M\",\"2\":\"M\",\"3\":\"M\",\"4\":\"R\",\"5\":\"R\",\"6\":\"R\",\"7\":\"R\"},\"base\":{\"0\":\"A\",\"1\":\"C\",\"2\":\"G\",\"3\":\"T\",\"4\":\"A\",\"5\":\"C\",\"6\":\"G\",\"7\":\"T\"},\"count\":{\"0\":78627,\"1\":41459,\"2\":52150,\"3\":73484,\"4\":73287,\"5\":52084,\"6\":54041,\"7\":66308},\"fitted\":{\"0\":75957.000000001,\"1\":46771.5000000003,\"2\":53095.5000000004,\"3\":69896.0000000005,\"4\":75957.0000000007,\"5\":46771.5000000002,\"6\":53095.5000000002,\"7\":69896.0000000003},\"ret\":{\"0\":0.0055274028,\"1\":-0.0101714807,\"2\":-0.0019067049,\"3\":0.0074852588,\"4\":-0.005336385,\"5\":0.0114019868,\"6\":0.0019409673,\"7\":-0.0071103091}}", "rel_entropy": 0.0018307358332224411, "formula": "count ~ mut * base - mut : base", "deviance": 1799.3936357576729, "df": 3}, "pos13": {"prob": 9.965522459405048e-238, "stats": "{\"mut\":{\"0\":\"M\",\"1\":\"M\",\"2\":\"M\",\"3\":\"M\",\"4\":\"R\",\"5\":\"R\",\"6\":\"R\",\"7\":\"R\"},\"base\":{\"0\":\"A\",\"1\":\"C\",\"2\":\"G\",\"3\":\"T\",\"4\":\"A\",\"5\":\"C\",\"6\":\"G\",\"7\":\"T\"},\"count\":{\"0\":62927,\"1\":47466,\"2\":58889,\"3\":76438,\"4\":72077,\"5\":48909,\"6\":53088,\"7\":71646},\"fitted\":{\"0\":67502.0000002383,\"1\":48187.5000000016,\"2\":55988.5000000246,\"3\":74042.0000000033,\"4\":67502.0000002339,\"5\":48187.4999999985,\"6\":55988.5000000209,\"7\":74041.9999999984},\"ret\":{\"0\":-0.0089865224,\"1\":-0.0014570882,\"2\":0.0060523478,\"3\":0.0049535157,\"4\":0.0096179565,\"5\":0.001479071,\"6\":-0.0057464539,\"7\":-0.004795718}}", "rel_entropy": 0.001117108607988527, "formula": "count ~ mut * base - mut : base", "deviance": 1097.9837086197635, "df": 3}, "pos5": {"prob": 3.966299077920075e-09, "stats": "{\"mut\":{\"0\":\"M\",\"1\":\"M\",\"2\":\"M\",\"3\":\"M\",\"4\":\"R\",\"5\":\"R\",\"6\":\"R\",\"7\":\"R\"},\"base\":{\"0\":\"A\",\"1\":\"C\",\"2\":\"G\",\"3\":\"T\",\"4\":\"A\",\"5\":\"C\",\"6\":\"G\",\"7\":\"T\"},\"count\":{\"0\":74191,\"1\":47070,\"2\":53022,\"3\":71437,\"4\":73093,\"5\":48766,\"6\":52388,\"7\":71473},\"fitted\":{\"0\":73641.9999999998,\"1\":47918.0,\"2\":52705.0,\"3\":71455.0,\"4\":73641.9999999998,\"5\":47918.0,\"6\":52705.0,\"7\":71455.0},\"ret\":{\"0\":0.0011212789,\"1\":-0.001710182,\"2\":0.0006469791,\"3\":-0.0000366224,\"4\":-0.0011129507,\"5\":0.0017407204,\"6\":-0.0006430994,\"7\":0.0000366317}}", "rel_entropy": 4.275548461120439e-05, "formula": "count ~ mut * base - mut : base", "deviance": 42.02351071466057, "df": 3}, "pos10": {"prob": 0, "stats": "{\"mut\":{\"0\":\"M\",\"1\":\"M\",\"2\":\"M\",\"3\":\"M\",\"4\":\"R\",\"5\":\"R\",\"6\":\"R\",\"7\":\"R\"},\"base\":{\"0\":\"A\",\"1\":\"C\",\"2\":\"G\",\"3\":\"T\",\"4\":\"A\",\"5\":\"C\",\"6\":\"G\",\"7\":\"T\"},\"count\":{\"0\":63736,\"1\":58215,\"2\":48578,\"3\":75191,\"4\":73814,\"5\":48553,\"6\":59783,\"7\":63570},\"fitted\":{\"0\":68775.0000004853,\"1\":53384.0000019071,\"2\":54180.50000559,\"3\":69380.5000013502,\"4\":68775.0000004114,\"5\":53384.0000018496,\"6\":54180.5000055317,\"7\":69380.5000012756},\"ret\":{\"0\":-0.0098683875,\"1\":0.0102622509,\"2\":-0.0107893209,\"3\":0.0123052426,\"4\":0.0106203165,\"5\":-0.0093714375,\"6\":0.011970258,\"7\":-0.0113138906}}", "rel_entropy": 0.00381503166967195, "formula": "count ~ mut * base - mut : base", "deviance": 3749.718327487166, "df": 3}, "pos14": {"prob": 1.072781462616977e-91, "stats": "{\"mut\":{\"0\":\"M\",\"1\":\"M\",\"2\":\"M\",\"3\":\"M\",\"4\":\"R\",\"5\":\"R\",\"6\":\"R\",\"7\":\"R\"},\"base\":{\"0\":\"A\",\"1\":\"C\",\"2\":\"G\",\"3\":\"T\",\"4\":\"A\",\"5\":\"C\",\"6\":\"G\",\"7\":\"T\"},\"count\":{\"0\":67688,\"1\":46276,\"2\":56764,\"3\":74992,\"4\":71894,\"5\":49084,\"6\":52567,\"7\":72175},\"fitted\":{\"0\":69790.9999999999,\"1\":47680.0000000001,\"2\":54665.5000000018,\"3\":73583.4999999998,\"4\":69791.0000000001,\"5\":47680.0000000003,\"6\":54665.500000002,\"7\":73583.5000000001},\"ret\":{\"0\":-0.0042141303,\"1\":-0.0028144285,\"2\":0.0043510355,\"3\":0.0028933241,\"4\":0.0043430961,\"5\":0.0028985661,\"6\":-0.0041870744,\"7\":-0.0028384599}}", "rel_entropy": 0.00043192870083336426, "formula": "count ~ mut * base - mut : base", "deviance": 424.5340814750971, "df": 3}, "pos9": {"prob": 0, "stats": "{\"mut\":{\"0\":\"M\",\"1\":\"M\",\"2\":\"M\",\"3\":\"M\",\"4\":\"R\",\"5\":\"R\",\"6\":\"R\",\"7\":\"R\"},\"base\":{\"0\":\"A\",\"1\":\"C\",\"2\":\"G\",\"3\":\"T\",\"4\":\"A\",\"5\":\"C\",\"6\":\"G\",\"7\":\"T\"},\"count\":{\"0\":68764,\"1\":20937,\"2\":75265,\"3\":80754,\"4\":85652,\"5\":9296,\"6\":59623,\"7\":91149},\"fitted\":{\"0\":77208.0,\"1\":15116.5000001322,\"2\":67444.0,\"3\":85951.5,\"4\":77208.0000000002,\"5\":15116.5000001323,\"6\":67444.0000000003,\"7\":85951.5000000003},\"ret\":{\"0\":-0.0162063201,\"1\":0.013877241,\"2\":0.016803465,\"3\":-0.0102496464,\"4\":0.0180892438,\"5\":-0.0091969314,\"6\":-0.0149538204,\"7\":0.0108895728}}", "rel_entropy": 0.009052804286469304, "formula": "count ~ mut * base - mut : base", "deviance": 8897.82027708495, "df": 3}, "pos19": {"prob": 7.877515636618964e-23, "stats": "{\"mut\":{\"0\":\"M\",\"1\":\"M\",\"2\":\"M\",\"3\":\"M\",\"4\":\"R\",\"5\":\"R\",\"6\":\"R\",\"7\":\"R\"},\"base\":{\"0\":\"A\",\"1\":\"C\",\"2\":\"G\",\"3\":\"T\",\"4\":\"A\",\"5\":\"C\",\"6\":\"G\",\"7\":\"T\"},\"count\":{\"0\":70704,\"1\":48584,\"2\":52135,\"3\":74297,\"4\":71698,\"5\":49686,\"6\":53310,\"7\":71026},\"fitted\":{\"0\":71200.9999999997,\"1\":49134.9999999999,\"2\":52722.4999999999,\"3\":72661.4999999999,\"4\":71200.9999999998,\"5\":49135.0,\"6\":52722.5,\"7\":72661.5000000001},\"ret\":{\"0\":-0.0010077758,\"1\":-0.0011148847,\"2\":-0.0011887808,\"3\":0.0033651509,\"4\":0.0010148351,\"5\":0.001127458,\"6\":0.0012021025,\"7\":-0.0032902369}}", "rel_entropy": 0.00010786825756210247, "formula": "count ~ mut * base - mut : base", "deviance": 106.02155299263927, "df": 3}, "pos2": {"prob": 1.3958933962067005e-10, "stats": "{\"mut\":{\"0\":\"M\",\"1\":\"M\",\"2\":\"M\",\"3\":\"M\",\"4\":\"R\",\"5\":\"R\",\"6\":\"R\",\"7\":\"R\"},\"base\":{\"0\":\"A\",\"1\":\"C\",\"2\":\"G\",\"3\":\"T\",\"4\":\"A\",\"5\":\"C\",\"6\":\"G\",\"7\":\"T\"},\"count\":{\"0\":73548,\"1\":46925,\"2\":52780,\"3\":72467,\"4\":73682,\"5\":46688,\"6\":54542,\"7\":70808},\"fitted\":{\"0\":73615.0000000004,\"1\":46806.5000000001,\"2\":53661.0000000001,\"3\":71637.5000000002,\"4\":73615.0000000004,\"5\":46806.5000000001,\"6\":53661.0000000001,\"7\":71637.5000000002},\"ret\":{\"0\":-0.000136272,\"1\":0.0002414331,\"2\":-0.0017778936,\"3\":0.0016976315,\"4\":0.0001363961,\"5\":-0.0002408226,\"6\":0.0018073271,\"7\":-0.0016780867}}", "rel_entropy": 4.971287332121696e-05, "formula": "count ~ mut * base - mut : base", "deviance": 48.861788929957726, "df": 3}, "pos17": {"prob": 1.0885843472270394e-52, "stats": "{\"mut\":{\"0\":\"M\",\"1\":\"M\",\"2\":\"M\",\"3\":\"M\",\"4\":\"R\",\"5\":\"R\",\"6\":\"R\",\"7\":\"R\"},\"base\":{\"0\":\"A\",\"1\":\"C\",\"2\":\"G\",\"3\":\"T\",\"4\":\"A\",\"5\":\"C\",\"6\":\"G\",\"7\":\"T\"},\"count\":{\"0\":69883,\"1\":48769,\"2\":52096,\"3\":74972,\"4\":72222,\"5\":48188,\"6\":54774,\"7\":70536},\"fitted\":{\"0\":71052.5000000003,\"1\":48478.5000000001,\"2\":53435.0000000001,\"3\":72754.0000000006,\"4\":71052.5000000002,\"5\":48478.5,\"6\":53435.0,\"7\":72754.0000000005},\"ret\":{\"0\":-0.002360048,\"1\":0.0005928875,\"2\":-0.0026902194,\"3\":0.0045813749,\"4\":0.0023992195,\"5\":-0.0005893453,\"6\":0.0027585021,\"7\":-0.0044437608}}", "rel_entropy": 0.0002486104764013281, "formula": "count ~ mut * base - mut : base", "deviance": 244.35426504533734, "df": 3}, "pos12": {"prob": 0,