{"('pos0', 'pos2')": {"df": 9, "stats": "{\"mut\":{\"0\":\"M\",\"1\":\"M\",\"2\":\"M\",\"3\":\"M\",\"4\":\"M\",\"5\":\"M\",\"6\":\"M\",\"7\":\"M\",\"8\":\"M\",\"9\":\"M\",\"10\":\"M\",\"11\":\"M\",\"12\":\"M\",\"13\":\"M\",\"14\":\"M\",\"15\":\"M\",\"16\":\"R\",\"17\":\"R\",\"18\":\"R\",\"19\":\"R\",\"20\":\"R\",\"21\":\"R\",\"22\":\"R\",\"23\":\"R\",\"24\":\"R\",\"25\":\"R\",\"26\":\"R\",\"27\":\"R\",\"28\":\"R\",\"29\":\"R\",\"30\":\"R\",\"31\":\"R\"},\"base1\":{\"0\":\"A\",\"1\":\"A\",\"2\":\"A\",\"3\":\"A\",\"4\":\"C\",\"5\":\"C\",\"6\":\"C\",\"7\":\"C\",\"8\":\"G\",\"9\":\"G\",\"10\":\"G\",\"11\":\"G\",\"12\":\"T\",\"13\":\"T\",\"14\":\"T\",\"15\":\"T\",\"16\":\"A\",\"17\":\"A\",\"18\":\"A\",\"19\":\"A\",\"20\":\"C\",\"21\":\"C\",\"22\":\"C\",\"23\":\"C\",\"24\":\"G\",\"25\":\"G\",\"26\":\"G\",\"27\":\"G\",\"28\":\"T\",\"29\":\"T\",\"30\":\"T\",\"31\":\"T\"},\"base2\":{\"0\":\"A\",\"1\":\"C\",\"2\":\"G\",\"3\":\"T\",\"4\":\"A\",\"5\":\"C\",\"6\":\"G\",\"7\":\"T\",\"8\":\"A\",\"9\":\"C\",\"10\":\"G\",\"11\":\"T\",\"12\":\"A\",\"13\":\"C\",\"14\":\"G\",\"15\":\"T\",\"16\":\"A\",\"17\":\"C\",\"18\":\"G\",\"19\":\"T\",\"20\":\"A\",\"21\":\"C\",\"22\":\"G\",\"23\":\"T\",\"24\":\"A\",\"25\":\"C\",\"26\":\"G\",\"27\":\"T\",\"28\":\"A\",\"29\":\"C\",\"30\":\"G\",\"31\":\"T\"},\"count\":{\"0\":312,\"1\":187,\"2\":379,\"3\":483,\"4\":129,\"5\":132,\"6\":262,\"7\":265,\"8\":155,\"9\":108,\"10\":259,\"11\":262,\"12\":294,\"13\":236,\"14\":471,\"15\":670,\"16\":323,\"17\":226,\"18\":325,\"19\":404,\"20\":188,\"21\":197,\"22\":223,\"23\":280,\"24\":176,\"25\":139,\"26\":225,\"27\":256,\"28\":398,\"29\":326,\"30\":318,\"31\":600},\"fitted\":{\"0\":295.8822201321,\"1\":183.7593723256,\"2\":404.2041529594,\"3\":477.1542545843,\"4\":133.043220426,\"5\":131.3378798974,\"6\":255.9664112217,\"7\":267.652488455,\"8\":146.5336438851,\"9\":104.2097474863,\"10\":266.7175740878,\"11\":266.539034541,\"12\":314.5409155577,\"13\":243.6930002907,\"14\":444.1118617336,\"15\":668.6542224197,\"16\":339.1177798681,\"17\":229.2406276744,\"18\":299.7958470451,\"19\":409.8457454157,\"20\":183.9567795741,\"21\":197.6621201026,\"22\":229.0335887784,\"23\":277.347511545,\"24\":184.4663561151,\"25\":142.7902525137,\"26\":217.2824259123,\"27\":251.460965459,\"28\":377.4590844432,\"29\":318.3069997093,\"30\":344.8881382703,\"31\":601.3457775803},\"ret\":{\"0\":0.0017972433,\"1\":0.0003550213,\"2\":-0.0026500313,\"3\":0.0006387282,\"4\":-0.0004323579,\"5\":0.000072088,\"6\":0.0006629179,\"7\":-0.0002866314,\"8\":0.0009455213,\"9\":0.0004190226,\"10\":-0.0008258933,\"11\":-0.0004887233,\"12\":-0.0021562894,\"13\":-0.000822141,\"14\":0.0030067489,\"15\":0.0001463001,\"16\":-0.0017081381,\"17\":-0.0003494368,\"18\":0.002849166,\"19\":-0.0006303058,\"20\":0.0004438892,\"21\":-0.0000717865,\"22\":-0.0006465474,\"23\":0.0002894366,\"24\":-0.0008980262,\"25\":-0.0004061139,\"26\":0.0008528495,\"27\":0.0004973671,\"28\":0.0022903944,\"29\":0.0008454848,\"30\":-0.0028031778,\"31\":-0.0001459894}}", "prob": 0.10376832770980667, "rel_entropy": 0.00079058971539277, "deviance": 14.559500198673254, "formula": "count ~ mut * base1 * base2 - mut : base1 : base2"}, "('pos1', 'pos3')": {"df": 9, "stats": "{\"mut\":{\"0\":\"M\",\"1\":\"M\",\"2\":\"M\",\"3\":\"M\",\"4\":\"M\",\"5\":\"M\",\"6\":\"M\",\"7\":\"M\",\"8\":\"M\",\"9\":\"M\",\"10\":\"M\",\"11\":\"M\",\"12\":\"M\",\"13\":\"M\",\"14\":\"M\",\"15\":\"M\",\"16\":\"R\",\"17\":\"R\",\"18\":\"R\",\"19\":\"R\",\"20\":\"R\",\"21\":\"R\",\"22\":\"R\",\"23\":\"R\",\"24\":\"R\",\"25\":\"R\",\"26\":\"R\",\"27\":\"R\",\"28\":\"R\",\"29\":\"R\",\"30\":\"R\",\"31\":\"R\"},\"base1\":{\"0\":\"A\",\"1\":\"A\",\"2\":\"A\",\"3\":\"A\",\"4\":\"C\",\"5\":\"C\",\"6\":\"C\",\"7\":\"C\",\"8\":\"G\",\"9\":\"G\",\"10\":\"G\",\"11\":\"G\",\"12\":\"T\",\"13\":\"T\",\"14\":\"T\",\"15\":\"T\",\"16\":\"A\",\"17\":\"A\",\"18\":\"A\",\"19\":\"A\",\"20\":\"C\",\"21\":\"C\",\"22\":\"C\",\"23\":\"C\",\"24\":\"G\",\"25\":\"G\",\"26\":\"G\",\"27\":\"G\",\"28\":\"T\",\"29\":\"T\",\"30\":\"T\",\"31\":\"T\"},\"base2\":{\"0\":\"A\",\"1\":\"C\",\"2\":\"G\",\"3\":\"T\",\"4\":\"A\",\"5\":\"C\",\"6\":\"G\",\"7\":\"T\",\"8\":\"A\",\"9\":\"C\",\"10\":\"G\",\"11\":\"T\",\"12\":\"A\",\"13\":\"C\",\"14\":\"G\",\"15\":\"T\",\"16\":\"A\",\"17\":\"C\",\"18\":\"G\",\"19\":\"T\",\"20\":\"A\",\"21\":\"C\",\"22\":\"G\",\"23\":\"T\",\"24\":\"A\",\"25\":\"C\",\"26\":\"G\",\"27\":\"T\",\"28\":\"A\",\"29\":\"C\",\"30\":\"G\",\"31\":\"T\"},\"count\":{\"0\":335,\"1\":220,\"2\":262,\"3\":412,\"4\":259,\"5\":176,\"6\":151,\"7\":292,\"8\":187,\"9\":162,\"10\":177,\"11\":340,\"12\":483,\"13\":270,\"14\":289,\"15\":589,\"16\":359,\"17\":254,\"18\":193,\"19\":458,\"20\":277,\"21\":240,\"22\":185,\"23\":326,\"24\":187,\"25\":138,\"26\":141,\"27\":277,\"28\":418,\"29\":314,\"30\":250,\"31\":587},\"fitted\":{\"0\":345.9400384396,\"1\":218.4332577561,\"2\":239.1574459211,\"3\":425.4692579013,\"4\":250.3392806476,\"5\":178.7749548345,\"6\":166.0424262804,\"7\":282.8433382423,\"8\":203.28040014,\"9\":151.775173491,\"10\":181.3687102176,\"11\":329.5757161569,\"12\":464.4402807778,\"13\":279.0166139188,\"14\":292.4314176039,\"15\":595.1116876996,\"16\":348.0599615604,\"17\":255.5667422439,\"18\":215.8425541181,\"19\":444.5307420988,\"20\":285.6607193524,\"21\":237.2250451655,\"22\":169.9575737305,\"23\":335.1566617577,\"24\":170.7195998696,\"25\":148.2248265101,\"26\":136.6312897825,\"27\":287.4242838431,\"28\":436.5597192223,\"29\":304.9833860812,\"30\":246.5685823962,\"31\":580.8883123004},\"ret\":{\"0\":-0.0011691139,\"1\":0.0001707589,\"2\":0.0025955982,\"3\":-0.0014393756,\"4\":0.0009566501,\"5\":-0.0002990124,\"6\":-0.0015572859,\"7\":0.0010103502,\"8\":-0.0016953006,\"9\":0.0011470197,\"10\":-0.0004686867,\"11\":0.0011498077,\"12\":0.0020553554,\"13\":-0.00096322,\"14\":-0.0003704611,\"15\":-0.0006603168,\"16\":0.0012065808,\"17\":-0.0001696275,\"18\":-0.0023445693,\"19\":0.0014847183,\"20\":-0.0009261602,\"21\":0.0003031192,\"22\":0.0017038762,\"23\":-0.0009807151,\"24\":0.0018498169,\"25\":-0.0010712165,\"26\":0.0004819528,\"27\":-0.0011113078,\"28\":-0.0019721423,\"29\":0.0009935496,\"30\":0.0003752372,\"31\":0.0006672162}}", "prob": 0.040738764599587474, "rel_entropy": 0.0009530957545145183, "deviance": 17.552211415139368, "formula": "count ~ mut * base1 * base2 - mut : base1 : base2"}, "('pos0', 'pos3')": {"df": 9,