{"pos2": {"stats": "{\"group\":{\"0\":\"1\",\"1\":\"1\",\"2\":\"1\",\"3\":\"1\",\"4\":\"1\",\"5\":\"1\",\"6\":\"1\",\"7\":\"1\",\"8\":\"2\",\"9\":\"2\",\"10\":\"2\",\"11\":\"2\",\"12\":\"2\",\"13\":\"2\",\"14\":\"2\",\"15\":\"2\"},\"mut\":{\"0\":\"M\",\"1\":\"M\",\"2\":\"M\",\"3\":\"M\",\"4\":\"R\",\"5\":\"R\",\"6\":\"R\",\"7\":\"R\",\"8\":\"M\",\"9\":\"M\",\"10\":\"M\",\"11\":\"M\",\"12\":\"R\",\"13\":\"R\",\"14\":\"R\",\"15\":\"R\"},\"base\":{\"0\":\"A\",\"1\":\"C\",\"2\":\"G\",\"3\":\"T\",\"4\":\"A\",\"5\":\"C\",\"6\":\"G\",\"7\":\"T\",\"8\":\"A\",\"9\":\"C\",\"10\":\"G\",\"11\":\"T\",\"12\":\"A\",\"13\":\"C\",\"14\":\"G\",\"15\":\"T\"},\"count\":{\"0\":25681,\"1\":32414,\"2\":41725,\"3\":34930,\"4\":33688,\"5\":32995,\"6\":40233,\"7\":27834,\"8\":38767,\"9\":3568,\"10\":18083,\"11\":2525,\"12\":18176,\"13\":13906,\"14\":16742,\"15\":14119},\"fitted\":{\"0\":33573.456613766,\"1\":28714.2994018376,\"2\":42549.2103653744,\"3\":29913.0336190218,\"4\":25795.543386234,\"5\":36694.7005981624,\"6\":39408.7896346257,\"7\":32850.9663809781,\"8\":30874.5433862339,\"9\":7267.7005981623,\"10\":17258.7896346257,\"11\":7541.9663809785,\"12\":26068.4566137661,\"13\":10206.2994018377,\"14\":17566.2103653744,\"15\":9102.0336190221},\"ret\":{\"0\":-0.0174060442,\"1\":0.0099356603,\"2\":-0.0020642499,\"3\":0.0136979008,\"4\":0.0227440351,\"5\":-0.0088687685,\"6\":0.0021062198,\"7\":-0.0116663976,\"8\":0.0223194996,\"9\":-0.0064200532,\"10\":0.0021335729,\"11\":-0.0069880085,\"12\":-0.0165779808,\"13\":0.0108788332,\"14\":-0.0020348838,\"15\":0.0156772709}}", "deviance": 21719.82284352931, "df": 3, "rel_entropy": 0.027466605852925128, "formula": "count ~ group * mut * base - group : mut : base", "prob": 0}, "pos3": {"stats": "{\"group\":{\"0\":\"1\",\"1\":\"1\",\"2\":\"1\",\"3\":\"1\",\"4\":\"1\",\"5\":\"1\",\"6\":\"1\",\"7\":\"1\",\"8\":\"2\",\"9\":\"2\",\"10\":\"2\",\"11\":\"2\",\"12\":\"2\",\"13\":\"2\",\"14\":\"2\",\"15\":\"2\"},\"mut\":{\"0\":\"M\",\"1\":\"M\",\"2\":\"M\",\"3\":\"M\",\"4\":\"R\",\"5\":\"R\",\"6\":\"R\",\"7\":\"R\",\"8\":\"M\",\"9\":\"M\",\"10\":\"M\",\"11\":\"M\",\"12\":\"R\",\"13\":\"R\",\"14\":\"R\",\"15\":\"R\"},\"base\":{\"0\":\"A\",\"1\":\"C\",\"2\":\"G\",\"3\":\"T\",\"4\":\"A\",\"5\":\"C\",\"6\":\"G\",\"7\":\"T\",\"8\":\"A\",\"9\":\"C\",\"10\":\"G\",\"11\":\"T\",\"12\":\"A\",\"13\":\"C\",\"14\":\"G\",\"15\":\"T\"},\"count\":{\"0\":32236,\"1\":37454,\"2\":35312,\"3\":29748,\"4\":34347,\"5\":34829,\"6\":35134,\"7\":30440,\"8\":28413,\"9\":8814,\"10\":14207,\"11\":11509,\"12\":17198,\"13\":14671,\"14\":15907,\"15\":15167},\"fitted\":{\"0\":36171.4932764431,\"1\":35039.3010848498,\"2\":34829.8948633874,\"3\":28709.31077532,\"4\":30411.5067235571,\"5\":37243.6989151503,\"6\":35616.1051366127,\"7\":31478.6892246801,\"8\":24477.5067235571,\"9\":11228.6989151503,\"10\":14689.1051366127,\"11\":12547.68922468,\"12\":21133.493276443,\"13\":12256.3010848498,\"14\":15424.8948633873,\"15\":14128.31077532},\"ret\":{\"0\":-0.0093912883,\"1\":0.0063129554,\"2\":0.0012277279,\"3\":0.0026739851,\"4\":0.0105714698,\"5\":-0.0059047905,\"6\":-0.0012110378,\"7\":-0.0025831996,\"8\":0.0107139763,\"9\":-0.0053976301,\"10\":-0.0011990957,\"11\":-0.0025151631,\"12\":-0.0089632,\"13\":0.0066727799,\"14\":0.0012381874,\"15\":0.0027213099}}", "deviance": 3927.7537642096418, "df": 3, "rel_entropy": 0.00496698639330887, "formula": "count ~ group * mut * base - group : mut : base", "prob": 0}, "pos0": {"stats": "{\"group\":{\"0\":\"1\",\"1\":\"1\",\"2\":\"1\",\"3\":\"1\",\"4\":\"1\",\"5\":\"1\",\"6\":\"1\",\"7\":\"1\",\"8\":\"2\",\"9\":\"2\",\"10\":\"2\",\"11\":\"2\",\"12\":\"2\",\"13\":\"2\",\"14\":\"2\",\"15\":\"2\"},\"mut\":{\"0\":\"M\",\"1\":\"M\",\"2\":\"M\",\"3\":\"M\",\"4\":\"R\",\"5\":\"R\",\"6\":\"R\",\"7\":\"R\",\"8\":\"M\",\"9\":\"M\",\"10\":\"M\",\"11\":\"M\",\"12\":\"R\",\"13\":\"R\",\"14\":\"R\",\"15\":\"R\"},\"base\":{\"0\":\"A\",\"1\":\"C\",\"2\":\"G\",\"3\":\"T\",\"4\":\"A\",\"5\":\"C\",\"6\":\"G\",\"7\":\"T\",\"8\":\"A\",\"9\":\"C\",\"10\":\"G\",\"11\":\"T\",\"12\":\"A\",\"13\":\"C\",\"14\":\"G\",\"15\":\"T\"},\"count\":{\"0\":31488,\"1\":42086,\"2\":36434,\"3\":24742,\"4\":33953,\"5\":36924,\"6\":35480,\"7\":28393,\"8\":24422,\"9\":12358,\"10\":14933,\"11\":11230,\"12\":17437,\"13\":15872,\"14\":15489,\"15\":14145},\"fitted\":{\"0\":34127.9188235263,\"1\":40135.810108843,\"2\":36121.2292015804,\"3\":24365.0418660506,\"4\":31313.081176474,\"5\":38874.1898911569,\"6\":35792.7707984198,\"7\":28769.9581339495,\"8\":21782.0811764739,\"9\":14308.189891157,\"10\":15245.7707984197,\"11\":11606.9581339495,\"12\":20076.9188235261,\"13\":13921.810108843,\"14\":15176.2292015803,\"15\":13768.0418660506},\"ret\":{\"0\":-0.0064116475,\"1\":0.0050503059,\"2\":0.0007944668,\"3\":0.0009607301,\"4\":0.0069506739,\"5\":-0.0048065269,\"6\":-0.0007875854,\"7\":-0.0009471194,\"8\":0.0070659967,\"9\":-0.0045798253,\"10\":-0.0007828814,\"11\":-0.0009377407,\"12\":-0.0062172318,\"13\":0.0052627485,\"14\":0.0007991478,\"15\":0.0009663268}}", "deviance": 1881.9094507579298, "df": 3, "rel_entropy": 0.0023798382476338687, "formula": "count ~ group * mut * base - group : mut : base", "prob": 0}, "pos1": {"stats": "{\"group\":{\"0\":\"1\",\"1\":\"1\",\"2\":\"1\",\"3\":\"1\",\"4\":\"1\",\"5\":\"1\",\"6\":\"1\",\"7\":\"1\",\"8\":\"2\",\"9\":\"2\",\"10\":\"2\",\"11\":\"2\",\"12\":\"2\",\"13\":\"2\",\"14\":\"2\",\"15\":\"2\"},\"mut\":{\"0\":\"M\",\"1\":\"M\",\"2\":\"M\",\"3\":\"M\",\"4\":\"R\",\"5\":\"R\",\"6\":\"R\",\"7\":\"R\",\"8\":\"M\",\"9\":\"M\",\"10\":\"M\",\"11\":\"M\",\"12\":\"R\",\"13\":\"R\",\"14\":\"R\",\"15\":\"R\"},\"base\":{\"0\":\"A\",\"1\":\"C\",\"2\":\"G\",\"3\":\"T\",\"4\":\"A\",\"5\":\"C\",\"6\":\"G\",\"7\":\"T\",\"8\":\"A\",\"9\":\"C\",\"10\":\"G\",\"11\":\"T\",\"12\":\"A\",\"13\":\"C\",\"14\":\"G\",\"15\":\"T\"},\"count\":{\"0\":18068,\"1\":83147,\"2\":18182,\"3\":15353,\"4\":40352,\"5\":12619,\"6\":40128,\"7\":41651,\"8\":13908,\"9\":11008,\"10\":25685,\"11\":12342,\"12\":19468,\"13\":4982,\"14\":17267,\"15\":21226},\"fitted\":{\"0\":17785.3562737872,\"1\":79851.8112446122,\"2\":22076.9811592433,\"3\":15035.8513226058,\"4\":40634.6437262823,\"5\":15914.188760404,\"6\":36233.0188408429,\"7\":41968.1486774659,\"8\":14190.6437263069,\"9\":14303.1887658818,\"10\":21790.0188408575,\"11\":12659.1486774918,\"12\":19185.3562737818,\"13\":1686.8112489601,\"14\":21161.9811592502,\"15\":20908.8513225849},\"ret\":{\"0\":0.0007205055,\"1\":0.0085037469,\"2\":-0.0089259305,\"3\":0.0008105249,\"4\":-0.0007123632,\"5\":-0.0074046686,\"6\":0.0103625571,\"7\":-0.0007990858,\"8\":-0.0007076883,\"9\":-0.0072904891,\"10\":0.0106833083,\"11\":-0.0007919914,\"12\":0.0007200952,\"13\":0.0136460666,\"14\":-0.0088831277,\"15\":0.000808177}}", "deviance": 8492.604332475072, "df": 3, "rel_entropy": 0.010739637129887087, "formula": "count ~ group * mut * base - group : mut : base", "prob": 0}}