{"pos0": {"stats": "{\"group\":{\"8\":\"1\",\"9\":\"1\",\"10\":\"1\",\"11\":\"1\",\"12\":\"1\",\"13\":\"1\",\"14\":\"1\",\"15\":\"1\",\"0\":\"2\",\"1\":\"2\",\"2\":\"2\",\"3\":\"2\",\"4\":\"2\",\"5\":\"2\",\"6\":\"2\",\"7\":\"2\"},\"mut\":{\"8\":\"M\",\"9\":\"M\",\"10\":\"M\",\"11\":\"M\",\"12\":\"R\",\"13\":\"R\",\"14\":\"R\",\"15\":\"R\",\"0\":\"M\",\"1\":\"M\",\"2\":\"M\",\"3\":\"M\",\"4\":\"R\",\"5\":\"R\",\"6\":\"R\",\"7\":\"R\"},\"base\":{\"8\":\"A\",\"9\":\"C\",\"10\":\"G\",\"11\":\"T\",\"12\":\"A\",\"13\":\"C\",\"14\":\"G\",\"15\":\"T\",\"0\":\"A\",\"1\":\"C\",\"2\":\"G\",\"3\":\"T\",\"4\":\"A\",\"5\":\"C\",\"6\":\"G\",\"7\":\"T\"},\"count\":{\"8\":31488,\"9\":42086,\"10\":36434,\"11\":24742,\"12\":33953,\"13\":36924,\"14\":35480,\"15\":28393,\"0\":24422,\"1\":12358,\"2\":14933,\"3\":11230,\"4\":17437,\"5\":15872,\"6\":15489,\"7\":14145},\"fitted\":{\"8\":34127.9188235261,\"9\":40135.810108843,\"10\":36121.2292015803,\"11\":24365.0418660505,\"12\":31313.0811764739,\"13\":38874.189891157,\"14\":35792.7707984197,\"15\":28769.9581339495,\"0\":21782.081176474,\"1\":14308.189891157,\"2\":15245.7707984197,\"3\":11606.9581339495,\"4\":20076.9188235261,\"5\":13921.810108843,\"6\":15176.2292015803,\"7\":13768.0418660505},\"ret\":{\"8\":-0.0064116475,\"9\":0.0050503059,\"10\":0.0007944668,\"11\":0.0009607301,\"12\":0.0069506739,\"13\":-0.0048065269,\"14\":-0.0007875854,\"15\":-0.0009471194,\"0\":0.0070659967,\"1\":-0.0045798253,\"2\":-0.0007828814,\"3\":-0.0009377407,\"4\":-0.0062172318,\"5\":0.0052627485,\"6\":0.0007991478,\"7\":0.0009663268}}", "deviance": 1881.909450757934, "rel_entropy": 0.0023798382476338743, "df": 3, "formula": "count ~ group * mut * base - group : mut : base", "prob": 0}, "pos3": {"stats": "{\"group\":{\"8\":\"1\",\"9\":\"1\",\"10\":\"1\",\"11\":\"1\",\"12\":\"1\",\"13\":\"1\",\"14\":\"1\",\"15\":\"1\",\"0\":\"2\",\"1\":\"2\",\"2\":\"2\",\"3\":\"2\",\"4\":\"2\",\"5\":\"2\",\"6\":\"2\",\"7\":\"2\"},\"mut\":{\"8\":\"M\",\"9\":\"M\",\"10\":\"M\",\"11\":\"M\",\"12\":\"R\",\"13\":\"R\",\"14\":\"R\",\"15\":\"R\",\"0\":\"M\",\"1\":\"M\",\"2\":\"M\",\"3\":\"M\",\"4\":\"R\",\"5\":\"R\",\"6\":\"R\",\"7\":\"R\"},\"base\":{\"8\":\"A\",\"9\":\"C\",\"10\":\"G\",\"11\":\"T\",\"12\":\"A\",\"13\":\"C\",\"14\":\"G\",\"15\":\"T\",\"0\":\"A\",\"1\":\"C\",\"2\":\"G\",\"3\":\"T\",\"4\":\"A\",\"5\":\"C\",\"6\":\"G\",\"7\":\"T\"},\"count\":{\"8\":32236,\"9\":37454,\"10\":35312,\"11\":29748,\"12\":34347,\"13\":34829,\"14\":35134,\"15\":30440,\"0\":28413,\"1\":8814,\"2\":14207,\"3\":11509,\"4\":17198,\"5\":14671,\"6\":15907,\"7\":15167},\"fitted\":{\"8\":36171.4932764429,\"9\":35039.3010848497,\"10\":34829.8948633872,\"11\":28709.31077532,\"12\":30411.506723557,\"13\":37243.6989151502,\"14\":35616.1051366126,\"15\":31478.68922468,\"0\":24477.5067235571,\"1\":11228.6989151503,\"2\":14689.1051366127,\"3\":12547.68922468,\"4\":21133.4932764429,\"5\":12256.3010848498,\"6\":15424.8948633873,\"7\":14128.31077532},\"ret\":{\"8\":-0.0093912883,\"9\":0.0063129554,\"10\":0.0012277279,\"11\":0.0026739851,\"12\":0.0105714698,\"13\":-0.0059047905,\"14\":-0.0012110378,\"15\":-0.0025831996,\"0\":0.0107139763,\"1\":-0.0053976301,\"2\":-0.0011990957,\"3\":-0.0025151631,\"4\":-0.0089632,\"5\":0.0066727799,\"6\":0.0012381874,\"7\":0.0027213099}}", "deviance": 3927.7537642096613, "rel_entropy": 0.004966986393308895, "df": 3, "formula": "count ~ group * mut * base - group : mut : base", "prob": 0}, "pos1": {"stats": "{\"group\":{\"8\":\"1\",\"9\":\"1\",\"10\":\"1\",\"11\":\"1\",\"12\":\"1\",\"13\":\"1\",\"14\":\"1\",\"15\":\"1\",\"0\":\"2\",\"1\":\"2\",\"2\":\"2\",\"3\":\"2\",\"4\":\"2\",\"5\":\"2\",\"6\":\"2\",\"7\":\"2\"},\"mut\":{\"8\":\"M\",\"9\":\"M\",\"10\":\"M\",\"11\":\"M\",\"12\":\"R\",\"13\":\"R\",\"14\":\"R\",\"15\":\"R\",\"0\":\"M\",\"1\":\"M\",\"2\":\"M\",\"3\":\"M\",\"4\":\"R\",\"5\":\"R\",\"6\":\"R\",\"7\":\"R\"},\"base\":{\"8\":\"A\",\"9\":\"C\",\"10\":\"G\",\"11\":\"T\",\"12\":\"A\",\"13\":\"C\",\"14\":\"G\",\"15\":\"T\",\"0\":\"A\",\"1\":\"C\",\"2\":\"G\",\"3\":\"T\",\"4\":\"A\",\"5\":\"C\",\"6\":\"G\",\"7\":\"T\"},\"count\":{\"8\":18068,\"9\":83147,\"10\":18182,\"11\":15353,\"12\":40352,\"13\":12619,\"14\":40128,\"15\":41651,\"0\":13908,\"1\":11008,\"2\":25685,\"3\":12342,\"4\":19468,\"5\":4982,\"6\":17267,\"7\":21226},\"fitted\":{\"8\":17785.3562737872,\"9\":79851.8112446126,\"10\":22076.9811592432,\"11\":15035.8513226058,\"12\":40634.6437262823,\"13\":15914.1887604041,\"14\":36233.018840843,\"15\":41968.148677466,\"0\":14190.6437263072,\"1\":14303.188765882,\"2\":21790.0188408577,\"3\":12659.1486774919,\"4\":19185.356273782,\"5\":1686.8112489601,\"6\":21161.9811592501,\"7\":20908.8513225849},\"ret\":{\"8\":0.0007205055,\"9\":0.0085037469,\"10\":-0.0089259305,\"11\":0.0008105249,\"12\":-0.0007123632,\"13\":-0.0074046686,\"14\":0.0103625571,\"15\":-0.0007990858,\"0\":-0.0007076883,\"1\":-0.0072904891,\"2\":0.0106833083,\"3\":-0.0007919914,\"4\":0.0007200952,\"5\":0.0136460666,\"6\":-0.0088831277,\"7\":0.000808177}}", "deviance": 8492.604332475072, "rel_entropy": 0.010739637129887087, "df": 3, "formula": "count ~ group * mut * base - group : mut : base", "prob": 0}, "pos2": {"stats": "{\"group\":{\"8\":\"1\",\"9\":\"1\",\"10\":\"1\",\"11\":\"1\",\"12\":\"1\",\"13\":\"1\",\"14\":\"1\",\"15\":\"1\",\"0\":\"2\",\"1\":\"2\",\"2\":\"2\",\"3\":\"2\",\"4\":\"2\",\"5\":\"2\",\"6\":\"2\",\"7\":\"2\"},\"mut\":{\"8\":\"M\",\"9\":\"M\",\"10\":\"M\",\"11\":\"M\",\"12\":\"R\",\"13\":\"R\",\"14\":\"R\",\"15\":\"R\",\"0\":\"M\",\"1\":\"M\",\"2\":\"M\",\"3\":\"M\",\"4\":\"R\",\"5\":\"R\",\"6\":\"R\",\"7\":\"R\"},\"base\":{\"8\":\"A\",\"9\":\"C\",\"10\":\"G\",\"11\":\"T\",\"12\":\"A\",\"13\":\"C\",\"14\":\"G\",\"15\":\"T\",\"0\":\"A\",\"1\":\"C\",\"2\":\"G\",\"3\":\"T\",\"4\":\"A\",\"5\":\"C\",\"6\":\"G\",\"7\":\"T\"},\"count\":{\"8\":25681,\"9\":32414,\"10\":41725,\"11\":34930,\"12\":33688,\"13\":32995,\"14\":40233,\"15\":27834,\"0\":38767,\"1\":3568,\"2\":18083,\"3\":2525,\"4\":18176,\"5\":13906,\"6\":16742,\"7\":14119},\"fitted\":{\"8\":33573.4566137662,\"9\":28714.2994018377,\"10\":42549.2103653744,\"11\":29913.0336190219,\"12\":25795.5433862339,\"13\":36694.7005981624,\"14\":39408.7896346257,\"15\":32850.9663809782,\"0\":30874.5433862341,\"1\":7267.7005981623,\"2\":17258.7896346257,\"3\":7541.9663809785,\"4\":26068.4566137661,\"5\":10206.2994018377,\"6\":17566.2103653744,\"7\":9102.0336190221},\"ret\":{\"8\":-0.0174060442,\"9\":0.0099356603,\"10\":-0.0020642499,\"11\":0.0136979008,\"12\":0.0227440351,\"13\":-0.0088687685,\"14\":0.0021062198,\"15\":-0.0116663976,\"0\":0.0223194996,\"1\":-0.0064200532,\"2\":0.0021335729,\"3\":-0.0069880085,\"4\":-0.0165779808,\"5\":0.0108788332,\"6\":-0.0020348838,\"7\":0.0156772709}}", "deviance": 21719.822843529306, "rel_entropy": 0.027466605852925124, "df": 3, "formula": "count ~ group * mut * base - group : mut : base", "prob": 0}}