{"pos2": {"deviance": 170.2649298828883, "formula": "count ~ group * mut * base - group : mut : base", "rel_entropy": 0.00016834379054518663, "stats": "{\"group\":{\"8\":\"1\",\"9\":\"1\",\"10\":\"1\",\"11\":\"1\",\"12\":\"1\",\"13\":\"1\",\"14\":\"1\",\"15\":\"1\",\"0\":\"2\",\"1\":\"2\",\"2\":\"2\",\"3\":\"2\",\"4\":\"2\",\"5\":\"2\",\"6\":\"2\",\"7\":\"2\"},\"mut\":{\"8\":\"M\",\"9\":\"M\",\"10\":\"M\",\"11\":\"M\",\"12\":\"R\",\"13\":\"R\",\"14\":\"R\",\"15\":\"R\",\"0\":\"M\",\"1\":\"M\",\"2\":\"M\",\"3\":\"M\",\"4\":\"R\",\"5\":\"R\",\"6\":\"R\",\"7\":\"R\"},\"base\":{\"8\":\"A\",\"9\":\"C\",\"10\":\"G\",\"11\":\"T\",\"12\":\"A\",\"13\":\"C\",\"14\":\"G\",\"15\":\"T\",\"0\":\"A\",\"1\":\"C\",\"2\":\"G\",\"3\":\"T\",\"4\":\"A\",\"5\":\"C\",\"6\":\"G\",\"7\":\"T\"},\"count\":{\"8\":63188,\"9\":52697,\"10\":62424,\"11\":67626,\"12\":55773,\"13\":49045,\"14\":60432,\"15\":80685,\"0\":878,\"1\":2196,\"2\":2384,\"3\":1460,\"4\":1223,\"5\":1734,\"6\":1978,\"7\":1983},\"fitted\":{\"8\":62957.9773371543,\"9\":52858.5247047957,\"10\":62593.7191867934,\"11\":67524.7787712552,\"12\":56003.0226628451,\"13\":48883.4752952037,\"14\":60262.2808132061,\"15\":80786.2212287439,\"0\":1108.0226628453,\"1\":2034.475295204,\"2\":2214.2808132063,\"3\":1561.2212287443,\"4\":992.9773371546,\"5\":1895.524704796,\"6\":2147.7191867937,\"7\":1881.7787712557},\"ret\":{\"8\":0.0004556844,\"9\":-0.0003189159,\"10\":-0.000335153,\"11\":0.0002003082,\"12\":-0.0004539191,\"13\":0.0003199315,\"14\":0.0003360806,\"15\":-0.0002000328,\"0\":-0.0004039859,\"1\":0.0003317609,\"2\":0.0003481536,\"3\":-0.0001935247,\"4\":0.0005038843,\"5\":-0.0003053916,\"6\":-0.0003219842,\"7\":0.0002054475}}", "prob": 1.1155049639380534e-36, "df": 3}, "pos3": {"deviance": 113.73152191276375, "formula": "count ~ group * mut * base - group : mut : base", "rel_entropy": 0.0001124482623429065, "stats": "{\"group\":{\"8\":\"1\",\"9\":\"1\",\"10\":\"1\",\"11\":\"1\",\"12\":\"1\",\"13\":\"1\",\"14\":\"1\",\"15\":\"1\",\"0\":\"2\",\"1\":\"2\",\"2\":\"2\",\"3\":\"2\",\"4\":\"2\",\"5\":\"2\",\"6\":\"2\",\"7\":\"2\"},\"mut\":{\"8\":\"M\",\"9\":\"M\",\"10\":\"M\",\"11\":\"M\",\"12\":\"R\",\"13\":\"R\",\"14\":\"R\",\"15\":\"R\",\"0\":\"M\",\"1\":\"M\",\"2\":\"M\",\"3\":\"M\",\"4\":\"R\",\"5\":\"R\",\"6\":\"R\",\"7\":\"R\"},\"base\":{\"8\":\"A\",\"9\":\"C\",\"10\":\"G\",\"11\":\"T\",\"12\":\"A\",\"13\":\"C\",\"14\":\"G\",\"15\":\"T\",\"0\":\"A\",\"1\":\"C\",\"2\":\"G\",\"3\":\"T\",\"4\":\"A\",\"5\":\"C\",\"6\":\"G\",\"7\":\"T\"},\"count\":{\"8\":77353,\"9\":45407,\"10\":36447,\"11\":86728,\"12\":68438,\"13\":50474,\"14\":43419,\"15\":83604,\"0\":1592,\"1\":1973,\"2\":1376,\"3\":1977,\"4\":1723,\"5\":1722,\"6\":1372,\"7\":2101},\"fitted\":{\"8\":77172.3834307054,\"9\":45602.6337462417,\"10\":36550.6005090418,\"11\":86609.3823140111,\"12\":68618.6165692946,\"13\":50278.3662537582,\"14\":43315.3994909581,\"15\":83722.6176859889,\"0\":1772.6165692946,\"1\":1777.3662537582,\"2\":1272.3994909582,\"3\":2095.6176859889,\"4\":1542.3834307054,\"5\":1917.6337462418,\"6\":1475.6005090418,\"7\":1982.3823140111},\"ret\":{\"8\":0.0003575749,\"9\":-0.0003860217,\"10\":-0.0002045725,\"11\":0.0002347191,\"12\":-0.0003566868,\"13\":0.0003876044,\"14\":0.0002051079,\"15\":-0.0002343924,\"0\":-0.0003383099,\"1\":0.0004074023,\"2\":0.0002129857,\"3\":-0.0002277913,\"4\":0.0003772976,\"5\":-0.0003664122,\"6\":-0.000197497,\"7\":0.0002414402}}", "prob": 1.7264887608929556e-24, "df": 3}, "pos1": {"deviance": 202.8830530615162, "formula": "count ~ group * mut * base - group : mut : base", "rel_entropy": 0.00020059387575144076, "stats": "{\"group\":{\"8\":\"1\",\"9\":\"1\",\"10\":\"1\",\"11\":\"1\",\"12\":\"1\",\"13\":\"1\",\"14\":\"1\",\"15\":\"1\",\"0\":\"2\",\"1\":\"2\",\"2\":\"2\",\"3\":\"2\",\"4\":\"2\",\"5\":\"2\",\"6\":\"2\",\"7\":\"2\"},\"mut\":{\"8\":\"M\",\"9\":\"M\",\"10\":\"M\",\"11\":\"M\",\"12\":\"R\",\"13\":\"R\",\"14\":\"R\",\"15\":\"R\",\"0\":\"M\",\"1\":\"M\",\"2\":\"M\",\"3\":\"M\",\"4\":\"R\",\"5\":\"R\",\"6\":\"R\",\"7\":\"R\"},\"base\":{\"8\":\"A\",\"9\":\"C\",\"10\":\"G\",\"11\":\"T\",\"12\":\"A\",\"13\":\"C\",\"14\":\"G\",\"15\":\"T\",\"0\":\"A\",\"1\":\"C\",\"2\":\"G\",\"3\":\"T\",\"4\":\"A\",\"5\":\"C\",\"6\":\"G\",\"7\":\"T\"},\"count\":{\"8\":92308,\"9\":42724,\"10\":43047,\"11\":67856,\"12\":64557,\"13\":58489,\"14\":42130,\"15\":80759,\"0\":2260,\"1\":1955,\"2\":1616,\"3\":1087,\"4\":1586,\"5\":2012,\"6\":1384,\"7\":1936},\"fitted\":{\"8\":92284.048391753,\"9\":42972.4268384754,\"10\":43126.8277314066,\"11\":67551.6970383653,\"12\":64580.9516082472,\"13\":58240.5731615249,\"14\":42050.1722685935,\"15\":81063.3029616348,\"0\":2283.9516082472,\"1\":1706.5731615247,\"2\":1536.1722685935,\"3\":1391.3029616347,\"4\":1562.0483917529,\"5\":2260.4268384753,\"6\":1463.8277314066,\"7\":1631.6970383653},\"ret\":{\"8\":0.0000473689,\"9\":-0.0004898248,\"10\":-0.0001577078,\"11\":0.0006030922,\"12\":-0.0000473539,\"13\":0.0004922938,\"14\":0.0001580038,\"15\":-0.000600608,\"0\":-0.0000471135,\"1\":0.0005253844,\"2\":0.0001618862,\"3\":-0.0005305303,\"4\":0.000047724,\"5\":-0.0004632057,\"6\":-0.0001534694,\"7\":0.0006546542}}", "prob": 1.0050617565556124e-43, "df": 3}, "pos0": {"deviance": 213.53529708797873, "formula": "count ~ group * mut * base - group : mut : base", "rel_entropy": 0.00021112592799766932, "stats": "{\"group\":{\"8\":\"1\",\"9\":\"1\",\"10\":\"1\",\"11\":\"1\",\"12\":\"1\",\"13\":\"1\",\"14\":\"1\",\"15\":\"1\",\"0\":\"2\",\"1\":\"2\",\"2\":\"2\",\"3\":\"2\",\"4\":\"2\",\"5\":\"2\",\"6\":\"2\",\"7\":\"2\"},\"mut\":{\"8\":\"M\",\"9\":\"M\",\"10\":\"M\",\"11\":\"M\",\"12\":\"R\",\"13\":\"R\",\"14\":\"R\",\"15\":\"R\",\"0\":\"M\",\"1\":\"M\",\"2\":\"M\",\"3\":\"M\",\"4\":\"R\",\"5\":\"R\",\"6\":\"R\",\"7\":\"R\"},\"base\":{\"8\":\"A\",\"9\":\"C\",\"10\":\"G\",\"11\":\"T\",\"12\":\"A\",\"13\":\"C\",\"14\":\"G\",\"15\":\"T\",\"0\":\"A\",\"1\":\"C\",\"2\":\"G\",\"3\":\"T\",\"4\":\"A\",\"5\":\"C\",\"6\":\"G\",\"7\":\"T\"},\"count\":{\"8\":80301,\"9\":43766,\"10\":40381,\"11\":81487,\"12\":68798,\"13\":49015,\"14\":44347,\"15\":83775,\"0\":1795,\"1\":1907,\"2\":1815,\"3\":1401,\"4\":1695,\"5\":1705,\"6\":1492,\"7\":2026},\"fitted\":{\"8\":80203.1584372194,\"9\":43946.0499797752,\"10\":40596.7119796397,\"11\":81189.0796033652,\"12\":68895.8415627802,\"13\":48834.9500202246,\"14\":44131.2880203602,\"15\":84072.9203966346,\"0\":1892.8415627803,\"1\":1726.9500202247,\"2\":1599.2880203602,\"3\":1698.9203966347,\"4\":1597.1584372196,\"5\":1885.0499797753,\"6\":1707.7119796398,\"7\":1728.0796033653},\"ret\":{\"8\":0.0001935932,\"9\":-0.0003553065,\"10\":-0.0004254208,\"11\":0.0005901973,\"12\":-0.0001933377,\"13\":0.0003566924,\"14\":0.0004275969,\"15\":-0.0005880727,\"0\":-0.0001883863,\"1\":0.0003739835,\"2\":0.0004541104,\"3\":-0.0005341487,\"4\":0.0001992839,\"5\":-0.0003384647,\"6\":-0.0003984037,\"7\":0.0006372096}}", "prob": 5.012957494772717e-46, "df": 3}}