{"pos2": {"stats": "{\"group\":{\"0\":\"1\",\"1\":\"1\",\"2\":\"1\",\"3\":\"1\",\"4\":\"1\",\"5\":\"1\",\"6\":\"1\",\"7\":\"1\",\"8\":\"2\",\"9\":\"2\",\"10\":\"2\",\"11\":\"2\",\"12\":\"2\",\"13\":\"2\",\"14\":\"2\",\"15\":\"2\"},\"mut\":{\"0\":\"M\",\"1\":\"M\",\"2\":\"M\",\"3\":\"M\",\"4\":\"R\",\"5\":\"R\",\"6\":\"R\",\"7\":\"R\",\"8\":\"M\",\"9\":\"M\",\"10\":\"M\",\"11\":\"M\",\"12\":\"R\",\"13\":\"R\",\"14\":\"R\",\"15\":\"R\"},\"base\":{\"0\":\"A\",\"1\":\"C\",\"2\":\"G\",\"3\":\"T\",\"4\":\"A\",\"5\":\"C\",\"6\":\"G\",\"7\":\"T\",\"8\":\"A\",\"9\":\"C\",\"10\":\"G\",\"11\":\"T\",\"12\":\"A\",\"13\":\"C\",\"14\":\"G\",\"15\":\"T\"},\"count\":{\"0\":63188,\"1\":52697,\"2\":62424,\"3\":67626,\"4\":55773,\"5\":49045,\"6\":60432,\"7\":80685,\"8\":878,\"9\":2196,\"10\":2384,\"11\":1460,\"12\":1223,\"13\":1734,\"14\":1978,\"15\":1983},\"fitted\":{\"0\":62957.9773371549,\"1\":52858.5247047962,\"2\":62593.7191867937,\"3\":67524.7787712558,\"4\":56003.0226628453,\"5\":48883.4752952041,\"6\":60262.2808132064,\"7\":80786.2212287445,\"8\":1108.0226628454,\"9\":2034.475295204,\"10\":2214.2808132063,\"11\":1561.2212287443,\"12\":992.9773371546,\"13\":1895.524704796,\"14\":2147.7191867937,\"15\":1881.7787712557},\"ret\":{\"0\":0.0004556844,\"1\":-0.0003189159,\"2\":-0.000335153,\"3\":0.0002003082,\"4\":-0.0004539191,\"5\":0.0003199315,\"6\":0.0003360806,\"7\":-0.0002000328,\"8\":-0.0004039859,\"9\":0.0003317609,\"10\":0.0003481536,\"11\":-0.0001935247,\"12\":0.0005038843,\"13\":-0.0003053916,\"14\":-0.0003219842,\"15\":0.0002054475}}", "deviance": 170.26492988289496, "df": 3, "rel_entropy": 0.00016834379054519322, "formula": "count ~ group * mut * base - group : mut : base", "prob": 1.1155049639343638e-36}, "pos3": {"stats": "{\"group\":{\"0\":\"1\",\"1\":\"1\",\"2\":\"1\",\"3\":\"1\",\"4\":\"1\",\"5\":\"1\",\"6\":\"1\",\"7\":\"1\",\"8\":\"2\",\"9\":\"2\",\"10\":\"2\",\"11\":\"2\",\"12\":\"2\",\"13\":\"2\",\"14\":\"2\",\"15\":\"2\"},\"mut\":{\"0\":\"M\",\"1\":\"M\",\"2\":\"M\",\"3\":\"M\",\"4\":\"R\",\"5\":\"R\",\"6\":\"R\",\"7\":\"R\",\"8\":\"M\",\"9\":\"M\",\"10\":\"M\",\"11\":\"M\",\"12\":\"R\",\"13\":\"R\",\"14\":\"R\",\"15\":\"R\"},\"base\":{\"0\":\"A\",\"1\":\"C\",\"2\":\"G\",\"3\":\"T\",\"4\":\"A\",\"5\":\"C\",\"6\":\"G\",\"7\":\"T\",\"8\":\"A\",\"9\":\"C\",\"10\":\"G\",\"11\":\"T\",\"12\":\"A\",\"13\":\"C\",\"14\":\"G\",\"15\":\"T\"},\"count\":{\"0\":77353,\"1\":45407,\"2\":36447,\"3\":86728,\"4\":68438,\"5\":50474,\"6\":43419,\"7\":83604,\"8\":1592,\"9\":1973,\"10\":1376,\"11\":1977,\"12\":1723,\"13\":1722,\"14\":1372,\"15\":2101},\"fitted\":{\"0\":77172.3834307061,\"1\":45602.6337462419,\"2\":36550.6005090419,\"3\":86609.3823140114,\"4\":68618.6165692948,\"5\":50278.3662537584,\"6\":43315.3994909584,\"7\":83722.6176859892,\"8\":1772.6165692946,\"9\":1777.3662537582,\"10\":1272.3994909582,\"11\":2095.6176859889,\"12\":1542.3834307054,\"13\":1917.6337462418,\"14\":1475.6005090418,\"15\":1982.3823140111},\"ret\":{\"0\":0.0003575749,\"1\":-0.0003860217,\"2\":-0.0002045725,\"3\":0.0002347191,\"4\":-0.0003566868,\"5\":0.0003876044,\"6\":0.0002051079,\"7\":-0.0002343924,\"8\":-0.0003383099,\"9\":0.0004074023,\"10\":0.0002129857,\"11\":-0.0002277913,\"12\":0.0003772976,\"13\":-0.0003664122,\"14\":-0.000197497,\"15\":0.0002414402}}", "deviance": 113.73152191276009, "df": 3, "rel_entropy": 0.00011244826234290289, "formula": "count ~ group * mut * base - group : mut : base", "prob": 1.7264887608960792e-24}, "pos0": {"stats": "{\"group\":{\"0\":\"1\",\"1\":\"1\",\"2\":\"1\",\"3\":\"1\",\"4\":\"1\",\"5\":\"1\",\"6\":\"1\",\"7\":\"1\",\"8\":\"2\",\"9\":\"2\",\"10\":\"2\",\"11\":\"2\",\"12\":\"2\",\"13\":\"2\",\"14\":\"2\",\"15\":\"2\"},\"mut\":{\"0\":\"M\",\"1\":\"M\",\"2\":\"M\",\"3\":\"M\",\"4\":\"R\",\"5\":\"R\",\"6\":\"R\",\"7\":\"R\",\"8\":\"M\",\"9\":\"M\",\"10\":\"M\",\"11\":\"M\",\"12\":\"R\",\"13\":\"R\",\"14\":\"R\",\"15\":\"R\"},\"base\":{\"0\":\"A\",\"1\":\"C\",\"2\":\"G\",\"3\":\"T\",\"4\":\"A\",\"5\":\"C\",\"6\":\"G\",\"7\":\"T\",\"8\":\"A\",\"9\":\"C\",\"10\":\"G\",\"11\":\"T\",\"12\":\"A\",\"13\":\"C\",\"14\":\"G\",\"15\":\"T\"},\"count\":{\"0\":80301,\"1\":43766,\"2\":40381,\"3\":81487,\"4\":68798,\"5\":49015,\"6\":44347,\"7\":83775,\"8\":1795,\"9\":1907,\"10\":1815,\"11\":1401,\"12\":1695,\"13\":1705,\"14\":1492,\"15\":2026},\"fitted\":{\"0\":80203.1584372203,\"1\":43946.0499797753,\"2\":40596.7119796397,\"3\":81189.0796033653,\"4\":68895.8415627805,\"5\":48834.9500202248,\"6\":44131.2880203603,\"7\":84072.9203966351,\"8\":1892.8415627804,\"9\":1726.9500202247,\"10\":1599.2880203602,\"11\":1698.9203966347,\"12\":1597.1584372196,\"13\":1885.0499797753,\"14\":1707.7119796398,\"15\":1728.0796033653},\"ret\":{\"0\":0.0001935932,\"1\":-0.0003553065,\"2\":-0.0004254208,\"3\":0.0005901973,\"4\":-0.0001933377,\"5\":0.0003566924,\"6\":0.0004275969,\"7\":-0.0005880727,\"8\":-0.0001883863,\"9\":0.0003739835,\"10\":0.0004541104,\"11\":-0.0005341487,\"12\":0.0001992839,\"13\":-0.0003384647,\"14\":-0.0003984037,\"15\":0.0006372096}}", "deviance": 213.53529708794503, "df": 3, "rel_entropy": 0.000211125927997636, "formula": "count ~ group * mut * base - group : mut : base", "prob": 5.0129574948567893e-46}, "pos1": {"stats": "{\"group\":{\"0\":\"1\",\"1\":\"1\",\"2\":\"1\",\"3\":\"1\",\"4\":\"1\",\"5\":\"1\",\"6\":\"1\",\"7\":\"1\",\"8\":\"2\",\"9\":\"2\",\"10\":\"2\",\"11\":\"2\",\"12\":\"2\",\"13\":\"2\",\"14\":\"2\",\"15\":\"2\"},\"mut\":{\"0\":\"M\",\"1\":\"M\",\"2\":\"M\",\"3\":\"M\",\"4\":\"R\",\"5\":\"R\",\"6\":\"R\",\"7\":\"R\",\"8\":\"M\",\"9\":\"M\",\"10\":\"M\",\"11\":\"M\",\"12\":\"R\",\"13\":\"R\",\"14\":\"R\",\"15\":\"R\"},\"base\":{\"0\":\"A\",\"1\":\"C\",\"2\":\"G\",\"3\":\"T\",\"4\":\"A\",\"5\":\"C\",\"6\":\"G\",\"7\":\"T\",\"8\":\"A\",\"9\":\"C\",\"10\":\"G\",\"11\":\"T\",\"12\":\"A\",\"13\":\"C\",\"14\":\"G\",\"15\":\"T\"},\"count\":{\"0\":92308,\"1\":42724,\"2\":43047,\"3\":67856,\"4\":64557,\"5\":58489,\"6\":42130,\"7\":80759,\"8\":2260,\"9\":1955,\"10\":1616,\"11\":1087,\"12\":1586,\"13\":2012,\"14\":1384,\"15\":1936},\"fitted\":{\"0\":92284.0483917528,\"1\":42972.4268384754,\"2\":43126.8277314065,\"3\":67551.6970383655,\"4\":64580.9516082472,\"5\":58240.5731615247,\"6\":42050.1722685935,\"7\":81063.3029616347,\"8\":2283.9516082471,\"9\":1706.5731615247,\"10\":1536.1722685935,\"11\":1391.3029616347,\"12\":1562.0483917529,\"13\":2260.4268384753,\"14\":1463.8277314066,\"15\":1631.6970383653},\"ret\":{\"0\":0.0000473689,\"1\":-0.0004898248,\"2\":-0.0001577078,\"3\":0.0006030922,\"4\":-0.0000473539,\"5\":0.0004922938,\"6\":0.0001580038,\"7\":-0.000600608,\"8\":-0.0000471135,\"9\":0.0005253844,\"10\":0.0001618862,\"11\":-0.0005305303,\"12\":0.000047724,\"13\":-0.0004632057,\"14\":-0.0001534694,\"15\":0.0006546542}}", "deviance": 202.88305306149448, "df": 3, "rel_entropy": 0.0002005938757514193, "formula": "count ~ group * mut * base - group : mut : base", "prob": 1.0050617565664753e-43}}